media_name,url,image_path,timestamp,country,factuality,trustworthiness,bias_rating,MBFC_source,label_3class
100 Mile Free Press,https://100milefreepress.net,mediascopeAll/100_Mile_Free_Press.png,2026-06-03 17:39:43,,HIGH,1,LEFT-CENTER,,HIGH
21st Century Wire,https://21stcenturywire.com,mediascopeAll/21st_Century_Wire.png,2026-06-08 16:38:23,USA,MIXED,,RIGHT,,MIXED
247Sports,https://247sports.com,mediascopeAll/247Sports.png,2026-06-03 17:40:33,,HIGH,1,LEAST BIASED,,HIGH
350 Aotearoa,https://350.org.nz,mediascopeAll/350_Aotearoa.png,2026-06-03 17:40:03,USA,HIGH,1,LEFT,,HIGH
350 Asia,https://350asia.org,mediascopeAll/350_Asia.png,2026-06-03 17:40:57,USA,HIGH,1,LEFT,,HIGH
350 Australia,https://350.org.au,mediascopeAll/350_Australia.png,2026-06-03 17:41:12,USA,HIGH,1,LEFT,,HIGH
350 Pilipinas,https://world.350.org/philippines/,mediascopeAll/350_Pilipinas.png,2026-06-03 17:40:59,USA,HIGH,1,LEFT,,HIGH
350.org,https://350.org,mediascopeAll/350.org.png,2026-06-03 17:41:20,USA,HIGH,1,LEFT,,HIGH
350Africa.org,https://350africa.org,mediascopeAll/350Africa.org.png,2026-06-03 17:41:24,USA,HIGH,1,LEFT,,HIGH
9 News,https://www.9news.com.au/,mediascopeAll/9_News.png,2026-06-03 17:41:34,,HIGH,1,RIGHT-CENTER,,HIGH
A Voice for Men,http://www.avoiceformen.com,mediascopeAll/A_Voice_for_Men.png,2026-06-20 21:19:51,USA,LOW,,RIGHT,Questionable Source,LOW
ABC News Australia,https://abc.net.au,mediascopeAll/ABC_News_Australia.png,2026-06-03 17:41:58,,HIGH,1,LEFT-CENTER,,HIGH
ABC News/Washington Post Polling,https://langerresearch.com,mediascopeAll/ABC_News_Washington_Post_Polling.png,2026-06-03 17:41:47,,VERY HIGH,1,LEAST BIASED,,HIGH
ABQ Times,http://abqtimes.com,mediascopeAll/ABQ_Times.png,2026-06-20 19:41:06,USA,MIXED,,RIGHT-CENTER,Questionable Source,MIXED
ABS-CBN,https://news.abs-cbn.com,mediascopeAll/ABS-CBN.png,2026-06-03 17:42:04,,HIGH,1,LEAST BIASED,,HIGH
ABT Associates,https://abtassociates.com,mediascopeAll/ABT_Associates.png,2026-06-03 17:43:09,,HIGH,1,LEFT-CENTER,,HIGH
APM Reports,https://apmreports.org,mediascopeAll/APM_Reports.png,2026-06-03 17:42:22,USA,HIGH,1,LEFT-CENTER,,HIGH
ATL Standard,http://atlstandard.com,mediascopeAll/ATL_Standard.png,2026-06-20 19:59:43,USA,MIXED,,RIGHT-CENTER,Questionable Source,MIXED
AV Club,https://avclub.com,mediascopeAll/AV_Club.png,2026-06-03 17:43:08,USA,HIGH,1,LEFT-CENTER,,HIGH
Aberdeen American News,https://aberdeennews.com,mediascopeAll/Aberdeen_American_News.png,2026-06-03 17:43:56,USA,HIGH,1,LEFT-CENTER,,HIGH
Abilene Reporter-News,https://reporternews.com,mediascopeAll/Abilene_Reporter-News.png,2026-06-03 17:44:25,USA,HIGH,1,LEFT-CENTER,,HIGH
Accuracy in Media,https://aim.org,mediascopeAll/Accuracy_in_Media.png,2026-06-08 16:40:23,USA,MIXED,,RIGHT,,MIXED
Act.TV,https://act.tv,mediascopeAll/Act.TV.png,2026-06-08 16:40:37,USA,MOSTLY FACTUAL,,LEFT,,HIGH
Adams County Times,http://adamscountytimes.com,mediascopeAll/Adams_County_Times.png,2026-06-20 19:37:19,USA,MIXED,,RIGHT-CENTER,Questionable Source,MIXED
Addiction.News,https://addiction.news,mediascopeAll/Addiction.News.png,2026-06-03 17:44:00,USA,VERY LOW,0,RIGHT,,LOW
Advocates for Self-Government,https://theadvocates.org,mediascopeAll/Advocates_for_Self-Government.png,2026-06-08 16:41:20,USA,MOSTLY FACTUAL,,RIGHT-CENTER,,HIGH
Adweek,https://adweek.com,mediascopeAll/Adweek.png,2026-06-03 22:16:04,USA,HIGH,1,LEAST BIASED,,HIGH
Aeon,https://aeon.co,mediascopeAll/Aeon.png,2026-06-03 17:44:29,,HIGH,1,LEFT-CENTER,,HIGH
Affinity Magazine,https://affinitymagazine.us,mediascopeAll/Affinity_Magazine.png,2026-06-08 16:41:39,USA,MIXED,,LEFT-CENTER,,MIXED
African Arguments,https://africanarguments.org,mediascopeAll/African_Arguments.png,2026-06-03 17:45:28,,HIGH,1,LEFT-CENTER,,HIGH
AgricultureDive,https://agriculturedive.com,mediascopeAll/AgricultureDive.png,2026-06-03 17:45:01,USA,HIGH,1,LEAST BIASED,,HIGH
Ahsland Times-Gazette,https://times-gazette.com,mediascopeAll/Ahsland_Times-Gazette.png,2026-06-03 17:49:56,USA,HIGH,1,LEFT-CENTER,,HIGH
Air Force Times,https://airforcetimes.com,mediascopeAll/Air_Force_Times.png,2026-06-03 17:50:12,USA,HIGH,1,LEAST BIASED,,HIGH
Airwars,https://airwars.org,mediascopeAll/Airwars.png,2026-06-03 17:45:52,,HIGH,1,LEAST BIASED,,HIGH
Akron Beacon Journal,https://beaconjournal.com,mediascopeAll/Akron_Beacon_Journal.png,2026-06-03 17:51:18,USA,HIGH,1,LEFT-CENTER,,HIGH
Al Bawaba,http://www.albawaba.com,mediascopeAll/Al_Bawaba.png,2026-06-20 18:56:37,Jordan,MIXED,,RIGHT-CENTER,Questionable Source,MIXED
Al Monitor,https://al-monitor.com,mediascopeAll/Al_Monitor.png,2026-06-03 17:50:47,USA,HIGH,1,LEFT-CENTER,,HIGH
Alabama Political Reporter,https://alreporter.com,mediascopeAll/Alabama_Political_Reporter.png,2026-06-03 17:50:52,USA,HIGH,1,LEAST BIASED,,HIGH
Alabama Reflector,https://alabamareflector.com,mediascopeAll/Alabama_Reflector.png,2026-06-03 17:50:39,USA,HIGH,1,LEFT,,HIGH
Alabama Today,https://altoday.com,mediascopeAll/Alabama_Today.png,2026-06-08 16:43:39,USA,MOSTLY FACTUAL,,RIGHT-CENTER,,HIGH
Alan Guttmacher Institute,https://guttmacher.org,mediascopeAll/Alan_Guttmacher_Institute.png,2026-06-03 17:50:58,USA,HIGH,1,LEFT-CENTER,,HIGH
Albany Democrat-Herald,https://democratherald.com,mediascopeAll/Albany_Democrat-Herald.png,2026-06-03 17:51:37,USA,HIGH,1,LEAST BIASED,,HIGH
Albany Standard,http://albanystandard.com,mediascopeAll/Albany_Standard.png,2026-06-20 20:07:43,USA,MIXED,,RIGHT-CENTER,Questionable Source,MIXED
Alberta Views,https://albertaviews.ca,mediascopeAll/Alberta_Views.png,2026-06-03 17:51:24,,HIGH,1,LEFT-CENTER,,HIGH
Aleteia,https://aleteia.org,mediascopeAll/Aleteia.png,2026-06-08 16:43:53,,MIXED,,RIGHT-CENTER,,MIXED
All News Pipeline,http://allnewspipeline.com,mediascopeAll/All_News_Pipeline.png,2026-06-20 20:16:16,USA,LOW,,RIGHT-CENTER,Questionable Source,LOW
AllAfrica,https://allafrica.com,mediascopeAll/AllAfrica.png,2026-06-03 17:51:47,,HIGH,1,LEAST BIASED,,HIGH
Alliance Defending Freedom,http://www.adflegal.org,mediascopeAll/Alliance_Defending_Freedom.png,2026-06-20 19:34:02,USA,LOW,,EXTREME RIGHT,Questionable Source,LOW
Alliance For Securing Democracy,https://securingdemocracy.gmfus.org,mediascopeAll/Alliance_For_Securing_Democracy.png,2026-06-03 17:52:07,USA,HIGH,1,LEAST BIASED,,HIGH
Alliance Review,https://the-review.com,mediascopeAll/Alliance_Review.png,2026-06-03 17:53:10,USA,HIGH,1,LEFT-CENTER,,HIGH
Alpha News,http://alphanewsmn.com,mediascopeAll/Alpha_News.png,2026-06-20 19:52:39,USA,LOW,,RIGHT,Questionable Source,LOW
AlternativeNews.com,https://alternativenews.com,mediascopeAll/AlternativeNews.com.png,2026-06-03 17:52:19,USA,LOW,0,RIGHT,,LOW
Alternet,https://alternet.org,mediascopeAll/Alternet.png,2026-06-08 16:44:28,USA,HIGH,,LEFT,,HIGH
Aluminum.News,https://aluminum.news,mediascopeAll/Aluminum.News.png,2026-06-03 17:52:37,USA,VERY LOW,0,RIGHT,,LOW
Amarillo Globe-News,https://amarillo.com,mediascopeAll/Amarillo_Globe-News.png,2026-06-03 17:54:05,USA,HIGH,1,LEAST BIASED,,HIGH
America First Legal,http://aflegal.org,mediascopeAll/America_First_Legal.png,2026-06-20 22:02:01,USA,LOW,,EXTREME RIGHT,Questionable Source,LOW
America First Report,http://americafirstreport.com,mediascopeAll/America_First_Report.png,2026-06-20 20:16:53,USA,LOW,,RIGHT,Questionable Source,LOW
America Out Loud,http://americaoutloud.com,mediascopeAll/America_Out_Loud.png,2026-06-20 20:00:00,USA,LOW,,RIGHT,Questionable Source,LOW
American Action Network,https://americanactionnetwork.org,mediascopeAll/American_Action_Network.png,2026-06-08 16:44:58,USA,MIXED,,RIGHT-CENTER,,MIXED
American Catholic Tribine,https://americancatholictribune.com,mediascopeAll/American_Catholic_Tribine.png,2026-06-08 16:45:34,USA,MIXED,,RIGHT-CENTER,Questionable Source,MIXED
American Crime Journal,https://americancrimejournal.com,mediascopeAll/American_Crime_Journal.png,2026-06-08 16:45:47,USA,MOSTLY FACTUAL,,LEFT-CENTER,,HIGH
American Enterprise Institute,https://aei.org,mediascopeAll/American_Enterprise_Institute.png,2026-06-08 16:45:56,,MIXED,,RIGHT,,MIXED
American Firearms Institute,https://americanfirearms.org,mediascopeAll/American_Firearms_Institute.png,2026-06-03 17:54:28,USA,HIGH,1,RIGHT-CENTER,,HIGH
American Free Press,https://americanfreepress.net,mediascopeAll/American_Free_Press.png,2026-06-03 17:54:34,USA,LOW,0,RIGHT,,LOW
American Greatness,https://amgreatness.com,mediascopeAll/American_Greatness.png,2026-06-08 16:46:38,USA,MIXED,,RIGHT,,MIXED
American Heritage,https://americanheritage.com,mediascopeAll/American_Heritage.png,2026-06-03 17:54:24,USA,HIGH,1,LEAST BIASED,,HIGH
American Institute for Economic Research,https://aier.org,mediascopeAll/American_Institute_for_Economic_Research.png,2026-06-08 16:46:52,USA,MIXED,,RIGHT-CENTER,,MIXED
American Intelligence Media,https://aim4truth.org,mediascopeAll/American_Intelligence_Media.png,2026-06-03 17:54:28,USA,VERY LOW,0,EXTREME RIGHT,,LOW
American Legislative Exchange Council,https://alec.org,mediascopeAll/American_Legislative_Exchange_Council.png,2026-06-08 16:46:58,USA,MIXED,,RIGHT,,MIXED
American Oversight,https://americanoversight.org,mediascopeAll/American_Oversight.png,2026-06-08 16:47:12,USA,MOSTLY FACTUAL,,LEFT,,HIGH
American Pharmacy News,http://americanpharmacynews.com,mediascopeAll/American_Pharmacy_News.png,2026-06-20 20:45:35,USA,MIXED,,RIGHT-CENTER,Questionable Source,MIXED
American Renaissance Magazine,http://www.amren.com,mediascopeAll/American_Renaissance_Magazine.png,2026-06-20 19:14:22,USA,LOW,,EXTREME RIGHT,Questionable Source,LOW
American Security News,http://americansecuritynews.com,mediascopeAll/American_Security_News.png,2026-06-20 21:33:51,USA,MIXED,,RIGHT-CENTER,Questionable Source,MIXED
"American Society for the Defense of Tradition, Family, and Property",http://www.tfp.org,mediascopeAll/American_Society_for_the_Defense_of_Tradition_Family_and_Property.png,2026-06-20 20:58:14,USA,LOW,,EXTREME RIGHT,Questionable Source,LOW
American Spectator,https://spectator.org,mediascopeAll/American_Spectator.png,2026-06-08 16:47:45,USA,MIXED,,RIGHT,,MIXED
American Thinker,https://americanthinker.com,mediascopeAll/American_Thinker.png,2026-06-03 17:55:08,USA,LOW,0,EXTREME RIGHT,Questionable Source,LOW
Americans for Prosperity,https://americansforprosperity.org,mediascopeAll/Americans_for_Prosperity.png,2026-06-08 16:47:57,USA,MIXED,,RIGHT-CENTER,,MIXED
Americans for Truth,https://americansfortruth.com,mediascopeAll/Americans_for_Truth.png,2026-06-03 17:55:22,USA,VERY LOW,0,EXTREME RIGHT,,LOW
Americas Quarterly,https://americasquarterly.org,mediascopeAll/Americas_Quarterly.png,2026-06-03 17:55:02,USA,HIGH,1,RIGHT-CENTER,,HIGH
Ames Today,http://amestoday.com,mediascopeAll/Ames_Today.png,2026-06-20 22:15:19,USA,MIXED,,RIGHT-CENTER,Questionable Source,MIXED
Amherst Bulletin,https://amherstbulletin.com,mediascopeAll/Amherst_Bulletin.png,2026-06-03 19:04:13,USA,HIGH,1,LEFT-CENTER,,HIGH
Ami Magazine,https://amimagazine.org,mediascopeAll/Ami_Magazine.png,2026-06-08 16:48:20,USA,MOSTLY FACTUAL,,RIGHT,,HIGH
Ammoland,https://ammoland.com,mediascopeAll/Ammoland.png,2026-06-08 16:48:23,USA,MOSTLY FACTUAL,,RIGHT,,HIGH
AmoMama,https://news.amomama.com,mediascopeAll/AmoMama.png,2026-06-03 17:55:38,,HIGH,1,LEAST BIASED,,HIGH
Analyzing America,http://analyzingamerica.org,mediascopeAll/Analyzing_America.png,2026-06-20 21:31:57,USA,MIXED,,EXTREME RIGHT,Questionable Source,MIXED
Anderson Independent Mail,https://independentmail.com,mediascopeAll/Anderson_Independent_Mail.png,2026-06-03 17:56:42,USA,HIGH,1,LEFT-CENTER,,HIGH
Anderson Reporter,http://andersonreporter.com,mediascopeAll/Anderson_Reporter.png,2026-06-20 19:27:26,USA,MIXED,,RIGHT-CENTER,Questionable Source,MIXED
Angus Reid Institute,https://angusreid.org,mediascopeAll/Angus_Reid_Institute.png,2026-06-03 17:55:45,,HIGH,1,RIGHT-CENTER,,HIGH
Anne Arundel Today,http://annearundeltoday.com,mediascopeAll/Anne_Arundel_Today.png,2026-06-20 20:14:11,USA,MIXED,,RIGHT-CENTER,Questionable Source,MIXED
Answers in Genesis,https://answersingenesis.org,mediascopeAll/Answers_in_Genesis.png,2026-06-03 17:56:49,USA,LOW,0,RIGHT,,LOW
Antelope Valley Today,http://antelopevalleytoday.com,mediascopeAll/Antelope_Valley_Today.png,2026-06-20 20:09:33,USA,MIXED,,RIGHT-CENTER,Questionable Source,MIXED
Anthropocene Alliance,https://anthropocenealliance.org,mediascopeAll/Anthropocene_Alliance.png,2026-06-03 17:55:50,USA,HIGH,1,LEFT,,HIGH
Anti-War,http://antiwar.com,mediascopeAll/Anti-War.png,2026-06-20 20:36:36,USA,MIXED,,RIGHT-CENTER,Questionable Source,MIXED
Antioxidants.News,https://antioxidants.news,mediascopeAll/Antioxidants.News.png,2026-06-03 17:56:00,USA,VERY LOW,0,RIGHT,,LOW
ArcaMax,https://arcamax.com,mediascopeAll/ArcaMax.png,2026-06-08 16:51:36,USA,MOSTLY FACTUAL,,RIGHT-CENTER,,HIGH
Argus Leader,https://argusleader.com,mediascopeAll/Argus_Leader.png,2026-06-03 17:57:12,USA,HIGH,1,RIGHT-CENTER,,HIGH
Arizona Daily Independent,https://arizonadailyindependent.com,mediascopeAll/Arizona_Daily_Independent.png,2026-06-08 16:51:42,USA,MIXED,,RIGHT,,MIXED
Arizona Daily Star,https://tucson.com,mediascopeAll/Arizona_Daily_Star.png,2026-06-03 17:57:32,USA,HIGH,1,LEFT-CENTER,,HIGH
Arizona Daily Sun,https://azdailysun.com,mediascopeAll/Arizona_Daily_Sun.png,2026-06-03 17:58:13,USA,HIGH,1,LEFT-CENTER,,HIGH
Arizona Sun Times,http://arizonasuntimes.com,mediascopeAll/Arizona_Sun_Times.png,2026-06-20 21:07:46,USA,MIXED,,RIGHT,Questionable Source,MIXED
Arkansas Business Daily,http://businessdailynetwork.com/states/ar,mediascopeAll/Arkansas_Business_Daily.png,2026-06-20 20:50:21,USA,MIXED,,RIGHT-CENTER,Questionable Source,MIXED
Arkansas Times,https://arktimes.com,mediascopeAll/Arkansas_Times.png,2026-06-03 17:57:25,USA,HIGH,1,LEFT-CENTER,,HIGH
Arms Control Association,https://armscontrol.org,mediascopeAll/Arms_Control_Association.png,2026-06-03 17:58:36,USA,HIGH,1,LEFT-CENTER,,HIGH
Aroostook News,http://aroostooknews.com,mediascopeAll/Aroostook_News.png,2026-06-20 21:02:36,USA,MIXED,,RIGHT-CENTER,Questionable Source,MIXED
Arrow Lakes News,https://arrowlakesnews.com,mediascopeAll/Arrow_Lakes_News.png,2026-06-03 17:58:37,,HIGH,1,LEFT-CENTER,,HIGH
Ars Technica,https://arstechnica.com,mediascopeAll/Ars_Technica.png,2026-06-03 17:59:31,USA,HIGH,1,LEAST BIASED,,HIGH
Asheville Citizen-Times,https://citizen-times.com,mediascopeAll/Asheville_Citizen-Times.png,2026-06-03 17:59:59,USA,HIGH,1,LEFT-CENTER,,HIGH
Asian News International,https://aninews.in,mediascopeAll/Asian_News_International.png,2026-06-08 16:53:12,,MIXED,,RIGHT-CENTER,,MIXED
Aspen Institute,https://aspeninstitute.org,mediascopeAll/Aspen_Institute.png,2026-06-03 23:09:41,USA,HIGH,1,LEFT-CENTER,,HIGH
Associated Press,https://apnews.com,mediascopeAll/Associated_Press.png,2026-06-03 18:00:38,USA,HIGH,1,LEFT-CENTER,,HIGH
Athens Reporter,http://athensreporter.com,mediascopeAll/Athens_Reporter.png,2026-06-20 20:57:48,USA,MIXED,,RIGHT-CENTER,Questionable Source,MIXED
Athol Daily News,https://atholdailynews.com,mediascopeAll/Athol_Daily_News.png,2026-06-03 17:59:36,USA,HIGH,1,LEFT-CENTER,,HIGH
Atlantic Council,https://atlanticcouncil.org,mediascopeAll/Atlantic_Council.png,2026-06-03 18:00:34,USA,HIGH,1,RIGHT-CENTER,,HIGH
Atlantic County Times,http://atlanticcotimes.com,mediascopeAll/Atlantic_County_Times.png,2026-06-20 20:35:14,USA,MIXED,,RIGHT-CENTER,Questionable Source,MIXED
Atlas Obscura,https://atlasobscura.com,mediascopeAll/Atlas_Obscura.png,2026-06-03 18:00:47,USA,HIGH,1,LEAST BIASED,,HIGH
Auburn Reporter,https://auburn-reporter.com,mediascopeAll/Auburn_Reporter.png,2026-06-03 18:01:39,USA,HIGH,1,LEAST BIASED,,HIGH
Auburn Times,http://auburntimes.com,mediascopeAll/Auburn_Times.png,2026-06-20 22:27:02,USA,MIXED,,RIGHT-CENTER,Questionable Source,MIXED
Austin American-Statesman,https://statesman.com,mediascopeAll/Austin_American-Statesman.png,2026-06-04 00:10:35,USA,HIGH,1,LEFT-CENTER,,HIGH
Austin Daily Herald,https://austindailyherald.com,mediascopeAll/Austin_Daily_Herald.png,2026-06-03 18:01:48,USA,HIGH,1,LEFT-CENTER,,HIGH
Australian Associated Press,https://www.aap.com.au/,mediascopeAll/Australian_Associated_Press.png,2026-06-03 18:01:41,,HIGH,1,LEAST BIASED,,HIGH
Australian National Review,https://australiannationalreview.com,mediascopeAll/Australian_National_Review.png,2026-06-03 18:02:29,,LOW,0,RIGHT,,LOW
AutoStraddle,https://autostraddle.com,mediascopeAll/AutoStraddle.png,2026-06-08 16:55:36,USA,MIXED,,LEFT,,MIXED
Autoblog,https://autoblog.com,mediascopeAll/Autoblog.png,2026-06-08 16:56:30,USA,MOSTLY FACTUAL,,LEFT-CENTER,,HIGH
Awakening.News,https://awakening.news,mediascopeAll/Awakening.News.png,2026-06-03 18:02:11,USA,VERY LOW,0,RIGHT,,LOW
Ayn Rand Institute,https://newideal.aynrand.org,mediascopeAll/Ayn_Rand_Institute.png,2026-06-08 16:57:41,USA,MIXED,,RIGHT-CENTER,,MIXED
BNO News,https://bnonews.com,mediascopeAll/BNO_News.png,2026-06-03 18:02:19,,HIGH,1,LEAST BIASED,,HIGH
Badger Institute,https://badgerinstitute.org,mediascopeAll/Badger_Institute.png,2026-06-08 16:58:18,USA,MIXED,,RIGHT,,MIXED
Baha Breaking News,https://breakingthenews.net,mediascopeAll/Baha_Breaking_News.png,2026-06-08 16:58:38,,MOSTLY FACTUAL,,LEAST BIASED,,HIGH
Balkan Insight,https://balkaninsight.com,mediascopeAll/Balkan_Insight.png,2026-06-03 18:02:33,,HIGH,1,LEFT-CENTER,,HIGH
Ballotpedia,https://ballotpedia.org,mediascopeAll/Ballotpedia.png,2026-06-03 19:04:32,USA,VERY HIGH,1,LEAST BIASED,,HIGH
Baltimore City Paper,https://baltimoresun.com/citypaper,mediascopeAll/Baltimore_City_Paper.png,2026-06-08 16:59:20,USA,MOSTLY FACTUAL,,LEFT,,HIGH
Baltimore City Wire,http://baltimorecitywire.com,mediascopeAll/Baltimore_City_Wire.png,2026-06-20 20:08:58,USA,MIXED,,RIGHT-CENTER,Questionable Source,MIXED
Baltimore Sun,https://baltimoresun.com,mediascopeAll/Baltimore_Sun.png,2026-06-03 18:03:49,USA,HIGH,1,RIGHT-CENTER,,HIGH
BankingDive,https://bankingdive.com,mediascopeAll/BankingDive.png,2026-06-03 18:04:04,USA,HIGH,1,LEAST BIASED,,HIGH
Banned.News,https://banned.news,mediascopeAll/Banned.News.png,2026-06-03 18:03:42,USA,VERY LOW,0,RIGHT,,LOW
Baptist News Global,https://baptistnews.com,mediascopeAll/Baptist_News_Global.png,2026-06-03 18:03:48,USA,HIGH,1,LEFT-CENTER,,HIGH
Bare Naked Islam,https://barenakedislam.com,mediascopeAll/Bare_Naked_Islam.png,2026-06-03 18:04:03,USA,LOW,0,EXTREME RIGHT,Questionable Source,LOW
Bashaw Star,https://bashawstar.com,mediascopeAll/Bashaw_Star.png,2026-06-03 18:04:07,,HIGH,1,LEFT-CENTER,,HIGH
Basildon Echo,https://echo-news.co.uk,mediascopeAll/Basildon_Echo.png,2026-06-03 18:05:17,,HIGH,1,LEAST BIASED,,HIGH
Baton Rouge Reporter,http://batonrougereporter.com,mediascopeAll/Baton_Rouge_Reporter.png,2026-06-20 21:13:55,USA,MIXED,,RIGHT-CENTER,Questionable Source,MIXED
Battle Creek Enquirer,https://battlecreekenquirer.com,mediascopeAll/Battle_Creek_Enquirer.png,2026-06-03 18:05:29,USA,HIGH,1,LEFT-CENTER,,HIGH
Battle Creek Times,http://battlecreektimes.com,mediascopeAll/Battle_Creek_Times.png,2026-06-20 20:04:44,USA,MIXED,,RIGHT-CENTER,Questionable Source,MIXED
Baxter Bulletin,https://baxterbulletin.com,mediascopeAll/Baxter_Bulletin.png,2026-06-03 18:05:37,USA,HIGH,1,LEFT-CENTER,,HIGH
Bearing Arms,https://bearingarms.com,mediascopeAll/Bearing_Arms.png,2026-06-08 17:00:25,USA,MIXED,,RIGHT,,MIXED
Beaver County Times,https://timesonline.com,mediascopeAll/Beaver_County_Times.png,2026-06-03 18:21:52,USA,HIGH,1,LEFT-CENTER,,HIGH
Beaver State News,http://beaverstatenews.com,mediascopeAll/Beaver_State_News.png,2026-06-20 22:13:11,USA,MIXED,,RIGHT-CENTER,Questionable Source,MIXED
Before It’s News,http://beforeitsnews.com,mediascopeAll/Before_It_s_News.png,2026-06-20 19:59:03,USA,LOW,,EXTREME RIGHT,Questionable Source,LOW
Behold Israel,https://beholdisrael.org,mediascopeAll/Behold_Israel.png,2026-06-08 17:00:59,,MIXED,,RIGHT,,MIXED
Being Liberal,https://beingliberal.org,mediascopeAll/Being_Liberal.png,2026-06-08 17:01:14,USA,MOSTLY FACTUAL,,LEFT,,HIGH
Belleville Community Press,https://communitypress.ca,mediascopeAll/Belleville_Community_Press.png,2026-06-03 18:22:05,,HIGH,1,RIGHT-CENTER,,HIGH
Bellevue Reporter,https://bellevuereporter.com,mediascopeAll/Bellevue_Reporter.png,2026-06-03 19:06:05,USA,HIGH,1,LEAST BIASED,,HIGH
Benenson Strategy Group,https://bsgco.com,mediascopeAll/Benenson_Strategy_Group.png,2026-06-08 17:01:35,USA,MIXED,,LEFT-CENTER,,MIXED
Benton Times,http://bentontimes.com,mediascopeAll/Benton_Times.png,2026-06-20 20:58:31,USA,MIXED,,RIGHT-CENTER,Questionable Source,MIXED
Benzinga,https://benzinga.com,mediascopeAll/Benzinga.png,2026-06-03 19:06:16,USA,HIGH,1,LEAST BIASED,,HIGH
"Berkley Center for Religion, Peace & World Affairs",https://berkleycenter.georgetown.edu,mediascopeAll/Berkley_Center_for_Religion_Peace_World_Affairs.png,2026-06-03 22:16:41,USA,HIGH,1,LEFT-CENTER,,HIGH
Berkshire Eagle,https://berkshireeagle.com,mediascopeAll/Berkshire_Eagle.png,2026-06-03 22:18:06,USA,HIGH,1,LEFT-CENTER,,HIGH
Big Government News,https://biggovernment.news,mediascopeAll/Big_Government_News.png,2026-06-03 22:16:34,USA,VERY LOW,0,RIGHT,,LOW
Big Island Times,http://bigislandtimes.com,mediascopeAll/Big_Island_Times.png,2026-06-20 21:07:32,USA,MIXED,,RIGHT-CENTER,Questionable Source,MIXED
Big Village Polling,https://big-village.com,mediascopeAll/Big_Village_Polling.png,2026-06-08 17:02:36,,MOSTLY FACTUAL,,LEAST BIASED,,HIGH
Bigfork Eagle,https://bigforkeagle.com,mediascopeAll/Bigfork_Eagle.png,2026-06-03 18:22:55,USA,HIGH,1,LEAST BIASED,,HIGH
Biggleswade Chronicle,https://biggleswadetoday.co.uk,mediascopeAll/Biggleswade_Chronicle.png,2026-06-03 18:24:06,,HIGH,1,LEAST BIASED,,HIGH
Bill & Melinda Gates Foundation,https://gatesfoundation.org,mediascopeAll/Bill_Melinda_Gates_Foundation.png,2026-06-03 18:23:21,USA,HIGH,1,LEFT-CENTER,,HIGH
Billings Gazette,https://billingsgazette.com,mediascopeAll/Billings_Gazette.png,2026-06-03 18:23:53,USA,HIGH,1,RIGHT-CENTER,,HIGH
BillionBibles.org,http://www.billionbibles.org,mediascopeAll/BillionBibles.org.png,2026-06-20 20:57:39,USA,VERY LOW,,RIGHT,Questionable Source,LOW
BioPharmaDive,https://biopharmadive.com,mediascopeAll/BioPharmaDive.png,2026-06-03 18:24:28,USA,HIGH,1,LEAST BIASED,,HIGH
Bioterrorism.News,https://bioterrorism.news,mediascopeAll/Bioterrorism.News.png,2026-06-03 18:23:39,USA,VERY LOW,0,RIGHT,,LOW
Birmingham Mail,https://birminghammail.co.uk,mediascopeAll/Birmingham_Mail.png,2026-06-08 17:03:42,,MOSTLY FACTUAL,,LEFT-CENTER,,HIGH
Bismarck Tribune,https://bismarcktribune.com,mediascopeAll/Bismarck_Tribune.png,2026-06-03 23:42:15,USA,HIGH,1,LEAST BIASED,,HIGH
BizNews,https://biznews.com,mediascopeAll/BizNews.png,2026-06-08 17:03:49,,MIXED,,RIGHT-CENTER,,MIXED
BizPac Review,https://bizpacreview.com,mediascopeAll/BizPac_Review.png,2026-06-08 17:04:21,USA,MIXED,,RIGHT,,MIXED
Blabber Buzz,https://blabber.buzz,mediascopeAll/Blabber_Buzz.png,2026-06-08 17:04:54,USA,MIXED,,RIGHT,,MIXED
Black Agenda Report,https://blackagendareport.com,mediascopeAll/Black_Agenda_Report.png,2026-06-08 17:05:01,USA,MIXED,,LEFT,,MIXED
Black Community NEws,https://blackcommunitynews.com,mediascopeAll/Black_Community_NEws.png,2026-06-08 17:05:27,,MIXED,,RIGHT,,MIXED
Black Ennterprise Magazine,https://blackenterprise.com,mediascopeAll/Black_Ennterprise_Magazine.png,2026-06-03 18:25:15,USA,HIGH,1,LEFT-CENTER,,HIGH
Bleeping Computer,https://bleepingcomputer.com,mediascopeAll/Bleeping_Computer.png,2026-06-03 18:24:45,USA,HIGH,1,LEAST BIASED,,HIGH
Block Telegraph,https://blocktelegraph.io,mediascopeAll/Block_Telegraph.png,2026-06-08 17:06:22,USA,MOSTLY FACTUAL,,LEFT-CENTER,,HIGH
Bluegrass Times,http://bluegrasstimes.com,mediascopeAll/Bluegrass_Times.png,2026-06-20 22:15:43,USA,MIXED,,RIGHT-CENTER,Questionable Source,MIXED
Blueprint Newspaper,https://blueprint.ng,mediascopeAll/Blueprint_Newspaper.png,2026-06-08 17:07:25,,MOSTLY FACTUAL,,LEAST BIASED,,HIGH
Boston Herald,https://bostonherald.com,mediascopeAll/Boston_Herald.png,2026-06-03 18:26:29,USA,HIGH,1,RIGHT-CENTER,,HIGH
Boston Review,https://bostonreview.net,mediascopeAll/Boston_Review.png,2026-06-03 18:26:03,USA,HIGH,1,LEFT,,HIGH
Boston.com,https://boston.com,mediascopeAll/Boston.com.png,2026-06-03 22:18:30,USA,HIGH,1,LEFT-CENTER,,HIGH
Bounding Into Comics,https://boundingintocomics.com,mediascopeAll/Bounding_Into_Comics.png,2026-06-08 17:08:17,USA,MIXED,,RIGHT,,MIXED
Boundless,https://boundless.com,mediascopeAll/Boundless.png,2026-06-03 18:26:58,USA,HIGH,1,LEFT-CENTER,,HIGH
Bowling Green Today,http://bowlinggreentoday.com,mediascopeAll/Bowling_Green_Today.png,2026-06-20 21:10:31,USA,MIXED,,RIGHT-CENTER,Questionable Source,MIXED
Bozeman Daily Chronicle,https://bozemandailychronicle.com,mediascopeAll/Bozeman_Daily_Chronicle.png,2026-06-03 23:12:29,USA,HIGH,1,LEFT-CENTER,,HIGH
Branson Times,http://bransontimes.com,mediascopeAll/Branson_Times.png,2026-06-20 21:24:16,USA,MIXED,,RIGHT-CENTER,Questionable Source,MIXED
Brantford Expositor,https://brantfordexpositor.ca,mediascopeAll/Brantford_Expositor.png,2026-06-03 18:27:50,,HIGH,1,RIGHT-CENTER,,HIGH
Braun Research,https://braunresearch.com,mediascopeAll/Braun_Research.png,2026-06-03 18:27:28,USA,HIGH,1,LEFT-CENTER,,HIGH
Breakthrough Institute,https://thebreakthrough.org,mediascopeAll/Breakthrough_Institute.png,2026-06-03 18:27:29,USA,HIGH,1,RIGHT-CENTER,,HIGH
Breakthrough News,https://breakthroughnews.org,mediascopeAll/Breakthrough_News.png,2026-06-08 17:09:31,USA,MIXED,,LEFT,,MIXED
Breakthrough.News,https://breakthrough.news,mediascopeAll/Breakthrough.News.png,2026-06-03 18:27:45,USA,VERY LOW,0,RIGHT,,LOW
Breitbart,http://www.breitbart.com,mediascopeAll/Breitbart.png,2026-06-20 20:25:02,USA,MIXED,,RIGHT,Questionable Source,MIXED
Brennan Center for Justice,https://brennancenter.org,mediascopeAll/Brennan_Center_for_Justice.png,2026-06-03 18:27:52,USA,HIGH,1,LEFT-CENTER,,HIGH
Bridge Michigan,https://bridgemi.com,mediascopeAll/Bridge_Michigan.png,2026-06-03 18:27:51,USA,HIGH,1,LEFT-CENTER,,HIGH
Bridgeport Times,http://bridgeporttimes.com,mediascopeAll/Bridgeport_Times.png,2026-06-20 20:43:37,USA,MIXED,,RIGHT-CENTER,Questionable Source,MIXED
Bristol Reporter,http://bristolreporter.com,mediascopeAll/Bristol_Reporter.png,2026-06-20 22:22:34,USA,MIXED,,RIGHT-CENTER,Questionable Source,MIXED
Brit + Co,https://brit.co,mediascopeAll/Brit_Co.png,2026-06-08 17:11:04,USA,MOSTLY FACTUAL,,LEFT,,HIGH
Brockville Recorder & Times,https://recorder.ca,mediascopeAll/Brockville_Recorder_Times.png,2026-06-03 18:28:33,,HIGH,1,RIGHT-CENTER,,HIGH
Bucks Herald,https://bucksherald.co.uk,mediascopeAll/Bucks_Herald.png,2026-06-03 23:44:09,,HIGH,1,LEAST BIASED,,HIGH
Buenos Aires Times,https://batimes.com.ar,mediascopeAll/Buenos_Aires_Times.png,2026-06-03 18:30:07,,HIGH,1,RIGHT-CENTER,,HIGH
Buffalo Ledger,http://buffaloledger.com,mediascopeAll/Buffalo_Ledger.png,2026-06-20 19:28:29,USA,MIXED,,RIGHT-CENTER,Questionable Source,MIXED
Buffalo News,https://buffalonews.com,mediascopeAll/Buffalo_News.png,2026-06-03 18:30:35,USA,HIGH,1,LEAST BIASED,,HIGH
Bullshido,https://bullshido.net,mediascopeAll/Bullshido.png,2026-06-03 18:30:24,USA,HIGH,1,LEAST BIASED,,HIGH
Burlington Free Press,https://burlingtonfreepress.com,mediascopeAll/Burlington_Free_Press.png,2026-06-03 18:31:33,USA,HIGH,1,LEFT-CENTER,,HIGH
Burlington Review,http://burlingtonreview.com,mediascopeAll/Burlington_Review.png,2026-06-20 20:53:41,USA,MIXED,,RIGHT-CENTER,Questionable Source,MIXED
Burnley Express,https://burnleyexpress.net,mediascopeAll/Burnley_Express.png,2026-06-03 23:44:08,,HIGH,1,LEAST BIASED,,HIGH
Business Day Nigeria,http://businessday.ng,mediascopeAll/Business_Day_Nigeria.png,2026-06-20 20:10:32,Nigeria,MIXED,,RIGHT-CENTER,Questionable Source,MIXED
BusinessLIVE,https://businesslive.co.za,mediascopeAll/BusinessLIVE.png,2026-06-08 17:12:44,,MIXED,,RIGHT-CENTER,,MIXED
Bustle Magazine,https://bustle.com,mediascopeAll/Bustle_Magazine.png,2026-06-08 17:13:43,USA,MOSTLY FACTUAL,,LEFT-CENTER,,HIGH
Butler County Today,http://butlercountytoday.com,mediascopeAll/Butler_County_Today.png,2026-06-20 21:23:11,USA,MIXED,,RIGHT-CENTER,Questionable Source,MIXED
Buxton Advertiser,https://buxtonadvertiser.co.uk,mediascopeAll/Buxton_Advertiser.png,2026-06-03 18:31:45,,HIGH,1,LEAST BIASED,,HIGH
Buzzfeed,https://buzzfeed.com,mediascopeAll/Buzzfeed.png,2026-06-08 17:15:41,USA,MOSTLY FACTUAL,,LEFT-CENTER,,HIGH
CAMERA,https://camera.org,mediascopeAll/CAMERA.png,2026-06-08 17:16:55,USA,MOSTLY FACTUAL,,RIGHT,,HIGH
CBS Boston - WBZ-TV,https://cbsnews.com/boston,mediascopeAll/CBS_Boston_-_WBZ-TV.png,2026-06-03 18:32:28,USA,HIGH,1,LEFT-CENTER,,HIGH
CBS News,https://cbsnews.com,mediascopeAll/CBS_News.png,2026-06-03 18:33:00,USA,MOSTLY FACTUAL,1,RIGHT-CENTER,,HIGH
CCN Markets,https://ccn.com,mediascopeAll/CCN_Markets.png,2026-06-03 18:32:32,,HIGH,1,RIGHT-CENTER,,HIGH
CDA Reporter,http://cdareporter.com,mediascopeAll/CDA_Reporter.png,2026-06-20 21:53:41,USA,MIXED,,RIGHT-CENTER,Questionable Source,MIXED
CDC.News,https://cdc.news,mediascopeAll/CDC.News.png,2026-06-03 18:32:30,USA,VERY LOW,0,RIGHT,,LOW
CFO Dive,https://cfo.com,mediascopeAll/CFO_Dive.png,2026-06-03 18:33:05,USA,HIGH,1,LEAST BIASED,,HIGH
CNBC,https://cnbc.com,mediascopeAll/CNBC.png,2026-06-08 17:19:16,USA,MOSTLY FACTUAL,,LEFT-CENTER,,HIGH
CNET,https://cnet.com,mediascopeAll/CNET.png,2026-06-03 18:33:20,USA,HIGH,1,LEAST BIASED,,HIGH
CNN,https://cnn.com,mediascopeAll/CNN.png,2026-06-08 17:20:03,USA,MOSTLY FACTUAL,,LEFT-CENTER,,HIGH
CNS News,http://www.cnsnews.com,mediascopeAll/CNS_News.png,2026-06-20 20:52:35,USA,LOW,,RIGHT,Questionable Source,LOW
CP24,https://cp24.com,mediascopeAll/CP24.png,2026-06-03 18:34:16,,HIGH,1,LEAST BIASED,,HIGH
CT Mirror,https://ctmirror.org,mediascopeAll/CT_Mirror.png,2026-06-03 18:33:07,USA,HIGH,1,LEFT-CENTER,,HIGH
CTV News,https://ctvnews.ca,mediascopeAll/CTV_News.png,2026-06-03 18:34:35,,HIGH,1,LEAST BIASED,,HIGH
CX Dive,https://customerexperiencedive.com,mediascopeAll/CX_Dive.png,2026-06-03 18:33:44,USA,HIGH,1,LEAST BIASED,,HIGH
Calgary Herald,https://calgaryherald.com,mediascopeAll/Calgary_Herald.png,2026-06-03 18:34:38,,HIGH,1,RIGHT-CENTER,,HIGH
California Business Daily,http://businessdailynetwork.com/states/ca,mediascopeAll/California_Business_Daily.png,2026-06-20 21:19:52,USA,MIXED,,RIGHT-CENTER,Questionable Source,MIXED
California Globe,https://californiaglobe.com,mediascopeAll/California_Globe.png,2026-06-08 17:21:27,USA,MIXED,,RIGHT-CENTER,,MIXED
Campaign Life Coalition,https://campaignlifecoalition.com,mediascopeAll/Campaign_Life_Coalition.png,2026-06-08 17:22:14,,MIXED,,RIGHT,,MIXED
Campaign for Liberty,https://campaignforliberty.org,mediascopeAll/Campaign_for_Liberty.png,2026-06-08 17:22:18,USA,MIXED,,RIGHT-CENTER,,MIXED
Campus Reform,https://campusreform.org,mediascopeAll/Campus_Reform.png,2026-06-08 17:22:29,USA,MIXED,,RIGHT,,MIXED
Canadaland,https://canadaland.com,mediascopeAll/Canadaland.png,2026-06-03 18:34:38,,MIXED,1,LEFT-CENTER,,MIXED
Canadian Dimension,https://canadiandimension.com,mediascopeAll/Canadian_Dimension.png,2026-06-08 17:22:54,,MOSTLY FACTUAL,,LEFT,,HIGH
Canadian Jewish News,https://thecjn.ca,mediascopeAll/Canadian_Jewish_News.png,2026-06-08 17:23:00,,MIXED,,RIGHT-CENTER,,MIXED
Canberra Declaration,https://canberradeclaration.org.au,mediascopeAll/Canberra_Declaration.png,2026-06-03 18:34:40,,LOW,0,EXTREME RIGHT,,LOW
Cancun Post,http://thecancunpost.com,mediascopeAll/Cancun_Post.png,2026-06-20 19:00:21,Unknown,MIXED,,LEFT-CENTER,Questionable Source,MIXED
Canton Reporter,http://cantonreporter.com,mediascopeAll/Canton_Reporter.png,2026-06-20 22:22:18,USA,MIXED,,RIGHT-CENTER,Questionable Source,MIXED
Cape Cod Ledger,http://capecodledger.com,mediascopeAll/Cape_Cod_Ledger.png,2026-06-20 19:31:21,USA,MIXED,,RIGHT-CENTER,Questionable Source,MIXED
Cape Cod Times,https://capecodtimes.com,mediascopeAll/Cape_Cod_Times.png,2026-06-03 18:35:59,USA,HIGH,1,LEAST BIASED,,HIGH
Capital & Main,https://capitalandmain.com,mediascopeAll/Capital_Main.png,2026-06-03 18:35:11,USA,HIGH,1,LEFT,,HIGH
Capital District Times,http://capitaldistricttimes.com,mediascopeAll/Capital_District_Times.png,2026-06-20 21:05:47,USA,MIXED,,RIGHT-CENTER,Questionable Source,MIXED
Capital Gazette,https://capitalgazette.com,mediascopeAll/Capital_Gazette.png,2026-06-03 18:35:56,USA,HIGH,1,LEFT-CENTER,,HIGH
Capital Research Center,https://capitalresearch.org,mediascopeAll/Capital_Research_Center.png,2026-06-08 17:24:24,USA,MIXED,,RIGHT,,MIXED
Capitalism Magazine,https://capitalismmagazine.com,mediascopeAll/Capitalism_Magazine.png,2026-06-08 17:24:32,USA,MOSTLY FACTUAL,,RIGHT-CENTER,,HIGH
Capitol Fax,https://capitolfax.com,mediascopeAll/Capitol_Fax.png,2026-06-03 18:35:55,USA,HIGH,1,LEAST BIASED,,HIGH
Capitol News Illinois,https://capitolnewsillinois.com,mediascopeAll/Capitol_News_Illinois.png,2026-06-03 18:36:01,USA,HIGH,1,LEFT-CENTER,,HIGH
Capitol News,http://micapitolnews.com,mediascopeAll/Capitol_News.png,2026-06-20 19:21:37,USA,MIXED,,RIGHT-CENTER,Questionable Source,MIXED
Carbon Tracker Initiative,https://carbontracker.org,mediascopeAll/Carbon_Tracker_Initiative.png,2026-06-03 18:36:09,,HIGH,1,LEFT-CENTER,,HIGH
Carbondale Reporter,http://carbondalereporter.com,mediascopeAll/Carbondale_Reporter.png,2026-06-20 19:48:13,USA,MIXED,,RIGHT-CENTER,Questionable Source,MIXED
Cardinal & Pine,https://cardinalpine.com,mediascopeAll/Cardinal_Pine.png,2026-06-08 17:25:20,USA,MIXED,,LEFT-CENTER,Questionable Source,MIXED
Carnegie Endowment for International Peace,https://carnegieendowment.org,mediascopeAll/Carnegie_Endowment_for_International_Peace.png,2026-06-03 18:36:22,USA,HIGH,1,LEFT-CENTER,,HIGH
Carolina Public Press,https://carolinapublicpress.org,mediascopeAll/Carolina_Public_Press.png,2026-06-03 18:36:08,USA,HIGH,1,LEFT-CENTER,,HIGH
Casper Star-Tribune,https://trib.com,mediascopeAll/Casper_Star-Tribune.png,2026-06-03 18:36:52,USA,HIGH,1,LEAST BIASED,,HIGH
Castanet,https://castanet.net,mediascopeAll/Castanet.png,2026-06-03 18:36:50,,HIGH,1,LEAST BIASED,,HIGH
Castlegar News,https://castlegarnews.com,mediascopeAll/Castlegar_News.png,2026-06-03 18:36:25,,HIGH,1,LEFT-CENTER,,HIGH
Catholic Online,https://catholic.org,mediascopeAll/Catholic_Online.png,2026-06-08 17:25:21,USA,MIXED,,RIGHT,,MIXED
Catholic Tribune - Arizona,https://azcatholictribune.com,mediascopeAll/Catholic_Tribune_-_Arizona.png,2026-06-08 17:25:55,USA,MIXED,,RIGHT-CENTER,Questionable Source,MIXED
Catholic Tribune - Florida,https://flcatholictribune.com,mediascopeAll/Catholic_Tribune_-_Florida.png,2026-06-08 17:26:08,USA,MIXED,,RIGHT-CENTER,Questionable Source,MIXED
Catholic Tribune - Tribune,https://pacatholictribune.com,mediascopeAll/Catholic_Tribune_-_Tribune.png,2026-06-08 17:26:32,USA,MIXED,,RIGHT-CENTER,Questionable Source,MIXED
Catholic Tribune - Wisconsin,https://wicatholictribune.com,mediascopeAll/Catholic_Tribune_-_Wisconsin.png,2026-06-08 17:26:38,USA,MIXED,,RIGHT-CENTER,Questionable Source,MIXED
Ceasefire Magazine,https://ceasefiremagazine.co.uk,mediascopeAll/Ceasefire_Magazine.png,2026-06-03 18:36:37,,HIGH,1,LEFT,,HIGH
Cedar Rapids Today,http://cedarrapidstoday.com,mediascopeAll/Cedar_Rapids_Today.png,2026-06-20 20:28:29,USA,MIXED,,RIGHT-CENTER,Questionable Source,MIXED
Censored.news,https://censored.news,mediascopeAll/Censored.news.png,2026-06-03 18:37:24,USA,LOW,0,EXTREME RIGHT,,LOW
Censorship.News,https://censorship.news,mediascopeAll/Censorship.News.png,2026-06-03 22:18:49,USA,VERY LOW,0,RIGHT,,LOW
Centennial State News,http://centennialstatenews.com,mediascopeAll/Centennial_State_News.png,2026-06-20 19:14:47,USA,MIXED,,RIGHT-CENTER,Questionable Source,MIXED
Center for Advanced Defense Studies,https://c4ads.org,mediascopeAll/Center_for_Advanced_Defense_Studies.png,2026-06-03 18:37:24,USA,HIGH,1,LEFT-CENTER,,HIGH
Center for Democracy and Technology,https://cdt.org,mediascopeAll/Center_for_Democracy_and_Technology.png,2026-06-03 18:37:24,USA,HIGH,1,LEAST BIASED,,HIGH
Center for Freedom and Prosperity,https://freedomandprosperity.org,mediascopeAll/Center_for_Freedom_and_Prosperity.png,2026-06-08 17:27:26,USA,MIXED,,RIGHT,,MIXED
Center for Immigration Studies,http://www.trueactivist.com,mediascopeAll/Center_for_Immigration_Studies.png,2026-06-20 19:00:39,Germany,LOW,,EXTREME LEFT,Questionable Source,LOW
Center for Inquiry,https://centerforinquiry.org,mediascopeAll/Center_for_Inquiry.png,2026-06-03 18:37:46,USA,HIGH,1,LEFT-CENTER,,HIGH
Center for International Policy,https://internationalpolicy.org,mediascopeAll/Center_for_International_Policy.png,2026-06-03 18:37:47,USA,HIGH,1,LEFT-CENTER,,HIGH
Center for Law and Social Policy,https://clasp.org,mediascopeAll/Center_for_Law_and_Social_Policy.png,2026-06-03 18:38:03,USA,HIGH,1,LEFT,,HIGH
Center for Popular Democracy,https://populardemocracy.org,mediascopeAll/Center_for_Popular_Democracy.png,2026-06-03 18:41:26,USA,HIGH,1,LEFT-CENTER,,HIGH
Center for Strategic and International studies,https://csis.org,mediascopeAll/Center_for_Strategic_and_International_studies.png,2026-06-03 18:38:36,USA,VERY HIGH,1,LEAST BIASED,,HIGH
Center for Union Facts,https://unionfacts.com,mediascopeAll/Center_for_Union_Facts.png,2026-06-08 17:28:11,USA,MIXED,,RIGHT,,MIXED
Center for a New American Security,https://cnas.org,mediascopeAll/Center_for_a_New_American_Security.png,2026-06-03 18:38:24,USA,HIGH,1,LEFT-CENTER,,HIGH
Center for a Stateless Society,https://c4ss.org,mediascopeAll/Center_for_a_Stateless_Society.png,2026-06-08 17:29:08,USA,MOSTLY FACTUAL,,LEFT,,HIGH
Center on Budget and Policy Priorities,https://cbpp.org,mediascopeAll/Center_on_Budget_and_Policy_Priorities.png,2026-06-03 18:38:53,USA,HIGH,1,LEFT-CENTER,,HIGH
Central Broward News,http://centralbrowardnews.com,mediascopeAll/Central_Broward_News.png,2026-06-20 20:48:17,USA,MIXED,,RIGHT-CENTER,Questionable Source,MIXED
Central Colorado News,http://centralcoloradonews.com,mediascopeAll/Central_Colorado_News.png,2026-06-20 19:46:48,USA,MIXED,,RIGHT-CENTER,Questionable Source,MIXED
Central Georgia News,http://centralgeorgianews.com,mediascopeAll/Central_Georgia_News.png,2026-06-20 21:00:48,USA,MIXED,,RIGHT-CENTER,Questionable Source,MIXED
Central Iowa Times,http://centraliowatimes.com,mediascopeAll/Central_Iowa_Times.png,2026-06-20 22:31:05,USA,MIXED,,RIGHT-CENTER,Questionable Source,MIXED
Central Kentucky News-Journal,https://pmg-ky2.com/cknj/,mediascopeAll/Central_Kentucky_News-Journal.png,2026-06-03 18:40:09,USA,HIGH,1,RIGHT-CENTER,,HIGH
Central Louisiana News,https://centrallouisiananews.com,mediascopeAll/Central_Louisiana_News.png,2026-06-08 17:30:40,USA,MIXED,,RIGHT-CENTER,,MIXED
Central Missouri News,http://centralmissourinews.com,mediascopeAll/Central_Missouri_News.png,2026-06-20 22:17:32,USA,MIXED,,RIGHT-CENTER,Questionable Source,MIXED
Central Montana Times,http://centralmontanatimes.com,mediascopeAll/Central_Montana_Times.png,2026-06-20 19:10:19,USA,MIXED,,RIGHT-CENTER,Questionable Source,MIXED
Central ND News,http://centralndnews.com,mediascopeAll/Central_ND_News.png,2026-06-20 19:43:44,USA,MIXED,,RIGHT-CENTER,Questionable Source,MIXED
Central OC Times,http://centraloctimes.com,mediascopeAll/Central_OC_Times.png,2026-06-20 21:11:59,USA,MIXED,,RIGHT-CENTER,Questionable Source,MIXED
Central Ohio Today,http://centralohiotoday.com,mediascopeAll/Central_Ohio_Today.png,2026-06-20 21:07:40,USA,MIXED,,RIGHT-CENTER,Questionable Source,MIXED
Central Oregon Times,https://centraloregontimes.com,mediascopeAll/Central_Oregon_Times.png,2026-06-08 17:31:50,USA,MIXED,,RIGHT-CENTER,,MIXED
Central STL News,http://centralstlnews.com,mediascopeAll/Central_STL_News.png,2026-06-20 20:17:07,USA,MIXED,,RIGHT-CENTER,Questionable Source,MIXED
Chalkbeat,https://chalkbeat.org,mediascopeAll/Chalkbeat.png,2026-06-03 18:39:39,USA,HIGH,1,LEFT-CENTER,,HIGH
Chambersburg Public Opinion,https://publicopiniononline.com,mediascopeAll/Chambersburg_Public_Opinion.png,2026-06-03 18:40:01,USA,HIGH,1,LEFT-CENTER,,HIGH
Champaign News-Gazette,https://news-gazette.com,mediascopeAll/Champaign_News-Gazette.png,2026-06-03 18:40:28,USA,HIGH,1,RIGHT-CENTER,,HIGH
Channel 4 News,https://www.channel4.com/news/,mediascopeAll/Channel_4_News.png,2026-06-03 18:40:19,,HIGH,1,LEFT-CENTER,,HIGH
Chapel Hill Review,http://chapelhillreview.com,mediascopeAll/Chapel_Hill_Review.png,2026-06-20 20:25:34,USA,MIXED,,RIGHT-CENTER,Questionable Source,MIXED
Charisma News,https://charismanews.com,mediascopeAll/Charisma_News.png,2026-06-08 17:32:27,USA,MIXED,,RIGHT,,MIXED
Charity Navigator,https://charitynavigator.org,mediascopeAll/Charity_Navigator.png,2026-06-03 18:40:36,USA,HIGH,1,LEAST BIASED,,HIGH
Chatham Daily News,https://chathamdailynews.ca,mediascopeAll/Chatham_Daily_News.png,2026-06-03 18:41:01,,HIGH,1,RIGHT-CENTER,,HIGH
Cherokee Tribune,https://tribuneledgernews.com,mediascopeAll/Cherokee_Tribune.png,2026-06-03 18:41:34,,HIGH,1,LEAST BIASED,,HIGH
Chicago City Wire,http://chicagocitywire.com,mediascopeAll/Chicago_City_Wire.png,2026-06-20 21:47:05,USA,MIXED,,RIGHT-CENTER,Questionable Source,MIXED
Chicago Reader,https://chicagoreader.com,mediascopeAll/Chicago_Reader.png,2026-06-03 18:41:28,USA,HIGH,1,LEFT,,HIGH
Chicago Tribune,https://chicagotribune.com,mediascopeAll/Chicago_Tribune.png,2026-06-03 18:42:45,USA,HIGH,1,RIGHT-CENTER,,HIGH
Chichester Observer,https://sussexexpress.co.uk/your-sussex/west-sussex/chichester,mediascopeAll/Chichester_Observer.png,2026-06-03 18:42:38,,HIGH,1,LEAST BIASED,,HIGH
Chicks on the Right,https://chicksonright.com,mediascopeAll/Chicks_on_the_Right.png,2026-06-08 17:32:47,USA,MIXED,,RIGHT,,MIXED
Chico Times,http://chicotimes.com,mediascopeAll/Chico_Times.png,2026-06-20 20:39:22,USA,MIXED,,RIGHT-CENTER,Questionable Source,MIXED
Children's Health Defense,https://childrenshealthdefense.org,mediascopeAll/Children_s_Health_Defense.png,2026-06-03 18:42:16,USA,LOW,0,RIGHT,,LOW
Chillicothe Gazette,https://chillicothegazette.com,mediascopeAll/Chillicothe_Gazette.png,2026-06-03 18:42:56,USA,HIGH,1,LEFT-CENTER,,HIGH
Chinook Observer,https://chinookobserver.com,mediascopeAll/Chinook_Observer.png,2026-06-03 18:43:16,USA,HIGH,1,LEAST BIASED,,HIGH
Christian Broadcasting Network,https://www2.cbn.com/news,mediascopeAll/Christian_Broadcasting_Network.png,2026-06-08 17:33:37,USA,MIXED,,RIGHT,,MIXED
Christian Coalition of America,https://cc.org,mediascopeAll/Christian_Coalition_of_America.png,2026-06-08 17:33:42,USA,MIXED,,RIGHT,,MIXED
Christian Science Monitor,https://csmonitor.com,mediascopeAll/Christian_Science_Monitor.png,2026-06-03 18:43:06,USA,HIGH,1,LEAST BIASED,,HIGH
Christian Science,https://christianscience.com,mediascopeAll/Christian_Science.png,2026-06-03 18:43:12,USA,LOW,0,RIGHT,,LOW
Christian Today,https://christiantoday.com,mediascopeAll/Christian_Today.png,2026-06-08 17:34:59,,MIXED,,RIGHT,,MIXED
Christian Truth Center,https://christiantruthcenter.com,mediascopeAll/Christian_Truth_Center.png,2026-06-03 18:43:11,,VERY LOW,0,RIGHT,,LOW
Christianity Today,https://christianitytoday.com,mediascopeAll/Christianity_Today.png,2026-06-03 18:59:28,USA,HIGH,1,RIGHT-CENTER,,HIGH
Cincinnati Enquirer,https://cincinnati.com,mediascopeAll/Cincinnati_Enquirer.png,2026-06-03 19:03:02,USA,HIGH,1,LEAST BIASED,,HIGH
Cincy Reporter,http://cincyreporter.com,mediascopeAll/Cincy_Reporter.png,2026-06-20 21:05:45,USA,MIXED,,RIGHT-CENTER,Questionable Source,MIXED
Citizen Free Press,https://citizenfreepress.com,mediascopeAll/Citizen_Free_Press.png,2026-06-08 17:35:19,USA,MIXED,,RIGHT,,MIXED
CitizenGo,http://citizengo.org,mediascopeAll/CitizenGo.png,2026-06-20 19:00:53,Spain,LOW,,EXTREME RIGHT,Questionable Source,LOW
Citizens United,https://citizensunited.org,mediascopeAll/Citizens_United.png,2026-06-08 17:35:42,USA,MIXED,,RIGHT,,MIXED
Citizens for Legitimate Government,https://legitgov.org,mediascopeAll/Citizens_for_Legitimate_Government.png,2026-06-08 17:35:53,USA,MIXED,,RIGHT,,MIXED
Citizens for Responsibility and Ethics in Washington,https://CREW.org,mediascopeAll/Citizens_for_Responsibility_and_Ethics_in_Washington.png,2026-06-08 17:36:09,USA,MOSTLY FACTUAL,,LEFT-CENTER,,HIGH
Citizens for Tax Justice,https://ctj.org,mediascopeAll/Citizens_for_Tax_Justice.png,2026-06-08 17:36:13,USA,MOSTLY FACTUAL,,LEFT-CENTER,,HIGH
Civiqs,https://civiqs.com,mediascopeAll/Civiqs.png,2026-06-03 19:03:00,USA,MOSTLY FACTUAL,1,LEFT,,HIGH
Clarity Campaign Labs,https://claritycampaigns.com,mediascopeAll/Clarity_Campaign_Labs.png,2026-06-08 17:36:25,USA,MOSTLY FACTUAL,,LEFT-CENTER,,HIGH
Clarksville Leaf Chronicle,https://theleafchronicle.com,mediascopeAll/Clarksville_Leaf_Chronicle.png,2026-06-03 19:09:13,USA,HIGH,1,LEFT-CENTER,,HIGH
Clay County Times,http://claycotimes.com,mediascopeAll/Clay_County_Times.png,2026-06-20 22:00:38,USA,MIXED,,RIGHT-CENTER,Questionable Source,MIXED
Cleburne Times Review,https://cleburnetimesreview.com,mediascopeAll/Cleburne_Times_Review.png,2026-06-03 23:14:03,USA,HIGH,1,LEFT-CENTER,,HIGH
Clermont Times,http://clermonttimes.com,mediascopeAll/Clermont_Times.png,2026-06-20 19:31:43,USA,MIXED,,RIGHT-CENTER,Questionable Source,MIXED
Cleveland Reporter,http://Clevelandreporter.com,mediascopeAll/Cleveland_Reporter.png,2026-06-20 20:28:14,USA,MIXED,,RIGHT-CENTER,Questionable Source,MIXED
Clima Fund,https://climasolutions.org,mediascopeAll/Clima_Fund.png,2026-06-08 17:37:15,USA,MOSTLY FACTUAL,,LEFT,,HIGH
Climate Depot,https://climatedepot.com,mediascopeAll/Climate_Depot.png,2026-06-08 17:37:26,USA,MIXED,,RIGHT,,MIXED
Climate Justice Alliance,https://climatejusticealliance.org,mediascopeAll/Climate_Justice_Alliance.png,2026-06-03 19:09:48,USA,HIGH,1,LEFT,,HIGH
ClimateScienceNews,https://climatesciencenews.com,mediascopeAll/ClimateScienceNews.png,2026-06-03 19:09:43,USA,VERY LOW,0,RIGHT,,LOW
Clover Chronicle,https://cloverchronicle.com,mediascopeAll/Clover_Chronicle.png,2026-06-03 19:09:54,,LOW,0,EXTREME RIGHT,,LOW
Coachella Today,http://coachellatoday.com,mediascopeAll/Coachella_Today.png,2026-06-20 20:43:27,USA,MIXED,,RIGHT-CENTER,Questionable Source,MIXED
Coastal GA News,http://coastalganews.com,mediascopeAll/Coastal_GA_News.png,2026-06-20 20:27:02,USA,MIXED,,RIGHT-CENTER,Questionable Source,MIXED
Cochrane Times-Post,https://cochranetimespost.ca,mediascopeAll/Cochrane_Times-Post.png,2026-06-03 19:10:27,,HIGH,1,RIGHT-CENTER,,HIGH
Colombia Reports,https://colombiareports.com,mediascopeAll/Colombia_Reports.png,2026-06-08 17:38:27,,MIXED,,LEFT-CENTER,,MIXED
Columbia Daily Herald,https://columbiadailyherald.com,mediascopeAll/Columbia_Daily_Herald.png,2026-06-03 19:11:24,USA,HIGH,1,LEFT-CENTER,,HIGH
Columbus Dispatch,https://dispatch.com,mediascopeAll/Columbus_Dispatch.png,2026-06-03 19:12:12,USA,HIGH,1,LEFT-CENTER,,HIGH
Columbus Free Press,https://columbusfreepress.com,mediascopeAll/Columbus_Free_Press.png,2026-06-08 17:38:41,USA,MIXED,,LEFT,,MIXED
Columbus Standard,http://columbusstandard.com,mediascopeAll/Columbus_Standard.png,2026-06-20 22:04:23,USA,MIXED,,RIGHT-CENTER,Questionable Source,MIXED
Committee for a Responsible Federal Budget,https://crfb.org,mediascopeAll/Committee_for_a_Responsible_Federal_Budget.png,2026-06-03 19:11:19,USA,HIGH,1,RIGHT-CENTER,,HIGH
Committee to Investigate Russia,https://investigaterussia.org,mediascopeAll/Committee_to_Investigate_Russia.png,2026-06-03 19:11:32,USA,HIGH,1,LEFT-CENTER,,HIGH
Committee to Protect Journalists,https://cpj.org,mediascopeAll/Committee_to_Protect_Journalists.png,2026-06-03 19:11:39,USA,HIGH,1,LEAST BIASED,,HIGH
Common Cause,https://commoncause.org,mediascopeAll/Common_Cause.png,2026-06-03 19:11:50,USA,HIGH,1,LEFT-CENTER,,HIGH
Common Dreams,https://commondreams.org,mediascopeAll/Common_Dreams.png,2026-06-03 19:13:22,USA,HIGH,1,LEFT,,HIGH
CommonWealth Beacon,https://commonwealthbeacon.org,mediascopeAll/CommonWealth_Beacon.png,2026-06-03 19:11:59,USA,HIGH,1,LEFT,,HIGH
CommonWealth fund,https://commonwealthfund.org,mediascopeAll/CommonWealth_fund.png,2026-06-03 19:12:26,USA,HIGH,1,LEFT-CENTER,,HIGH
Commonweal Magazine,https://commonwealmagazine.org,mediascopeAll/Commonweal_Magazine.png,2026-06-03 19:12:28,USA,HIGH,1,LEFT-CENTER,,HIGH
Communist Party USA,https://cpusa.org,mediascopeAll/Communist_Party_USA.png,2026-06-08 17:39:50,USA,MIXED,,LEFT,,MIXED
Compact Magazine,https://compactmag.com,mediascopeAll/Compact_Magazine.png,2026-06-08 17:40:06,USA,MOSTLY FACTUAL,,RIGHT-CENTER,,HIGH
Connecticut Business Daily,http://businessdailynetwork.com/states/ct,mediascopeAll/Connecticut_Business_Daily.png,2026-06-20 22:24:14,USA,MIXED,,RIGHT-CENTER,Questionable Source,MIXED
Connecticut Centinal,https://connecticutcentinal.com,mediascopeAll/Connecticut_Centinal.png,2026-06-03 22:21:02,USA,LOW,0,EXTREME RIGHT,,LOW
Connecticut Star,http://theconnecticutstar.com,mediascopeAll/Connecticut_Star.png,2026-06-20 19:29:55,USA,MIXED,,RIGHT,Questionable Source,MIXED
Conscious Life News,https://consciouslifenews.com,mediascopeAll/Conscious_Life_News.png,2026-06-08 17:42:09,USA,MIXED,,LEFT,,MIXED
Conservative Daily News,http://www.conservativedailynews.com,mediascopeAll/Conservative_Daily_News.png,2026-06-20 22:12:42,USA,MIXED,,EXTREME RIGHT,Questionable Source,MIXED
Conservative Fighters,http://cf.org,mediascopeAll/Conservative_Fighters.png,2026-06-20 19:49:01,USA,MIXED,,RIGHT,Questionable Source,MIXED
Conservative Free Press,http://www.conservativefreepress.com,mediascopeAll/Conservative_Free_Press.png,2026-06-20 20:12:29,USA,LOW,,EXTREME RIGHT,Questionable Source,LOW
Conspiracy Daily Update,https://conspiracydailyupdate.com,mediascopeAll/Conspiracy_Daily_Update.png,2026-06-03 19:13:47,,VERY LOW,0,RIGHT,,LOW
Constitution Daily,https://constitutioncenter.org,mediascopeAll/Constitution_Daily.png,2026-06-03 19:14:09,USA,HIGH,1,LEAST BIASED,,HIGH
Constitution State News,http://constitutionstatenews.com,mediascopeAll/Constitution_State_News.png,2026-06-20 22:30:06,USA,MIXED,,RIGHT-CENTER,Questionable Source,MIXED
Consumer Reports,https://consumerreports.org,mediascopeAll/Consumer_Reports.png,2026-06-03 19:14:15,USA,HIGH,1,LEAST BIASED,,HIGH
Cornhusker State News,http://cornhuskerstatenews.com,mediascopeAll/Cornhusker_State_News.png,2026-06-20 19:13:12,USA,MIXED,,RIGHT-CENTER,Questionable Source,MIXED
Cornwall Standard-Freeholder,https://standard-freeholder.com,mediascopeAll/Cornwall_Standard-Freeholder.png,2026-06-03 19:15:03,,HIGH,1,RIGHT-CENTER,,HIGH
Corpus Christi Caller-Times,https://caller.com,mediascopeAll/Corpus_Christi_Caller-Times.png,2026-06-03 19:15:50,USA,HIGH,1,LEFT-CENTER,,HIGH
Coshocton Tribune,https://coshoctontribune.com,mediascopeAll/Coshocton_Tribune.png,2026-06-03 19:15:53,USA,HIGH,1,LEFT-CENTER,,HIGH
Cosmopolitan,https://cosmopolitan.com,mediascopeAll/Cosmopolitan.png,2026-06-08 17:47:03,USA,MIXED,,LEFT,,MIXED
Council on Foreign Relations,https://cfr.org,mediascopeAll/Council_on_Foreign_Relations.png,2026-06-03 19:15:40,USA,HIGH,1,LEAST BIASED,,HIGH
CounterPunch,https://counterpunch.org,mediascopeAll/CounterPunch.png,2026-06-08 17:47:53,USA,MOSTLY FACTUAL,,LEFT,,HIGH
CounterVortex,https://countervortex.org,mediascopeAll/CounterVortex.png,2026-06-08 17:48:11,USA,MIXED,,LEFT,,MIXED
Courthouse News Service,https://courthousenews.com,mediascopeAll/Courthouse_News_Service.png,2026-06-03 19:15:24,USA,HIGH,1,LEAST BIASED,,HIGH
Covid Call to Humanity,https://covidcalltohumanity.org,mediascopeAll/Covid_Call_to_Humanity.png,2026-06-03 19:15:53,,VERY LOW,0,RIGHT,,LOW
Crains Detroit,https://crainsdetroit.com,mediascopeAll/Crains_Detroit.png,2026-06-03 19:16:48,USA,HIGH,1,LEAST BIASED,,HIGH
Cranbrook Townsman,https://cranbrooktownsman.com,mediascopeAll/Cranbrook_Townsman.png,2026-06-03 19:16:05,,HIGH,1,LEFT-CENTER,,HIGH
Creative Destruction Media - CD Media,https://creativedestructionmedia.com,mediascopeAll/Creative_Destruction_Media_-_CD_Media.png,2026-06-03 19:17:12,USA,LOW,0,EXTREME RIGHT,Questionable Source,LOW
Creston Valley Advance,https://crestonvalleyadvance.ca,mediascopeAll/Creston_Valley_Advance.png,2026-06-03 19:16:39,,HIGH,1,LEFT-CENTER,,HIGH
Crime Prevention Research Center,https://crimeresearch.org,mediascopeAll/Crime_Prevention_Research_Center.png,2026-06-08 17:49:07,USA,MIXED,,RIGHT,,MIXED
CrimethInc,https://crimethinc.com,mediascopeAll/CrimethInc.png,2026-06-03 19:16:52,USA,HIGH,1,LEFT,,HIGH
Crisis Magazine,https://crisismagazine.com,mediascopeAll/Crisis_Magazine.png,2026-06-08 17:49:14,USA,MIXED,,RIGHT,,MIXED
Cronkite News,https://cronkitenews.azpbs.org,mediascopeAll/Cronkite_News.png,2026-06-03 19:16:56,USA,HIGH,1,LEFT-CENTER,,HIGH
Crooked Media,https://crooked.com,mediascopeAll/Crooked_Media.png,2026-06-08 17:49:27,USA,MOSTLY FACTUAL,,LEFT,,HIGH
Crooks and Liars,https://crooksandliars.com,mediascopeAll/Crooks_and_Liars.png,2026-06-08 17:49:42,USA,MOSTLY FACTUAL,,LEFT,,HIGH
Culture Wars Magazine,https://culturewars.com,mediascopeAll/Culture_Wars_Magazine.png,2026-06-03 19:17:31,USA,LOW,0,RIGHT,,LOW
Cumberland News & Star,https://newsandstar.co.uk,mediascopeAll/Cumberland_News_Star.png,2026-06-03 19:18:32,,HIGH,1,LEAST BIASED,,HIGH
Current Affairs,https://currentaffairs.org,mediascopeAll/Current_Affairs.png,2026-06-03 19:17:41,USA,HIGH,1,LEFT,,HIGH
Current Science Daily,http://currentsciencedaily.com,mediascopeAll/Current_Science_Daily.png,2026-06-20 19:56:05,USA,MIXED,,RIGHT-CENTER,Questionable Source,MIXED
Curve Magazine,https://curvemag.com,mediascopeAll/Curve_Magazine.png,2026-06-03 19:18:09,USA,HIGH,1,LEFT,,HIGH
CyberWar.News,https://cyberwar.news,mediascopeAll/CyberWar.News.png,2026-06-03 19:18:11,USA,VERY LOW,0,RIGHT,,LOW
Cyberscoop,https://cyberscoop.com,mediascopeAll/Cyberscoop.png,2026-06-03 19:18:22,,HIGH,1,LEAST BIASED,,HIGH
CybersecurityDive,https://cybersecuritydive.com,mediascopeAll/CybersecurityDive.png,2026-06-03 19:18:44,USA,HIGH,1,LEAST BIASED,,HIGH
DCReport.org,https://dcreport.org,mediascopeAll/DCReport.org.png,2026-06-03 19:18:50,USA,HIGH,1,LEFT-CENTER,,HIGH
DEIDetected,https://deidetected.com,mediascopeAll/DEIDetected.png,2026-06-08 17:50:48,,MIXED,,RIGHT,,MIXED
DHM Research,https://dhmresearch.com,mediascopeAll/DHM_Research.png,2026-06-03 19:18:58,USA,MOSTLY FACTUAL,1,LEAST BIASED,,HIGH
Daily Beast,https://thedailybeast.com,mediascopeAll/Daily_Beast.png,2026-06-08 17:50:59,USA,MIXED,,LEFT,,MIXED
Daily Business Review,https://law.com/dailybusinessreview,mediascopeAll/Daily_Business_Review.png,2026-06-03 19:19:49,USA,HIGH,1,LEAST BIASED,,HIGH
Daily Camera,https://dailycamera.com,mediascopeAll/Daily_Camera.png,2026-06-03 22:22:27,USA,HIGH,1,LEAST BIASED,,HIGH
Daily Express,https://express.co.uk,mediascopeAll/Daily_Express.png,2026-06-08 17:52:01,,MIXED,,RIGHT,,MIXED
Daily Hampshire Gazette,https://gazettenet.com,mediascopeAll/Daily_Hampshire_Gazette.png,2026-06-03 19:19:10,USA,HIGH,1,LEFT-CENTER,,HIGH
Daily Headlines,http://dailyheadlines.net,mediascopeAll/Daily_Headlines.png,2026-06-20 19:02:00,Unknown,LOW,,EXTREME RIGHT,Questionable Source,LOW
Daily Jeffersonian,https://daily-jeff.com,mediascopeAll/Daily_Jeffersonian.png,2026-06-03 23:15:19,USA,HIGH,1,LEFT-CENTER,,HIGH
Daily Journal,https://dailyjournalonline.com,mediascopeAll/Daily_Journal.png,2026-06-03 19:20:14,USA,HIGH,1,LEAST BIASED,,HIGH
Daily Maverick,https://dailymaverick.co.za,mediascopeAll/Daily_Maverick.png,2026-06-08 17:53:26,,MOSTLY FACTUAL,,LEAST BIASED,,HIGH
Daily Mirror,https://mirror.co.uk,mediascopeAll/Daily_Mirror.png,2026-06-08 17:54:17,,MIXED,,LEFT-CENTER,,MIXED
Daily Nation,https://nation.africa,mediascopeAll/Daily_Nation.png,2026-06-08 17:54:27,,MIXED,,LEFT-CENTER,,MIXED
Daily Nonpareil,https://nonpareilonline.com,mediascopeAll/Daily_Nonpareil.png,2026-06-03 19:21:15,USA,HIGH,1,LEAST BIASED,,HIGH
Daily Post Nigeria,https://dailypost.ng,mediascopeAll/Daily_Post_Nigeria.png,2026-06-08 17:54:42,,MOSTLY FACTUAL,,LEAST BIASED,,HIGH
Daily Presser,http://dailypresser.com,mediascopeAll/Daily_Presser.png,2026-06-20 20:32:14,USA,LOW,,EXTREME RIGHT,Questionable Source,LOW
Daily Record,https://www.dailyrecord.co.uk,mediascopeAll/Daily_Record.png,2026-06-08 17:55:06,,MOSTLY FACTUAL,,LEFT,,HIGH
Daily Star UK,http://www.dailystar.co.uk,mediascopeAll/Daily_Star_UK.png,2026-06-20 19:10:31,United Kingdom,MIXED,,RIGHT-CENTER,Questionable Source,MIXED
Daily Trust,https://dailytrust.com,mediascopeAll/Daily_Trust.png,2026-06-08 17:56:41,,MOSTLY FACTUAL,,LEFT-CENTER,,HIGH
Dallas Voice,https://dallasvoice.com,mediascopeAll/Dallas_Voice.png,2026-06-03 19:21:25,USA,HIGH,1,LEFT,,HIGH
Dame Magazine,https://damemagazine.com,mediascopeAll/Dame_Magazine.png,2026-06-03 19:22:10,USA,HIGH,1,LEFT,,HIGH
Data for Progress,https://dataforprogress.org,mediascopeAll/Data_for_Progress.png,2026-06-03 19:22:02,USA,MOSTLY FACTUAL,1,LEFT-CENTER,,HIGH
Dayton Daily News,https://daytondailynews.com,mediascopeAll/Dayton_Daily_News.png,2026-06-03 19:23:17,USA,HIGH,1,LEAST BIASED,,HIGH
Dayton Reporter,http://daytonreporter.com,mediascopeAll/Dayton_Reporter.png,2026-06-20 19:33:51,USA,MIXED,,RIGHT-CENTER,Questionable Source,MIXED
DeKalb Times,http://dekalbtimes.com,mediascopeAll/DeKalb_Times.png,2026-06-20 21:39:52,USA,MIXED,,RIGHT-CENTER,Questionable Source,MIXED
DeSmog,https://desmog.com,mediascopeAll/DeSmog.png,2026-06-03 19:22:21,,HIGH,1,LEFT,,HIGH
Deadline Hollywood,https://deadline.com,mediascopeAll/Deadline_Hollywood.png,2026-06-03 19:23:23,USA,HIGH,1,LEFT-CENTER,,HIGH
Deadspin,https://deadspin.com,mediascopeAll/Deadspin.png,2026-06-03 19:23:31,USA,HIGH,1,LEFT,,HIGH
Death Penalty Information Center,https://deathpenaltyinfo.org,mediascopeAll/Death_Penalty_Information_Center.png,2026-06-03 19:23:07,USA,HIGH,1,LEFT-CENTER,,HIGH
Debunking Denialism,https://debunkingdenialism.com,mediascopeAll/Debunking_Denialism.png,2026-06-03 19:23:13,,HIGH,1,LEFT-CENTER,,HIGH
Decatur Times,http://decaturtimes.com,mediascopeAll/Decatur_Times.png,2026-06-20 20:41:59,USA,MIXED,,RIGHT-CENTER,Questionable Source,MIXED
Deccan Chronicle,https://deccanchronicle.com,mediascopeAll/Deccan_Chronicle.png,2026-06-08 17:59:11,,MOSTLY FACTUAL,,RIGHT-CENTER,,HIGH
Deccan Herald,https://deccanherald.com,mediascopeAll/Deccan_Herald.png,2026-06-08 17:59:44,,MIXED,,LEFT-CENTER,,MIXED
Defense News,https://defensenews.com,mediascopeAll/Defense_News.png,2026-06-03 19:23:54,USA,HIGH,1,LEAST BIASED,,HIGH
DefenseScoop,https://defensescoop.com,mediascopeAll/DefenseScoop.png,2026-06-03 19:24:03,USA,HIGH,1,LEAST BIASED,,HIGH
Delaware Business Daily,http://businessdailynetwork.com/states/de,mediascopeAll/Delaware_Business_Daily.png,2026-06-20 20:58:20,USA,MIXED,,RIGHT-CENTER,Questionable Source,MIXED
Delaware County Review,http://delcoreview.com,mediascopeAll/Delaware_County_Review.png,2026-06-20 21:02:26,USA,MIXED,,RIGHT-CENTER,Questionable Source,MIXED
Delfi,https://delfi.lt,mediascopeAll/Delfi.png,2026-06-08 18:01:53,,MOSTLY FACTUAL,,RIGHT-CENTER,,HIGH
Democracy 21,https://democracy21.org,mediascopeAll/Democracy_21.png,2026-06-03 19:24:27,USA,HIGH,1,LEFT-CENTER,,HIGH
Democracy Chronicles,https://democracychronicles.org,mediascopeAll/Democracy_Chronicles.png,2026-06-08 18:02:03,USA,MOSTLY FACTUAL,,LEFT,,HIGH
Democracy Docket,https://democracydocket.com,mediascopeAll/Democracy_Docket.png,2026-06-03 19:25:20,USA,HIGH,1,LEFT,,HIGH
Democracy Now,https://democracynow.org,mediascopeAll/Democracy_Now.png,2026-06-03 19:25:33,USA,HIGH,1,LEFT,,HIGH
Denton Record-Chronicle,https://dentonrc.com,mediascopeAll/Denton_Record-Chronicle.png,2026-06-03 19:26:20,USA,HIGH,1,LEAST BIASED,,HIGH
Denver City Wire,http://denvercitywire.com,mediascopeAll/Denver_City_Wire.png,2026-06-20 20:59:03,USA,MIXED,,RIGHT-CENTER,Questionable Source,MIXED
Denver Post,https://denverpost.com,mediascopeAll/Denver_Post.png,2026-06-03 19:26:51,USA,HIGH,1,LEFT-CENTER,,HIGH
Denver Westword,https://westword.com,mediascopeAll/Denver_Westword.png,2026-06-04 00:15:55,USA,HIGH,1,LEFT-CENTER,,HIGH
Desert Sun,https://desertsun.com,mediascopeAll/Desert_Sun.png,2026-06-03 19:28:15,USA,HIGH,1,RIGHT-CENTER,,HIGH
Detroit City Wire,http://detroitcitywire.com,mediascopeAll/Detroit_City_Wire.png,2026-06-20 21:57:37,USA,MIXED,,RIGHT-CENTER,Questionable Source,MIXED
Detroit Free Press,https://freep.com,mediascopeAll/Detroit_Free_Press.png,2026-06-03 19:28:45,USA,HIGH,1,LEFT-CENTER,,HIGH
Detroit Metro Times,https://metrotimes.com,mediascopeAll/Detroit_Metro_Times.png,2026-06-03 19:28:14,USA,HIGH,1,LEFT,,HIGH
Detroit News,https://detroitnews.com,mediascopeAll/Detroit_News.png,2026-06-03 19:29:07,USA,HIGH,1,RIGHT-CENTER,,HIGH
Deutschland.de,https://deutschland.de,mediascopeAll/Deutschland.de.png,2026-06-08 18:04:00,,MOSTLY FACTUAL,,RIGHT-CENTER,,HIGH
Digital Journal,https://digitaljournal.com,mediascopeAll/Digital_Journal.png,2026-06-03 19:28:24,,HIGH,1,LEAST BIASED,,HIGH
Digital Research,https://digitalresearch.com,mediascopeAll/Digital_Research.png,2026-06-08 18:04:48,,MIXED,,LEAST BIASED,,MIXED
Diply,https://diply.com,mediascopeAll/Diply.png,2026-06-08 18:05:06,,MIXED,,LEFT-CENTER,,MIXED
Discern Report,http://discernreport.com,mediascopeAll/Discern_Report.png,2026-06-20 19:48:47,USA,LOW,,RIGHT,Questionable Source,LOW
Disclose TV,http://www.disclose.tv,mediascopeAll/Disclose_TV.png,2026-06-20 22:26:48,Germany,MIXED,,RIGHT,Questionable Source,MIXED
Discoveries.News,https://discoveries.news,mediascopeAll/Discoveries.News.png,2026-06-03 23:46:25,USA,VERY LOW,0,RIGHT,,LOW
Distractify,https://distractify.com,mediascopeAll/Distractify.png,2026-06-08 18:05:42,USA,MIXED,,LEFT-CENTER,,MIXED
Dollar Collapse,https://dollarcollapse.com,mediascopeAll/Dollar_Collapse.png,2026-06-08 18:06:27,USA,MIXED,,RIGHT,,MIXED
Double Down News,https://doubledown.news,mediascopeAll/Double_Down_News.png,2026-06-08 18:06:55,,MIXED,,LEFT,,MIXED
Doug Casey’s International Man,http://internationalman.com,mediascopeAll/Doug_Casey_s_International_Man.png,2026-06-20 20:06:53,USA,MIXED,,RIGHT,Questionable Source,MIXED
Down East Times,http://downeasttimes.com,mediascopeAll/Down_East_Times.png,2026-06-20 19:45:46,USA,MIXED,,RIGHT-CENTER,Questionable Source,MIXED
Down River Today,http://downrivertoday.com,mediascopeAll/Down_River_Today.png,2026-06-20 22:05:34,USA,MIXED,,RIGHT-CENTER,Questionable Source,MIXED
Drudge Report,https://drudgereport.com,mediascopeAll/Drudge_Report.png,2026-06-08 18:08:21,USA,MIXED,,RIGHT-CENTER,,MIXED
Drudge Retort,https://drudge.com,mediascopeAll/Drudge_Retort.png,2026-06-08 18:09:26,USA,MIXED,,LEFT,,MIXED
Dupage Policy Journal,http://dupagepolicyjournal.com,mediascopeAll/Dupage_Policy_Journal.png,2026-06-20 20:35:42,USA,MIXED,,RIGHT-CENTER,Questionable Source,MIXED
Durham Reporter,http://durhamreporter.com,mediascopeAll/Durham_Reporter.png,2026-06-20 21:34:42,USA,MIXED,,RIGHT-CENTER,Questionable Source,MIXED
Dutch Review,https://dutchreview.com,mediascopeAll/Dutch_Review.png,2026-06-08 18:10:31,,MOSTLY FACTUAL,,LEFT-CENTER,,HIGH
Duval Times,http://duvaltimes.com,mediascopeAll/Duval_Times.png,2026-06-20 19:49:55,USA,MIXED,,RIGHT-CENTER,Questionable Source,MIXED
E&E News,https://eenews.net,mediascopeAll/E_E_News.png,2026-06-03 19:30:02,USA,HIGH,1,LEFT-CENTER,,HIGH
EC Georgia News,http://ecgeorgianews.com,mediascopeAll/EC_Georgia_News.png,2026-06-20 19:18:46,USA,MIXED,,RIGHT-CENTER,Questionable Source,MIXED
EC Indiana News,http://ecindiananews.com,mediascopeAll/EC_Indiana_News.png,2026-06-20 19:55:32,USA,MIXED,,RIGHT-CENTER,Questionable Source,MIXED
EC Kansas News,http://eckansasnews.com,mediascopeAll/EC_Kansas_News.png,2026-06-20 21:59:48,USA,MIXED,,RIGHT-CENTER,Questionable Source,MIXED
EC Nebraska News,http://ecnebraskanews.com,mediascopeAll/EC_Nebraska_News.png,2026-06-20 21:22:33,USA,MIXED,,RIGHT-CENTER,Questionable Source,MIXED
EC North Carolina News,http://ecnorthcarolinanews.com,mediascopeAll/EC_North_Carolina_News.png,2026-06-20 22:06:58,USA,MIXED,,RIGHT-CENTER,Questionable Source,MIXED
EC Ohio News,http://ecohionews.com,mediascopeAll/EC_Ohio_News.png,2026-06-20 19:56:36,USA,MIXED,,RIGHT-CENTER,Questionable Source,MIXED
ECU Center for Survey Research,https://surveyresearch.ecu.edu,mediascopeAll/ECU_Center_for_Survey_Research.png,2026-06-03 19:30:21,USA,MOSTLY FACTUAL,1,LEFT-CENTER,,HIGH
ESG Dive,https://esgdive.com,mediascopeAll/ESG_Dive.png,2026-06-03 19:30:58,USA,HIGH,1,LEAST BIASED,,HIGH
Eagle Valley Times,http://eaglevalleytimes.com,mediascopeAll/Eagle_Valley_Times.png,2026-06-20 20:20:41,USA,MIXED,,RIGHT-CENTER,Questionable Source,MIXED
EarthJustice,https://earthjustice.org,mediascopeAll/EarthJustice.png,2026-06-03 19:30:47,USA,HIGH,1,LEFT-CENTER,,HIGH
East Arapahoe News,http://eastarapahoenews.com,mediascopeAll/East_Arapahoe_News.png,2026-06-20 20:51:13,USA,MIXED,,RIGHT-CENTER,Questionable Source,MIXED
East Arizona News,http://eastarizonanews.com,mediascopeAll/East_Arizona_News.png,2026-06-20 19:50:58,USA,MIXED,,RIGHT-CENTER,Questionable Source,MIXED
East Central Alabama News,http://ecalabamanews.com,mediascopeAll/East_Central_Alabama_News.png,2026-06-20 21:07:29,USA,MIXED,,RIGHT-CENTER,Questionable Source,MIXED
East Central Iowa News,https://eciowanews.com,mediascopeAll/East_Central_Iowa_News.png,2026-06-08 18:13:38,USA,MIXED,,RIGHT-CENTER,Questionable Source,MIXED
East Cleveland News,http://eastclevelandnews.com,mediascopeAll/East_Cleveland_News.png,2026-06-20 20:05:17,USA,MIXED,,RIGHT-CENTER,Questionable Source,MIXED
East Contra Costa News,http://eastcontracostanews.com,mediascopeAll/East_Contra_Costa_News.png,2026-06-20 19:02:48,USA,MIXED,,RIGHT-CENTER,Questionable Source,MIXED
East Hillsborough News,http://easthillsboroughnews.com,mediascopeAll/East_Hillsborough_News.png,2026-06-20 19:48:22,USA,MIXED,,RIGHT-CENTER,Questionable Source,MIXED
East Hudson Valley News,http://easthudvalleynews.com,mediascopeAll/East_Hudson_Valley_News.png,2026-06-20 21:42:30,USA,MIXED,,RIGHT-CENTER,Questionable Source,MIXED
East Idaho Times,http://eastidahotimes.com,mediascopeAll/East_Idaho_Times.png,2026-06-20 21:09:04,USA,MIXED,,RIGHT-CENTER,Questionable Source,MIXED
East Indy News,http://eastindynews.com,mediascopeAll/East_Indy_News.png,2026-06-20 20:42:17,USA,MIXED,,RIGHT-CENTER,Questionable Source,MIXED
East Kentucky Times,http://eastkentuckytimes.com,mediascopeAll/East_Kentucky_Times.png,2026-06-20 20:49:27,USA,MIXED,,RIGHT-CENTER,Questionable Source,MIXED
East Lake Norman News,http://eastlakenormannews.com,mediascopeAll/East_Lake_Norman_News.png,2026-06-20 20:58:50,USA,MIXED,,RIGHT-CENTER,Questionable Source,MIXED
East Little Rock Times,http://eastlittlerocktimes.com,mediascopeAll/East_Little_Rock_Times.png,2026-06-20 21:14:03,USA,MIXED,,RIGHT-CENTER,Questionable Source,MIXED
East Lothian Courier,https://eastlothiancourier.com,mediascopeAll/East_Lothian_Courier.png,2026-06-03 19:32:19,,HIGH,1,LEAST BIASED,,HIGH
East Louisville News,http://eastlouisvillenews.com,mediascopeAll/East_Louisville_News.png,2026-06-20 20:23:53,USA,MIXED,,RIGHT-CENTER,Questionable Source,MIXED
East Michigan News,http://eastmichigannews.com,mediascopeAll/East_Michigan_News.png,2026-06-20 19:52:01,USA,MIXED,,RIGHT-CENTER,Questionable Source,MIXED
East New Mexico News,http://eastnewmexiconews.com,mediascopeAll/East_New_Mexico_News.png,2026-06-20 21:41:47,USA,MIXED,,RIGHT-CENTER,Questionable Source,MIXED
East OKC News,http://eastokcnews.com,mediascopeAll/East_OKC_News.png,2026-06-20 21:12:46,USA,MIXED,,RIGHT-CENTER,Questionable Source,MIXED
East Oregon News,http://eastoregonnews.com,mediascopeAll/East_Oregon_News.png,2026-06-20 20:07:08,USA,MIXED,,RIGHT-CENTER,Questionable Source,MIXED
East PDX Today,http://eastpdxtoday.com,mediascopeAll/East_PDX_Today.png,2026-06-20 19:27:34,USA,MIXED,,RIGHT-CENTER,Questionable Source,MIXED
East Pennyroyal News,http://eastpennyroyalnews.com,mediascopeAll/East_Pennyroyal_News.png,2026-06-20 21:52:46,USA,MIXED,,RIGHT-CENTER,Questionable Source,MIXED
East SBV Times,http://eastsbvtimes.com,mediascopeAll/East_SBV_Times.png,2026-06-20 20:46:45,USA,MIXED,,RIGHT-CENTER,Questionable Source,MIXED
East SFV Today,http://eastsfvtoday.com,mediascopeAll/East_SFV_Today.png,2026-06-20 21:06:09,USA,MIXED,,RIGHT-CENTER,Questionable Source,MIXED
East Sierra News,http://eastsierranews.com,mediascopeAll/East_Sierra_News.png,2026-06-20 22:17:14,USA,MIXED,,RIGHT-CENTER,Questionable Source,MIXED
East Stark News,http://eaststarknews.com,mediascopeAll/East_Stark_News.png,2026-06-20 20:57:26,USA,MIXED,,RIGHT-CENTER,Questionable Source,MIXED
East Twin Cities,http://easttwincities.com,mediascopeAll/East_Twin_Cities.png,2026-06-20 20:59:27,USA,MIXED,,RIGHT-CENTER,Questionable Source,MIXED
East Volusia News,http://eastvolusianews.com,mediascopeAll/East_Volusia_News.png,2026-06-20 20:41:43,USA,MIXED,,RIGHT-CENTER,Questionable Source,MIXED
East-West Center,https://eastwestcenter.org,mediascopeAll/East-West_Center.png,2026-06-03 19:31:27,USA,HIGH,1,LEFT-CENTER,,HIGH
Eastern Wayne Today,http://easternwaynetoday.com,mediascopeAll/Eastern_Wayne_Today.png,2026-06-20 20:57:18,USA,MIXED,,RIGHT-CENTER,Questionable Source,MIXED
Easton Gazette,http://eastongazette.com,mediascopeAll/Easton_Gazette.png,2026-06-20 19:25:26,USA,LOW,,EXTREME RIGHT,Questionable Source,LOW
Echo Check,http://echocheck.org,mediascopeAll/Echo_Check.png,2026-06-20 20:47:01,USA,VERY LOW,,EXTREME RIGHT,Questionable Source,LOW
Eckville Echo,https://eckvilleecho.com,mediascopeAll/Eckville_Echo.png,2026-06-03 19:32:08,,HIGH,1,LEFT-CENTER,,HIGH
Ecology News,https://ecology.news,mediascopeAll/Ecology_News.png,2026-06-03 19:32:44,USA,VERY LOW,0,RIGHT,,LOW
Econofact,https://econofact.org,mediascopeAll/Econofact.png,2026-06-03 19:32:15,USA,HIGH,1,LEFT-CENTER,,HIGH
Economic Policy Institute,https://epi.org,mediascopeAll/Economic_Policy_Institute.png,2026-06-03 19:32:28,USA,HIGH,1,LEFT-CENTER,,HIGH
Economist Intelligence Unit,https://eiu.com,mediascopeAll/Economist_Intelligence_Unit.png,2026-06-03 19:35:55,,HIGH,1,LEAST BIASED,,HIGH
EdScoop,https://edscoop.com,mediascopeAll/EdScoop.png,2026-06-03 19:33:00,USA,HIGH,1,LEAST BIASED,,HIGH
Edmonton Journal,https://edmontonjournal.com,mediascopeAll/Edmonton_Journal.png,2026-06-03 19:33:43,,HIGH,1,RIGHT-CENTER,,HIGH
Edmonton Sun,https://edmontonsun.com,mediascopeAll/Edmonton_Sun.png,2026-06-03 19:34:04,,HIGH,1,RIGHT-CENTER,,HIGH
Education Next,https://educationnext.org,mediascopeAll/Education_Next.png,2026-06-08 18:19:21,USA,MOSTLY FACTUAL,,RIGHT-CENTER,,HIGH
Education Week,https://edweek.org,mediascopeAll/Education_Week.png,2026-06-03 19:34:17,USA,HIGH,1,LEFT-CENTER,,HIGH
Educators Technology,https://educatorstechnology.com,mediascopeAll/Educators_Technology.png,2026-06-03 19:34:03,,HIGH,1,LEFT-CENTER,,HIGH
Egberto Willies,https://egbertowillies.com,mediascopeAll/Egberto_Willies.png,2026-06-03 19:35:12,USA,HIGH,1,LEFT,,HIGH
El Nuevo Dia,https://elnuevodia.com,mediascopeAll/El_Nuevo_Dia.png,2026-06-03 19:35:14,,HIGH,1,LEAST BIASED,,HIGH
El Paso Times,https://elpasotimes.com,mediascopeAll/El_Paso_Times.png,2026-06-03 19:35:38,USA,HIGH,1,LEFT-CENTER,,HIGH
Electoral-Vote.com,https://electoral-vote.com,mediascopeAll/Electoral-Vote.com.png,2026-06-03 19:35:30,,HIGH,1,LEFT,,HIGH
Elite Daily,https://elitedaily.com,mediascopeAll/Elite_Daily.png,2026-06-08 18:19:44,USA,MIXED,,LEFT,,MIXED
Elizabeth City Daily Advance,https://dailyadvance.com,mediascopeAll/Elizabeth_City_Daily_Advance.png,2026-06-03 23:17:00,USA,HIGH,1,LEFT-CENTER,,HIGH
Elizabethtown Times,http://elizabethtowntimes.com,mediascopeAll/Elizabethtown_Times.png,2026-06-20 22:22:04,USA,MIXED,,RIGHT-CENTER,Questionable Source,MIXED
Elkhart Times,http://elkharttimes.com,mediascopeAll/Elkhart_Times.png,2026-06-20 21:52:29,USA,MIXED,,RIGHT-CENTER,Questionable Source,MIXED
Elliot Lake Standard,https://elliotlakestandard.ca,mediascopeAll/Elliot_Lake_Standard.png,2026-06-03 19:36:10,,HIGH,1,RIGHT-CENTER,,HIGH
Eluxe Magazine,https://eluxemagazine.com,mediascopeAll/Eluxe_Magazine.png,2026-06-08 18:20:41,,MIXED,,LEFT,,MIXED
Emerald Coast Times,http://emeraldcoasttimes.com,mediascopeAll/Emerald_Coast_Times.png,2026-06-20 22:11:34,USA,MIXED,,RIGHT-CENTER,Questionable Source,MIXED
Emerging Europe,https://emerging-europe.com,mediascopeAll/Emerging_Europe.png,2026-06-08 18:21:54,,MOSTLY FACTUAL,,LEFT-CENTER,,HIGH
Empire State Today,http://empirestatetoday.com,mediascopeAll/Empire_State_Today.png,2026-06-20 19:40:41,USA,MIXED,,RIGHT-CENTER,Questionable Source,MIXED
Empty Wheel,https://emptywheel.net,mediascopeAll/Empty_Wheel.png,2026-06-03 19:36:10,USA,HIGH,1,LEFT-CENTER,,HIGH
Encyclopedia Britannica,https://britannica.com,mediascopeAll/Encyclopedia_Britannica.png,2026-06-03 19:36:31,USA,HIGH,1,LEAST BIASED,,HIGH
End Time Headlines,https://endtimeheadlines.org,mediascopeAll/End_Time_Headlines.png,2026-06-08 18:23:57,USA,MOSTLY FACTUAL,,RIGHT-CENTER,,HIGH
Energy Citizens,https://energycitizens.org,mediascopeAll/Energy_Citizens.png,2026-06-08 18:24:04,USA,MIXED,,RIGHT,,MIXED
Enfield Independent,https://enfieldindependent.co.uk,mediascopeAll/Enfield_Independent.png,2026-06-03 19:37:24,,HIGH,1,LEAST BIASED,,HIGH
Engadget,https://engadget.com,mediascopeAll/Engadget.png,2026-06-03 19:40:14,USA,HIGH,1,LEFT-CENTER,,HIGH
Enniskillen Impartial Reporter,https://impartialreporter.com,mediascopeAll/Enniskillen_Impartial_Reporter.png,2026-06-03 19:37:52,,HIGH,1,LEAST BIASED,,HIGH
Enumclaw Courier-Herald,https://courierherald.com,mediascopeAll/Enumclaw_Courier-Herald.png,2026-06-03 19:38:24,USA,HIGH,1,LEAST BIASED,,HIGH
Environmental Defense Fund,https://edf.org,mediascopeAll/Environmental_Defense_Fund.png,2026-06-03 19:38:02,USA,HIGH,1,LEFT-CENTER,,HIGH
Erie Times-News,https://goerie.com,mediascopeAll/Erie_Times-News.png,2026-06-03 19:39:26,USA,HIGH,1,LEAST BIASED,,HIGH
Escape all these Things,https://escapeallthesethings.com,mediascopeAll/Escape_all_these_Things.png,2026-06-03 19:39:37,USA,LOW,0,RIGHT,,LOW
Eurasia Group,https://eurasiagroup.net,mediascopeAll/Eurasia_Group.png,2026-06-03 19:39:08,USA,HIGH,1,LEFT-CENTER,,HIGH
Euro-Med Human Rights Monitor,https://euromedmonitor.org,mediascopeAll/Euro-Med_Human_Rights_Monitor.png,2026-06-08 18:25:17,,MOSTLY FACTUAL,,LEFT,,HIGH
EuroWeekly News,https://euroweeklynews.com,mediascopeAll/EuroWeekly_News.png,2026-06-08 18:25:35,,MOSTLY FACTUAL,,LEFT-CENTER,,HIGH
Euro|Topics,https://eurotopics.net,mediascopeAll/Euro_Topics.png,2026-06-08 18:25:48,,MOSTLY FACTUAL,,LEAST BIASED,,HIGH
Euronews,https://euronews.com,mediascopeAll/Euronews.png,2026-06-03 23:49:03,,MOSTLY FACTUAL,1,LEFT-CENTER,,HIGH
Everytown for Gun Safety,http://everytown.org/,mediascopeAll/Everytown_for_Gun_Safety.png,2026-06-20 19:03:07,USA,MIXED,,LEFT,Questionable Source,MIXED
Evesham Journal,https://eveshamjournal.co.uk,mediascopeAll/Evesham_Journal.png,2026-06-03 19:40:44,,HIGH,1,LEAST BIASED,,HIGH
Evil.News,https://evil.news,mediascopeAll/Evil.News.png,2026-06-03 23:48:41,USA,LOW,0,EXTREME RIGHT,Questionable Source,LOW
Evonomics,https://evonomics.com,mediascopeAll/Evonomics.png,2026-06-03 19:40:49,USA,HIGH,1,LEFT,,HIGH
Exeter Lakeshore Times-Advance,https://lakeshoreadvance.com,mediascopeAll/Exeter_Lakeshore_Times-Advance.png,2026-06-03 19:40:59,,HIGH,1,RIGHT-CENTER,,HIGH
Exopolitics,https://exopolitics.org,mediascopeAll/Exopolitics.png,2026-06-03 19:41:06,USA,LOW,0,RIGHT,,LOW
Exposed by CMD,https://exposedbycmd.org,mediascopeAll/Exposed_by_CMD.png,2026-06-03 23:48:47,USA,HIGH,1,LEFT,,HIGH
Exposing the Truth,https://exposingtruth.com,mediascopeAll/Exposing_the_Truth.png,2026-06-03 19:41:04,,HIGH,1,LEFT-CENTER,,HIGH
Extinction.News,https://extinction.news,mediascopeAll/Extinction.News.png,2026-06-03 23:48:53,USA,VERY LOW,0,RIGHT,,LOW
FDA Reporter,http://fdareporter.com,mediascopeAll/FDA_Reporter.png,2026-06-20 19:52:01,USA,MIXED,,RIGHT-CENTER,Questionable Source,MIXED
FDA.News,https://fda.news,mediascopeAll/FDA.News.png,2026-06-03 19:41:31,USA,VERY LOW,0,RIGHT,,LOW
FDD's Long War Journal,https://longwarjournal.org,mediascopeAll/FDD_s_Long_War_Journal.png,2026-06-03 19:41:37,USA,HIGH,1,RIGHT-CENTER,,HIGH
Fact Checking Turkey,http://factcheckingturkey.com,mediascopeAll/Fact_Checking_Turkey.png,2026-06-20 20:10:20,Turkey,MIXED,,RIGHT,Questionable Source,MIXED
Fact/Myth,https://factmyth.com,mediascopeAll/Fact_Myth.png,2026-06-03 19:43:13,USA,HIGH,1,LEFT-CENTER,,HIGH
FactCheck.News,https://factcheck.news,mediascopeAll/FactCheck.News.png,2026-06-03 23:48:56,USA,VERY LOW,0,RIGHT,,LOW
FactCheck.org,https://factcheck.org,mediascopeAll/FactCheck.org.png,2026-06-03 19:42:15,USA,VERY HIGH,1,LEAST BIASED,,HIGH
Factchecker.in,https://factchecker.in,mediascopeAll/Factchecker.in.png,2026-06-03 19:42:35,,HIGH,1,LEAST BIASED,,HIGH
Facts and Logic about the Middle East,https://factsandlogic.org,mediascopeAll/Facts_and_Logic_about_the_Middle_East.png,2026-06-08 18:27:43,USA,MIXED,,RIGHT,,MIXED
FairPlanet,https://fairplanet.org,mediascopeAll/FairPlanet.png,2026-06-08 18:28:45,,MOSTLY FACTUAL,,LEFT,,HIGH
Fairfield Reporter,http://fairfieldreporter.com,mediascopeAll/Fairfield_Reporter.png,2026-06-20 21:33:02,USA,MIXED,,RIGHT-CENTER,Questionable Source,MIXED
Fairport Educational Alliance,http://fairporteducationalalliance.org,mediascopeAll/Fairport_Educational_Alliance.png,2026-06-20 22:14:00,USA,MIXED,,RIGHT,Questionable Source,MIXED
Faith Family America,https://faithfamilyamerica.com,mediascopeAll/Faith_Family_America.png,2026-06-08 18:30:54,USA,MIXED,,RIGHT-CENTER,,MIXED
FaithWire,https://faithwire.com,mediascopeAll/FaithWire.png,2026-06-08 18:31:18,USA,MIXED,,RIGHT,,MIXED
Falmouth Packet,https://falmouthpacket.co.uk,mediascopeAll/Falmouth_Packet.png,2026-06-03 19:44:01,,HIGH,1,LEAST BIASED,,HIGH
FanSided,https://fansided.com,mediascopeAll/FanSided.png,2026-06-08 18:31:38,USA,MOSTLY FACTUAL,,LEFT-CENTER,,HIGH
Farm Insurance News,http://farminsurancenews.com,mediascopeAll/Farm_Insurance_News.png,2026-06-20 20:02:49,USA,MIXED,,RIGHT-CENTER,Questionable Source,MIXED
FashionDive,https://fashiondive.com,mediascopeAll/FashionDive.png,2026-06-03 19:43:18,USA,HIGH,1,LEAST BIASED,,HIGH
Fayetteville Standard,http://fayettevillestandard.com,mediascopeAll/Fayetteville_Standard.png,2026-06-20 21:28:57,USA,MIXED,,RIGHT-CENTER,Questionable Source,MIXED
Fayetteville Today,http://fayettevilletoday.com,mediascopeAll/Fayetteville_Today.png,2026-06-20 21:06:47,USA,MIXED,,RIGHT-CENTER,Questionable Source,MIXED
FedScoop,https://fedscoop.com,mediascopeAll/FedScoop.png,2026-06-03 19:43:34,,HIGH,1,LEAST BIASED,,HIGH
Federal News Network,https://federalnewsnetwork.com,mediascopeAll/Federal_News_Network.png,2026-06-03 19:43:58,USA,HIGH,1,LEAST BIASED,,HIGH
Federal Way Mirror,https://federalwaymirror.com,mediascopeAll/Federal_Way_Mirror.png,2026-06-03 19:44:20,USA,HIGH,1,LEAST BIASED,,HIGH
Federalist Press,http://federalistpress.com,mediascopeAll/Federalist_Press.png,2026-06-20 21:16:55,USA,MIXED,,RIGHT,Questionable Source,MIXED
Federalist Society,https://fedsoc.org,mediascopeAll/Federalist_Society.png,2026-06-08 18:34:29,USA,MIXED,,RIGHT,,MIXED
Felix Rex,http://felixrex.net,mediascopeAll/Felix_Rex.png,2026-06-20 19:03:12,Canada,LOW,,EXTREME RIGHT,Questionable Source,LOW
Fernie Free Press,https://thefreepress.ca,mediascopeAll/Fernie_Free_Press.png,2026-06-03 19:44:24,,HIGH,1,LEFT-CENTER,,HIGH
Fight the New Drug,https://fightthenewdrug.org,mediascopeAll/Fight_the_New_Drug.png,2026-06-08 18:35:10,USA,MIXED,,RIGHT,,MIXED
Filter Magazine,https://filtermag.org,mediascopeAll/Filter_Magazine.png,2026-06-08 18:35:22,USA,MOSTLY FACTUAL,,LEFT-CENTER,,HIGH
Findlay Times,http://findlaytimes.com,mediascopeAll/Findlay_Times.png,2026-06-20 19:30:53,USA,MIXED,,RIGHT-CENTER,Questionable Source,MIXED
Finger Lakes Today,http://fingerlakestoday.com,mediascopeAll/Finger_Lakes_Today.png,2026-06-20 19:45:23,USA,MIXED,,RIGHT-CENTER,Questionable Source,MIXED
First Coast News,https://firstcoastnews.com,mediascopeAll/First_Coast_News.png,2026-06-03 19:46:03,USA,HIGH,1,LEAST BIASED,,HIGH
First State Times,http://firststatetimes.com,mediascopeAll/First_State_Times.png,2026-06-20 21:38:53,USA,MIXED,,RIGHT-CENTER,Questionable Source,MIXED
First Things Magazine,https://firstthings.com,mediascopeAll/First_Things_Magazine.png,2026-06-08 18:37:10,USA,MIXED,,RIGHT,,MIXED
Fitchburg Sentinel & Enterprise,https://sentinelandenterprise.com,mediascopeAll/Fitchburg_Sentinel_Enterprise.png,2026-06-04 00:08:58,USA,HIGH,1,LEAST BIASED,,HIGH
Floricua,http://floricuanews.com,mediascopeAll/Floricua.png,2026-06-20 19:20:21,USA,MIXED,,LEFT-CENTER,Questionable Source,MIXED
Florida Capital Star,http://floridacapitalstar.com,mediascopeAll/Florida_Capital_Star.png,2026-06-20 19:21:13,USA,MIXED,,RIGHT,Questionable Source,MIXED
Florida Parish News,http://floridaparishnews.com,mediascopeAll/Florida_Parish_News.png,2026-06-20 20:18:05,USA,MIXED,,RIGHT-CENTER,Questionable Source,MIXED
Florida's Voice,https://flvoicenews.com,mediascopeAll/Florida_s_Voice.png,2026-06-08 18:38:41,USA,MIXED,,RIGHT,,MIXED
FoodDive,https://fooddive.com,mediascopeAll/FoodDive.png,2026-06-03 19:45:38,USA,HIGH,1,LEAST BIASED,,HIGH
Foothills Review,http://foothillsreview.com,mediascopeAll/Foothills_Review.png,2026-06-20 19:33:04,USA,MIXED,,RIGHT-CENTER,Questionable Source,MIXED
Foundation for Defense of Democracies,https://fdd.org,mediascopeAll/Foundation_for_Defense_of_Democracies.png,2026-06-08 18:39:59,USA,MOSTLY FACTUAL,,RIGHT,,HIGH
Foundation for Economic Education,https://fee.org,mediascopeAll/Foundation_for_Economic_Education.png,2026-06-08 18:40:43,USA,MOSTLY FACTUAL,,RIGHT-CENTER,,HIGH
Fox Business,https://foxbusiness.com,mediascopeAll/Fox_Business.png,2026-06-08 18:41:09,USA,MIXED,,RIGHT-CENTER,,MIXED
France 24,https://france24.com,mediascopeAll/France_24.png,2026-06-03 19:49:21,,HIGH,1,LEAST BIASED,,HIGH
Franciscan Media,https://franciscanmedia.org,mediascopeAll/Franciscan_Media.png,2026-06-08 18:42:36,USA,MOSTLY FACTUAL,,LEFT-CENTER,,HIGH
FreePress.org,https://freepress.org,mediascopeAll/FreePress.org.png,2026-06-08 18:47:16,USA,MIXED,,LEFT,,MIXED
Fresno Leader,http://fresnoleader.com,mediascopeAll/Fresno_Leader.png,2026-06-20 21:30:09,USA,MIXED,,RIGHT-CENTER,Questionable Source,MIXED
Full Fact UK,https://fullfact.org,mediascopeAll/Full_Fact_UK.png,2026-06-03 19:46:16,,HIGH,1,LEAST BIASED,,HIGH
Fully Human,https://fully-human.org,mediascopeAll/Fully_Human.png,2026-06-03 19:46:52,,VERY LOW,0,RIGHT,,LOW
GTR Times,http://gtrtimes.com,mediascopeAll/GTR_Times.png,2026-06-20 21:22:40,USA,MIXED,,RIGHT-CENTER,Questionable Source,MIXED
Gadsden Today,http://gadsdentoday.com,mediascopeAll/Gadsden_Today.png,2026-06-20 22:13:27,USA,MIXED,,RIGHT-CENTER,Questionable Source,MIXED
Gainesville Sun,https://gainesville.com,mediascopeAll/Gainesville_Sun.png,2026-06-03 19:48:16,USA,HIGH,1,LEFT-CENTER,,HIGH
Galesburg Reporter,http://galesburgreporter.com,mediascopeAll/Galesburg_Reporter.png,2026-06-20 19:39:12,USA,MIXED,,RIGHT-CENTER,Questionable Source,MIXED
Gallup,https://gallup.com,mediascopeAll/Gallup.png,2026-06-08 18:53:40,USA,MOSTLY FACTUAL,,LEAST BIASED,,HIGH
Gananoque Reporter,https://gananoquereporter.com,mediascopeAll/Gananoque_Reporter.png,2026-06-03 19:47:44,,HIGH,1,RIGHT-CENTER,,HIGH
Garden State Times,http://gardenstatetimes.com,mediascopeAll/Garden_State_Times.png,2026-06-20 20:26:22,USA,MIXED,,RIGHT-CENTER,Questionable Source,MIXED
Gastonia Times,http://gastoniatimes.com,mediascopeAll/Gastonia_Times.png,2026-06-20 20:57:03,USA,MIXED,,RIGHT-CENTER,Questionable Source,MIXED
Gatestone Institute,http://www.gatestoneinstitute.org,mediascopeAll/Gatestone_Institute.png,2026-06-20 21:17:54,USA,MIXED,,EXTREME RIGHT,Questionable Source,MIXED
Gear.News,https://gear.news,mediascopeAll/Gear.News.png,2026-06-03 23:49:01,USA,VERY LOW,0,RIGHT,,LOW
Gem State Wire,http://gemstatewire.com,mediascopeAll/Gem_State_Wire.png,2026-06-20 19:04:02,USA,MIXED,,RIGHT-CENTER,Questionable Source,MIXED
Genesee News,http://geneseenews.com,mediascopeAll/Genesee_News.png,2026-06-20 22:31:03,USA,MIXED,,RIGHT-CENTER,Questionable Source,MIXED
Geopolitical Economy Report,https://geopoliticaleconomy.com,mediascopeAll/Geopolitical_Economy_Report.png,2026-06-08 18:56:26,USA,MIXED,,LEFT,,MIXED
Geopolitical Monitor,https://geopoliticalmonitor.com,mediascopeAll/Geopolitical_Monitor.png,2026-06-08 18:56:52,,MOSTLY FACTUAL,,LEFT-CENTER,,HIGH
Georgia Business Daily,http://businessdailynetwork.com/states/ga,mediascopeAll/Georgia_Business_Daily.png,2026-06-20 20:32:09,USA,MIXED,,RIGHT-CENTER,Questionable Source,MIXED
Georgia Star News,http://georgiastarnews.com,mediascopeAll/Georgia_Star_News.png,2026-06-20 20:23:03,USA,MIXED,,RIGHT,Questionable Source,MIXED
Gephardt Daily,http://gephardtdaily.com,mediascopeAll/Gephardt_Daily.png,2026-06-20 19:04:12,USA,HIGH,,LEAST BIASED,Questionable Source,HIGH
Gingrich 360,http://gingrich360.com,mediascopeAll/Gingrich_360.png,2026-06-20 19:49:44,USA,LOW,,RIGHT,Questionable Source,LOW
GiveSendGo,http://givesendgo.com,mediascopeAll/GiveSendGo.png,2026-06-20 19:41:17,USA,MIXED,,EXTREME RIGHT,Questionable Source,MIXED
Glacier Country News,http://glaciercountrynews.com,mediascopeAll/Glacier_Country_News.png,2026-06-20 22:03:17,USA,MIXED,,RIGHT-CENTER,Questionable Source,MIXED
Global Citizen,https://globalcitizen.org,mediascopeAll/Global_Citizen.png,2026-06-03 19:49:32,USA,HIGH,1,LEFT-CENTER,,HIGH
Gloucester Today,http://gloucestertoday.com,mediascopeAll/Gloucester_Today.png,2026-06-20 20:56:46,USA,MIXED,,RIGHT-CENTER,Questionable Source,MIXED
Gold Country Today,http://goldcountrytoday.com,mediascopeAll/Gold_Country_Today.png,2026-06-20 19:55:20,USA,MIXED,,RIGHT-CENTER,Questionable Source,MIXED
Golden State Today,http://goldenstatetoday.com,mediascopeAll/Golden_State_Today.png,2026-06-20 19:48:22,USA,MIXED,,RIGHT-CENTER,Questionable Source,MIXED
Grand Canyon Times,http://grandcanyontimes.com,mediascopeAll/Grand_Canyon_Times.png,2026-06-20 20:24:30,USA,MIXED,,RIGHT-CENTER,Questionable Source,MIXED
Grand Forks Gazette,https://grandforksgazette.ca,mediascopeAll/Grand_Forks_Gazette.png,2026-06-03 19:49:48,,HIGH,1,LEFT-CENTER,,HIGH
Grand Rapids Reporter,http://grandrapidsreporter.com,mediascopeAll/Grand_Rapids_Reporter.png,2026-06-20 22:22:28,USA,MIXED,,RIGHT-CENTER,Questionable Source,MIXED
Granite Post,http://granitepostnews.com,mediascopeAll/Granite_Post.png,2026-06-20 19:25:56,USA,MIXED,,LEFT-CENTER,Questionable Source,MIXED
Granite State Times,https://granitestatetimes.com,mediascopeAll/Granite_State_Times.png,2026-06-08 19:02:40,USA,MIXED,,RIGHT-CENTER,,MIXED
Great Lakes Wire,http://greatlakeswire.com,mediascopeAll/Great_Lakes_Wire.png,2026-06-20 21:47:41,USA,MIXED,,RIGHT-CENTER,Questionable Source,MIXED
Greek Reporter,https://greekreporter.com,mediascopeAll/Greek_Reporter.png,2026-06-08 19:03:20,,MIXED,,RIGHT,,MIXED
Green America,https://greenamerica.org,mediascopeAll/Green_America.png,2026-06-03 23:50:09,USA,HIGH,1,LEFT-CENTER,,HIGH
Green Matters,https://greenmatters.com,mediascopeAll/Green_Matters.png,2026-06-08 19:03:42,USA,MIXED,,LEFT-CENTER,,MIXED
Greene County Times,https://greenecotimes.com,mediascopeAll/Greene_County_Times.png,2026-06-08 19:05:10,USA,MIXED,,RIGHT-CENTER,,MIXED
Greenfield Recorder,https://recorder.com,mediascopeAll/Greenfield_Recorder.png,2026-06-03 19:50:24,USA,HIGH,1,LEFT-CENTER,,HIGH
Greenock Telegraph,https://greenocktelegraph.co.uk,mediascopeAll/Greenock_Telegraph.png,2026-06-03 19:51:44,,HIGH,1,LEAST BIASED,,HIGH
Greensboro Reporter,http://greensbororeporter.com,mediascopeAll/Greensboro_Reporter.png,2026-06-20 19:54:34,USA,MIXED,,RIGHT-CENTER,Questionable Source,MIXED
Greenville Reporter,http://greenvillereporter.com,mediascopeAll/Greenville_Reporter.png,2026-06-20 21:33:34,USA,MIXED,,RIGHT-CENTER,Questionable Source,MIXED
Grey Bruce This Week,https://greybrucethisweek.ca,mediascopeAll/Grey_Bruce_This_Week.png,2026-06-03 19:51:25,,HIGH,1,RIGHT-CENTER,,HIGH
Grit Daily News,https://gritdaily.com,mediascopeAll/Grit_Daily_News.png,2026-06-08 19:06:49,USA,MOSTLY FACTUAL,,LEFT-CENTER,,HIGH
GroceryDive,https://grocerydive.com,mediascopeAll/GroceryDive.png,2026-06-03 19:51:44,USA,HIGH,1,LEAST BIASED,,HIGH
Grunge.com,https://grunge.com,mediascopeAll/Grunge.com.png,2026-06-08 19:07:28,USA,MIXED,,LEFT-CENTER,Questionable Source,MIXED
Guadalajara Post,http://theguadalajarapost.com,mediascopeAll/Guadalajara_Post.png,2026-06-20 19:04:41,Unknown,MIXED,,LEFT-CENTER,Questionable Source,MIXED
Guardian Nigeria,http://guardian.ng,mediascopeAll/Guardian_Nigeria.png,2026-06-20 19:25:33,Nigeria,MIXED,,LEAST BIASED,Questionable Source,MIXED
Guerrero Post,http://theguerreropost.com,mediascopeAll/Guerrero_Post.png,2026-06-20 19:04:44,Unknown,MIXED,,LEFT-CENTER,Questionable Source,MIXED
Gwinnett Daily Post,https://gwinnettdailypost.com,mediascopeAll/Gwinnett_Daily_Post.png,2026-06-03 19:52:25,,HIGH,1,LEAST BIASED,,HIGH
HR Daily Wire,http://hrdailywire.com,mediascopeAll/HR_Daily_Wire.png,2026-06-20 20:01:50,USA,MIXED,,RIGHT-CENTER,Questionable Source,MIXED
Haaretz,https://haaretz.com,mediascopeAll/Haaretz.png,2026-06-03 19:53:06,,HIGH,1,LEFT,,HIGH
Halstead Gazette,https://halsteadgazette.co.uk,mediascopeAll/Halstead_Gazette.png,2026-06-03 19:53:01,,HIGH,1,LEAST BIASED,,HIGH
Hampshire Chronicle,https://hampshirechronicle.co.uk,mediascopeAll/Hampshire_Chronicle.png,2026-06-03 23:51:24,,HIGH,1,LEAST BIASED,,HIGH
Hanover Evening Sun,https://eveningsun.com,mediascopeAll/Hanover_Evening_Sun.png,2026-06-03 19:53:59,USA,HIGH,1,LEFT-CENTER,,HIGH
Hanover Post,https://thepost.on.ca,mediascopeAll/Hanover_Post.png,2026-06-03 19:53:44,,HIGH,1,RIGHT-CENTER,,HIGH
Harford News,http://harfordnews.com,mediascopeAll/Harford_News.png,2026-06-20 20:06:15,USA,MIXED,,RIGHT-CENTER,Questionable Source,MIXED
Harrow Times,https://harrowtimes.co.uk,mediascopeAll/Harrow_Times.png,2026-06-03 23:51:19,,HIGH,1,LEAST BIASED,,HIGH
Hartford Reporter,http://hartfordreporter.com,mediascopeAll/Hartford_Reporter.png,2026-06-20 19:14:42,USA,MIXED,,RIGHT-CENTER,Questionable Source,MIXED
Harwich and Manningtree Standard,https://harwichandmanningtreestandard.co.uk,mediascopeAll/Harwich_and_Manningtree_Standard.png,2026-06-03 19:54:50,,HIGH,1,LEAST BIASED,,HIGH
Hawaii Business Daily,http://businessdailynetwork.com/states/hi,mediascopeAll/Hawaii_Business_Daily.png,2026-06-20 20:23:11,USA,MIXED,,RIGHT-CENTER,Questionable Source,MIXED
Hawkeye Reporter,http://hawkeyereporter.com,mediascopeAll/Hawkeye_Reporter.png,2026-06-20 21:08:37,USA,MIXED,,RIGHT-CENTER,Questionable Source,MIXED
HealthRangerInvenstions.com,https://healthrangerinventions.com,mediascopeAll/HealthRangerInvenstions.com.png,2026-06-03 23:50:45,USA,VERY LOW,0,RIGHT,,LOW
Hello Magazine,https://hellomagazine.com,mediascopeAll/Hello_Magazine.png,2026-06-08 19:15:51,,MIXED,,LEAST BIASED,,MIXED
Hereford Times,https://herefordtimes.com,mediascopeAll/Hereford_Times.png,2026-06-03 23:52:52,,HIGH,1,LEAST BIASED,,HIGH
Hernando Reporter,http://hernandoreporter.com,mediascopeAll/Hernando_Reporter.png,2026-06-20 20:30:47,USA,MIXED,,RIGHT-CENTER,Questionable Source,MIXED
Hexham Courant,https://hexham-courant.co.uk,mediascopeAll/Hexham_Courant.png,2026-06-03 23:53:41,,HIGH,1,LEAST BIASED,,HIGH
Hickory Sun,http://hickorysun.com,mediascopeAll/Hickory_Sun.png,2026-06-20 20:07:41,USA,MIXED,,RIGHT-CENTER,Questionable Source,MIXED
High Country Times,http://highcountrytimes.com,mediascopeAll/High_Country_Times.png,2026-06-20 21:40:49,USA,MIXED,,RIGHT-CENTER,Questionable Source,MIXED
Higher Education Tribune,http://highereducationtribune.com,mediascopeAll/Higher_Education_Tribune.png,2026-06-20 19:55:10,USA,MIXED,,RIGHT-CENTER,Questionable Source,MIXED
HigherEd Dive,https://highereddive.com,mediascopeAll/HigherEd_Dive.png,2026-06-03 19:55:55,USA,HIGH,1,LEAST BIASED,,HIGH
Hillsborough Sun,http://hillsboroughsun.com,mediascopeAll/Hillsborough_Sun.png,2026-06-20 22:24:24,USA,MIXED,,RIGHT-CENTER,Questionable Source,MIXED
Hinds Today,https://hindstoday.com,mediascopeAll/Hinds_Today.png,2026-06-08 19:20:01,USA,MIXED,,RIGHT-CENTER,,MIXED
Hindustan Times,http://www.hindustantimes.com,mediascopeAll/Hindustan_Times.png,2026-06-20 19:05:04,India,MIXED,,LEFT-CENTER,Questionable Source,MIXED
History Today,https://historytoday.com,mediascopeAll/History_Today.png,2026-06-03 19:55:44,,HIGH,1,LEAST BIASED,,HIGH
HistoryNet,https://historynet.com,mediascopeAll/HistoryNet.png,2026-06-08 19:21:59,USA,MOSTLY FACTUAL,,LEAST BIASED,,HIGH
Hong Kong Standard,https://thestandard.com.hk,mediascopeAll/Hong_Kong_Standard.png,2026-06-08 19:22:42,,MIXED,,LEFT-CENTER,,MIXED
Honolulu Civil Beat,https://civilbeat.org,mediascopeAll/Honolulu_Civil_Beat.png,2026-06-03 19:56:38,USA,HIGH,1,LEFT-CENTER,,HIGH
Honolulu Reporter,http://honolulureporter.com,mediascopeAll/Honolulu_Reporter.png,2026-06-20 20:49:49,USA,MIXED,,RIGHT-CENTER,Questionable Source,MIXED
Hoosier State Today,http://hoosierstatetoday.com,mediascopeAll/Hoosier_State_Today.png,2026-06-20 22:12:13,USA,MIXED,,RIGHT-CENTER,Questionable Source,MIXED
Hoover Institution,https://hoover.org,mediascopeAll/Hoover_Institution.png,2026-06-03 19:57:19,USA,MIXED,1,RIGHT-CENTER,,MIXED
Hope Not Hate,https://hopenothate.org.uk,mediascopeAll/Hope_Not_Hate.png,2026-06-03 23:17:29,,HIGH,1,LEFT,,HIGH
Hot Springs Times,http://hotspringstimes.com,mediascopeAll/Hot_Springs_Times.png,2026-06-20 19:19:36,USA,MIXED,,RIGHT-CENTER,Questionable Source,MIXED
HotelDive,https://hoteldive.com,mediascopeAll/HotelDive.png,2026-06-03 23:53:24,USA,HIGH,1,LEAST BIASED,,HIGH
Houma Thibodaux News,http://houmathibodauxnews.com,mediascopeAll/Houma_Thibodaux_News.png,2026-06-20 21:22:51,USA,MIXED,,RIGHT-CENTER,Questionable Source,MIXED
Housatonic Valley News,http://housatonicvalleynews.com,mediascopeAll/Housatonic_Valley_News.png,2026-06-20 22:16:53,USA,MIXED,,RIGHT-CENTER,Questionable Source,MIXED
Howard County News,http://howardconews.com,mediascopeAll/Howard_County_News.png,2026-06-20 21:22:43,USA,MIXED,,RIGHT-CENTER,Questionable Source,MIXED
Hudson Institute,https://hudson.org,mediascopeAll/Hudson_Institute.png,2026-06-03 19:57:14,USA,HIGH,1,RIGHT,,HIGH
Huffington Post,https://huffpost.com,mediascopeAll/Huffington_Post.png,2026-06-08 19:26:29,USA,MOSTLY FACTUAL,,LEFT,,HIGH
Human Life International,http://hli.org,mediascopeAll/Human_Life_International.png,2026-06-20 19:10:12,USA,LOW,,RIGHT,Questionable Source,LOW
Huntsville Item,https://itemonline.com,mediascopeAll/Huntsville_Item.png,2026-06-03 23:55:20,USA,HIGH,1,LEFT-CENTER,,HIGH
Hutch Today,http://hutchtoday.com,mediascopeAll/Hutch_Today.png,2026-06-20 21:38:52,USA,MIXED,,RIGHT-CENTER,Questionable Source,MIXED
I24 News,https://i24news.tv,mediascopeAll/I24_News.png,2026-06-08 19:28:34,,MIXED,,RIGHT-CENTER,,MIXED
IBX News,http://ibxnews.com,mediascopeAll/IBX_News.png,2026-06-20 20:30:46,USA,MIXED,,RIGHT-CENTER,Questionable Source,MIXED
Idaho Business Daily,https://businessdailynetwork.com/states/id,mediascopeAll/Idaho_Business_Daily.png,2026-06-08 19:29:32,USA,MIXED,,RIGHT-CENTER,Questionable Source,MIXED
Idaho Tribune,http://idahotribune.org,mediascopeAll/Idaho_Tribune.png,2026-06-20 19:47:26,USA,LOW,,EXTREME RIGHT,Questionable Source,LOW
If America Knew,https://ifamericaknew.org,mediascopeAll/If_America_Knew.png,2026-06-03 19:57:43,USA,HIGH,1,LEFT-CENTER,,HIGH
Ilkley Gazette,https://ilkleygazette.co.uk,mediascopeAll/Ilkley_Gazette.png,2026-06-03 23:54:32,,HIGH,1,LEAST BIASED,,HIGH
Illinois Business Daily,http://businessdailynetwork.com/states/il,mediascopeAll/Illinois_Business_Daily.png,2026-06-20 19:42:26,USA,MIXED,,RIGHT-CENTER,Questionable Source,MIXED
Illinois Valley Times,http://illinoisvalleytimes.com,mediascopeAll/Illinois_Valley_Times.png,2026-06-20 19:46:33,USA,MIXED,,RIGHT-CENTER,Questionable Source,MIXED
InSight Crime,https://insightcrime.org,mediascopeAll/InSight_Crime.png,2026-06-08 19:30:35,USA,MIXED,,LEFT-CENTER,,MIXED
Independent Online,https://iol.co.za,mediascopeAll/Independent_Online.png,2026-06-08 19:30:41,,MIXED,,LEAST BIASED,,MIXED
India.com,https://india.com,mediascopeAll/India.com.png,2026-06-08 19:35:22,,MOSTLY FACTUAL,,RIGHT-CENTER,,HIGH
Indiana Business Daily,http://businessdailynetwork.com/states/in,mediascopeAll/Indiana_Business_Daily.png,2026-06-20 20:23:18,USA,MIXED,,RIGHT-CENTER,Questionable Source,MIXED
Indivisible Movement,https://indivisible.org,mediascopeAll/Indivisible_Movement.png,2026-06-08 19:38:18,USA,MOSTLY FACTUAL,,LEFT,,HIGH
Indy Standard,http://indystandard.com,mediascopeAll/Indy_Standard.png,2026-06-20 19:34:49,USA,MIXED,,RIGHT-CENTER,Questionable Source,MIXED
Inkstick Media,https://inkstickmedia.com,mediascopeAll/Inkstick_Media.png,2026-06-08 19:39:08,USA,MOSTLY FACTUAL,,LEFT,,HIGH
Innocence Project,https://innocenceproject.org,mediascopeAll/Innocence_Project.png,2026-06-03 19:58:50,USA,HIGH,1,LEFT-CENTER,,HIGH
Inquisitr,https://inquisitr.com,mediascopeAll/Inquisitr.png,2026-06-03 19:59:47,,HIGH,1,LEFT-CENTER,,HIGH
Inside Higher Ed,https://insidehighered.com,mediascopeAll/Inside_Higher_Ed.png,2026-06-03 19:59:49,USA,HIGH,1,LEFT-CENTER,,HIGH
Inside the Magic,http://insidethemagic.net,mediascopeAll/Inside_the_Magic.png,2026-06-20 22:24:52,USA,MIXED,,LEAST BIASED,Questionable Source,MIXED
Insider.co.uk,https://insider.co.uk,mediascopeAll/Insider.co.uk.png,2026-06-08 19:40:45,,MOSTLY FACTUAL,,LEAST BIASED,,HIGH
Institute for Fiscal Studies,https://ifs.org.uk,mediascopeAll/Institute_for_Fiscal_Studies.png,2026-06-03 19:59:46,,HIGH,1,RIGHT-CENTER,,HIGH
Insurance Rate Reporter,http://insuranceratereporter.com,mediascopeAll/Insurance_Rate_Reporter.png,2026-06-20 19:52:19,USA,MIXED,,RIGHT-CENTER,Questionable Source,MIXED
Intercessors for America,https://ifapray.org,mediascopeAll/Intercessors_for_America.png,2026-06-03 20:02:19,USA,LOW,0,EXTREME RIGHT,,LOW
Intercollegiate Studies Institute,https://isi.org,mediascopeAll/Intercollegiate_Studies_Institute.png,2026-06-08 19:42:27,USA,MOSTLY FACTUAL,,RIGHT,,HIGH
Interior Alaska News,http://interioralaskanews.com,mediascopeAll/Interior_Alaska_News.png,2026-06-20 22:08:04,USA,MIXED,,RIGHT-CENTER,Questionable Source,MIXED
International Socialism Journal,https://isj.org.uk,mediascopeAll/International_Socialism_Journal.png,2026-06-08 19:43:10,,MIXED,,LEFT,,MIXED
Investopedia,https://investopedia.com,mediascopeAll/Investopedia.png,2026-06-03 20:01:15,USA,HIGH,1,LEAST BIASED,,HIGH
Iowa Business Daily,http://businessdailynetwork.com/states/ia,mediascopeAll/Iowa_Business_Daily.png,2026-06-20 22:06:41,USA,MIXED,,RIGHT-CENTER,Questionable Source,MIXED
Iroquois Times-Republic,https://newsbug.info/iroquois_countys_times-republic/,mediascopeAll/Iroquois_Times-Republic.png,2026-06-03 23:22:37,,HIGH,1,LEAST BIASED,,HIGH
Irvine Times,https://irvinetimes.com,mediascopeAll/Irvine_Times.png,2026-06-03 23:55:33,,HIGH,1,LEAST BIASED,,HIGH
IslamiCity,https://islamicity.org,mediascopeAll/IslamiCity.png,2026-06-08 19:44:55,USA,MIXED,,LEFT,,MIXED
Israel Unwired,http://israelunwired.com,mediascopeAll/Israel_Unwired.png,2026-06-20 22:13:36,USA,LOW,,RIGHT,Questionable Source,LOW
Israel21c,https://israel21c.org,mediascopeAll/Israel21c.png,2026-06-03 20:02:05,,HIGH,1,LEFT-CENTER,,HIGH
Israel365 News,https://israel365news.com,mediascopeAll/Israel365_News.png,2026-06-08 19:45:32,,MIXED,,RIGHT,,MIXED
J Street,https://jstreet.org,mediascopeAll/J_Street.png,2026-06-03 20:02:18,USA,HIGH,1,LEFT-CENTER,,HIGH
Jackson Purchase News,http://jacksonpurchasenews.com,mediascopeAll/Jackson_Purchase_News.png,2026-06-20 20:18:20,USA,MIXED,,RIGHT-CENTER,Questionable Source,MIXED
Jakarta Globe,https://jakartaglobe.id,mediascopeAll/Jakarta_Globe.png,2026-06-08 19:46:46,,MOSTLY FACTUAL,,LEFT-CENTER,,HIGH
Jefferson County Times,http://jeffcotimes.com,mediascopeAll/Jefferson_County_Times.png,2026-06-20 22:30:20,USA,MIXED,,RIGHT-CENTER,Questionable Source,MIXED
Jefferson Reporter,http://jeffersonreporter.com,mediascopeAll/Jefferson_Reporter.png,2026-06-20 21:56:26,USA,MIXED,,RIGHT-CENTER,Questionable Source,MIXED
Jerusalem Post,https://jpost.com,mediascopeAll/Jerusalem_Post.png,2026-06-08 19:48:11,,MOSTLY FACTUAL,,RIGHT-CENTER,,HIGH
Jewish Breaking News,https://jewishbreakingnews.com,mediascopeAll/Jewish_Breaking_News.png,2026-06-08 19:49:29,,MIXED,,RIGHT-CENTER,,MIXED
Jewish Currents,https://jewishcurrents.org,mediascopeAll/Jewish_Currents.png,2026-06-08 19:49:46,,MOSTLY FACTUAL,,LEFT,,HIGH
Jewish Jounral,https://jewishjournal.com,mediascopeAll/Jewish_Jounral.png,2026-06-03 20:03:21,USA,HIGH,1,RIGHT-CENTER,,HIGH
Jewish Policy Center,https://jewishpolicycenter.org,mediascopeAll/Jewish_Policy_Center.png,2026-06-08 19:50:05,USA,MOSTLY FACTUAL,,RIGHT,,HIGH
Jewish Telegraphic Agency,https://www.jta.org/,mediascopeAll/Jewish_Telegraphic_Agency.png,2026-06-03 20:03:03,USA,HIGH,1,LEAST BIASED,,HIGH
Jewish Unpacked,https://jewishunpacked.com,mediascopeAll/Jewish_Unpacked.png,2026-06-03 20:02:44,USA,HIGH,1,RIGHT-CENTER,,HIGH
Jewish Voice for Peace,https://jewishvoiceforpeace.org,mediascopeAll/Jewish_Voice_for_Peace.png,2026-06-08 19:50:33,,MOSTLY FACTUAL,,LEFT,,HIGH
Jewish World Review,https://jewishworldreview.com,mediascopeAll/Jewish_World_Review.png,2026-06-08 19:50:52,USA,MIXED,,RIGHT,,MIXED
Johnston Reporter,http://johnstonreporter.com,mediascopeAll/Johnston_Reporter.png,2026-06-20 21:00:56,USA,MIXED,,RIGHT-CENTER,Questionable Source,MIXED
Johnstown Tribune-Democrat,https://tribdem.com,mediascopeAll/Johnstown_Tribune-Democrat.png,2026-06-03 20:04:10,USA,HIGH,1,LEFT-CENTER,,HIGH
JonathanTurley.org,https://jonathanturley.org,mediascopeAll/JonathanTurley.org.png,2026-06-08 19:51:28,USA,MIXED,,RIGHT-CENTER,,MIXED
Jonesboro Times,http://jonesborotimes.com,mediascopeAll/Jonesboro_Times.png,2026-06-20 19:41:47,USA,MIXED,,RIGHT-CENTER,Questionable Source,MIXED
Judicial Watch,https://judicialwatch.org,mediascopeAll/Judicial_Watch.png,2026-06-03 20:03:28,USA,LOW,0,RIGHT,Questionable Source,LOW
Just Facts,https://justfacts.com,mediascopeAll/Just_Facts.png,2026-06-08 19:51:46,USA,MIXED,,RIGHT-CENTER,,MIXED
K-12 Dive,https://k12dive.com,mediascopeAll/K-12_Dive.png,2026-06-03 20:04:39,USA,HIGH,1,LEAST BIASED,,HIGH
KABC - 790 AM - Los Angeles,https://kabc.com,mediascopeAll/KABC_-_790_AM_-_Los_Angeles.png,2026-06-08 19:53:00,USA,MIXED,,RIGHT,,MIXED
KANQ - NPR - Chanute,https://kansaspublicradio.org,mediascopeAll/KANQ_-_NPR_-_Chanute.png,2026-06-03 20:04:45,USA,HIGH,1,LEFT-CENTER,,HIGH
KARN - 102.9 - Little Rock,https://newsradio1029.com,mediascopeAll/KARN_-_102.9_-_Little_Rock.png,2026-06-08 19:53:26,USA,MIXED,,RIGHT,,MIXED
KBKR - Duluth News,https://northernnewsnow.com,mediascopeAll/KBKR_-_Duluth_News.png,2026-06-03 20:06:19,USA,HIGH,1,LEAST BIASED,,HIGH
KBOI - 93.1 - Boise,https://kboi.com,mediascopeAll/KBOI_-_93.1_-_Boise.png,2026-06-08 19:53:49,USA,MIXED,,RIGHT,,MIXED
KC Reporter,http://kcreporter.com,mediascopeAll/KC_Reporter.png,2026-06-20 21:35:21,USA,MIXED,,RIGHT-CENTER,Questionable Source,MIXED
KCMO - 95.7 - Kansas City,https://kcmotalkradio.com,mediascopeAll/KCMO_-_95.7_-_Kansas_City.png,2026-06-08 19:54:39,USA,MIXED,,RIGHT,,MIXED
KEYC - Mankato News,https://keyc.com,mediascopeAll/KEYC_-_Mankato_News.png,2026-06-03 20:07:07,USA,HIGH,1,LEAST BIASED,,HIGH
KKOB - 96.3 - Albuquerque,https://newsradiokkob.com,mediascopeAll/KKOB_-_96.3_-_Albuquerque.png,2026-06-08 19:55:18,USA,MIXED,,RIGHT,,MIXED
KLIF - 570AM - Dallas,https://klif.com,mediascopeAll/KLIF_-_570AM_-_Dallas.png,2026-06-08 19:55:40,USA,MIXED,,RIGHT,,MIXED
KMAJ - 1440 AM - Topeka,https://kmaj1440.com,mediascopeAll/KMAJ_-_1440_AM_-_Topeka.png,2026-06-08 19:55:52,USA,MIXED,,RIGHT,,MIXED
KMIR - NBC - Palm Springs,https://nbcpalmsprings.com,mediascopeAll/KMIR_-_NBC_-_Palm_Springs.png,2026-06-03 20:06:46,USA,HIGH,1,LEFT-CENTER,,HIGH
KMJNow - Fresno,https://kmjnow.com,mediascopeAll/KMJNow_-_Fresno.png,2026-06-08 19:56:08,USA,MIXED,,RIGHT,,MIXED
KMTR - NBC16 - Springfield,https://nbc16.com,mediascopeAll/KMTR_-_NBC16_-_Springfield.png,2026-06-03 20:07:40,USA,HIGH,1,RIGHT-CENTER,,HIGH
KRCG - NPR - Santa Rosa,https://norcalpublicmedia.org,mediascopeAll/KRCG_-_NPR_-_Santa_Rosa.png,2026-06-03 20:08:17,USA,HIGH,1,LEFT-CENTER,,HIGH
KSFO - 560 AM - San Francisco,https://ksfo.com,mediascopeAll/KSFO_-_560_AM_-_San_Francisco.png,2026-06-08 19:56:15,USA,MIXED,,RIGHT,,MIXED
KTUU-TV,https://alaskasnewssource.com,mediascopeAll/KTUU-TV.png,2026-06-03 23:42:23,USA,HIGH,1,LEAST BIASED,,HIGH
KUGN - 590 AM - Eugene,https://kugn.com,mediascopeAll/KUGN_-_590_AM_-_Eugene.png,2026-06-08 19:56:32,USA,MIXED,,RIGHT,,MIXED
KVOR - 740AM - Colorado Springs,https://kvor.com,mediascopeAll/KVOR_-_740AM_-_Colorado_Springs.png,2026-06-08 19:56:39,USA,MIXED,,RIGHT,,MIXED
Kalamazoo Times,http://kalamazootimes.com,mediascopeAll/Kalamazoo_Times.png,2026-06-20 19:20:05,USA,MIXED,,RIGHT-CENTER,Questionable Source,MIXED
Kane County Reporter,http://kanecountyreporter.com,mediascopeAll/Kane_County_Reporter.png,2026-06-20 22:24:39,USA,MIXED,,RIGHT-CENTER,Questionable Source,MIXED
Kansas Business Daily,http://businessdailynetwork.com/states/ks,mediascopeAll/Kansas_Business_Daily.png,2026-06-20 19:55:30,USA,MIXED,,RIGHT-CENTER,Questionable Source,MIXED
Kansas Policy Institute,https://kansaspolicy.org,mediascopeAll/Kansas_Policy_Institute.png,2026-06-08 19:57:28,USA,MIXED,,RIGHT,,MIXED
Kendall County Times,http://kendallcountytimes.com,mediascopeAll/Kendall_County_Times.png,2026-06-20 19:42:11,USA,MIXED,,RIGHT-CENTER,Questionable Source,MIXED
Kent County Today,http://kentcountytoday.com,mediascopeAll/Kent_County_Today.png,2026-06-20 19:52:06,USA,MIXED,,RIGHT-CENTER,Questionable Source,MIXED
Kentuckiana Times,http://kentuckianatimes.com,mediascopeAll/Kentuckiana_Times.png,2026-06-20 21:48:44,USA,MIXED,,RIGHT-CENTER,Questionable Source,MIXED
Kentucky Business Daily,http://businessdailynetwork.com/states/ky,mediascopeAll/Kentucky_Business_Daily.png,2026-06-20 20:54:32,USA,MIXED,,RIGHT-CENTER,Questionable Source,MIXED
Kentucky Lantern,https://kentuckylantern.com,mediascopeAll/Kentucky_Lantern.png,2026-06-03 20:08:32,USA,HIGH,1,LEFT,,HIGH
Key West Reporter,http://keywestreporter.com,mediascopeAll/Key_West_Reporter.png,2026-06-20 20:05:40,USA,MIXED,,RIGHT-CENTER,Questionable Source,MIXED
Kidderminster Shuttle,https://kidderminstershuttle.co.uk,mediascopeAll/Kidderminster_Shuttle.png,2026-06-03 20:09:41,,HIGH,1,LEAST BIASED,,HIGH
Kimberley Bulletin,https://kimberleybulletin.com,mediascopeAll/Kimberley_Bulletin.png,2026-06-03 20:08:50,,HIGH,1,LEFT-CENTER,,HIGH
Kincardine News,https://kincardinenews.com,mediascopeAll/Kincardine_News.png,2026-06-03 20:09:22,,HIGH,1,RIGHT-CENTER,,HIGH
Kings County Times,http://kingscountytimes.com,mediascopeAll/Kings_County_Times.png,2026-06-20 21:55:16,USA,MIXED,,RIGHT-CENTER,Questionable Source,MIXED
Kingston This Week,https://kingstonthisweek.com,mediascopeAll/Kingston_This_Week.png,2026-06-03 20:09:37,,HIGH,1,RIGHT-CENTER,,HIGH
Knutsford Guardian,https://knutsfordguardian.co.uk,mediascopeAll/Knutsford_Guardian.png,2026-06-03 20:10:39,,HIGH,1,LEAST BIASED,,HIGH
Kokomo Standard,http://Kokomostandard.com,mediascopeAll/Kokomo_Standard.png,2026-06-20 19:13:07,USA,MIXED,,RIGHT-CENTER,Questionable Source,MIXED
Kyodo News Plus,https://english.kyodonews.net,mediascopeAll/Kyodo_News_Plus.png,2026-06-03 20:10:01,,HIGH,1,LEAST BIASED,,HIGH
LA Harbor News,http://laharbornews.com,mediascopeAll/LA_Harbor_News.png,2026-06-20 20:19:14,USA,MIXED,,RIGHT-CENTER,Questionable Source,MIXED
LAX Leader,http://laxleader.com,mediascopeAll/LAX_Leader.png,2026-06-20 19:56:51,USA,MIXED,,RIGHT-CENTER,Questionable Source,MIXED
Lacombe Express,https://lacombeexpress.com,mediascopeAll/Lacombe_Express.png,2026-06-03 20:10:09,,HIGH,1,LEFT-CENTER,,HIGH
Lafayette Reporter,http://lafayettereporter.com,mediascopeAll/Lafayette_Reporter.png,2026-06-20 19:06:49,USA,MIXED,,RIGHT-CENTER,Questionable Source,MIXED
Lafayette Times,http://Lafayettetimes.com,mediascopeAll/Lafayette_Times.png,2026-06-20 19:42:05,USA,MIXED,,RIGHT-CENTER,Questionable Source,MIXED
Lake County Gazette,http://lakecountygazette.com,mediascopeAll/Lake_County_Gazette.png,2026-06-20 22:17:38,USA,MIXED,,RIGHT-CENTER,Questionable Source,MIXED
Lake County Leader,https://leaderadvertiser.com,mediascopeAll/Lake_County_Leader.png,2026-06-03 20:10:39,USA,HIGH,1,LEAST BIASED,,HIGH
Lake County Times,http://lakecountytimes.com,mediascopeAll/Lake_County_Times.png,2026-06-20 19:42:03,USA,MIXED,,RIGHT-CENTER,Questionable Source,MIXED
Lake Region News,http://lakeregionnews.com,mediascopeAll/Lake_Region_News.png,2026-06-20 19:43:10,USA,MIXED,,RIGHT-CENTER,Questionable Source,MIXED
Lake Tahoe Sun,http://laketahoesun.com,mediascopeAll/Lake_Tahoe_Sun.png,2026-06-20 19:32:46,USA,MIXED,,RIGHT-CENTER,Questionable Source,MIXED
Lancaster Eagle-Gazette,https://lancastereaglegazette.com,mediascopeAll/Lancaster_Eagle-Gazette.png,2026-06-03 23:21:20,USA,HIGH,1,LEFT-CENTER,,HIGH
Lansing Sun,http://lansingsun.com,mediascopeAll/Lansing_Sun.png,2026-06-20 21:19:39,USA,MIXED,,RIGHT-CENTER,Questionable Source,MIXED
Largs & Millport News,https://largsandmillportnews.com,mediascopeAll/Largs_Millport_News.png,2026-06-03 23:56:40,,HIGH,1,LEAST BIASED,,HIGH
Larimer News,http://larimernews.com,mediascopeAll/Larimer_News.png,2026-06-20 20:26:44,USA,MIXED,,RIGHT-CENTER,Questionable Source,MIXED
Las Vegas City Wire,http://lasvegascitywire.com,mediascopeAll/Las_Vegas_City_Wire.png,2026-06-20 21:32:13,USA,MIXED,,RIGHT-CENTER,Questionable Source,MIXED
Las Vegas Weekly,https://lasvegasweekly.com,mediascopeAll/Las_Vegas_Weekly.png,2026-06-03 20:11:34,USA,HIGH,1,LEFT-CENTER,,HIGH
Last Frontier News,http://lastfrontiernews.com,mediascopeAll/Last_Frontier_News.png,2026-06-20 21:48:59,USA,MIXED,,RIGHT-CENTER,Questionable Source,MIXED
Law Enforcement Today,https://lawenforcementtoday.com,mediascopeAll/Law_Enforcement_Today.png,2026-06-08 20:02:46,USA,MIXED,,RIGHT,,MIXED
Law for Palestine,https://law4palestine.org,mediascopeAll/Law_for_Palestine.png,2026-06-03 20:11:22,,HIGH,1,LEFT-CENTER,,HIGH
Law360,https://law360.com,mediascopeAll/Law360.png,2026-06-03 20:11:21,USA,HIGH,1,LEAST BIASED,,HIGH
Lead Stories,https://leadstories.com,mediascopeAll/Lead_Stories.png,2026-06-03 20:11:43,USA,VERY HIGH,1,LEAST BIASED,,HIGH
League of Conservation Voters,https://lcv.org,mediascopeAll/League_of_Conservation_Voters.png,2026-06-08 20:03:23,USA,MOSTLY FACTUAL,,LEFT,,HIGH
Lebanon Daily News,https://ldnews.com,mediascopeAll/Lebanon_Daily_News.png,2026-06-03 23:56:56,USA,HIGH,1,LEAST BIASED,,HIGH
Ledbury Reporter,https://ledburyreporter.co.uk,mediascopeAll/Ledbury_Reporter.png,2026-06-03 20:12:50,,HIGH,1,LEAST BIASED,,HIGH
Legal Newsline,http://legalnewsline.com,mediascopeAll/Legal_Newsline.png,2026-06-20 19:36:53,USA,MIXED,,RIGHT-CENTER,Questionable Source,MIXED
Legal Reader,https://legalreader.com,mediascopeAll/Legal_Reader.png,2026-06-08 20:03:51,USA,MIXED,,LEFT,,MIXED
LegalDive,https://legaldive.com,mediascopeAll/LegalDive.png,2026-06-03 20:12:51,USA,HIGH,1,LEAST BIASED,,HIGH
Lehigh Valley News,https://lehighvalleynews.com,mediascopeAll/Lehigh_Valley_News.png,2026-06-08 20:04:02,USA,MOSTLY FACTUAL,,LEAST BIASED,,HIGH
Leicester Mercury,https://leicestermercury.co.uk,mediascopeAll/Leicester_Mercury.png,2026-06-03 20:12:58,,HIGH,1,RIGHT-CENTER,,HIGH
Lewiston Times,http://lewistontimes.com,mediascopeAll/Lewiston_Times.png,2026-06-20 22:06:09,USA,MIXED,,RIGHT-CENTER,Questionable Source,MIXED
Libertarian Institute,https://libertarianinstitute.org,mediascopeAll/Libertarian_Institute.png,2026-06-08 20:04:37,USA,MIXED,,RIGHT,,MIXED
Liberty & Law,https://lawliberty.org,mediascopeAll/Liberty_Law.png,2026-06-03 20:13:35,USA,HIGH,1,RIGHT,,HIGH
Licking Today,http://lickingtoday.com,mediascopeAll/Licking_Today.png,2026-06-20 19:33:30,USA,MIXED,,RIGHT-CENTER,Questionable Source,MIXED
Life Site News,http://lifesitenews.com,mediascopeAll/Life_Site_News.png,2026-06-20 22:06:52,Canada,LOW,,RIGHT,Questionable Source,LOW
Litchfield Hills Today,http://litchfieldhillstoday.com,mediascopeAll/Litchfield_Hills_Today.png,2026-06-20 22:01:46,USA,MIXED,,RIGHT-CENTER,Questionable Source,MIXED
Lithuanian National Radio and Television,https://lrt.lt/en/news-in-english,mediascopeAll/Lithuanian_National_Radio_and_Television.png,2026-06-03 20:14:05,,HIGH,1,LEAST BIASED,,HIGH
Little Apple Times,http://littleappletimes.com,mediascopeAll/Little_Apple_Times.png,2026-06-20 21:51:29,USA,MIXED,,RIGHT-CENTER,Questionable Source,MIXED
London Real,https://londonreal.tv,mediascopeAll/London_Real.png,2026-06-03 20:16:32,,LOW,0,RIGHT,,LOW
Lorain Times,http://loraintimes.com,mediascopeAll/Lorain_Times.png,2026-06-20 22:14:16,USA,MIXED,,RIGHT-CENTER,Questionable Source,MIXED
Loudon County News-Herald,https://news-herald.net,mediascopeAll/Loudon_County_News-Herald.png,2026-06-03 23:23:10,USA,HIGH,1,LEFT-CENTER,,HIGH
Lowe Delta News,http://lowedeltanews.com,mediascopeAll/Lowe_Delta_News.png,2026-06-20 20:59:41,USA,MIXED,,RIGHT-CENTER,Questionable Source,MIXED
Lucknow Sentinel,https://lucknowsentinel.com,mediascopeAll/Lucknow_Sentinel.png,2026-06-03 20:15:08,,HIGH,1,RIGHT-CENTER,,HIGH
MEAWW,https://meaww.com,mediascopeAll/MEAWW.png,2026-06-08 20:07:02,,MOSTLY FACTUAL,,RIGHT-CENTER,,HIGH
MR Online,https://mronline.org,mediascopeAll/MR_Online.png,2026-06-08 20:07:10,USA,MIXED,,LEFT,,MIXED
MRC Free Speech America,https://mrcfreespeechamerica.org,mediascopeAll/MRC_Free_Speech_America.png,2026-06-08 20:07:47,USA,MIXED,,RIGHT,,MIXED
Macomb Today,http://macombtoday.com,mediascopeAll/Macomb_Today.png,2026-06-20 22:16:12,USA,MIXED,,RIGHT-CENTER,Questionable Source,MIXED
Macon Reporter,http://maconreporter.com,mediascopeAll/Macon_Reporter.png,2026-06-20 21:56:28,USA,MIXED,,RIGHT-CENTER,Questionable Source,MIXED
Macon Times,http://macontimes.com,mediascopeAll/Macon_Times.png,2026-06-20 20:21:28,USA,MIXED,,RIGHT-CENTER,Questionable Source,MIXED
Macroevolution.net,https://macroevolution.net,mediascopeAll/Macroevolution.net.png,2026-06-03 20:14:26,USA,LOW,0,RIGHT,,LOW
Mail & Guardian,https://mg.co.za,mediascopeAll/Mail_Guardian.png,2026-06-08 20:08:41,,MIXED,,LEFT,,MIXED
Maine Business Daily,https://mainebusinessdaily.com,mediascopeAll/Maine_Business_Daily.png,2026-06-08 20:08:53,USA,MIXED,,RIGHT-CENTER,,MIXED
Maine Highlands News,http://mainehighlandsnews.com,mediascopeAll/Maine_Highlands_News.png,2026-06-20 19:50:08,USA,MIXED,,RIGHT-CENTER,Questionable Source,MIXED
Maine Lakes News,http://mainelakesnews.com,mediascopeAll/Maine_Lakes_News.png,2026-06-20 22:24:18,USA,MIXED,,RIGHT-CENTER,Questionable Source,MIXED
Maine Morning Star,https://mainemorningstar.com,mediascopeAll/Maine_Morning_Star.png,2026-06-03 20:14:57,USA,HIGH,1,LEFT,,HIGH
Maldon Standard,https://maldonandburnhamstandard.co.uk,mediascopeAll/Maldon_Standard.png,2026-06-03 20:16:16,,HIGH,1,LEAST BIASED,,HIGH
Malvern Gazette,https://malverngazette.co.uk,mediascopeAll/Malvern_Gazette.png,2026-06-03 20:16:25,,HIGH,1,LEAST BIASED,,HIGH
Manatee Review,http://manateereview.com,mediascopeAll/Manatee_Review.png,2026-06-20 20:27:30,USA,MIXED,,RIGHT-CENTER,Questionable Source,MIXED
Mansfield News-Journal,https://mansfieldnewsjournal.com,mediascopeAll/Mansfield_News-Journal.png,2026-06-03 20:16:35,USA,HIGH,1,LEFT-CENTER,,HIGH
Mansfield Times,http://mansfieldtimes.com,mediascopeAll/Mansfield_Times.png,2026-06-20 19:23:26,USA,MIXED,,RIGHT-CENTER,Questionable Source,MIXED
ManufacturingDive,https://manufacturingdive.com,mediascopeAll/ManufacturingDive.png,2026-06-03 20:16:56,USA,HIGH,1,LEAST BIASED,,HIGH
Marginal Revolution,https://marginalrevolution.com,mediascopeAll/Marginal_Revolution.png,2026-06-03 20:16:46,USA,HIGH,1,RIGHT-CENTER,,HIGH
Marietta Daily Journal,https://mdjonline.com,mediascopeAll/Marietta_Daily_Journal.png,2026-06-03 20:17:18,USA,HIGH,1,RIGHT-CENTER,,HIGH
Marin Leader,http://marinleader.com,mediascopeAll/Marin_Leader.png,2026-06-20 20:22:18,USA,MIXED,,RIGHT-CENTER,Questionable Source,MIXED
Marion Star,https://marionstar.com,mediascopeAll/Marion_Star.png,2026-06-03 20:17:56,USA,HIGH,1,LEFT-CENTER,,HIGH
Marion-Morrow Times,http://marionmorrowtimes.com,mediascopeAll/Marion-Morrow_Times.png,2026-06-20 21:16:18,USA,MIXED,,RIGHT-CENTER,Questionable Source,MIXED
MarketBeat,https://marketbeat.com,mediascopeAll/MarketBeat.png,2026-06-03 20:17:29,USA,HIGH,1,LEAST BIASED,,HIGH
MarketingDive,https://marketingdive.com,mediascopeAll/MarketingDive.png,2026-06-03 20:17:39,USA,HIGH,1,LEAST BIASED,,HIGH
Maryland State Wire,http://mdstatewire.com,mediascopeAll/Maryland_State_Wire.png,2026-06-20 19:14:12,USA,MIXED,,RIGHT-CENTER,Questionable Source,MIXED
Mat-Su Times,https://matsutimes.com,mediascopeAll/Mat-Su_Times.png,2026-06-08 20:11:08,USA,MIXED,,RIGHT-CENTER,Questionable Source,MIXED
McHenry Times,http://mchenrytimes.com,mediascopeAll/McHenry_Times.png,2026-06-20 21:48:50,USA,MIXED,,RIGHT-CENTER,Questionable Source,MIXED
McLean County Times,http://mcleancountytimes.com,mediascopeAll/McLean_County_Times.png,2026-06-20 21:18:23,USA,MIXED,,RIGHT-CENTER,Questionable Source,MIXED
MedTechDive,https://medtechdive.com,mediascopeAll/MedTechDive.png,2026-06-03 20:17:55,USA,HIGH,1,LEAST BIASED,,HIGH
Media Research Center,https://MRC.org,mediascopeAll/Media_Research_Center.png,2026-06-08 20:12:12,USA,MIXED,,RIGHT,,MIXED
MedicalTyranny,https://medicaltyranny.com,mediascopeAll/MedicalTyranny.png,2026-06-03 23:57:36,USA,VERY LOW,0,RIGHT,,LOW
Medina Today,http://medinatoday.com,mediascopeAll/Medina_Today.png,2026-06-20 22:01:32,USA,MIXED,,RIGHT-CENTER,Questionable Source,MIXED
Meditech Today,https://meditechtoday.com,mediascopeAll/Meditech_Today.png,2026-06-08 20:12:46,USA,MOSTLY FACTUAL,,LEFT-CENTER,,HIGH
Melfort Journal,https://melfortjournal.com,mediascopeAll/Melfort_Journal.png,2026-06-03 20:18:45,,HIGH,1,RIGHT-CENTER,,HIGH
Men Going Their Own Way,https://mgtow.tv,mediascopeAll/Men_Going_Their_Own_Way.png,2026-06-03 20:18:57,USA,LOW,0,EXTREME RIGHT,Questionable Source,LOW
Merced Times,http://mercedtimes.com,mediascopeAll/Merced_Times.png,2026-06-20 20:07:08,USA,MIXED,,RIGHT-CENTER,Questionable Source,MIXED
Mercer Times,http://mercertimes.com,mediascopeAll/Mercer_Times.png,2026-06-20 20:39:44,USA,MIXED,,RIGHT-CENTER,Questionable Source,MIXED
Metro East Sun,http://metroeastsun.com,mediascopeAll/Metro_East_Sun.png,2026-06-20 21:56:28,USA,MIXED,,RIGHT-CENTER,Questionable Source,MIXED
Metro Lex News,http://metrolexnews.com,mediascopeAll/Metro_Lex_News.png,2026-06-20 20:05:02,USA,MIXED,,RIGHT-CENTER,Questionable Source,MIXED
Metro West Times,http://metrowesttimes.com,mediascopeAll/Metro_West_Times.png,2026-06-20 21:48:41,USA,MIXED,,RIGHT-CENTER,Questionable Source,MIXED
Mexico Business Daily,http://mexicobusinessdaily.com,mediascopeAll/Mexico_Business_Daily.png,2026-06-20 22:17:08,USA,MIXED,,RIGHT-CENTER,Questionable Source,MIXED
Mexico Daily Post,http://mexicodailypost.com,mediascopeAll/Mexico_Daily_Post.png,2026-06-20 22:24:08,Unknown,MIXED,,LEFT-CENTER,Questionable Source,MIXED
Miami Courant,http://miamicourant.com,mediascopeAll/Miami_Courant.png,2026-06-20 21:11:32,USA,MIXED,,RIGHT-CENTER,Questionable Source,MIXED
Miami Independent,http://miamiindependent.com,mediascopeAll/Miami_Independent.png,2026-06-21 17:49:45,USA,LOW,,EXTREME RIGHT,Questionable Source,LOW
MichaelSalla.com,https://michaelsalla.com,mediascopeAll/MichaelSalla.com.png,2026-06-03 20:18:35,USA,LOW,0,RIGHT,,LOW
Michigan Capitol Confidential,https://michigancapitolconfidential.com,mediascopeAll/Michigan_Capitol_Confidential.png,2026-06-08 20:14:42,USA,MOSTLY FACTUAL,,RIGHT-CENTER,,HIGH
Michigan Gander,http://gandernewsroom.com,mediascopeAll/Michigan_Gander.png,2026-06-20 22:14:22,USA,MIXED,,LEFT-CENTER,Questionable Source,MIXED
Michigan Star,http://themichiganstar.com,mediascopeAll/Michigan_Star.png,2026-06-20 20:21:23,USA,MIXED,,RIGHT,Questionable Source,MIXED
Michoacan Post,http://michoacanpost.com,mediascopeAll/Michoacan_Post.png,2026-06-20 19:33:45,Unknown,MIXED,,LEFT-CENTER,Questionable Source,MIXED
Mid Massachusetts News,http://midmassnews.com,mediascopeAll/Mid_Massachusetts_News.png,2026-06-20 20:37:38,USA,MIXED,,RIGHT-CENTER,Questionable Source,MIXED
Middle East Forum,http://www.meforum.org,mediascopeAll/Middle_East_Forum.png,2026-06-20 19:40:13,USA,LOW,,EXTREME RIGHT,Questionable Source,LOW
Mind Matters,https://mindmatters.ai,mediascopeAll/Mind_Matters.png,2026-06-03 20:19:12,USA,LOW,0,RIGHT,,LOW
Minneapolis Review,http://minneapolisreview.com,mediascopeAll/Minneapolis_Review.png,2026-06-20 21:33:05,USA,MIXED,,RIGHT-CENTER,Questionable Source,MIXED
Minnesota State Wire,http://minnesotastatewire.com,mediascopeAll/Minnesota_State_Wire.png,2026-06-20 20:24:31,USA,MIXED,,RIGHT-CENTER,Questionable Source,MIXED
Mississippi Gulf News,http://msgulfnews.com,mediascopeAll/Mississippi_Gulf_News.png,2026-06-20 20:53:17,USA,MIXED,,RIGHT-CENTER,Questionable Source,MIXED
Mississippi Today,https://mississippitoday.org,mediascopeAll/Mississippi_Today.png,2026-06-03 23:22:06,USA,HIGH,1,LEFT-CENTER,,HIGH
Mobile Courant,http://mobilecourant.com,mediascopeAll/Mobile_Courant.png,2026-06-20 19:22:06,USA,MIXED,,RIGHT-CENTER,Questionable Source,MIXED
Modern Diplomacy,https://moderndiplomacy.eu,mediascopeAll/Modern_Diplomacy.png,2026-06-08 20:18:29,,MIXED,,RIGHT,,MIXED
Mohave Today,http://mohavetoday.com,mediascopeAll/Mohave_Today.png,2026-06-20 19:34:06,USA,MIXED,,RIGHT-CENTER,Questionable Source,MIXED
Mondoweiss,http://mondoweiss.net,mediascopeAll/Mondoweiss.png,2026-06-20 19:15:52,USA,MIXED,,LEFT,Questionable Source,MIXED
Money Crashers,https://moneycrashers.com,mediascopeAll/Money_Crashers.png,2026-06-08 20:19:07,,MIXED,,LEAST BIASED,,MIXED
Mongabay,https://news.mongabay.com,mediascopeAll/Mongabay.png,2026-06-03 20:20:19,USA,HIGH,1,LEFT-CENTER,,HIGH
Monroe NY News,http://monroenynews.com,mediascopeAll/Monroe_NY_News.png,2026-06-20 20:33:43,USA,MIXED,,RIGHT-CENTER,Questionable Source,MIXED
Monroe Review,http://monroereview.com,mediascopeAll/Monroe_Review.png,2026-06-20 19:47:11,USA,MIXED,,RIGHT-CENTER,Questionable Source,MIXED
Monterey Times,http://montereytimes.com,mediascopeAll/Monterey_Times.png,2026-06-20 20:20:17,USA,MIXED,,RIGHT-CENTER,Questionable Source,MIXED
Monthly Review,https://monthlyreview.org,mediascopeAll/Monthly_Review.png,2026-06-08 20:20:19,USA,MOSTLY FACTUAL,,LEFT,,HIGH
Moonshot News,https://moonshot.news,mediascopeAll/Moonshot_News.png,2026-06-08 20:20:19,,MOSTLY FACTUAL,,LEFT-CENTER,,HIGH
Morelos Daily Post,http://morelosdailypost.com,mediascopeAll/Morelos_Daily_Post.png,2026-06-20 20:41:15,Unknown,MIXED,,LEFT-CENTER,Questionable Source,MIXED
Morrison Institute for Public Policy,https://morrisoninstitute.asu.edu,mediascopeAll/Morrison_Institute_for_Public_Policy.png,2026-06-08 20:21:02,,MIXED,,LEAST BIASED,,MIXED
Mosaic Magazine,https://mosaicmagazine.com,mediascopeAll/Mosaic_Magazine.png,2026-06-08 20:21:19,USA,MOSTLY FACTUAL,,RIGHT-CENTER,,HIGH
Movement Advancement Project,https://mapresearch.org,mediascopeAll/Movement_Advancement_Project.png,2026-06-08 20:22:43,USA,MOSTLY FACTUAL,,LEFT,,HIGH
MultiFamilyDive,https://multifamilydive.com,mediascopeAll/MultiFamilyDive.png,2026-06-03 20:20:54,USA,HIGH,1,LEAST BIASED,,HIGH
NBCNewYork.com,https://nbcnewyork.com,mediascopeAll/NBCNewYork.com.png,2026-06-03 20:21:27,USA,HIGH,1,LEFT-CENTER,,HIGH
NC Florida News,http://ncfloridanews.com,mediascopeAll/NC_Florida_News.png,2026-06-20 19:45:10,USA,MIXED,,RIGHT-CENTER,Questionable Source,MIXED
NC Georgia News,http://ncgeorgianews.com,mediascopeAll/NC_Georgia_News.png,2026-06-20 21:42:31,USA,MIXED,,RIGHT-CENTER,Questionable Source,MIXED
NC Kansas News,http://nckansasnews.com,mediascopeAll/NC_Kansas_News.png,2026-06-20 20:18:35,USA,MIXED,,RIGHT-CENTER,Questionable Source,MIXED
NC Kentucky News,http://nckentuckynews.com,mediascopeAll/NC_Kentucky_News.png,2026-06-20 20:38:22,USA,MIXED,,RIGHT-CENTER,Questionable Source,MIXED
NC Massachusetts News,http://ncmassnews.com,mediascopeAll/NC_Massachusetts_News.png,2026-06-20 20:41:06,USA,MIXED,,RIGHT-CENTER,Questionable Source,MIXED
NC Minnesota News,http://ncminnesotanews.com,mediascopeAll/NC_Minnesota_News.png,2026-06-20 22:23:22,USA,MIXED,,RIGHT-CENTER,Questionable Source,MIXED
NC North Carolina News,http://ncncnews.com,mediascopeAll/NC_North_Carolina_News.png,2026-06-20 21:40:21,USA,MIXED,,RIGHT-CENTER,Questionable Source,MIXED
NC Oklahoma News,http://ncoklahomanews.com,mediascopeAll/NC_Oklahoma_News.png,2026-06-20 19:54:12,USA,MIXED,,RIGHT-CENTER,Questionable Source,MIXED
NC Union News,http://ncunionnews.com,mediascopeAll/NC_Union_News.png,2026-06-20 20:11:50,USA,MIXED,,RIGHT-CENTER,Questionable Source,MIXED
ND North News,http://ndnorthnews.com,mediascopeAll/ND_North_News.png,2026-06-20 19:18:24,,MIXED,,RIGHT-CENTER,Questionable Source,MIXED
NE Bergen News,http://nebergennews.com,mediascopeAll/NE_Bergen_News.png,2026-06-20 20:21:41,USA,MIXED,,RIGHT-CENTER,Questionable Source,MIXED
NE Connecticut News,http://neconnnews.com,mediascopeAll/NE_Connecticut_News.png,2026-06-20 19:19:49,USA,MIXED,,RIGHT-CENTER,Questionable Source,MIXED
NE Florida News,http://nefloridanews.com,mediascopeAll/NE_Florida_News.png,2026-06-20 20:05:21,USA,MIXED,,RIGHT-CENTER,Questionable Source,MIXED
NE Franklin News,http://nefranklinnews.com,mediascopeAll/NE_Franklin_News.png,2026-06-20 19:08:05,USA,MIXED,,RIGHT-CENTER,Questionable Source,MIXED
NE Indiana News,http://neindiananews.com,mediascopeAll/NE_Indiana_News.png,2026-06-20 19:36:39,USA,MIXED,,RIGHT-CENTER,Questionable Source,MIXED
NE Iowa News,http://neiowanews.com,mediascopeAll/NE_Iowa_News.png,2026-06-20 22:30:47,USA,MIXED,,RIGHT-CENTER,Questionable Source,MIXED
NE Kansas City News,http://nekansascitynews.com,mediascopeAll/NE_Kansas_City_News.png,2026-06-20 20:05:44,USA,MIXED,,RIGHT-CENTER,Questionable Source,MIXED
NE Kansas News,http://nekansasnews.com,mediascopeAll/NE_Kansas_News.png,2026-06-20 19:20:59,USA,MIXED,,RIGHT-CENTER,Questionable Source,MIXED
NE Kentucky News,http://nekentuckynews.com,mediascopeAll/NE_Kentucky_News.png,2026-06-20 19:43:24,USA,MIXED,,RIGHT-CENTER,Questionable Source,MIXED
NE Missouri News,http://nemissourinews.com,mediascopeAll/NE_Missouri_News.png,2026-06-20 19:43:14,USA,MIXED,,RIGHT-CENTER,Questionable Source,MIXED
NE Nebraska News,http://nenebraskanews.com,mediascopeAll/NE_Nebraska_News.png,2026-06-20 19:11:49,USA,MIXED,,RIGHT-CENTER,Questionable Source,MIXED
NE New Mexico News,http://nenewmexiconews.com,mediascopeAll/NE_New_Mexico_News.png,2026-06-20 19:50:29,USA,MIXED,,RIGHT-CENTER,Questionable Source,MIXED
NE New York Today,http://nenewyorktoday.com,mediascopeAll/NE_New_York_Today.png,2026-06-20 20:49:59,USA,MIXED,,RIGHT-CENTER,Questionable Source,MIXED
NE North Dakota News,http://nenorthdakotanews.com,mediascopeAll/NE_North_Dakota_News.png,2026-06-20 22:21:27,USA,MIXED,,RIGHT-CENTER,Questionable Source,MIXED
NE Ohio Times,http://neohiotimes.com,mediascopeAll/NE_Ohio_Times.png,2026-06-20 22:25:23,USA,MIXED,,RIGHT-CENTER,Questionable Source,MIXED
NE Sacramento News,http://nesacramentonews.com,mediascopeAll/NE_Sacramento_News.png,2026-06-20 22:16:24,USA,MIXED,,RIGHT-CENTER,Questionable Source,MIXED
NE Valley Times,http://nevalleytimes.com,mediascopeAll/NE_Valley_Times.png,2026-06-20 22:28:32,USA,MIXED,,RIGHT-CENTER,Questionable Source,MIXED
NGO Monitor,https://ngo-monitor.org,mediascopeAll/NGO_Monitor.png,2026-06-08 20:29:54,,MIXED,,RIGHT,,MIXED
NNSL Media,https://nnsl.com,mediascopeAll/NNSL_Media.png,2026-06-03 20:21:05,,HIGH,1,LEFT-CENTER,,HIGH
NRA - Institute for Legislative Action,https://nraila.org,mediascopeAll/NRA_-_Institute_for_Legislative_Action.png,2026-06-08 20:30:19,USA,MIXED,,RIGHT,,MIXED
NTD.TV,https://www.ntd.com/news,mediascopeAll/NTD.TV.png,2026-06-08 20:30:40,USA,MIXED,,RIGHT,,MIXED
NW Alabama News,http://nwalabamanews.com,mediascopeAll/NW_Alabama_News.png,2026-06-20 20:44:37,USA,MIXED,,RIGHT-CENTER,Questionable Source,MIXED
NW Arkansas News,http://nwarkansasnews.com,mediascopeAll/NW_Arkansas_News.png,2026-06-20 19:56:12,USA,MIXED,,RIGHT-CENTER,Questionable Source,MIXED
NW Atlanta News,http://nwatlantanews.com,mediascopeAll/NW_Atlanta_News.png,2026-06-20 21:32:01,USA,MIXED,,RIGHT-CENTER,Questionable Source,MIXED
NW Bergen News,http://nwbergennews.com,mediascopeAll/NW_Bergen_News.png,2026-06-20 20:12:28,USA,MIXED,,RIGHT-CENTER,Questionable Source,MIXED
NW Clark News,http://nwclarknews.com,mediascopeAll/NW_Clark_News.png,2026-06-20 21:09:51,USA,MIXED,,RIGHT-CENTER,Questionable Source,MIXED
NW Connecticut News,http://nwconnnews.com,mediascopeAll/NW_Connecticut_News.png,2026-06-20 20:52:45,USA,MIXED,,RIGHT-CENTER,Questionable Source,MIXED
NW Franklin News,http://nwfranklinnews.com,mediascopeAll/NW_Franklin_News.png,2026-06-20 20:07:31,USA,MIXED,,RIGHT-CENTER,Questionable Source,MIXED
NW Georgia News,http://nwgeorgianews.com,mediascopeAll/NW_Georgia_News.png,2026-06-20 19:51:13,USA,MIXED,,RIGHT-CENTER,Questionable Source,MIXED
NW Jersey News,http://nwjerseynews.com,mediascopeAll/NW_Jersey_News.png,2026-06-20 20:03:58,USA,MIXED,,RIGHT-CENTER,Questionable Source,MIXED
NW Kansas News,http://nwkansasnews.com,mediascopeAll/NW_Kansas_News.png,2026-06-20 21:11:15,USA,MIXED,,RIGHT-CENTER,Questionable Source,MIXED
NW Louisiana News,http://nwlouisiananews.com,mediascopeAll/NW_Louisiana_News.png,2026-06-20 20:57:34,USA,MIXED,,RIGHT-CENTER,Questionable Source,MIXED
NW Mississippi News,http://nwmissnews.com,mediascopeAll/NW_Mississippi_News.png,2026-06-20 22:21:54,USA,MIXED,,RIGHT-CENTER,Questionable Source,MIXED
NW Missouri Times,http://nwmissouritimes.com,mediascopeAll/NW_Missouri_Times.png,2026-06-20 21:37:28,USA,MIXED,,RIGHT-CENTER,Questionable Source,MIXED
NW New Mexico News,http://nwnewmexiconews.com,mediascopeAll/NW_New_Mexico_News.png,2026-06-20 22:00:03,USA,MIXED,,RIGHT-CENTER,Questionable Source,MIXED
NW Ohio Times,http://nwohiotimes.com,mediascopeAll/NW_Ohio_Times.png,2026-06-20 20:05:26,USA,MIXED,,RIGHT-CENTER,Questionable Source,MIXED
NW Oklahoma News,http://nwoklahomanews.com,mediascopeAll/NW_Oklahoma_News.png,2026-06-20 21:21:42,USA,MIXED,,RIGHT-CENTER,Questionable Source,MIXED
NW Riverside News,http://nwriversidenews.com,mediascopeAll/NW_Riverside_News.png,2026-06-20 20:11:26,USA,MIXED,,RIGHT-CENTER,Questionable Source,MIXED
NW Twin Cities,https://nwtwincities.com,mediascopeAll/NW_Twin_Cities.png,2026-06-08 20:35:14,USA,MIXED,,RIGHT-CENTER,,MIXED
NYC Gazette,http://nycgazette.com,mediascopeAll/NYC_Gazette.png,2026-06-20 21:39:09,USA,MIXED,,RIGHT-CENTER,Questionable Source,MIXED
Nantahala News,http://nantahalanews.com,mediascopeAll/Nantahala_News.png,2026-06-20 19:49:38,USA,MIXED,,RIGHT-CENTER,Questionable Source,MIXED
Naples Standard,http://naplesstandard.com,mediascopeAll/Naples_Standard.png,2026-06-20 20:52:26,USA,MIXED,,RIGHT-CENTER,Questionable Source,MIXED
Nassau Standard,http://nassaustandard.com,mediascopeAll/Nassau_Standard.png,2026-06-20 21:19:02,USA,MIXED,,RIGHT-CENTER,Questionable Source,MIXED
National Business Review,https://nbr.co.nz,mediascopeAll/National_Business_Review.png,2026-06-03 20:21:24,,HIGH,1,LEAST BIASED,,HIGH
National Conservatism,https://nationalconservatism.org,mediascopeAll/National_Conservatism.png,2026-06-08 20:37:39,USA,MIXED,,RIGHT,,MIXED
National File,https://nationalfile.com,mediascopeAll/National_File.png,2026-06-03 23:59:13,USA,LOW,0,RIGHT,,LOW
National Immigration Law Center,https://nilc.org,mediascopeAll/National_Immigration_Law_Center.png,2026-06-08 20:37:53,USA,MOSTLY FACTUAL,,LEFT,,HIGH
National Organization for Women,https://now.org,mediascopeAll/National_Organization_for_Women.png,2026-06-08 20:38:02,USA,MOSTLY FACTUAL,,LEFT,,HIGH
National Republican Senatorial Committee,https://nrsc.org,mediascopeAll/National_Republican_Senatorial_Committee.png,2026-06-08 20:38:19,USA,MIXED,,RIGHT,,MIXED
National Security Archive,https://nsarchive.gwu.edu,mediascopeAll/National_Security_Archive.png,2026-06-03 20:21:38,USA,HIGH,1,LEAST BIASED,,HIGH
National union of Journalists,https://nuj.org.uk,mediascopeAll/National_union_of_Journalists.png,2026-06-03 20:21:46,,HIGH,1,LEFT-CENTER,,HIGH
NationalWorld,https://nationalworld.com,mediascopeAll/NationalWorld.png,2026-06-08 20:38:23,,MOSTLY FACTUAL,,LEFT-CENTER,,HIGH
Natural State News,http://naturalstatenews.com,mediascopeAll/Natural_State_News.png,2026-06-20 19:53:20,USA,MIXED,,RIGHT-CENTER,Questionable Source,MIXED
Nature Coast Times,http://naturecoasttimes.com,mediascopeAll/Nature_Coast_Times.png,2026-06-20 21:05:10,USA,MIXED,,RIGHT-CENTER,Questionable Source,MIXED
Naugutuck Times,https://naugatucktimes.com,mediascopeAll/Naugutuck_Times.png,2026-06-08 20:39:27,USA,MIXED,,RIGHT-CENTER,Questionable Source,MIXED
Navy Times,https://navytimes.com,mediascopeAll/Navy_Times.png,2026-06-03 20:22:51,USA,HIGH,1,LEAST BIASED,,HIGH
Nayarit Post,http://thenayaritpost.com,mediascopeAll/Nayarit_Post.png,2026-06-20 22:00:55,Unknown,MIXED,,LEFT-CENTER,Questionable Source,MIXED
Nebraska Examiner,https://nebraskaexaminer.com,mediascopeAll/Nebraska_Examiner.png,2026-06-03 20:22:30,USA,HIGH,1,LEFT,,HIGH
Nebraska Panhandle News,http://nepanhandlenews.com,mediascopeAll/Nebraska_Panhandle_News.png,2026-06-20 21:41:30,USA,MIXED,,RIGHT-CENTER,Questionable Source,MIXED
New Braunfels Herald-Zeitung,https://herald-zeitung.com,mediascopeAll/New_Braunfels_Herald-Zeitung.png,2026-06-08 20:40:08,USA,MOSTLY FACTUAL,,RIGHT-CENTER,,HIGH
New Discourses,http://newdiscourses.com,mediascopeAll/New_Discourses.png,2026-06-20 19:22:14,USA,LOW,,EXTREME RIGHT,Questionable Source,LOW
New Hampshire Business Daily,http://nhbusinessdaily.com,mediascopeAll/New_Hampshire_Business_Daily.png,2026-06-20 19:17:15,USA,MIXED,,RIGHT-CENTER,Questionable Source,MIXED
New Lines Magazine,https://newlinesmag.com,mediascopeAll/New_Lines_Magazine.png,2026-06-03 20:22:52,USA,HIGH,1,LEFT-CENTER,,HIGH
New Mexico Sun,http://newmexicosun.com,mediascopeAll/New_Mexico_Sun.png,2026-06-20 21:17:34,USA,MIXED,,RIGHT-CENTER,Questionable Source,MIXED
New Yorker,https://newyorker.com,mediascopeAll/New_Yorker.png,2026-06-03 20:23:54,USA,HIGH,1,LEFT,,HIGH
New Zealand Doctors Speaking Out with Science,https://nzdsos.com,mediascopeAll/New_Zealand_Doctors_Speaking_Out_with_Science.png,2026-06-03 20:22:41,,LOW,0,RIGHT,,LOW
Newark Advocate,https://newarkadvocate.com,mediascopeAll/Newark_Advocate.png,2026-06-04 00:01:36,USA,HIGH,1,LEFT-CENTER,,HIGH
Newport Daily News,https://newportri.com,mediascopeAll/Newport_Daily_News.png,2026-06-04 00:01:30,USA,HIGH,1,LEFT-CENTER,,HIGH
News Addicts,http://newsaddicts.com,mediascopeAll/News_Addicts.png,2026-06-20 20:41:15,USA,LOW,,EXTREME RIGHT,Questionable Source,LOW
News Rescue,http://newsrescue.com,mediascopeAll/News_Rescue.png,2026-06-20 21:10:08,Nigeria,MIXED,,RIGHT-CENTER,Questionable Source,MIXED
News Ventura News,https://eastventuranews.com,mediascopeAll/News_Ventura_News.png,2026-06-08 20:40:36,USA,MIXED,,RIGHT-CENTER,Questionable Source,MIXED
News24,https://www.news24.com/,mediascopeAll/News24.png,2026-06-03 20:24:48,,HIGH,1,LEAST BIASED,,HIGH
NewsClick,https://newsclick.in,mediascopeAll/NewsClick.png,2026-06-08 20:40:59,,MIXED,,LEFT,,MIXED
NewsLaundry,https://newslaundry.com,mediascopeAll/NewsLaundry.png,2026-06-08 20:41:09,,MOSTLY FACTUAL,,LEFT-CENTER,,HIGH
Newsbusters,https://newsbusters.org,mediascopeAll/Newsbusters.png,2026-06-08 20:41:31,USA,MIXED,,RIGHT,,MIXED
Newsful,https://newsfulonline.com,mediascopeAll/Newsful.png,2026-06-08 20:41:57,USA,MOSTLY FACTUAL,,LEAST BIASED,,HIGH
Newsweek,https://newsweek.com,mediascopeAll/Newsweek.png,2026-06-08 20:42:48,USA,MOSTLY FACTUAL,,RIGHT-CENTER,,HIGH
Niagara Leader,http://niagaraleader.com,mediascopeAll/Niagara_Leader.png,2026-06-20 21:41:19,USA,MIXED,,RIGHT-CENTER,Questionable Source,MIXED
Niche Gamer,https://nichegamer.com,mediascopeAll/Niche_Gamer.png,2026-06-08 20:43:24,USA,MIXED,,RIGHT,,MIXED
No Labels,https://nolabels.org,mediascopeAll/No_Labels.png,2026-06-03 20:24:30,USA,HIGH,1,LEAST BIASED,,HIGH
NoTricksZone,https://notrickszone.com,mediascopeAll/NoTricksZone.png,2026-06-04 00:03:53,,LOW,0,RIGHT,,LOW
Nonprofit Quarterly,https://nonprofitquarterly.org,mediascopeAll/Nonprofit_Quarterly.png,2026-06-08 20:44:05,USA,MOSTLY FACTUAL,,LEFT,,HIGH
Norfolk & Tillsonburg News,https://norfolkandtillsonburgnews.com,mediascopeAll/Norfolk_Tillsonburg_News.png,2026-06-03 20:24:51,,HIGH,1,RIGHT-CENTER,,HIGH
Norfolk Reporter,http://norfolkreporter.com,mediascopeAll/Norfolk_Reporter.png,2026-06-20 19:57:32,USA,MIXED,,RIGHT-CENTER,Questionable Source,MIXED
North Acadiana News,http://northacadiananews.com,mediascopeAll/North_Acadiana_News.png,2026-06-20 19:40:32,USA,MIXED,,RIGHT-CENTER,Questionable Source,MIXED
North Alaska News,http://northalaskanews.com,mediascopeAll/North_Alaska_News.png,2026-06-20 21:04:54,USA,MIXED,,RIGHT-CENTER,Questionable Source,MIXED
North Baltimore Journal,http://northbaltimorejournal.com,mediascopeAll/North_Baltimore_Journal.png,2026-06-20 20:53:24,USA,MIXED,,RIGHT-CENTER,Questionable Source,MIXED
North Bay Nugget,https://nugget.ca,mediascopeAll/North_Bay_Nugget.png,2026-06-03 20:25:16,,HIGH,1,RIGHT-CENTER,,HIGH
North Blueglass News,https://northbluegrassnews.com,mediascopeAll/North_Blueglass_News.png,2026-06-08 20:45:44,USA,MIXED,,RIGHT-CENTER,Questionable Source,MIXED
North Boston News,http://northbostonnews.com,mediascopeAll/North_Boston_News.png,2026-06-20 21:45:25,USA,MIXED,,RIGHT-CENTER,Questionable Source,MIXED
North Broward News,http://northbrowardnews.com,mediascopeAll/North_Broward_News.png,2026-06-20 19:13:41,USA,MIXED,,RIGHT-CENTER,Questionable Source,MIXED
North Central Arkansas News,http://ncarkansasnews.com,mediascopeAll/North_Central_Arkansas_News.png,2026-06-20 22:16:28,USA,MIXED,,RIGHT-CENTER,Questionable Source,MIXED
North Charlotte Today,http://northcharlottetoday.com,mediascopeAll/North_Charlotte_Today.png,2026-06-20 21:17:52,USA,MIXED,,RIGHT-CENTER,Questionable Source,MIXED
North Cincy News,http://northcincynews.com,mediascopeAll/North_Cincy_News.png,2026-06-20 21:03:23,USA,MIXED,,RIGHT-CENTER,Questionable Source,MIXED
North Coast California News,http://northcoastcanews.com,mediascopeAll/North_Coast_California_News.png,2026-06-20 21:15:31,USA,MIXED,,RIGHT-CENTER,Questionable Source,MIXED
North Country Leader,http://northcountryleader.com,mediascopeAll/North_Country_Leader.png,2026-06-20 21:22:04,USA,MIXED,,RIGHT-CENTER,Questionable Source,MIXED
North Country Reporter,http://northcountryreporter.com,mediascopeAll/North_Country_Reporter.png,2026-06-20 19:40:02,USA,MIXED,,RIGHT-CENTER,Questionable Source,MIXED
North DSM News,http://northdsmnews.com,mediascopeAll/North_DSM_News.png,2026-06-20 21:03:03,USA,MIXED,,RIGHT-CENTER,Questionable Source,MIXED
North Dakota Monitor,https://northdakotamonitor.com,mediascopeAll/North_Dakota_Monitor.png,2026-06-03 20:25:05,USA,HIGH,1,LEFT,,HIGH
North Dayton News,http://northdaytonnews.com,mediascopeAll/North_Dayton_News.png,2026-06-20 19:33:09,USA,MIXED,,RIGHT-CENTER,Questionable Source,MIXED
North Egypt News,http://northegyptnews.com,mediascopeAll/North_Egypt_News.png,2026-06-20 22:28:00,USA,MIXED,,RIGHT-CENTER,Questionable Source,MIXED
North Fulton Today,http://northfultontoday.com,mediascopeAll/North_Fulton_Today.png,2026-06-20 20:59:45,,MIXED,,RIGHT-CENTER,Questionable Source,MIXED
North Guilford News,http://northguilfordnews.com,mediascopeAll/North_Guilford_News.png,2026-06-20 21:09:45,USA,MIXED,,RIGHT-CENTER,Questionable Source,MIXED
North Gwinnett News,http://northgwinnettnews.com,mediascopeAll/North_Gwinnett_News.png,2026-06-20 21:59:13,USA,MIXED,,RIGHT-CENTER,Questionable Source,MIXED
North Hennepin News,http://northhennepinnews.com,mediascopeAll/North_Hennepin_News.png,2026-06-20 21:54:37,USA,MIXED,,RIGHT-CENTER,Questionable Source,MIXED
North Idaho Times,http://northidahotimes.com,mediascopeAll/North_Idaho_Times.png,2026-06-20 21:03:43,USA,MIXED,,RIGHT-CENTER,Questionable Source,MIXED
North Inland News,http://northinlandnews.com,mediascopeAll/North_Inland_News.png,2026-06-20 20:04:39,USA,MIXED,,RIGHT-CENTER,Questionable Source,MIXED
North Iowa Reporter,http://northiowareporter.com,mediascopeAll/North_Iowa_Reporter.png,2026-06-20 20:02:46,USA,MIXED,,RIGHT-CENTER,Questionable Source,MIXED
North Iredell News,http://northiredellnews.com,mediascopeAll/North_Iredell_News.png,2026-06-20 20:40:56,USA,MIXED,,RIGHT-CENTER,Questionable Source,MIXED
North Jefferson County News,http://northjeffconews.com,mediascopeAll/North_Jefferson_County_News.png,2026-06-20 20:09:07,USA,MIXED,,RIGHT-CENTER,Questionable Source,MIXED
North Kent News,http://northkentnews.com,mediascopeAll/North_Kent_News.png,2026-06-20 22:21:11,USA,MIXED,,RIGHT-CENTER,Questionable Source,MIXED
North Lake Times,http://northlaketimes.com,mediascopeAll/North_Lake_Times.png,2026-06-20 19:18:53,USA,MIXED,,RIGHT-CENTER,Questionable Source,MIXED
North Little Rock Times,http://northlittlerocktimes.com,mediascopeAll/North_Little_Rock_Times.png,2026-06-20 21:28:34,USA,MIXED,,RIGHT-CENTER,Questionable Source,MIXED
North Mecklenburg,https://northmecklenburgnews.com,mediascopeAll/North_Mecklenburg.png,2026-06-08 20:51:17,USA,MIXED,,RIGHT-CENTER,Questionable Source,MIXED
North Miami-Dade News,http://northmianews.com,mediascopeAll/North_Miami-Dade_News.png,2026-06-20 20:40:06,USA,MIXED,,RIGHT-CENTER,Questionable Source,MIXED
North Michigan News,http://northmichigannews.com,mediascopeAll/North_Michigan_News.png,2026-06-20 21:00:33,USA,MIXED,,RIGHT-CENTER,Questionable Source,MIXED
North Middlesex Times,http://northmiddlesextimes.com,mediascopeAll/North_Middlesex_Times.png,2026-06-20 19:29:00,USA,MIXED,,RIGHT-CENTER,Questionable Source,MIXED
North Nevada News,http://northnevadanews.com,mediascopeAll/North_Nevada_News.png,2026-06-20 19:34:25,USA,MIXED,,RIGHT-CENTER,Questionable Source,MIXED
North New Castle News,http://northnewcastlenews.com,mediascopeAll/North_New_Castle_News.png,2026-06-20 22:18:16,USA,MIXED,,RIGHT-CENTER,Questionable Source,MIXED
North OKC News,http://northokcnews.com,mediascopeAll/North_OKC_News.png,2026-06-20 20:30:32,USA,MIXED,,RIGHT-CENTER,Questionable Source,MIXED
North Omaha Times,http://northomahatimes.com,mediascopeAll/North_Omaha_Times.png,2026-06-20 20:57:25,USA,MIXED,,RIGHT-CENTER,Questionable Source,MIXED
North Orlando News,http://northorlandonews.com,mediascopeAll/North_Orlando_News.png,2026-06-20 19:55:22,USA,MIXED,,RIGHT-CENTER,Questionable Source,MIXED
North Panhandle News,http://northpanhandlenews.com,mediascopeAll/North_Panhandle_News.png,2026-06-20 19:18:28,USA,MIXED,,RIGHT-CENTER,Questionable Source,MIXED
North Pima News,http://northpimanews.com,mediascopeAll/North_Pima_News.png,2026-06-20 22:29:31,USA,MIXED,,RIGHT-CENTER,Questionable Source,MIXED
North Pinellas News,http://northpinellasnews.com,mediascopeAll/North_Pinellas_News.png,2026-06-20 19:52:14,USA,MIXED,,RIGHT-CENTER,Questionable Source,MIXED
North Raleigh Today,http://northraleightoday.com,mediascopeAll/North_Raleigh_Today.png,2026-06-20 20:07:58,USA,MIXED,,RIGHT-CENTER,Questionable Source,MIXED
North Ramsey News,http://northramseynews.com,mediascopeAll/North_Ramsey_News.png,2026-06-20 20:42:57,USA,MIXED,,RIGHT-CENTER,Questionable Source,MIXED
North SFV Today,http://northsfvtoday.com,mediascopeAll/North_SFV_Today.png,2026-06-20 21:10:38,USA,MIXED,,RIGHT-CENTER,Questionable Source,MIXED
North SGV News,http://northsgvnews.com,mediascopeAll/North_SGV_News.png,2026-06-20 20:20:59,USA,MIXED,,RIGHT-CENTER,Questionable Source,MIXED
North STL News,http://northstlnews.com,mediascopeAll/North_STL_News.png,2026-06-20 20:12:11,USA,MIXED,,RIGHT-CENTER,Questionable Source,MIXED
North Sacramento Today,http://northsactoday.com,mediascopeAll/North_Sacramento_Today.png,2026-06-20 20:45:37,USA,MIXED,,RIGHT-CENTER,Questionable Source,MIXED
North Shore Louisiana News,http://northshorelanews.com,mediascopeAll/North_Shore_Louisiana_News.png,2026-06-20 19:18:01,USA,MIXED,,RIGHT-CENTER,Questionable Source,MIXED
North Summit News,http://northsummitnews.com,mediascopeAll/North_Summit_News.png,2026-06-20 19:14:16,USA,MIXED,,RIGHT-CENTER,Questionable Source,MIXED
North Triangle News,http://northtrianglenews.com,mediascopeAll/North_Triangle_News.png,2026-06-20 21:51:51,USA,MIXED,,RIGHT-CENTER,Questionable Source,MIXED
North Tulsa Today,http://northtulsatoday.com,mediascopeAll/North_Tulsa_Today.png,2026-06-20 19:10:44,USA,MIXED,,RIGHT-CENTER,Questionable Source,MIXED
North Vegas Times,http://northvegastimes.com,mediascopeAll/North_Vegas_Times.png,2026-06-20 20:34:27,USA,MIXED,,RIGHT-CENTER,Questionable Source,MIXED
North Wake News,http://northwakenews.com,mediascopeAll/North_Wake_News.png,2026-06-20 19:21:11,USA,MIXED,,RIGHT-CENTER,Questionable Source,MIXED
North Wales Chronicle,https://northwaleschronicle.co.uk,mediascopeAll/North_Wales_Chronicle.png,2026-06-03 20:26:09,,HIGH,1,LEAST BIASED,,HIGH
North Wales Pioneer,https://northwalespioneer.co.uk,mediascopeAll/North_Wales_Pioneer.png,2026-06-03 20:26:10,,HIGH,1,LEAST BIASED,,HIGH
North Wichita News,http://northwichitanews.com,mediascopeAll/North_Wichita_News.png,2026-06-20 20:47:01,USA,MIXED,,RIGHT-CENTER,Questionable Source,MIXED
Northumberland Gazette,https://northumberlandgazette.co.uk,mediascopeAll/Northumberland_Gazette.png,2026-06-03 20:26:19,,HIGH,1,LEAST BIASED,,HIGH
Northwest Florida Daily News,https://nwfdailynews.com,mediascopeAll/Northwest_Florida_Daily_News.png,2026-06-03 20:26:43,USA,HIGH,1,LEAST BIASED,,HIGH
Northwest Montana News,http://nwmontananews.com,mediascopeAll/Northwest_Montana_News.png,2026-06-20 21:20:48,USA,MIXED,,RIGHT-CENTER,Questionable Source,MIXED
Northwest Wayne News,http://nwwaynenews.com,mediascopeAll/Northwest_Wayne_News.png,2026-06-20 21:11:27,USA,MIXED,,RIGHT-CENTER,Questionable Source,MIXED
Northwich Guardian,https://northwichguardian.co.uk,mediascopeAll/Northwich_Guardian.png,2026-06-03 20:27:22,,HIGH,1,LEAST BIASED,,HIGH
Notes from Poland,https://notesfrompoland.com,mediascopeAll/Notes_from_Poland.png,2026-06-08 20:57:00,,MOSTLY FACTUAL,,LEAST BIASED,,HIGH
Novara Media,https://novaramedia.com,mediascopeAll/Novara_Media.png,2026-06-08 20:57:03,,MIXED,,LEFT,,MIXED
Novi Times,http://novitimes.com,mediascopeAll/Novi_Times.png,2026-06-20 20:50:15,USA,MIXED,,RIGHT-CENTER,Questionable Source,MIXED
NowThisNews,https://nowmedianetwork.co,mediascopeAll/NowThisNews.png,2026-06-08 20:57:47,USA,MIXED,,LEFT,,MIXED
Nuclear Threat Initiative,https://nti.org,mediascopeAll/Nuclear_Threat_Initiative.png,2026-06-03 20:26:54,,HIGH,1,LEAST BIASED,,HIGH
O Canada,https://o.canada.com,mediascopeAll/O_Canada.png,2026-06-08 20:58:08,,MOSTLY FACTUAL,,RIGHT-CENTER,,HIGH
OKC Standard,http://okcstandard.com,mediascopeAll/OKC_Standard.png,2026-06-20 20:16:18,USA,MIXED,,RIGHT-CENTER,Questionable Source,MIXED
Oak Bay News,https://oakbaynews.com,mediascopeAll/Oak_Bay_News.png,2026-06-03 20:26:57,,HIGH,1,LEFT-CENTER,,HIGH
OakRidger,https://oakridger.com,mediascopeAll/OakRidger.png,2026-06-03 20:28:06,USA,HIGH,1,LEFT-CENTER,,HIGH
Oakland City Wire,http://oaklandcitywire.com,mediascopeAll/Oakland_City_Wire.png,2026-06-20 20:52:22,USA,MIXED,,RIGHT-CENTER,Questionable Source,MIXED
Oaklandside,https://oaklandside.org,mediascopeAll/Oaklandside.png,2026-06-03 20:27:14,USA,HIGH,1,LEFT,,HIGH
Oaxaca Post,http://theoaxacapost.com,mediascopeAll/Oaxaca_Post.png,2026-06-20 19:22:19,Unknown,MIXED,,LEFT-CENTER,Questionable Source,MIXED
Ocala Standard,http://ocalastandard.com,mediascopeAll/Ocala_Standard.png,2026-06-20 19:08:08,USA,MIXED,,RIGHT-CENTER,Questionable Source,MIXED
Ohio Business Daily,http://businessdailynetwork.com/states/oh/,mediascopeAll/Ohio_Business_Daily.png,2026-06-20 21:23:09,USA,MIXED,,RIGHT-CENTER,Questionable Source,MIXED
Okeechobee Times,http://okeechobeetimes.com,mediascopeAll/Okeechobee_Times.png,2026-06-20 22:10:55,USA,MIXED,,RIGHT-CENTER,Questionable Source,MIXED
Oklahoma Business Daily,http://businessdailynetwork.com/states/ok/,mediascopeAll/Oklahoma_Business_Daily.png,2026-06-20 20:10:49,USA,MIXED,,RIGHT-CENTER,Questionable Source,MIXED
Oklahoma Voice,https://oklahomavoice.com,mediascopeAll/Oklahoma_Voice.png,2026-06-03 20:27:25,USA,HIGH,1,LEFT,,HIGH
Old North News,http://oldnorthnews.com,mediascopeAll/Old_North_News.png,2026-06-20 20:38:45,USA,MIXED,,RIGHT-CENTER,Questionable Source,MIXED
Omaha City Wire,https://omahacitywire.com,mediascopeAll/Omaha_City_Wire.png,2026-06-08 21:03:43,USA,MIXED,,RIGHT-CENTER,,MIXED
Oneida Times,http://oneidatimes.com,mediascopeAll/Oneida_Times.png,2026-06-20 20:09:56,USA,MIXED,,RIGHT-CENTER,Questionable Source,MIXED
Onslow News,http://onslownews.com,mediascopeAll/Onslow_News.png,2026-06-20 19:24:56,USA,MIXED,,RIGHT-CENTER,Questionable Source,MIXED
Open to Debate,https://opentodebate.org,mediascopeAll/Open_to_Debate.png,2026-06-03 20:28:07,,HIGH,1,LEAST BIASED,,HIGH
Opinidia,https://opindia.com,mediascopeAll/Opinidia.png,2026-06-08 21:04:45,,MIXED,,RIGHT,,MIXED
Organisation for Economic Co-operation and Development,https://oecd.org,mediascopeAll/Organisation_for_Economic_Co-operation_and_Development.png,2026-06-03 20:27:55,,HIGH,1,LEAST BIASED,,HIGH
Orlando Standard,http://orlandostandard.com,mediascopeAll/Orlando_Standard.png,2026-06-20 19:44:45,USA,MIXED,,RIGHT-CENTER,Questionable Source,MIXED
Our World In Data,https://ourworldindata.org,mediascopeAll/Our_World_In_Data.png,2026-06-03 20:28:18,,HIGH,1,LEFT-CENTER,,HIGH
Owen Sound Sun Times,https://owensoundsuntimes.com,mediascopeAll/Owen_Sound_Sun_Times.png,2026-06-03 20:28:59,,HIGH,1,RIGHT-CENTER,,HIGH
Oxford Reporter,http://oxfordreporter.com,mediascopeAll/Oxford_Reporter.png,2026-06-20 22:21:22,USA,MIXED,,RIGHT-CENTER,Questionable Source,MIXED
PHX Reporter,http://phxreporter.com,mediascopeAll/PHX_Reporter.png,2026-06-20 19:17:39,USA,MIXED,,RIGHT-CENTER,Questionable Source,MIXED
PJ Media,http://pjmedia.com,mediascopeAll/PJ_Media.png,2026-06-20 21:10:53,USA,MIXED,,RIGHT,Questionable Source,MIXED
Pacific Standard Magazine,https://psmag.com,mediascopeAll/Pacific_Standard_Magazine.png,2026-06-03 20:28:43,USA,HIGH,1,LEFT-CENTER,,HIGH
PackagingDive,https://packagingdive.com,mediascopeAll/PackagingDive.png,2026-06-03 20:29:34,USA,HIGH,1,LEAST BIASED,,HIGH
Palm Beach Daily News,https://palmbeachdailynews.com,mediascopeAll/Palm_Beach_Daily_News.png,2026-06-03 20:29:59,USA,HIGH,1,LEFT-CENTER,,HIGH
Palm Coast Times,http://palmcoasttimes.com,mediascopeAll/Palm_Coast_Times.png,2026-06-20 20:22:18,USA,MIXED,,RIGHT-CENTER,Questionable Source,MIXED
Pandemic News,https://pandemic.news,mediascopeAll/Pandemic_News.png,2026-06-04 00:01:52,USA,VERY LOW,0,RIGHT,,LOW
Pants on Fire News,https://pantsonfirenews.com,mediascopeAll/Pants_on_Fire_News.png,2026-06-08 21:07:04,USA,MIXED,,RIGHT,,MIXED
Paris Star,https://parisstaronline.com,mediascopeAll/Paris_Star.png,2026-06-03 20:30:10,,HIGH,1,RIGHT-CENTER,,HIGH
Patient Daily,http://patientdaily.com,mediascopeAll/Patient_Daily.png,2026-06-20 21:26:51,USA,MIXED,,RIGHT-CENTER,Questionable Source,MIXED
PaymentsDive,https://paymentsdive.com,mediascopeAll/PaymentsDive.png,2026-06-03 20:30:13,USA,HIGH,1,LEAST BIASED,,HIGH
Peach Tree Times,http://peachtreetimes.com,mediascopeAll/Peach_Tree_Times.png,2026-06-20 22:19:53,USA,MIXED,,RIGHT-CENTER,Questionable Source,MIXED
Pelican State News,http://pelicanstatenews.com,mediascopeAll/Pelican_State_News.png,2026-06-20 20:13:46,USA,MIXED,,RIGHT-CENTER,Questionable Source,MIXED
Pembroke Observer & News,https://pembrokeobserver.com,mediascopeAll/Pembroke_Observer_News.png,2026-06-03 20:30:28,,HIGH,1,RIGHT-CENTER,,HIGH
Peninsula Daily News,https://peninsuladailynews.com,mediascopeAll/Peninsula_Daily_News.png,2026-06-03 20:30:59,USA,HIGH,1,LEAST BIASED,,HIGH
Pennsylvania Independent,http://pennsylvaniaindependent.com,mediascopeAll/Pennsylvania_Independent.png,2026-06-20 21:04:42,USA,MIXED,,LEFT,Questionable Source,MIXED
Pensacola Times,http://pensacolatimes.com,mediascopeAll/Pensacola_Times.png,2026-06-20 20:27:06,USA,MIXED,,RIGHT-CENTER,Questionable Source,MIXED
Pensions & Investments,https://pionline.com,mediascopeAll/Pensions_Investments.png,2026-06-08 21:09:02,,MOSTLY FACTUAL,,LEAST BIASED,,HIGH
Penticton Western News,https://pentictonwesternnews.com,mediascopeAll/Penticton_Western_News.png,2026-06-03 20:30:27,,HIGH,1,LEFT-CENTER,,HIGH
Peoples Gazette,https://gazettengr.com,mediascopeAll/Peoples_Gazette.png,2026-06-08 21:09:13,,MIXED,,LEAST BIASED,,MIXED
Peoria Standard,http://peoriastandard.com,mediascopeAll/Peoria_Standard.png,2026-06-20 20:10:56,,MIXED,,RIGHT-CENTER,Questionable Source,MIXED
Perry County Tribune,https://perrytribune.com,mediascopeAll/Perry_County_Tribune.png,2026-06-03 20:31:45,USA,HIGH,1,LEFT-CENTER,,HIGH
Petersburg Progress-Index,https://progress-index.com,mediascopeAll/Petersburg_Progress-Index.png,2026-06-03 20:31:55,USA,HIGH,1,LEFT-CENTER,,HIGH
Pew Research,https://pewresearch.org,mediascopeAll/Pew_Research.png,2026-06-03 20:31:23,USA,VERY HIGH,1,LEAST BIASED,,HIGH
Pinellas Times,http://pinellastimes.com,mediascopeAll/Pinellas_Times.png,2026-06-20 21:23:51,USA,MIXED,,RIGHT-CENTER,Questionable Source,MIXED
Platt County Journal-Republican,https://journal-republican.com,mediascopeAll/Platt_County_Journal-Republican.png,2026-06-03 20:32:18,,HIGH,1,LEAST BIASED,,HIGH
Platte News,http://plattenews.com,mediascopeAll/Platte_News.png,2026-06-20 20:25:49,USA,MIXED,,RIGHT-CENTER,Questionable Source,MIXED
Plattsburgh Press-Republican,https://pressrepublican.com,mediascopeAll/Plattsburgh_Press-Republican.png,2026-06-03 20:32:46,USA,HIGH,1,LEFT-CENTER,,HIGH
Plymouth Reporter,http://plymouthreporter.com,mediascopeAll/Plymouth_Reporter.png,2026-06-20 19:50:52,USA,MIXED,,RIGHT-CENTER,Questionable Source,MIXED
Pocatello Times,http://pocatellotimes.com,mediascopeAll/Pocatello_Times.png,2026-06-20 21:35:19,USA,MIXED,,RIGHT-CENTER,Questionable Source,MIXED
Political Tribune,https://tribunemag.co.uk/,mediascopeAll/Political_Tribune.png,2026-06-08 21:11:36,USA,MIXED,,LEFT,,MIXED
Politifact,https://politifact.com,mediascopeAll/Politifact.png,2026-06-03 20:33:12,USA,HIGH,1,LEFT-CENTER,,HIGH
Polk Times,http://polktimes.com,mediascopeAll/Polk_Times.png,2026-06-20 22:01:54,USA,MIXED,,RIGHT-CENTER,Questionable Source,MIXED
Polygon,https://polygon.com,mediascopeAll/Polygon.png,2026-06-03 20:32:50,USA,HIGH,1,LEFT-CENTER,,HIGH
Pomona Valley News,http://pomonavalleynews.com,mediascopeAll/Pomona_Valley_News.png,2026-06-20 19:15:52,USA,MIXED,,RIGHT-CENTER,Questionable Source,MIXED
Ponoka News,https://ponokanews.com,mediascopeAll/Ponoka_News.png,2026-06-03 20:32:44,,HIGH,1,LEFT-CENTER,,HIGH
Pontiac Times,https://pontiactimes.com,mediascopeAll/Pontiac_Times.png,2026-06-08 21:11:54,USA,MIXED,,RIGHT-CENTER,,MIXED
Population Research Institute,http://pop.org,mediascopeAll/Population_Research_Institute.png,2026-06-20 20:38:33,USA,LOW,,EXTREME RIGHT,Questionable Source,LOW
Port Clinton News-Herald,https://portclintonnewsherald.com,mediascopeAll/Port_Clinton_News-Herald.png,2026-06-03 23:24:43,USA,HIGH,1,LEFT-CENTER,,HIGH
Portland Maine News,http://portlandmainenews.com,mediascopeAll/Portland_Maine_News.png,2026-06-20 20:56:11,USA,MIXED,,RIGHT-CENTER,Questionable Source,MIXED
Portside,https://portside.org,mediascopeAll/Portside.png,2026-06-08 21:12:39,USA,MOSTLY FACTUAL,,LEFT,,HIGH
Prime 9ja Online,https://prime9ja.com.ng,mediascopeAll/Prime_9ja_Online.png,2026-06-08 21:12:54,,MOSTLY FACTUAL,,LEAST BIASED,,HIGH
Procon.org,https://procon.org,mediascopeAll/Procon.org.png,2026-06-03 20:33:52,USA,HIGH,1,LEAST BIASED,,HIGH
Progressive Change Campaign Committee,https://boldprogressives.org,mediascopeAll/Progressive_Change_Campaign_Committee.png,2026-06-08 21:13:05,USA,MIXED,,LEFT,,MIXED
Project Syndicate,https://project-syndicate.org,mediascopeAll/Project_Syndicate.png,2026-06-03 20:34:10,,HIGH,1,LEFT-CENTER,,HIGH
Project on Government Insight,https://pogo.org,mediascopeAll/Project_on_Government_Insight.png,2026-06-03 20:33:47,,HIGH,1,LEFT-CENTER,,HIGH
Public Religion Research Institute,https://prri.org,mediascopeAll/Public_Religion_Research_Institute.png,2026-06-04 00:02:56,USA,VERY HIGH,1,LEAST BIASED,,HIGH
Pulaski Times,http://pulaskitimes.com,mediascopeAll/Pulaski_Times.png,2026-06-20 19:45:25,USA,MIXED,,RIGHT-CENTER,Questionable Source,MIXED
Pulse Nigeria,https://pulse.ng,mediascopeAll/Pulse_Nigeria.png,2026-06-08 21:13:57,,MIXED,,LEFT-CENTER,,MIXED
Quartz,https://qz.com,mediascopeAll/Quartz.png,2026-06-03 20:35:12,USA,HIGH,1,LEFT-CENTER,,HIGH
Queen Creek Tribune,https://queencreektribune.com,mediascopeAll/Queen_Creek_Tribune.png,2026-06-03 20:34:39,USA,HIGH,1,LEAST BIASED,,HIGH
Quillette,http://quillette.com,mediascopeAll/Quillette.png,2026-06-20 20:07:58,Australia,MIXED,,RIGHT,Questionable Source,MIXED
Quincy Reporter,http://quincyreporter.com,mediascopeAll/Quincy_Reporter.png,2026-06-20 19:21:37,USA,MIXED,,RIGHT-CENTER,Questionable Source,MIXED
RAIR Foundation USA,http://rairfoundation.com,mediascopeAll/RAIR_Foundation_USA.png,2026-06-20 20:50:53,USA,LOW,,EXTREME RIGHT,Questionable Source,LOW
RT News,http://www.rt.com,mediascopeAll/RT_News.png,2026-06-20 19:25:49,Russia,VERY LOW,,RIGHT-CENTER,Questionable Source,LOW
Randolph County News,http://randolphcountynews.com,mediascopeAll/Randolph_County_News.png,2026-06-20 20:11:01,USA,MIXED,,RIGHT-CENTER,Questionable Source,MIXED
Rappanhannock News,https://rappnews.com,mediascopeAll/Rappanhannock_News.png,2026-06-03 20:36:38,,HIGH,1,LEAST BIASED,,HIGH
Rappler,https://rappler.com,mediascopeAll/Rappler.png,2026-06-03 20:36:48,,HIGH,1,LEFT-CENTER,,HIGH
Rare News,https://rare.us,mediascopeAll/Rare_News.png,2026-06-08 21:15:28,USA,MIXED,,RIGHT,,MIXED
Rasmussen Reports,https://rasmussenreports.com,mediascopeAll/Rasmussen_Reports.png,2026-06-08 21:15:50,USA,MOSTLY FACTUAL,,RIGHT-CENTER,,HIGH
ReWire News Group,https://rewirenewsgroup.com,mediascopeAll/ReWire_News_Group.png,2026-06-03 20:36:53,USA,HIGH,1,LEFT,,HIGH
Reading the Pictures,https://readingthepictures.org,mediascopeAll/Reading_the_Pictures.png,2026-06-08 21:17:02,USA,MOSTLY FACTUAL,,LEFT,,HIGH
Real Clear Investigations,https://realclearinvestigations.com,mediascopeAll/Real_Clear_Investigations.png,2026-06-08 21:17:25,USA,MOSTLY FACTUAL,,RIGHT-CENTER,,HIGH
Real Climate Science,https://realclimatescience.com,mediascopeAll/Real_Climate_Science.png,2026-06-03 20:38:07,USA,LOW,0,RIGHT,,LOW
RealClearReligion,https://realclearreligion.org,mediascopeAll/RealClearReligion.png,2026-06-08 21:17:53,USA,MOSTLY FACTUAL,,RIGHT-CENTER,,HIGH
Red Deer Advocate,https://reddeeradvocate.com,mediascopeAll/Red_Deer_Advocate.png,2026-06-03 20:37:38,,HIGH,1,LEFT-CENTER,,HIGH
Red Pepper,https://redpepper.org.uk,mediascopeAll/Red_Pepper.png,2026-06-03 20:38:00,,HIGH,1,LEFT,,HIGH
Red River Valley News,https://valleynewslive.com,mediascopeAll/Red_River_Valley_News.png,2026-06-04 00:13:54,USA,HIGH,1,LEAST BIASED,,HIGH
Red State Watcher,http://redstatewatcher.com,mediascopeAll/Red_State_Watcher.png,2026-06-20 21:12:13,USA,LOW,,EXTREME RIGHT,Questionable Source,LOW
Redding Today,http://reddingtoday.com,mediascopeAll/Redding_Today.png,2026-06-20 19:15:04,USA,MIXED,,RIGHT-CENTER,Questionable Source,MIXED
Reference.com,https://reference.com,mediascopeAll/Reference.com.png,2026-06-03 20:38:20,USA,HIGH,1,LEFT-CENTER,,HIGH
Regina Leader-Post,https://leaderpost.com,mediascopeAll/Regina_Leader-Post.png,2026-06-03 23:57:21,,HIGH,1,RIGHT-CENTER,,HIGH
Religion News Service,https://religionnews.com,mediascopeAll/Religion_News_Service.png,2026-06-04 00:04:53,USA,HIGH,1,LEFT-CENTER,,HIGH
Renew America,http://www.renewamerica.com,mediascopeAll/Renew_America.png,2026-06-20 21:41:41,USA,LOW,,EXTREME RIGHT,Questionable Source,LOW
RenewedRight.com,http://renewedright.com,mediascopeAll/RenewedRight.com.png,2026-06-20 20:43:52,USA,MIXED,,RIGHT,Questionable Source,MIXED
Represent.us,https://represent.us,mediascopeAll/Represent.us.png,2026-06-03 20:40:39,,HIGH,1,LEFT-CENTER,,HIGH
RetailDive,https://retaildive.com,mediascopeAll/RetailDive.png,2026-06-03 20:41:41,USA,HIGH,1,LEAST BIASED,,HIGH
Reveal - Center for Investigative Reporting,https://revealnews.org,mediascopeAll/Reveal_-_Center_for_Investigative_Reporting.png,2026-06-03 20:40:40,USA,HIGH,1,LEFT-CENTER,,HIGH
Revelstoke Review,https://revelstokereview.com,mediascopeAll/Revelstoke_Review.png,2026-06-03 20:40:57,,HIGH,1,LEFT-CENTER,,HIGH
Rhino Times,https://rhinotimes.com,mediascopeAll/Rhino_Times.png,2026-06-08 21:23:05,USA,MOSTLY FACTUAL,,RIGHT,,HIGH
Rhode Island Current,https://rhodeislandcurrent.com,mediascopeAll/Rhode_Island_Current.png,2026-06-03 20:40:57,USA,HIGH,1,LEFT,,HIGH
Richmond Times-Dispatch,https://richmond.com,mediascopeAll/Richmond_Times-Dispatch.png,2026-06-03 20:41:36,USA,HIGH,1,RIGHT-CENTER,,HIGH
Right Wing Watch,https://rightwingwatch.org,mediascopeAll/Right_Wing_Watch.png,2026-06-03 20:41:43,USA,HIGH,1,LEFT,,HIGH
Rimbey Review,https://rimbeyreview.com,mediascopeAll/Rimbey_Review.png,2026-06-03 20:41:33,,HIGH,1,LEFT-CENTER,,HIGH
River Bend Times,http://riverbendtimes.com,mediascopeAll/River_Bend_Times.png,2026-06-20 22:06:38,USA,MIXED,,RIGHT-CENTER,Questionable Source,MIXED
River Parish News,http://riverparishnews.com,mediascopeAll/River_Parish_News.png,2026-06-20 21:03:54,USA,MIXED,,RIGHT-CENTER,Questionable Source,MIXED
River Region Times,http://riverregiontimes.com,mediascopeAll/River_Region_Times.png,2026-06-20 19:28:57,USA,MIXED,,RIGHT-CENTER,Questionable Source,MIXED
Roanoke Times,https://roanoke.com,mediascopeAll/Roanoke_Times.png,2026-06-03 20:42:31,USA,HIGH,1,LEAST BIASED,,HIGH
Rochester Reporter,http://rochesterreporter.com,mediascopeAll/Rochester_Reporter.png,2026-06-20 21:02:13,USA,MIXED,,RIGHT-CENTER,Questionable Source,MIXED
Rock Island Today,http://rockislandtoday.com,mediascopeAll/Rock_Island_Today.png,2026-06-20 21:39:27,USA,MIXED,,RIGHT-CENTER,Questionable Source,MIXED
Rockdale Citizen,https://rockdalenewtoncitizen.com,mediascopeAll/Rockdale_Citizen.png,2026-06-03 20:42:52,,HIGH,1,LEAST BIASED,,HIGH
Rockingham Times,http://rockinghamtimes.com,mediascopeAll/Rockingham_Times.png,2026-06-20 20:33:03,USA,MIXED,,RIGHT-CENTER,Questionable Source,MIXED
Rockland Reporter,http://rocklandreporter.com,mediascopeAll/Rockland_Reporter.png,2026-06-20 21:14:21,USA,MIXED,,RIGHT-CENTER,Questionable Source,MIXED
Rocky Mount Today,http://rockymounttoday.com,mediascopeAll/Rocky_Mount_Today.png,2026-06-20 22:08:20,USA,MIXED,,RIGHT-CENTER,Questionable Source,MIXED
Rogersville Review,https://therogersvillereview.com,mediascopeAll/Rogersville_Review.png,2026-06-03 23:29:17,USA,HIGH,1,LEFT-CENTER,,HIGH
Roll Call,https://rollcall.com,mediascopeAll/Roll_Call.png,2026-06-04 00:05:56,USA,VERY HIGH,1,LEAST BIASED,,HIGH
Rolling Stone,https://rollingstone.com,mediascopeAll/Rolling_Stone.png,2026-06-03 20:43:31,USA,HIGH,1,LEFT,,HIGH
Rome News-Tribune,https://northwestgeorgianews.com/rome/,mediascopeAll/Rome_News-Tribune.png,2026-06-03 20:43:44,,HIGH,1,LEAST BIASED,,HIGH
Rome Reporter,http://romereporter.com,mediascopeAll/Rome_Reporter.png,2026-06-20 21:50:22,USA,MIXED,,RIGHT-CENTER,Questionable Source,MIXED
Roosevelt Institute,https://rooseveltinstitute.org,mediascopeAll/Roosevelt_Institute.png,2026-06-03 20:43:06,USA,HIGH,1,LEFT-CENTER,,HIGH
Rossland News,https://rosslandnews.com,mediascopeAll/Rossland_News.png,2026-06-03 20:43:26,,HIGH,1,LEFT-CENTER,,HIGH
Rowan News,http://rowannews.com,mediascopeAll/Rowan_News.png,2026-06-20 22:20:27,USA,MIXED,,RIGHT-CENTER,Questionable Source,MIXED
Ruth Institute,http://www.ruthinstitute.org,mediascopeAll/Ruth_Institute.png,2026-06-20 19:41:29,USA,LOW,,EXTREME RIGHT,Questionable Source,LOW
SC Minnesota News,http://scminnesotanews.com,mediascopeAll/SC_Minnesota_News.png,2026-06-20 19:27:42,USA,MIXED,,RIGHT-CENTER,Questionable Source,MIXED
SC Mississippi News,http://SCmissnews.com,mediascopeAll/SC_Mississippi_News.png,2026-06-20 22:30:22,USA,MIXED,,RIGHT-CENTER,Questionable Source,MIXED
SC Missouri News,http://scmissourinews.com,mediascopeAll/SC_Missouri_News.png,2026-06-20 22:02:25,USA,MIXED,,RIGHT-CENTER,Questionable Source,MIXED
SC Nebraska News,http://scnebraskanews.com,mediascopeAll/SC_Nebraska_News.png,2026-06-20 19:14:32,USA,MIXED,,RIGHT-CENTER,Questionable Source,MIXED
SC New York News,http://scnewyorknews.com,mediascopeAll/SC_New_York_News.png,2026-06-20 19:23:39,USA,MIXED,,RIGHT-CENTER,Questionable Source,MIXED
SC Oklahoma News,http://scoklahomanews.com,mediascopeAll/SC_Oklahoma_News.png,2026-06-20 20:34:52,USA,MIXED,,RIGHT-CENTER,Questionable Source,MIXED
SE Arizona News,http://searizonanews.com,mediascopeAll/SE_Arizona_News.png,2026-06-20 19:48:37,USA,MIXED,,RIGHT-CENTER,Questionable Source,MIXED
SE Colorado News,http://secoloradonews.com,mediascopeAll/SE_Colorado_News.png,2026-06-20 20:37:50,USA,MIXED,,RIGHT-CENTER,Questionable Source,MIXED
SE Denver News,http://sedenvernews.com,mediascopeAll/SE_Denver_News.png,2026-06-20 21:59:11,USA,MIXED,,RIGHT-CENTER,Questionable Source,MIXED
SE Illinois News,http://seillinoisnews.com,mediascopeAll/SE_Illinois_News.png,2026-06-20 19:28:13,USA,MIXED,,RIGHT-CENTER,Questionable Source,MIXED
SE Indiana News,http://seindiananews.com,mediascopeAll/SE_Indiana_News.png,2026-06-20 22:27:44,USA,MIXED,,RIGHT-CENTER,Questionable Source,MIXED
SE Iowa News,http://seiowanews.com,mediascopeAll/SE_Iowa_News.png,2026-06-20 19:35:53,USA,MIXED,,RIGHT-CENTER,Questionable Source,MIXED
SE LA Times,http://selatimes.com,mediascopeAll/SE_LA_Times.png,2026-06-20 19:49:14,USA,MIXED,,RIGHT-CENTER,Questionable Source,MIXED
SE Minnesota News,http://seminnesotanews.com,mediascopeAll/SE_Minnesota_News.png,2026-06-20 21:40:59,USA,MIXED,,RIGHT-CENTER,Questionable Source,MIXED
SE Missouri News,http://semissourinews.com,mediascopeAll/SE_Missouri_News.png,2026-06-20 20:21:10,USA,MIXED,,RIGHT-CENTER,Questionable Source,MIXED
SE Nebraska News,http://senebraskanews.com,mediascopeAll/SE_Nebraska_News.png,2026-06-20 19:19:31,USA,MIXED,,RIGHT-CENTER,Questionable Source,MIXED
SE Oakland News,http://seoaklandnews.com,mediascopeAll/SE_Oakland_News.png,2026-06-20 19:50:11,USA,MIXED,,RIGHT-CENTER,Questionable Source,MIXED
SE Oklahoma News,http://seoklahomanews.com,mediascopeAll/SE_Oklahoma_News.png,2026-06-20 20:23:37,USA,MIXED,,RIGHT-CENTER,Questionable Source,MIXED
SE Twin Cities,http://setwincities.com,mediascopeAll/SE_Twin_Cities.png,2026-06-20 20:37:41,USA,MIXED,,RIGHT-CENTER,Questionable Source,MIXED
SEO Ohio Times,https://seohiotimes.com,mediascopeAll/SEO_Ohio_Times.png,2026-06-08 21:31:13,USA,MIXED,,RIGHT-CENTER,Questionable Source,MIXED
SFV Today,http://sfvtoday.com,mediascopeAll/SFV_Today.png,2026-06-20 21:58:35,USA,MIXED,,RIGHT-CENTER,Questionable Source,MIXED
SGV Standard,http://sgvstandard.com,mediascopeAll/SGV_Standard.png,2026-06-20 21:58:15,USA,MIXED,,RIGHT-CENTER,Questionable Source,MIXED
SLO Reporter,http://sloreporter.com,mediascopeAll/SLO_Reporter.png,2026-06-20 20:15:58,USA,MIXED,,RIGHT-CENTER,Questionable Source,MIXED
SW Arizona News,http://swarizonanews.com,mediascopeAll/SW_Arizona_News.png,2026-06-20 21:27:02,USA,MIXED,,RIGHT-CENTER,Questionable Source,MIXED
SW Arkansas Times,http://swarkansastimes.com,mediascopeAll/SW_Arkansas_Times.png,2026-06-20 21:56:01,USA,MIXED,,RIGHT-CENTER,Questionable Source,MIXED
SW Bluegrass News,http://swbluegrassnews.com,mediascopeAll/SW_Bluegrass_News.png,2026-06-20 22:21:47,USA,MIXED,,RIGHT-CENTER,Questionable Source,MIXED
SW Connecticut News,http://swconnnews.com,mediascopeAll/SW_Connecticut_News.png,2026-06-20 19:55:49,USA,MIXED,,RIGHT-CENTER,Questionable Source,MIXED
SW Georgia News,http://swgeorgianews.com,mediascopeAll/SW_Georgia_News.png,2026-06-20 20:58:03,usa,MIXED,,RIGHT-CENTER,Questionable Source,MIXED
SW Indiana News,http://swindiananews.com,mediascopeAll/SW_Indiana_News.png,2026-06-20 19:51:51,USA,MIXED,,RIGHT-CENTER,Questionable Source,MIXED
SW Iowa Times,http://swiowatimes.com,mediascopeAll/SW_Iowa_Times.png,2026-06-20 22:20:31,USA,MIXED,,RIGHT-CENTER,Questionable Source,MIXED
SW Kansas News,http://swkansasnews.com,mediascopeAll/SW_Kansas_News.png,2026-06-20 19:32:58,USA,MIXED,,RIGHT-CENTER,Questionable Source,MIXED
SW Louisiana News,http://swlouisiananews.com,mediascopeAll/SW_Louisiana_News.png,2026-06-20 21:37:29,USA,MIXED,,RIGHT-CENTER,Questionable Source,MIXED
SW Minnesota Today,http://swminnesotatoday.com,mediascopeAll/SW_Minnesota_Today.png,2026-06-20 21:53:47,USA,MIXED,,RIGHT-CENTER,Questionable Source,MIXED
SW Mississippi News,http://swmissnews.com,mediascopeAll/SW_Mississippi_News.png,2026-06-20 22:22:06,USA,MIXED,,RIGHT-CENTER,Questionable Source,MIXED
SW New Hampshire News,http://swnewhampshirenews.com,mediascopeAll/SW_New_Hampshire_News.png,2026-06-20 22:00:43,USA,MIXED,,RIGHT-CENTER,Questionable Source,MIXED
SW New Mexico News,http://swnewmexiconews.com,mediascopeAll/SW_New_Mexico_News.png,2026-06-20 20:06:38,USA,MIXED,,RIGHT-CENTER,Questionable Source,MIXED
SW Valley Times,http://swvalleytimes.com,mediascopeAll/SW_Valley_Times.png,2026-06-20 19:29:04,USA,MIXED,,RIGHT-CENTER,Questionable Source,MIXED
SW Vegas News,http://swvegasnews.com,mediascopeAll/SW_Vegas_News.png,2026-06-20 20:13:14,USA,MIXED,,RIGHT-CENTER,Questionable Source,MIXED
Sabah,https://dailysabah.com,mediascopeAll/Sabah.png,2026-06-08 21:35:38,,MIXED,,RIGHT,,MIXED
Salem News Wire,http://salemnewswire.com,mediascopeAll/Salem_News_Wire.png,2026-06-20 20:06:39,USA,MIXED,,RIGHT-CENTER,Questionable Source,MIXED
Salmon Arm Observer,https://saobserver.net,mediascopeAll/Salmon_Arm_Observer.png,2026-06-03 20:44:11,,HIGH,1,LEFT-CENTER,,HIGH
Salon,https://salon.com,mediascopeAll/Salon.png,2026-06-08 21:36:18,USA,MOSTLY FACTUAL,,LEFT,,HIGH
Salt Lake Tribune,https://sltrib.com,mediascopeAll/Salt_Lake_Tribune.png,2026-06-04 00:09:47,USA,HIGH,1,LEFT-CENTER,,HIGH
San Angelo Standard-Times,https://gosanangelo.com,mediascopeAll/San_Angelo_Standard-Times.png,2026-06-03 20:45:15,USA,HIGH,1,LEFT-CENTER,,HIGH
San Antonio Report,https://sanantonioreport.org,mediascopeAll/San_Antonio_Report.png,2026-06-03 20:44:22,USA,HIGH,1,LEFT-CENTER,,HIGH
San Cristobal Post,http://sancristobalpost.com,mediascopeAll/San_Cristobal_Post.png,2026-06-20 19:36:33,Unknown,MIXED,,LEFT-CENTER,Questionable Source,MIXED
San Francisco Examiner,https://sfexaminer.com,mediascopeAll/San_Francisco_Examiner.png,2026-06-03 20:46:17,,HIGH,1,LEFT-CENTER,,HIGH
San Francisco Sun,http://sanfransun.com,mediascopeAll/San_Francisco_Sun.png,2026-06-20 19:45:44,USA,MIXED,,RIGHT-CENTER,Questionable Source,MIXED
San Joaquin Times,http://sanjoaquintimes.com,mediascopeAll/San_Joaquin_Times.png,2026-06-20 19:11:26,USA,MIXED,,RIGHT-CENTER,Questionable Source,MIXED
San Jose Mercury News,https://mercurynews.com,mediascopeAll/San_Jose_Mercury_News.png,2026-06-04 00:00:11,USA,HIGH,1,LEFT-CENTER,,HIGH
San Jose Standard,http://sanjosestandard.com,mediascopeAll/San_Jose_Standard.png,2026-06-20 21:57:51,USA,MIXED,,RIGHT-CENTER,Questionable Source,MIXED
San Luis Potosi Post,http://sanluispotosipost.com,mediascopeAll/San_Luis_Potosi_Post.png,2026-06-20 21:16:21,Unknown,MIXED,,LEFT-CENTER,Questionable Source,MIXED
San Marcos Daily Record,https://sanmarcosrecord.com,mediascopeAll/San_Marcos_Daily_Record.png,2026-06-03 23:26:34,,HIGH,1,LEAST BIASED,,HIGH
San Mateo Sun,http://sanmateosun.com,mediascopeAll/San_Mateo_Sun.png,2026-06-20 20:30:23,USA,MIXED,,RIGHT-CENTER,Questionable Source,MIXED
San Miguel Post,http://sanmiguelpost.com,mediascopeAll/San_Miguel_Post.png,2026-06-20 22:16:47,Unknown,MIXED,,LEFT-CENTER,Questionable Source,MIXED
Sandoval News,http://sandovalnews.com,mediascopeAll/Sandoval_News.png,2026-06-20 20:31:15,USA,MIXED,,RIGHT-CENTER,Questionable Source,MIXED
Santa Barbara Independent,https://independent.com,mediascopeAll/Santa_Barbara_Independent.png,2026-06-03 23:53:53,USA,HIGH,1,LEFT-CENTER,,HIGH
Santa Clara Today,http://santaclaratoday.com,mediascopeAll/Santa_Clara_Today.png,2026-06-20 21:37:54,USA,MIXED,,RIGHT-CENTER,Questionable Source,MIXED
Santa Cruz Standard,http://santacruzstandard.com,mediascopeAll/Santa_Cruz_Standard.png,2026-06-20 20:24:07,USA,MIXED,,RIGHT-CENTER,Questionable Source,MIXED
Santa Fe Standard,http://santafestandard.com,mediascopeAll/Santa_Fe_Standard.png,2026-06-20 20:58:16,USA,MIXED,,RIGHT-CENTER,Questionable Source,MIXED
Santa Monica Observer,http://www.smobserved.com,mediascopeAll/Santa_Monica_Observer.png,2026-06-20 21:38:23,USA,LOW,,RIGHT,Questionable Source,LOW
Sarasota Herald-Tribune,https://heraldtribune.com,mediascopeAll/Sarasota_Herald-Tribune.png,2026-06-03 20:47:49,USA,HIGH,1,LEAST BIASED,,HIGH
Sarasota Review,http://sarasotareview.com,mediascopeAll/Sarasota_Review.png,2026-06-20 20:55:54,USA,MIXED,,RIGHT-CENTER,Questionable Source,MIXED
Saratoga Standard,http://saratogastandard.com,mediascopeAll/Saratoga_Standard.png,2026-06-20 21:21:25,USA,MIXED,,RIGHT-CENTER,Questionable Source,MIXED
Sarnia Observer,https://theobserver.ca,mediascopeAll/Sarnia_Observer.png,2026-06-03 20:47:16,,HIGH,1,RIGHT-CENTER,,HIGH
Sarnia This Week,https://sarniathisweek.com,mediascopeAll/Sarnia_This_Week.png,2026-06-03 20:47:31,,HIGH,1,RIGHT-CENTER,,HIGH
Saskatoon StarPhoenix,https://thestarphoenix.com,mediascopeAll/Saskatoon_StarPhoenix.png,2026-06-03 20:48:13,,HIGH,1,RIGHT-CENTER,,HIGH
Saudi Gazette,https://saudigazette.com.sa,mediascopeAll/Saudi_Gazette.png,2026-06-08 21:39:31,,MIXED,,LEFT-CENTER,,MIXED
Sault Star,https://saultstar.com,mediascopeAll/Sault_Star.png,2026-06-03 20:48:00,,HIGH,1,RIGHT-CENTER,,HIGH
Sayfie Review,https://sayfiereview.com,mediascopeAll/Sayfie_Review.png,2026-06-03 20:48:30,USA,HIGH,1,LEAST BIASED,,HIGH
Scary Mommy,https://scarymommy.com,mediascopeAll/Scary_Mommy.png,2026-06-08 21:39:53,USA,MIXED,,LEFT,,MIXED
ScienceClowns,https://scienceclowns.com,mediascopeAll/ScienceClowns.png,2026-06-04 00:07:35,USA,VERY LOW,0,RIGHT,,LOW
Scroll.in,https://scroll.in,mediascopeAll/Scroll.in.png,2026-06-08 21:40:29,,MOSTLY FACTUAL,,LEFT-CENTER,,HIGH
Seaforth Huron Expositor,https://seaforthhuronexpositor.com,mediascopeAll/Seaforth_Huron_Expositor.png,2026-06-03 20:49:35,,HIGH,1,RIGHT-CENTER,,HIGH
Seeking Alpha,https://seekingalpha.com,mediascopeAll/Seeking_Alpha.png,2026-06-03 20:50:20,,HIGH,1,RIGHT-CENTER,,HIGH
Sentencing Project,https://sentencingproject.org,mediascopeAll/Sentencing_Project.png,2026-06-03 20:49:44,USA,HIGH,1,LEFT-CENTER,,HIGH
Shelby Review,http://shelbyreview.com,mediascopeAll/Shelby_Review.png,2026-06-20 20:48:03,USA,MIXED,,RIGHT-CENTER,Questionable Source,MIXED
Shiawassee Times,http://shiawasseetimes.com,mediascopeAll/Shiawassee_Times.png,2026-06-20 22:05:52,USA,MIXED,,RIGHT-CENTER,Questionable Source,MIXED
Shoals Today,http://shoalstoday.com,mediascopeAll/Shoals_Today.png,2026-06-20 20:23:53,USA,MIXED,,RIGHT-CENTER,Questionable Source,MIXED
Shondaland,https://shondaland.com,mediascopeAll/Shondaland.png,2026-06-08 21:45:16,USA,MOSTLY FACTUAL,,LEFT,,HIGH
Shoreline Beacon,https://shorelinebeacon.com,mediascopeAll/Shoreline_Beacon.png,2026-06-03 20:50:41,,HIGH,1,RIGHT-CENTER,,HIGH
Simcoe Reformer,https://simcoereformer.ca,mediascopeAll/Simcoe_Reformer.png,2026-06-03 20:50:57,,HIGH,1,RIGHT-CENTER,,HIGH
Similkameen Spotlight,https://similkameenspotlight.com,mediascopeAll/Similkameen_Spotlight.png,2026-06-03 20:50:37,,HIGH,1,LEFT-CENTER,,HIGH
Sioux City Times,http://siouxcitytimes.com,mediascopeAll/Sioux_City_Times.png,2026-06-20 19:36:50,USA,MIXED,,RIGHT-CENTER,Questionable Source,MIXED
Slay News,http://slaynews.com,mediascopeAll/Slay_News.png,2026-06-20 21:20:04,USA,VERY LOW,,EXTREME RIGHT,Questionable Source,LOW
SmartCitiesDive,https://smartcitiesdive.com,mediascopeAll/SmartCitiesDive.png,2026-06-03 20:51:38,USA,HIGH,1,LEAST BIASED,,HIGH
Smartech Daily,https://smartechdaily.com,mediascopeAll/Smartech_Daily.png,2026-06-08 21:46:02,USA,MOSTLY FACTUAL,,LEFT-CENTER,,HIGH
Snopes,https://snopes.com,mediascopeAll/Snopes.png,2026-06-03 20:51:51,USA,HIGH,1,LEFT-CENTER,,HIGH
Solano Sun,https://solanosun.com,mediascopeAll/Solano_Sun.png,2026-06-08 21:46:13,USA,MIXED,,RIGHT-CENTER,Questionable Source,MIXED
Somerset Daily American,https://dailyamerican.com,mediascopeAll/Somerset_Daily_American.png,2026-06-03 20:52:26,USA,HIGH,1,LEFT-CENTER,,HIGH
Sonora Post,http://thesonorapost.com,mediascopeAll/Sonora_Post.png,2026-06-20 19:48:03,Unknown,MIXED,,LEFT-CENTER,Questionable Source,MIXED
Sooner State News,http://soonerstatenews.com,mediascopeAll/Sooner_State_News.png,2026-06-20 21:34:07,USA,MIXED,,RIGHT-CENTER,Questionable Source,MIXED
South ABQ News,http://southabqnews.com,mediascopeAll/South_ABQ_News.png,2026-06-20 20:11:50,USA,MIXED,,RIGHT-CENTER,Questionable Source,MIXED
South Alabama Times,http://southalabamatimes.com,mediascopeAll/South_Alabama_Times.png,2026-06-20 20:35:36,USA,MIXED,,RIGHT-CENTER,Questionable Source,MIXED
South Alameda News,http://southalamedanews.com,mediascopeAll/South_Alameda_News.png,2026-06-20 22:27:42,USA,MIXED,,RIGHT-CENTER,Questionable Source,MIXED
South Asheville News,http://southashevillenews.com,mediascopeAll/South_Asheville_News.png,2026-06-20 21:04:07,USA,MIXED,,RIGHT-CENTER,Questionable Source,MIXED
South Atlanta News,http://southatlantanews.com,mediascopeAll/South_Atlanta_News.png,2026-06-20 22:07:48,USA,MIXED,,RIGHT-CENTER,Questionable Source,MIXED
South Bay Leader,http://southbayleader.com,mediascopeAll/South_Bay_Leader.png,2026-06-20 20:14:04,USA,MIXED,,RIGHT-CENTER,Questionable Source,MIXED
South Bay SD News,http://southbaysdnews.com,mediascopeAll/South_Bay_SD_News.png,2026-06-20 21:03:53,USA,MIXED,,RIGHT-CENTER,Questionable Source,MIXED
South Bend Times,http://southbendtimes.com,mediascopeAll/South_Bend_Times.png,2026-06-20 21:40:06,USA,MIXED,,RIGHT-CENTER,Questionable Source,MIXED
South Bergen News,http://southbergennews.com,mediascopeAll/South_Bergen_News.png,2026-06-20 20:50:07,USA,MIXED,,RIGHT-CENTER,Questionable Source,MIXED
South Birmingham Times,http://southbirminghamtimes.com,mediascopeAll/South_Birmingham_Times.png,2026-06-20 21:37:38,USA,MIXED,,RIGHT-CENTER,Questionable Source,MIXED
South Broward News,http://southbrowardnews.com,mediascopeAll/South_Broward_News.png,2026-06-20 21:18:37,USA,MIXED,,RIGHT-CENTER,Questionable Source,MIXED
South Carolina Daily Gazette,https://scdailygazette.com,mediascopeAll/South_Carolina_Daily_Gazette.png,2026-06-03 20:51:52,USA,HIGH,1,LEFT,,HIGH
South Central Reporter,http://southcentralreporter.com,mediascopeAll/South_Central_Reporter.png,2026-06-20 19:40:18,USA,MIXED,,RIGHT-CENTER,Questionable Source,MIXED
South Cuyahoga News,http://southcuyahoganews.com,mediascopeAll/South_Cuyahoga_News.png,2026-06-20 20:18:59,USA,MIXED,,RIGHT-CENTER,Questionable Source,MIXED
South DSM News,http://southdsmnews.com,mediascopeAll/South_DSM_News.png,2026-06-20 20:57:12,USA,MIXED,,RIGHT-CENTER,Questionable Source,MIXED
South Dayton News,http://southdaytonnews.com,mediascopeAll/South_Dayton_News.png,2026-06-20 20:57:07,USA,MIXED,,RIGHT-CENTER,Questionable Source,MIXED
South Georgia Times,http://southgeorgiatimes.com,mediascopeAll/South_Georgia_Times.png,2026-06-20 22:23:50,USA,MIXED,,RIGHT-CENTER,Questionable Source,MIXED
South Guilford News,http://southguilfordnews.com,mediascopeAll/South_Guilford_News.png,2026-06-20 19:59:57,USA,MIXED,,RIGHT-CENTER,Questionable Source,MIXED
South Gwinnett News,http://southgwinnettnews.com,mediascopeAll/South_Gwinnett_News.png,2026-06-20 19:17:24,USA,MIXED,,RIGHT-CENTER,Questionable Source,MIXED
South Hennepin News,http://southhennepinnews.com,mediascopeAll/South_Hennepin_News.png,2026-06-20 20:10:02,USA,MIXED,,RIGHT-CENTER,Questionable Source,MIXED
South Indy News,http://southindynews.com,mediascopeAll/South_Indy_News.png,2026-06-20 19:33:17,USA,MIXED,,RIGHT-CENTER,Questionable Source,MIXED
South Jefferson County News,http://southjeffconews.com,mediascopeAll/South_Jefferson_County_News.png,2026-06-20 19:52:43,USA,MIXED,,RIGHT-CENTER,Questionable Source,MIXED
South Jersey Sun,http://southjerseysun.com,mediascopeAll/South_Jersey_Sun.png,2026-06-20 21:14:43,USA,MIXED,,RIGHT-CENTER,Questionable Source,MIXED
South KC News,http://southkcnews.com,mediascopeAll/South_KC_News.png,2026-06-20 20:39:56,USA,MIXED,,RIGHT-CENTER,Questionable Source,MIXED
South Lake Today,http://southlaketoday.com,mediascopeAll/South_Lake_Today.png,2026-06-20 19:39:50,USA,MIXED,,RIGHT-CENTER,Questionable Source,MIXED
South Maine News,http://southmainenews.com,mediascopeAll/South_Maine_News.png,2026-06-20 21:03:36,USA,MIXED,,RIGHT-CENTER,Questionable Source,MIXED
South Mecklenburg News,http://southmecklenburgnews.com,mediascopeAll/South_Mecklenburg_News.png,2026-06-20 20:51:54,USA,MIXED,,RIGHT-CENTER,Questionable Source,MIXED
South Miami-Dade News,https://southmianews.com,mediascopeAll/South_Miami-Dade_News.png,2026-06-08 21:54:01,USA,MIXED,,RIGHT-CENTER,Questionable Source,MIXED
South Michigan News,http://southmichigannews.com,mediascopeAll/South_Michigan_News.png,2026-06-20 19:36:22,USA,MIXED,,RIGHT-CENTER,Questionable Source,MIXED
South North Carolina News,http://southncnews.com,mediascopeAll/South_North_Carolina_News.png,2026-06-20 22:26:35,USA,MIXED,,RIGHT-CENTER,Questionable Source,MIXED
South OC Times,http://southoctimes.com,mediascopeAll/South_OC_Times.png,2026-06-20 21:01:49,USA,MIXED,,RIGHT-CENTER,Questionable Source,MIXED
South OKC News,http://southokcnews.com,mediascopeAll/South_OKC_News.png,2026-06-20 19:55:43,USA,MIXED,,RIGHT-CENTER,Questionable Source,MIXED
South Ohio News,http://southohionews.com,mediascopeAll/South_Ohio_News.png,2026-06-20 21:55:52,USA,MIXED,,RIGHT-CENTER,Questionable Source,MIXED
South Omaha Times,http://Southomahatimes.com,mediascopeAll/South_Omaha_Times.png,2026-06-20 20:07:57,USA,MIXED,,RIGHT-CENTER,Questionable Source,MIXED
South Orlando News,http://southorlandonews.com,mediascopeAll/South_Orlando_News.png,2026-06-20 22:13:59,USA,MIXED,,RIGHT-CENTER,Questionable Source,MIXED
South Palm Beach Today,http://southpalmbeachtoday.com,mediascopeAll/South_Palm_Beach_Today.png,2026-06-20 20:04:24,USA,MIXED,,RIGHT-CENTER,Questionable Source,MIXED
South Pima News,http://southpimanews.com,mediascopeAll/South_Pima_News.png,2026-06-20 21:08:11,USA,MIXED,,RIGHT-CENTER,Questionable Source,MIXED
South Pinellas Times,http://southpinellastimes.com,mediascopeAll/South_Pinellas_Times.png,2026-06-20 20:36:50,USA,MIXED,,RIGHT-CENTER,Questionable Source,MIXED
South Raleigh News,http://southraleighnews.com,mediascopeAll/South_Raleigh_News.png,2026-06-20 21:39:57,USA,MIXED,,RIGHT-CENTER,Questionable Source,MIXED
South SF Bay News,http://southsfbaynews.com,mediascopeAll/South_SF_Bay_News.png,2026-06-20 19:13:27,USA,MIXED,,RIGHT-CENTER,Questionable Source,MIXED
South SFV Today,http://southsfvtoday.com,mediascopeAll/South_SFV_Today.png,2026-06-20 19:51:37,USA,MIXED,,RIGHT-CENTER,Questionable Source,MIXED
South SGV News,http://southsgvnews.com,mediascopeAll/South_SGV_News.png,2026-06-20 21:45:14,USA,MIXED,,RIGHT-CENTER,Questionable Source,MIXED
South STL News,http://southstlnews.com,mediascopeAll/South_STL_News.png,2026-06-20 20:03:20,USA,MIXED,,RIGHT-CENTER,Questionable Source,MIXED
South Sacramento Today,http://southsactoday.com,mediascopeAll/South_Sacramento_Today.png,2026-06-20 21:34:56,USA,MIXED,,RIGHT-CENTER,Questionable Source,MIXED
South Triangle News,http://southtrianglenews.com,mediascopeAll/South_Triangle_News.png,2026-06-20 21:23:36,USA,MIXED,,RIGHT-CENTER,Questionable Source,MIXED
South West Illinois News,http://swillinoisnews.com,mediascopeAll/South_West_Illinois_News.png,2026-06-20 22:20:11,USA,MIXED,,RIGHT-CENTER,Questionable Source,MIXED
South Whidbey Record,https://southwhidbeyrecord.com,mediascopeAll/South_Whidbey_Record.png,2026-06-03 20:52:48,USA,HIGH,1,LEAST BIASED,,HIGH
South Winston-Salem News,http://southwinstonsalemnews.com,mediascopeAll/South_Winston-Salem_News.png,2026-06-20 20:34:10,USA,MIXED,,RIGHT-CENTER,Questionable Source,MIXED
Southeast Montana News,http://semontananews.com,mediascopeAll/Southeast_Montana_News.png,2026-06-20 19:43:51,USA,MIXED,,RIGHT-CENTER,Questionable Source,MIXED
Spartanburg Herald-Journal,https://goupstate.com,mediascopeAll/Spartanburg_Herald-Journal.png,2026-06-03 20:53:36,USA,HIGH,1,LEFT-CENTER,,HIGH
Spotlight Delaware,https://spotlightdelaware.org,mediascopeAll/Spotlight_Delaware.png,2026-06-03 20:52:25,USA,HIGH,1,LEFT,,HIGH
Springfield Standard,http://springfieldstandard.com,mediascopeAll/Springfield_Standard.png,2026-06-20 21:25:37,USA,MIXED,,RIGHT-CENTER,Questionable Source,MIXED
Springfield Sun,https://pmg-ky2.com/springfield/,mediascopeAll/Springfield_Sun.png,2026-06-03 23:23:57,USA,HIGH,1,RIGHT-CENTER,,HIGH
Sputnik,http://sputniknews.com,mediascopeAll/Sputnik.png,2026-06-20 19:57:35,Russia,VERY LOW,,RIGHT-CENTER,Questionable Source,LOW
St. Albert Gazette,https://stalbertgazette.com,mediascopeAll/St._Albert_Gazette.png,2026-06-03 20:53:34,,HIGH,1,LEFT-CENTER,,HIGH
St. Charles Times,http://stcharlestimes.com,mediascopeAll/St._Charles_Times.png,2026-06-20 20:56:32,USA,MIXED,,RIGHT-CENTER,Questionable Source,MIXED
St. Clair Today,http://stclairtoday.com,mediascopeAll/St._Clair_Today.png,2026-06-20 21:06:00,USA,MIXED,,RIGHT-CENTER,Questionable Source,MIXED
St. Cloud Sun,http://stcloudsun.com,mediascopeAll/St._Cloud_Sun.png,2026-06-20 19:36:52,USA,MIXED,,RIGHT-CENTER,Questionable Source,MIXED
St. George Spectrum,https://thespectrum.com,mediascopeAll/St._George_Spectrum.png,2026-06-03 20:54:09,USA,HIGH,1,LEFT-CENTER,,HIGH
St. Louis Record,https://stlrecord.com,mediascopeAll/St._Louis_Record.png,2026-06-08 22:00:08,USA,MIXED,,RIGHT-CENTER,Questionable Source,MIXED
St. Pete Standard,http://stpetestandard.com,mediascopeAll/St._Pete_Standard.png,2026-06-20 20:46:44,USA,MIXED,,RIGHT-CENTER,Questionable Source,MIXED
St. Thomas Times-Journal,https://stthomastimesjournal.com,mediascopeAll/St._Thomas_Times-Journal.png,2026-06-03 20:54:13,,HIGH,1,RIGHT-CENTER,,HIGH
Star News Network,http://thestarnewsnetwork.com,mediascopeAll/Star_News_Network.png,2026-06-20 19:34:30,USA,MIXED,,RIGHT,Questionable Source,MIXED
State of the Planet,https://news.climate.columbia.edu/,mediascopeAll/State_of_the_Planet.png,2026-06-03 20:53:59,USA,HIGH,1,LEFT-CENTER,,HIGH
StateScoop,https://statescoop.com,mediascopeAll/StateScoop.png,2026-06-03 20:54:31,USA,HIGH,1,LEAST BIASED,,HIGH
Stettler Independent,https://stettlerindependent.com,mediascopeAll/Stettler_Independent.png,2026-06-03 20:54:23,,HIGH,1,LEFT-CENTER,,HIGH
Strafford News,http://straffordnews.com,mediascopeAll/Strafford_News.png,2026-06-20 19:15:10,USA,MIXED,,RIGHT-CENTER,Questionable Source,MIXED
Stratford Beacon-Herald,https://stratfordbeaconherald.com,mediascopeAll/Stratford_Beacon-Herald.png,2026-06-03 20:55:05,,HIGH,1,RIGHT-CENTER,,HIGH
Strathroy Age Dispatch,https://strathroyagedispatch.com,mediascopeAll/Strathroy_Age_Dispatch.png,2026-06-03 20:55:14,,HIGH,1,RIGHT-CENTER,,HIGH
Sudbury Star,https://thesudburystar.com,mediascopeAll/Sudbury_Star.png,2026-06-03 20:55:13,,HIGH,1,RIGHT-CENTER,,HIGH
Suffolk Reporter,http://suffolkreporter.com,mediascopeAll/Suffolk_Reporter.png,2026-06-20 19:36:09,USA,MIXED,,RIGHT-CENTER,Questionable Source,MIXED
Summerland Review,https://summerlandreview.com,mediascopeAll/Summerland_Review.png,2026-06-03 20:54:46,,HIGH,1,LEFT-CENTER,,HIGH
Sumter Times,http://sumtertimes.com,mediascopeAll/Sumter_Times.png,2026-06-20 20:05:38,USA,MIXED,,RIGHT-CENTER,Questionable Source,MIXED
Sunflower State News,http://sunflowerstatenews.com,mediascopeAll/Sunflower_State_News.png,2026-06-20 21:32:38,USA,MIXED,,RIGHT-CENTER,Questionable Source,MIXED
Sunrise Movement,https://sunrisemovement.org,mediascopeAll/Sunrise_Movement.png,2026-06-08 22:01:53,USA,MIXED,,LEFT,,MIXED
Sunshine Sentinel,http://sunshinesentinel.com,mediascopeAll/Sunshine_Sentinel.png,2026-06-20 19:41:17,USA,MIXED,,RIGHT-CENTER,Questionable Source,MIXED
Survive The News,http://survivethenews.com,mediascopeAll/Survive_The_News.png,2026-06-20 19:58:24,USA,LOW,,EXTREME RIGHT,Questionable Source,LOW
Sussex Review,http://sussexreview.com,mediascopeAll/Sussex_Review.png,2026-06-20 22:28:06,USA,MIXED,,RIGHT-CENTER,Questionable Source,MIXED
Sweetwater Advocate & Democrat,https://advocateanddemocrat.com,mediascopeAll/Sweetwater_Advocate_Democrat.png,2026-06-03 23:09:49,USA,HIGH,1,LEFT-CENTER,,HIGH
Sylvan Lake News,https://sylvanlakenews.com,mediascopeAll/Sylvan_Lake_News.png,2026-06-03 20:55:37,,HIGH,1,LEFT-CENTER,,HIGH
Syracuse Sun,http://syracusesun.com,mediascopeAll/Syracuse_Sun.png,2026-06-20 20:00:05,USA,MIXED,,RIGHT-CENTER,Questionable Source,MIXED
TRT Afrika,https://trtafrika.com,mediascopeAll/TRT_Afrika.png,2026-06-08 22:03:07,,MIXED,,RIGHT-CENTER,,MIXED
TV Tropes,https://tvtropes.org,mediascopeAll/TV_Tropes.png,2026-06-08 22:03:28,USA,MIXED,,LEAST BIASED,,MIXED
Tabasco Post,http://tabascopost.com,mediascopeAll/Tabasco_Post.png,2026-06-20 20:53:24,Unknown,MIXED,,LEFT-CENTER,Questionable Source,MIXED
Tallahassee Sun,http://tallahasseesun.com,mediascopeAll/Tallahassee_Sun.png,2026-06-20 19:31:06,USA,MIXED,,RIGHT-CENTER,Questionable Source,MIXED
Tamaulipas Post,http://tamaulipaspost.com,mediascopeAll/Tamaulipas_Post.png,2026-06-20 21:56:09,Unknown,MIXED,,LEFT-CENTER,Questionable Source,MIXED
Tampa Republic,http://tamparepublic.com,mediascopeAll/Tampa_Republic.png,2026-06-20 19:48:26,USA,MIXED,,RIGHT-CENTER,Questionable Source,MIXED
Tax Foundation,https://taxfoundation.org,mediascopeAll/Tax_Foundation.png,2026-06-03 20:56:00,USA,HIGH,1,RIGHT-CENTER,,HIGH
TechGiants.News,https://techgiants.news,mediascopeAll/TechGiants.News_1.png,2026-06-04 00:09:39,USA,VERY LOW,0,RIGHT,,LOW
Technocrats.News,https://technocrats.news,mediascopeAll/Technocrats.News_1.png,2026-06-04 00:09:52,USA,VERY LOW,0,RIGHT,,LOW
Telesur,http://www.telesurtv.net,mediascopeAll/Telesur.png,2026-06-20 21:49:03,Venezuela,MIXED,,LEFT,Questionable Source,MIXED
Tellico Village Connection,https://tellicovillageconnection.com,mediascopeAll/Tellico_Village_Connection.png,2026-06-04 00:11:45,USA,HIGH,1,LEFT-CENTER,,HIGH
The Athens News,https://athensnews.com,mediascopeAll/The_Athens_News.png,2026-06-03 23:10:32,USA,HIGH,1,LEFT-CENTER,,HIGH
The Australian Financial Review,https://afr.com,mediascopeAll/The_Australian_Financial_Review.png,2026-06-03 20:58:16,,HIGH,1,RIGHT-CENTER,,HIGH
The Bearded Patriot,http://thebeardedpatriot.com,mediascopeAll/The_Bearded_Patriot.png,2026-06-20 19:46:28,USA,LOW,,RIGHT,Questionable Source,LOW
The Beltway Report,http://thebeltwayreport.com/,mediascopeAll/The_Beltway_Report.png,2026-06-20 19:54:50,USA,MIXED,,EXTREME RIGHT,Questionable Source,MIXED
The Bureau of Investigative Journalism,https://thebureauinvestigates.com,mediascopeAll/The_Bureau_of_Investigative_Journalism.png,2026-06-03 20:57:34,,HIGH,1,LEFT-CENTER,,HIGH
The Canadian Press,https://thecanadianpress.com,mediascopeAll/The_Canadian_Press.png,2026-06-03 20:57:09,,HIGH,1,LEAST BIASED,,HIGH
The Citizen,https://www.citizen.co.za/,mediascopeAll/The_Citizen.png,2026-06-03 20:57:37,,HIGH,1,RIGHT-CENTER,,HIGH
The Colorado Herald,http://thecoloradoherald.com,mediascopeAll/The_Colorado_Herald.png,2026-06-20 21:44:01,Unknown,LOW,,RIGHT,Questionable Source,LOW
The Colorado Sun,https://coloradosun.com,mediascopeAll/The_Colorado_Sun.png,2026-06-03 20:58:01,USA,HIGH,1,LEFT-CENTER,,HIGH
The Epoch Times,https://theepochtimes.com,mediascopeAll/The_Epoch_Times.png,2026-06-08 22:07:17,USA,MOSTLY FACTUAL,,RIGHT-CENTER,,HIGH
The Federation for American Immigration Reform,http://www.fairus.org,mediascopeAll/The_Federation_for_American_Immigration_Reform.png,2026-06-20 21:54:29,USA,LOW,,EXTREME RIGHT,Questionable Source,LOW
The Gateway Pundit,http://www.thegatewaypundit.com,mediascopeAll/The_Gateway_Pundit.png,2026-06-20 21:18:24,USA,VERY LOW,,EXTREME RIGHT,Questionable Source,LOW
The Guardian,https://theguardian.com,mediascopeAll/The_Guardian.png,2026-06-08 22:08:31,,HIGH,,LEFT-CENTER,,HIGH
The Independent Institute,https://independent.org,mediascopeAll/The_Independent_Institute.png,2026-06-08 22:08:56,USA,MOSTLY FACTUAL,,RIGHT-CENTER,,HIGH
The Irish News,https://irishnews.com,mediascopeAll/The_Irish_News.png,2026-06-03 23:54:02,,HIGH,1,LEFT-CENTER,,HIGH
The Jerusalem Report,https://jpost.com/jerusalem-report,mediascopeAll/The_Jerusalem_Report.png,2026-06-03 20:59:40,,HIGH,1,RIGHT-CENTER,,HIGH
The Jewish Press,https://jewishpress.com,mediascopeAll/The_Jewish_Press.png,2026-06-03 21:00:30,USA,HIGH,1,RIGHT-CENTER,,HIGH
The Kentucky Standard,https://pmg-ky2.com/kystandard/,mediascopeAll/The_Kentucky_Standard.png,2026-06-03 21:00:39,USA,HIGH,1,RIGHT-CENTER,,HIGH
The Last American Vagabond,http://thelastamericanvagabond.com,mediascopeAll/The_Last_American_Vagabond.png,2026-06-20 21:56:42,USA,LOW,,RIGHT,Questionable Source,LOW
The List,https://thelist.com,mediascopeAll/The_List.png,2026-06-08 22:09:24,USA,MOSTLY FACTUAL,,LEFT-CENTER,,HIGH
The Logic of Science,https://thelogicofscience.com,mediascopeAll/The_Logic_of_Science.png,2026-06-03 20:59:49,USA,HIGH,1,LEAST BIASED,,HIGH
The MacArthur Foundation,https://macfound.org,mediascopeAll/The_MacArthur_Foundation.png,2026-06-03 23:58:28,USA,HIGH,1,LEFT-CENTER,,HIGH
The Majalla,http://eng.majalla.com,mediascopeAll/The_Majalla.png,2026-06-20 19:45:49,Saudi Arabia,MIXED,,RIGHT-CENTER,Questionable Source,MIXED
The Michigan Independent,https://michiganindependent.com/,mediascopeAll/The_Michigan_Independent.png,2026-06-20 20:26:10,USA,MIXED,,LEFT,Questionable Source,MIXED
The Most Important News,http://themostimportantnews.com,mediascopeAll/The_Most_Important_News.png,2026-06-20 22:18:31,USA,LOW,,RIGHT,Questionable Source,LOW
The New European,https://theneweuropean.co.uk,mediascopeAll/The_New_European.png,2026-06-08 22:13:55,,MOSTLY FACTUAL,,LEFT,,HIGH
The New Inquiry,https://thenewinquiry.com,mediascopeAll/The_New_Inquiry.png,2026-06-08 22:14:26,USA,MIXED,,LEFT,,MIXED
The Ohio Star,http://theohiostar.com,mediascopeAll/The_Ohio_Star.png,2026-06-20 20:19:37,USA,MIXED,,RIGHT,Questionable Source,MIXED
The Organic Prepper,https://theorganicprepper.com,mediascopeAll/The_Organic_Prepper.png,2026-06-08 22:14:41,USA,MIXED,,RIGHT,,MIXED
The Palm Beach Post,https://palmbeachpost.com,mediascopeAll/The_Palm_Beach_Post.png,2026-06-03 21:02:01,USA,HIGH,1,LEFT-CENTER,,HIGH
The Patriotic Times,https://thepatriotictimes.com,mediascopeAll/The_Patriotic_Times.png,2026-06-03 21:02:00,USA,LOW,0,EXTREME RIGHT,Questionable Source,LOW
The Perspective,https://theperspective.com,mediascopeAll/The_Perspective.png,2026-06-03 21:01:43,,HIGH,1,LEAST BIASED,,HIGH
The Phaser,https://thephaser.com,mediascopeAll/The_Phaser.png,2026-06-03 21:02:01,USA,VERY LOW,0,RIGHT,,LOW
The Post-Journal,https://www.post-journal.com/,mediascopeAll/The_Post-Journal.png,2026-06-03 21:02:17,USA,HIGH,1,RIGHT-CENTER,,HIGH
The Postil Magazine,https://thepostil.com,mediascopeAll/The_Postil_Magazine.png,2026-06-08 22:15:18,USA,MIXED,,RIGHT,,MIXED
The Prepared,https://theprepared.com,mediascopeAll/The_Prepared.png,2026-06-03 21:02:42,USA,HIGH,1,LEAST BIASED,,HIGH
The Province,https://theprovince.com,mediascopeAll/The_Province.png,2026-06-04 00:12:05,,HIGH,1,RIGHT-CENTER,,HIGH
The Recount,https://therecount.com,mediascopeAll/The_Recount.png,2026-06-03 21:02:25,,HIGH,1,LEAST BIASED,,HIGH
The Region News,http://theregionnews.com,mediascopeAll/The_Region_News.png,2026-06-20 21:27:07,USA,MIXED,,RIGHT-CENTER,Questionable Source,MIXED
The Spectator,https://www.spectator.co.uk/,mediascopeAll/The_Spectator.png,2026-06-08 22:15:54,,MOSTLY FACTUAL,,RIGHT-CENTER,,HIGH
The Tennessee Star,http://tennesseestar.com,mediascopeAll/The_Tennessee_Star.png,2026-06-20 19:19:15,USA,MIXED,,RIGHT,Questionable Source,MIXED
The Thinking Conservative,http://thethinkingconservative.com,mediascopeAll/The_Thinking_Conservative.png,2026-06-20 22:24:02,USA,LOW,,EXTREME RIGHT,Questionable Source,LOW
The Varsity,https://thevarsity.ca,mediascopeAll/The_Varsity.png,2026-06-03 21:03:48,,HIGH,1,LEFT-CENTER,,HIGH
The Vindicator,https://vindy.com,mediascopeAll/The_Vindicator.png,2026-06-03 21:04:25,USA,HIGH,1,LEAST BIASED,,HIGH
The Voice,https://thevoice.us,mediascopeAll/The_Voice.png,2026-06-03 21:04:40,,HIGH,1,LEAST BIASED,,HIGH
The Warren Sun,http://warrensun.com,mediascopeAll/The_Warren_Sun.png,2026-06-20 20:31:02,USA,MIXED,,RIGHT-CENTER,Questionable Source,MIXED
The Washington Spectator,https://washingtonspectator.org,mediascopeAll/The_Washington_Spectator.png,2026-06-04 00:13:56,USA,HIGH,1,LEFT,,HIGH
The Watson Center,https://cnu.edu/wasoncenter/,mediascopeAll/The_Watson_Center.png,2026-06-03 23:44:40,USA,HIGH,1,LEFT-CENTER,,HIGH
The Wellness Company,https://twc.health,mediascopeAll/The_Wellness_Company.png,2026-06-04 00:13:38,USA,LOW,0,RIGHT,,LOW
TheJournal.ie,https://thejournal.ie,mediascopeAll/TheJournal.ie.png,2026-06-03 21:05:22,,HIGH,1,LEFT-CENTER,,HIGH
TheRighting,https://therighting.com,mediascopeAll/TheRighting.png,2026-06-03 21:05:31,USA,HIGH,1,LEFT-CENTER,,HIGH
TheSpectator.info,https://thespectator.info,mediascopeAll/TheSpectator.info_1.png,2026-06-04 00:11:59,USA,VERY LOW,0,EXTREME RIGHT,Questionable Source,LOW
Them.us,https://them.us,mediascopeAll/Them.us_1.png,2026-06-04 00:12:17,USA,HIGH,1,LEFT,,HIGH
ThinkPol,https://thinkpol.ca,mediascopeAll/ThinkPol.png,2026-06-03 21:06:08,,HIGH,1,LEFT,,HIGH
Thomasville Times,https://hpenews.com/thomasville_times/,mediascopeAll/Thomasville_Times.png,2026-06-03 23:19:06,USA,HIGH,1,RIGHT-CENTER,,HIGH
ThoughtCo,https://thoughtco.com,mediascopeAll/ThoughtCo.png,2026-06-03 21:06:04,USA,VERY HIGH,1,LEAST BIASED,,HIGH
Thumb Reporter,http://thumbreporter.com,mediascopeAll/Thumb_Reporter.png,2026-06-20 21:39:09,USA,MIXED,,RIGHT-CENTER,Questionable Source,MIXED
Times Now News,https://timesnownews.com,mediascopeAll/Times_Now_News.png,2026-06-08 22:17:34,,MIXED,,RIGHT,,MIXED
Timmins Press,https://timminspress.com,mediascopeAll/Timmins_Press.png,2026-06-03 21:06:38,,HIGH,1,RIGHT-CENTER,,HIGH
Timmins Times,https://timminstimes.com,mediascopeAll/Timmins_Times.png,2026-06-03 21:06:47,,HIGH,1,RIGHT-CENTER,,HIGH
Today Singapore,https://todayonline.com,mediascopeAll/Today_Singapore.png,2026-06-08 22:18:23,,MOSTLY FACTUAL,,RIGHT-CENTER,,HIGH
Toledo Reporter,https://toledoreporter.com,mediascopeAll/Toledo_Reporter.png,2026-06-08 22:18:26,USA,MIXED,,RIGHT-CENTER,,MIXED
Topeka Sun,http://topekasun.com,mediascopeAll/Topeka_Sun.png,2026-06-20 21:20:09,USA,MIXED,,RIGHT-CENTER,Questionable Source,MIXED
TorrentFreak,https://torrentfreak.com,mediascopeAll/TorrentFreak.png,2026-06-03 21:06:20,,HIGH,1,LEAST BIASED,,HIGH
Totality of Evidence,https://totalityofevidence.com,mediascopeAll/Totality_of_Evidence.png,2026-06-03 21:06:47,,VERY LOW,0,RIGHT,,LOW
Trail Times,https://trailtimes.ca,mediascopeAll/Trail_Times.png,2026-06-03 21:07:00,,HIGH,1,LEFT-CENTER,,HIGH
Transit Tomorrow,https://transittomorrow.com,mediascopeAll/Transit_Tomorrow.png,2026-06-08 22:20:30,USA,MOSTLY FACTUAL,,LEFT-CENTER,,HIGH
Transylvania Times,https://transylvaniatimes.com,mediascopeAll/Transylvania_Times.png,2026-06-03 23:29:36,USA,HIGH,1,LEFT-CENTER,,HIGH
Treasure Coast Sun,http://treasurecoastsun.com,mediascopeAll/Treasure_Coast_Sun.png,2026-06-20 19:31:58,USA,MIXED,,RIGHT-CENTER,Questionable Source,MIXED
Treasure Valley Times,http://treasurevalleytimes.com,mediascopeAll/Treasure_Valley_Times.png,2026-06-20 22:19:30,USA,MIXED,,RIGHT-CENTER,Questionable Source,MIXED
Trentonian,https://trentonian.ca,mediascopeAll/Trentonian.png,2026-06-04 00:12:42,,HIGH,1,RIGHT-CENTER,,HIGH
Tri County News,http://triconews.com,mediascopeAll/Tri_County_News.png,2026-06-20 22:15:42,USA,MIXED,,RIGHT-CENTER,Questionable Source,MIXED
Tri-City News,https://tricitynews.com,mediascopeAll/Tri-City_News.png,2026-06-03 21:07:44,,HIGH,1,LEFT-CENTER,,HIGH
Tri-City Sun,http://tricitysun.com,mediascopeAll/Tri-City_Sun.png,2026-06-20 22:15:32,USA,MIXED,,RIGHT-CENTER,Questionable Source,MIXED
Tri-County Independent,https://tricountyindependent.com,mediascopeAll/Tri-County_Independent.png,2026-06-03 21:08:25,USA,HIGH,1,LEFT-CENTER,,HIGH
TruckingDive,https://truckingdive.com,mediascopeAll/TruckingDive.png,2026-06-03 21:08:06,USA,HIGH,1,LEAST BIASED,,HIGH
Trumball News,http://trumballnews.com,mediascopeAll/Trumball_News.png,2026-06-20 20:02:32,USA,MIXED,,RIGHT-CENTER,Questionable Source,MIXED
TruthorFiction.com,https://truthorfiction.com,mediascopeAll/TruthorFiction.com.png,2026-06-03 21:08:34,USA,VERY HIGH,1,LEAST BIASED,,HIGH
Tsarizm,http://tsarizm.com,mediascopeAll/Tsarizm.png,2026-06-21 17:53:20,USA,LOW,,EXTREME RIGHT,Questionable Source,LOW
Tsionizm,http://tsionizm.com,mediascopeAll/Tsionizm.png,2026-06-20 21:18:47,USA,LOW,,EXTREME RIGHT,Questionable Source,LOW
Tucson Standard,http://tucsonstandard.com,mediascopeAll/Tucson_Standard.png,2026-06-20 21:54:02,USA,MIXED,,RIGHT-CENTER,Questionable Source,MIXED
Tulare Times,http://tularetimes.com,mediascopeAll/Tulare_Times.png,2026-06-20 21:26:02,USA,MIXED,,RIGHT-CENTER,Questionable Source,MIXED
Turley Talks,http://turleytalks.com,mediascopeAll/Turley_Talks.png,2026-06-20 19:09:23,USA,LOW,,EXTREME RIGHT,Questionable Source,LOW
Tyranny.News,https://tyranny.news,mediascopeAll/Tyranny.News_1.png,2026-06-04 00:12:22,USA,VERY LOW,0,RIGHT,,LOW
U.S. Right to Know,https://usrtk.org,mediascopeAll/U.S._Right_to_Know.png,2026-06-08 22:22:21,USA,MOSTLY FACTUAL,,LEFT,,HIGH
UP Gazette,http://upgazette.com,mediascopeAll/UP_Gazette.png,2026-06-20 20:41:35,USA,MIXED,,RIGHT-CENTER,Questionable Source,MIXED
US Backlash,http://usbacklash.org,mediascopeAll/US_Backlash.png,2026-06-20 21:21:13,USA,VERY LOW,,EXTREME RIGHT,Questionable Source,LOW
USHistory.org,https://ushistory.org,mediascopeAll/USHistory.org.png,2026-06-03 21:09:31,USA,HIGH,1,LEAST BIASED,,HIGH
USNI News,https://news.usni.org,mediascopeAll/USNI_News.png,2026-06-03 21:09:53,USA,HIGH,1,LEAST BIASED,,HIGH
Uncommon Ground Media,https://uncommongroundmedia.com,mediascopeAll/Uncommon_Ground_Media.png,2026-06-08 22:22:52,,MIXED,,RIGHT-CENTER,,MIXED
Union County Review,http://unioncountyreview.com,mediascopeAll/Union_County_Review.png,2026-06-20 20:12:52,USA,MIXED,,RIGHT-CENTER,Questionable Source,MIXED
United Federation of Teachers,https://uft.org,mediascopeAll/United_Federation_of_Teachers.png,2026-06-03 21:10:07,USA,HIGH,1,LEFT-CENTER,,HIGH
United States Institute of Peace,https://www.usip.org,mediascopeAll/United_States_Institute_of_Peace.png,2026-06-03 21:10:19,,HIGH,1,LEAST BIASED,,HIGH
United Voice,http://unitedvoice.com,mediascopeAll/United_Voice.png,2026-06-20 20:37:57,USA,MIXED,,RIGHT,Questionable Source,MIXED
Unlimited Hangout,https://unlimitedhangout.com,mediascopeAll/Unlimited_Hangout.png,2026-06-08 22:23:47,USA,MIXED,,RIGHT,,MIXED
Unmuzzled News,http://unmuzzlednews.com,mediascopeAll/Unmuzzled_News.png,2026-06-20 21:46:50,USA,MIXED,,RIGHT,Questionable Source,MIXED
Up North News,http://upnorthnewswi.com,mediascopeAll/Up_North_News.png,2026-06-20 20:00:36,USA,MIXED,,LEFT-CENTER,Questionable Source,MIXED
Upper Delta News,http://upperdeltanews.com,mediascopeAll/Upper_Delta_News.png,2026-06-20 21:03:38,USA,MIXED,,RIGHT-CENTER,Questionable Source,MIXED
Upward News,https://upward.news,mediascopeAll/Upward_News.png,2026-06-08 22:24:50,USA,MOSTLY FACTUAL,,RIGHT-CENTER,,HIGH
Utah News Dispatch,https://utahnewsdispatch.com,mediascopeAll/Utah_News_Dispatch.png,2026-06-03 21:10:07,USA,HIGH,1,LEFT,,HIGH
Utica Observer-Dispatch,https://uticaod.com,mediascopeAll/Utica_Observer-Dispatch.png,2026-06-03 21:10:59,USA,HIGH,1,LEFT-CENTER,,HIGH
UtilityDive,https://utilitydive.com,mediascopeAll/UtilityDive.png,2026-06-03 21:10:46,USA,HIGH,1,LEAST BIASED,,HIGH
VaccineDamage.News,https://vaccinedamage.news,mediascopeAll/VaccineDamage.News.png,2026-06-03 21:11:26,USA,VERY LOW,0,RIGHT,,LOW
Vaccines and Christianity,https://vaccinesandchristianity.org,mediascopeAll/Vaccines_and_Christianity.png,2026-06-03 21:11:10,USA,VERY LOW,0,RIGHT,,LOW
Variety Magazine,https://variety.com,mediascopeAll/Variety_Magazine.png,2026-06-04 00:13:58,USA,HIGH,1,LEFT-CENTER,,HIGH
Vaxxter,https://vaxxter.com,mediascopeAll/Vaxxter.png,2026-06-03 21:11:16,USA,LOW,0,RIGHT,,LOW
Vegan Society,https://vegansociety.com,mediascopeAll/Vegan_Society.png,2026-06-03 21:11:25,,HIGH,1,LEFT,,HIGH
Vera Files,https://verafiles.org,mediascopeAll/Vera_Files.png,2026-06-03 21:11:40,,HIGH,1,LEFT-CENTER,,HIGH
Veracruz Daily Post,http://veracruzdailypost.com,mediascopeAll/Veracruz_Daily_Post.png,2026-06-20 22:27:19,Unknown,MIXED,,LEFT-CENTER,Questionable Source,MIXED
Verdugos News,http://verdugosnews.com,mediascopeAll/Verdugos_News.png,2026-06-20 21:51:45,USA,MIXED,,RIGHT-CENTER,Questionable Source,MIXED
Verify Fact Check,https://verifythis.com,mediascopeAll/Verify_Fact_Check.png,2026-06-03 21:11:34,USA,HIGH,1,LEAST BIASED,,HIGH
Victor Valley Times,http://victorvalleytimes.com,mediascopeAll/Victor_Valley_Times.png,2026-06-20 21:12:11,USA,MIXED,,RIGHT-CENTER,Questionable Source,MIXED
Victoria Advocate,https://victoriaadvocate.com,mediascopeAll/Victoria_Advocate.png,2026-06-03 21:11:51,USA,HIGH,1,LEFT-CENTER,,HIGH
Vigilante.TV,https://vigilante.TV,mediascopeAll/Vigilante.TV.png,2026-06-03 21:12:05,,VERY LOW,0,RIGHT,,LOW
Virginia Dogwood,http://vadogwood.com,mediascopeAll/Virginia_Dogwood.png,2026-06-20 21:59:38,USA,MIXED,,LEFT-CENTER,Questionable Source,MIXED
Virginia Star,http://thevirginiastar.com,mediascopeAll/Virginia_Star.png,2026-06-20 20:25:19,USA,MIXED,,RIGHT,Questionable Source,MIXED
Visual Capitalist,https://visualcapitalist.com,mediascopeAll/Visual_Capitalist.png,2026-06-03 21:12:55,,HIGH,1,LEAST BIASED,,HIGH
WAAV - 980 AM - Wilmington,https://980waav.com,mediascopeAll/WAAV_-_980_AM_-_Wilmington.png,2026-06-08 22:27:08,USA,MIXED,,RIGHT,,MIXED
WBAP - 820AM - Dallas,https://wbap.com,mediascopeAll/WBAP_-_820AM_-_Dallas.png,2026-06-08 22:27:39,USA,MIXED,,RIGHT,,MIXED
WBEZ - NPR - Chicago,https://wbez.org,mediascopeAll/WBEZ_-_NPR_-_Chicago.png,2026-06-03 21:13:27,USA,HIGH,1,LEFT-CENTER,,HIGH
WBND - South Bend News,https://abc57.com,mediascopeAll/WBND_-_South_Bend_News.png,2026-06-03 21:13:02,USA,HIGH,1,LEFT-CENTER,,HIGH
WBST - NPR - Muncie,https://indianapublicradio.org,mediascopeAll/WBST_-_NPR_-_Muncie.png,2026-06-03 21:13:49,USA,HIGH,1,LEFT-CENTER,,HIGH
WC Georgia News,http://wcgeorgianews.com,mediascopeAll/WC_Georgia_News.png,2026-06-20 21:25:50,USA,MIXED,,RIGHT-CENTER,Questionable Source,MIXED
WC Indiana News,http://wcindiananews.com,mediascopeAll/WC_Indiana_News.png,2026-06-20 20:58:06,USA,MIXED,,RIGHT-CENTER,Questionable Source,MIXED
WC Iowa News,http://wciowanews.com,mediascopeAll/WC_Iowa_News.png,2026-06-20 20:08:41,USA,MIXED,,RIGHT-CENTER,Questionable Source,MIXED
WC Minnesota Newsa,https://www.cbsnews.com/minnesota/,mediascopeAll/WC_Minnesota_Newsa.png,2026-06-08 22:28:18,USA,MIXED,,RIGHT-CENTER,,MIXED
WC Mississippi News,http://wcmissnews.com,mediascopeAll/WC_Mississippi_News.png,2026-06-20 20:01:13,USA,MIXED,,RIGHT-CENTER,Questionable Source,MIXED
WC Missouri News,http://wcmissourinews.com,mediascopeAll/WC_Missouri_News.png,2026-06-20 19:42:18,USA,MIXED,,RIGHT-CENTER,Questionable Source,MIXED
WC New Mexico News –,http://wcnewmexiconews.com,mediascopeAll/WC_New_Mexico_News.png,2026-06-20 20:27:04,USA,MIXED,,RIGHT-CENTER,Questionable Source,MIXED
WDJT - CBS - Milwaukee,https://cbs58.com,mediascopeAll/WDJT_-_CBS_-_Milwaukee.png,2026-06-03 21:13:32,USA,HIGH,1,LEFT-CENTER,,HIGH
WFNC - 640 AM  - Fayetteville,https://wfnc640am.com,mediascopeAll/WFNC_-_640_AM_-_Fayetteville.png,2026-06-08 22:29:28,USA,MIXED,,RIGHT,,MIXED
WFSU - NPR - Tallahassee,https://wfsu.org,mediascopeAll/WFSU_-_NPR_-_Tallahassee.png,2026-06-03 21:14:29,USA,HIGH,1,LEFT-CENTER,,HIGH
WFYI - NPR - Indianapolis,https://wfyi.org,mediascopeAll/WFYI_-_NPR_-_Indianapolis.png,2026-06-03 21:14:04,USA,HIGH,1,LEFT-CENTER,,HIGH
WGOW - 1150AM - Chattanooga,https://wgowam.com,mediascopeAll/WGOW_-_1150AM_-_Chattanooga.png,2026-06-08 22:29:33,USA,MIXED,,RIGHT,,MIXED
WGPB - Georgia Public Broadcasting,https://gpb.org,mediascopeAll/WGPB_-_Georgia_Public_Broadcasting.png,2026-06-03 21:14:45,USA,HIGH,1,LEFT-CENTER,,HIGH
WJBC - 1230AM - Bloomington,https://wjbc.com,mediascopeAll/WJBC_-_1230AM_-_Bloomington.png,2026-06-03 21:14:23,USA,MOSTLY FACTUAL,1,RIGHT-CENTER,,HIGH
WJCT - NPR - Jacksonville,https://news.wjct.org,mediascopeAll/WJCT_-_NPR_-_Jacksonville.png,2026-06-03 21:14:42,USA,HIGH,1,LEFT-CENTER,,HIGH
WJCW - 910 AM - Tri-Cities,https://wjcw.com,mediascopeAll/WJCW_-_910_AM_-_Tri-Cities.png,2026-06-08 22:29:45,USA,MIXED,,RIGHT,,MIXED
WLPR - NPR - Lowell,https://lakeshorepublicmedia.org,mediascopeAll/WLPR_-_NPR_-_Lowell.png,2026-06-03 21:14:42,USA,HIGH,1,LEFT-CENTER,,HIGH
WLS - 890AM - Chicago,https://wlsam.com,mediascopeAll/WLS_-_890AM_-_Chicago.png,2026-06-08 22:29:52,USA,MIXED,,RIGHT,,MIXED
WMAL - 105.9 FM - WMAL,https://wmal.com,mediascopeAll/WMAL_-_105.9_FM_-_WMAL.png,2026-06-08 22:30:05,USA,MIXED,,RIGHT,,MIXED
WMNF - NPR - Tampa,https://wmnf.org,mediascopeAll/WMNF_-_NPR_-_Tampa.png,2026-06-03 21:15:41,USA,HIGH,1,LEFT-CENTER,,HIGH
WNPR - Connecticut Public Radio - Hartford,https://ctpublic.org,mediascopeAll/WNPR_-_Connecticut_Public_Radio_-_Hartford.png,2026-06-03 21:15:04,USA,HIGH,1,LEFT-CENTER,,HIGH
WOKI - 98.7 - Knoxville,https://newstalk987.com,mediascopeAll/WOKI_-_98.7_-_Knoxville.png,2026-06-08 22:30:19,USA,MIXED,,RIGHT,,MIXED
WPEC - CBS12.com,https://cbs12.com,mediascopeAll/WPEC_-_CBS12.com.png,2026-06-03 21:16:17,USA,HIGH,1,RIGHT-CENTER,,HIGH
WPIC - 790 AM - Youngstown,https://790wpic.com,mediascopeAll/WPIC_-_790_AM_-_Youngstown.png,2026-06-08 22:30:30,USA,MIXED,,RIGHT,,MIXED
WPRO - 99.7 FM - Providence,https://997wpro.com,mediascopeAll/WPRO_-_99.7_FM_-_Providence.png,2026-06-08 22:30:43,USA,MOSTLY FACTUAL,,RIGHT-CENTER,,HIGH
WPSD - Paducah News,https://wpsdlocal6.com,mediascopeAll/WPSD_-_Paducah_News.png,2026-06-03 21:16:20,USA,HIGH,1,RIGHT-CENTER,,HIGH
WSAZ News Channel,https://wsaz.com,mediascopeAll/WSAZ_News_Channel.png,2026-06-04 00:17:48,USA,HIGH,1,LEAST BIASED,,HIGH
WSBA - 93.5 FM - York,https://newstalkwsba.com,mediascopeAll/WSBA_-_93.5_FM_-_York.png,2026-06-08 22:30:53,USA,MOSTLY FACTUAL,,RIGHT-CENTER,,HIGH
WSIU - NPR - Carbondale,https://wsiu.org,mediascopeAll/WSIU_-_NPR_-_Carbondale.png,2026-06-03 21:16:58,USA,HIGH,1,LEFT-CENTER,,HIGH
WSVN,https://wsvn.com,mediascopeAll/WSVN.png,2026-06-04 00:16:48,USA,HIGH,1,LEFT-CENTER,,HIGH
WTMA - 1250AM - Charleston,https://wtma.com,mediascopeAll/WTMA_-_1250AM_-_Charleston.png,2026-06-08 22:31:14,USA,MIXED,,RIGHT,,MIXED
WTXF-TV Fox 29,https://fox29.com,mediascopeAll/WTXF-TV_Fox_29.png,2026-06-03 21:18:38,USA,HIGH,1,LEAST BIASED,,HIGH
WUCR - NPR - Orlando,https://wucf.org,mediascopeAll/WUCR_-_NPR_-_Orlando.png,2026-06-03 21:18:07,USA,HIGH,1,LEFT-CENTER,,HIGH
WUSF - NPR - Tampa,https://wusf.org,mediascopeAll/WUSF_-_NPR_-_Tampa.png,2026-06-03 21:18:02,USA,HIGH,1,LEFT-CENTER,,HIGH
WVLK - 590 AM - Lexington,https://wvlkam.com,mediascopeAll/WVLK_-_590_AM_-_Lexington.png,2026-06-08 22:31:16,USA,MIXED,,RIGHT,,MIXED
WalesOnline,https://walesonline.co.uk,mediascopeAll/WalesOnline.png,2026-06-03 21:18:34,,HIGH,1,LEFT-CENTER,,HIGH
Wallaceburg Courier Press,https://wallaceburgcourierpress.com,mediascopeAll/Wallaceburg_Courier_Press.png,2026-06-03 21:18:53,,HIGH,1,RIGHT-CENTER,,HIGH
Warren-Clinton News,http://warrenclintonnews.com,mediascopeAll/Warren-Clinton_News.png,2026-06-20 21:33:50,USA,MIXED,,RIGHT-CENTER,Questionable Source,MIXED
Washington Stand,http://washingtonstand.com,mediascopeAll/Washington_Stand.png,2026-06-20 21:12:29,USA,LOW,,EXTREME RIGHT,Questionable Source,LOW
Washington State Standard,https://washingtonstatestandard.com,mediascopeAll/Washington_State_Standard.png,2026-06-03 21:18:47,USA,HIGH,1,LEFT,Questionable Source,HIGH
Washoe News,http://washoenews.com,mediascopeAll/Washoe_News.png,2026-06-20 19:49:12,USA,MIXED,,RIGHT-CENTER,Questionable Source,MIXED
Waterford Today,http://waterfordtoday.com,mediascopeAll/Waterford_Today.png,2026-06-20 20:04:52,USA,MIXED,,RIGHT-CENTER,Questionable Source,MIXED
Waterloo Times,http://waterlootimes.com,mediascopeAll/Waterloo_Times.png,2026-06-20 19:20:07,USA,MIXED,,RIGHT-CENTER,Questionable Source,MIXED
Watertown Public Opinion,https://thepublicopinion.com,mediascopeAll/Watertown_Public_Opinion.png,2026-06-03 21:19:52,USA,HIGH,1,LEFT-CENTER,,HIGH
Waynesboro Record-Herald,https://therecordherald.com,mediascopeAll/Waynesboro_Record-Herald.png,2026-06-03 21:20:16,USA,HIGH,1,LEFT-CENTER,,HIGH
We Got This Covered,https://wegotthiscovered.com,mediascopeAll/We_Got_This_Covered.png,2026-06-08 22:32:38,,MOSTLY FACTUAL,,LEAST BIASED,,HIGH
We Hunted the Mammoth,https://wehuntedthemammoth.com,mediascopeAll/We_Hunted_the_Mammoth.png,2026-06-03 21:19:19,USA,HIGH,1,LEFT,,HIGH
We The People Daily,http://wethepeopledaily.com,mediascopeAll/We_The_People_Daily.png,2026-06-20 19:46:31,USA,LOW,,EXTREME RIGHT,Questionable Source,LOW
Well+Good,https://wellandgood.com,mediascopeAll/Well_Good.png,2026-06-08 22:32:54,USA,MIXED,,LEFT,,MIXED
Wellington Advertiser,https://wellingtonadvertiser.com,mediascopeAll/Wellington_Advertiser.png,2026-06-08 22:33:43,,MOSTLY FACTUAL,,LEAST BIASED,,HIGH
West Central Alabama News,http://wcalabamanews.com,mediascopeAll/West_Central_Alabama_News.png,2026-06-20 20:33:56,USA,MIXED,,RIGHT-CENTER,Questionable Source,MIXED
West Central Michigan News,http://wcmichigannews.com,mediascopeAll/West_Central_Michigan_News.png,2026-06-20 22:07:08,USA,MIXED,,RIGHT-CENTER,Questionable Source,MIXED
West Cleveland News,http://westclevelandnews.com,mediascopeAll/West_Cleveland_News.png,2026-06-20 20:49:20,USA,MIXED,,RIGHT-CENTER,Questionable Source,MIXED
West Contra Costa News,http://westcontracostanews.com,mediascopeAll/West_Contra_Costa_News.png,2026-06-20 19:37:45,USA,MIXED,,RIGHT-CENTER,Questionable Source,MIXED
West Cook News,http://westcooknews.com,mediascopeAll/West_Cook_News.png,2026-06-20 21:22:59,USA,MIXED,,RIGHT-CENTER,Questionable Source,MIXED
West DSM News,http://westdsmnews.com,mediascopeAll/West_DSM_News.png,2026-06-20 20:54:44,USA,MIXED,,RIGHT-CENTER,Questionable Source,MIXED
West El Dorado News,http://westeldoradonews.com,mediascopeAll/West_El_Dorado_News.png,2026-06-20 20:52:22,USA,MIXED,,RIGHT-CENTER,Questionable Source,MIXED
West Elgin Chronicle,https://thechronicle-online.com,mediascopeAll/West_Elgin_Chronicle.png,2026-06-03 21:20:37,,HIGH,1,RIGHT-CENTER,,HIGH
West Essex News,http://westessexnews.com,mediascopeAll/West_Essex_News.png,2026-06-20 22:01:09,USA,MIXED,,RIGHT-CENTER,Questionable Source,MIXED
West Florida News,http://westflnews.com,mediascopeAll/West_Florida_News.png,2026-06-20 21:56:42,USA,MIXED,,RIGHT-CENTER,Questionable Source,MIXED
West Hamilton News,http://westhamiltonnews.com,mediascopeAll/West_Hamilton_News.png,2026-06-20 20:41:42,USA,MIXED,,RIGHT-CENTER,Questionable Source,MIXED
West Hudson Valley News,http://westhudvalleynews.com,mediascopeAll/West_Hudson_Valley_News.png,2026-06-20 19:12:50,USA,MIXED,,RIGHT-CENTER,Questionable Source,MIXED
West Indy News,http://westindynews.com,mediascopeAll/West_Indy_News.png,2026-06-20 21:06:46,USA,MIXED,,RIGHT-CENTER,Questionable Source,MIXED
West K News,https://westknews.com,mediascopeAll/West_K_News.png,2026-06-03 21:20:35,,HIGH,1,LEFT-CENTER,,HIGH
West Lake Norman News,http://westlakenormannews.com,mediascopeAll/West_Lake_Norman_News.png,2026-06-20 20:17:51,USA,MIXED,,RIGHT-CENTER,Questionable Source,MIXED
West Lucas News,http://westlucasnews.com,mediascopeAll/West_Lucas_News.png,2026-06-20 20:51:40,USA,MIXED,,RIGHT-CENTER,Questionable Source,MIXED
West Massachusetts News,http://westmassnews.com,mediascopeAll/West_Massachusetts_News.png,2026-06-20 19:38:58,USA,MIXED,,RIGHT-CENTER,Questionable Source,MIXED
West Pennyroyal News,http://westpennyroyalnews.com,mediascopeAll/West_Pennyroyal_News.png,2026-06-20 21:27:39,USA,MIXED,,RIGHT-CENTER,Questionable Source,MIXED
West SBV Times,http://westsbvtimes.com,mediascopeAll/West_SBV_Times.png,2026-06-20 22:27:47,USA,MIXED,,RIGHT-CENTER,Questionable Source,MIXED
West SFV Today,http://westsfvtoday.com,mediascopeAll/West_SFV_Today.png,2026-06-20 19:46:07,USA,MIXED,,RIGHT-CENTER,Questionable Source,MIXED
West SGV News,http://westsgvnews.com,mediascopeAll/West_SGV_News.png,2026-06-20 20:12:01,USA,MIXED,,RIGHT-CENTER,Questionable Source,MIXED
West STL News,http://stlwestnews.com,mediascopeAll/West_STL_News.png,2026-06-20 20:51:35,USA,MIXED,,RIGHT-CENTER,Questionable Source,MIXED
West Twin Cities,http://westtwincities.com,mediascopeAll/West_Twin_Cities.png,2026-06-20 20:52:08,USA,MIXED,,RIGHT-CENTER,Questionable Source,MIXED
West Ventura News,http://westventuranews.com,mediascopeAll/West_Ventura_News.png,2026-06-20 19:43:56,USA,MIXED,,RIGHT-CENTER,Questionable Source,MIXED
West Virginia Public Broadcasting,https://wvpublic.org,mediascopeAll/West_Virginia_Public_Broadcasting.png,2026-06-03 21:21:03,USA,HIGH,1,LEAST BIASED,,HIGH
West Virginia Watch,https://westvirginiawatch.com/,mediascopeAll/West_Virginia_Watch.png,2026-06-03 21:20:52,USA,HIGH,1,LEFT,,HIGH
West Volusia News,http://westvolusianews.com,mediascopeAll/West_Volusia_News.png,2026-06-20 20:37:28,USA,MIXED,,RIGHT-CENTER,Questionable Source,MIXED
Westbank Louisiana News,http://westbanklanews.com,mediascopeAll/Westbank_Louisiana_News.png,2026-06-20 20:18:19,USA,MIXED,,RIGHT-CENTER,Questionable Source,MIXED
Western Wayne Today,http://westernwaynetoday.com,mediascopeAll/Western_Wayne_Today.png,2026-06-20 21:57:33,USA,MIXED,,RIGHT-CENTER,Questionable Source,MIXED
Wetaskiwin Pipestone Flyer,https://pipestoneflyer.ca,mediascopeAll/Wetaskiwin_Pipestone_Flyer.png,2026-06-03 21:21:07,,HIGH,1,LEFT-CENTER,,HIGH
Whidbey News-Times,https://whidbeynewstimes.com,mediascopeAll/Whidbey_News-Times.png,2026-06-03 21:21:46,USA,HIGH,1,LEAST BIASED,,HIGH
Whitefish Pilot,https://whitefishpilot.com,mediascopeAll/Whitefish_Pilot.png,2026-06-03 21:21:45,USA,HIGH,1,LEAST BIASED,,HIGH
Wichita Times Record-News,https://timesrecordnews.com,mediascopeAll/Wichita_Times_Record-News.png,2026-06-03 21:23:00,USA,HIGH,1,LEFT-CENTER,,HIGH
Wilkes Journal-Patriot,https://journalpatriot.com,mediascopeAll/Wilkes_Journal-Patriot.png,2026-06-03 21:22:59,USA,HIGH,1,RIGHT-CENTER,,HIGH
Will County Gazette,http://willcountygazette.com,mediascopeAll/Will_County_Gazette.png,2026-06-20 20:10:07,USA,MIXED,,RIGHT-CENTER,Questionable Source,MIXED
Willoughby News-Herald,https://news-herald.com,mediascopeAll/Willoughby_News-Herald.png,2026-06-03 21:22:54,USA,HIGH,1,RIGHT-CENTER,,HIGH
Wiltshire Gazette & Herald,https://gazetteandherald.co.uk,mediascopeAll/Wiltshire_Gazette_Herald.png,2026-06-03 21:23:09,,HIGH,1,LEAST BIASED,,HIGH
Wine Country Times,http://winecountrytimes.com,mediascopeAll/Wine_Country_Times.png,2026-06-20 20:03:18,USA,MIXED,,RIGHT-CENTER,Questionable Source,MIXED
Winston Salem Times,http://winstonsalemtimes.com,mediascopeAll/Winston_Salem_Times.png,2026-06-20 21:41:05,USA,MIXED,,RIGHT-CENTER,Questionable Source,MIXED
Wisconsin Daily Star,http://wisconsindailystar.com,mediascopeAll/Wisconsin_Daily_Star.png,2026-06-20 21:39:32,USA,MIXED,,RIGHT,Questionable Source,MIXED
Wolf Street,https://wolfstreet.com,mediascopeAll/Wolf_Street.png,2026-06-03 21:23:12,USA,HIGH,1,LEAST BIASED,,HIGH
WorkScoop,https://workscoop.com,mediascopeAll/WorkScoop.png,2026-06-03 21:23:17,USA,HIGH,1,LEAST BIASED,,HIGH
World Affairs Blog,https://worldaffairs.blog,mediascopeAll/World_Affairs_Blog.png,2026-06-08 22:41:16,USA,MIXED,,RIGHT,,MIXED
World Israel News,https://worldisraelnews.com,mediascopeAll/World_Israel_News.png,2026-06-08 22:41:17,,MOSTLY FACTUAL,,RIGHT,,HIGH
World Population Review,https://worldpopulationreview.com,mediascopeAll/World_Population_Review.png,2026-06-08 22:41:22,USA,MOSTLY FACTUAL,,LEAST BIASED,,HIGH
World Wide Fund for Nature,https://wwf.panda.org,mediascopeAll/World_Wide_Fund_for_Nature.png,2026-06-03 21:23:26,,HIGH,1,LEFT-CENTER,,HIGH
World of Buzz,http://worldofbuzz.com,mediascopeAll/World_of_Buzz.png,2026-06-20 20:25:11,Malaysia,MIXED,,LEAST BIASED,Questionable Source,MIXED
WorldNewsERA,http://worldnewsera.com,mediascopeAll/WorldNewsERA.png,2026-06-20 21:59:54,Unknown,MIXED,,LEFT-CENTER,Questionable Source,MIXED
WorldTimeTodays,http://worldtimetodays.com,mediascopeAll/WorldTimeTodays.png,2026-06-20 20:59:30,USA,MIXED,,LEAST BIASED,Questionable Source,MIXED
Wyandotte Times,http://wyandottetimes.com,mediascopeAll/Wyandotte_Times.png,2026-06-20 21:19:57,USA,MIXED,,RIGHT-CENTER,Questionable Source,MIXED
Wyofile,https://wyofile.com,mediascopeAll/Wyofile.png,2026-06-03 21:23:22,USA,HIGH,1,LEFT,,HIGH
X Strategies,http://xstrategies.com,mediascopeAll/X_Strategies.png,2026-06-20 20:40:03,USA,LOW,,EXTREME RIGHT,Questionable Source,LOW
XYZ.net.au,https://xyz.net.au,mediascopeAll/XYZ.net.au.png,2026-06-03 21:24:26,,LOW,0,EXTREME RIGHT,Questionable Source,LOW
Yadkin Valley News,http://yadkinvalleynews.com,mediascopeAll/Yadkin_Valley_News.png,2026-06-20 21:37:40,USA,MIXED,,RIGHT-CENTER,Questionable Source,MIXED
Yahoo News,https://news.yahoo.com,mediascopeAll/Yahoo_News.png,2026-06-04 00:02:16,USA,HIGH,1,LEFT-CENTER,,HIGH
Yavapai News,http://yavapainews.com,mediascopeAll/Yavapai_News.png,2026-06-20 20:53:01,USA,MIXED,,RIGHT-CENTER,Questionable Source,MIXED
Yellow Hammer News,https://yellowhammernews.com,mediascopeAll/Yellow_Hammer_News.png,2026-06-03 21:24:47,USA,HIGH,1,RIGHT,,HIGH
Yellowhammer Times,http://yellowhammertimes.com,mediascopeAll/Yellowhammer_Times.png,2026-06-20 19:38:07,USA,MIXED,,RIGHT-CENTER,Questionable Source,MIXED
Yellowstone Times,http://yellowstonetimes.com,mediascopeAll/Yellowstone_Times.png,2026-06-20 19:23:02,USA,MIXED,,RIGHT-CENTER,Questionable Source,MIXED
York Daily Record,https://ydr.com,mediascopeAll/York_Daily_Record.png,2026-06-03 21:26:12,USA,HIGH,1,LEFT-CENTER,,HIGH
York Dispatch,https://yorkdispatch.com,mediascopeAll/York_Dispatch.png,2026-06-03 21:26:03,USA,HIGH,1,LEFT-CENTER,,HIGH
Yorkshire Post,https://yorkshirepost.co.uk,mediascopeAll/Yorkshire_Post.png,2026-06-04 00:18:14,,HIGH,1,LEAST BIASED,,HIGH
Young Turks,https://tyt.com,mediascopeAll/Young_Turks.png,2026-06-08 22:43:57,USA,MIXED,,LEFT,,MIXED
Youngstown Times,http://youngstowntimes.com,mediascopeAll/Youngstown_Times.png,2026-06-20 20:17:36,USA,MIXED,,RIGHT-CENTER,Questionable Source,MIXED
Yuba-Sutter Times,http://yubasuttertimes.com,mediascopeAll/Yuba-Sutter_Times.png,2026-06-20 21:31:49,USA,MIXED,,RIGHT-CENTER,Questionable Source,MIXED
Yucatan Post,http://theyucatanpost.com,mediascopeAll/Yucatan_Post.png,2026-06-20 21:55:12,Unknown,MIXED,,LEFT-CENTER,Questionable Source,MIXED
Yucatan Times,https://theyucatantimes.com,mediascopeAll/Yucatan_Times.png,2026-06-08 22:46:01,,MIXED,,RIGHT-CENTER,,MIXED
ZDNet,https://zdnet.com,mediascopeAll/ZDNet.png,2026-06-03 21:26:39,USA,HIGH,1,LEAST BIASED,,HIGH
Zacatecas Post,http://zacatecaspost.com,mediascopeAll/Zacatecas_Post.png,2026-06-20 19:25:22,Unknown,MIXED,,LEFT-CENTER,Questionable Source,MIXED
Zanesville Times-Recorder,https://zanesvilletimesrecorder.com,mediascopeAll/Zanesville_Times-Recorder.png,2026-06-03 21:27:15,USA,HIGH,1,LEFT-CENTER,,HIGH
Zebra Fact Check,https://zebrafactcheck.com,mediascopeAll/Zebra_Fact_Check.png,2026-06-03 21:26:19,USA,HIGH,1,RIGHT-CENTER,,HIGH
Zerohedge,https://zerohedge.com,mediascopeAll/Zerohedge.png,2026-06-03 21:27:11,,LOW,0,RIGHT,,LOW
azfamily.com,https://azfamily.com,mediascopeAll/azfamily.com.png,2026-06-03 21:27:50,USA,HIGH,1,LEAST BIASED,,HIGH
24Jours,http://24Jours.com,mediascopeAll/24Jours.png,2026-06-20 20:18:31,Cameroon,LOW,,RIGHT-CENTER,Questionable Source,LOW
9GAG,http://9GAG.com,mediascopeAll/9GAG.png,2026-06-20 19:40:58,Hong Kong,MIXED,,LEAST BIASED,Questionable Source,MIXED
AF Post,http://afpost.news,mediascopeAll/AF_Post.png,2026-06-20 19:14:05,USA,LOW,,EXTREME RIGHT,Questionable Source,LOW
AM Daily News,http://amdailynews.com,mediascopeAll/AM_Daily_News.png,2026-06-20 18:56:41,Unknown,VERY LOW,,LEAST BIASED,Questionable Source,LOW
Abilene Times,http://abilenetimes.com,mediascopeAll/Abilene_Times.png,2026-06-20 21:40:28,USA,MIXED,,RIGHT-CENTER,Questionable Source,MIXED
Aguascalientes Daily Post,http://aguascalientesdailypost.com,mediascopeAll/Aguascalientes_Daily_Post.png,2026-06-20 18:56:37,Unknown,MIXED,,LEFT-CENTER,Questionable Source,MIXED
Aiken Times,http://aikentimes.com,mediascopeAll/Aiken_Times.png,2026-06-20 22:15:28,USA,MIXED,,RIGHT-CENTER,Questionable Source,MIXED
Al Youm Al Sabea,http://youm7.com,mediascopeAll/Al_Youm_Al_Sabea.png,2026-06-20 19:25:44,Egypt,MIXED,,RIGHT-CENTER,Questionable Source,MIXED
Alaska Business Daily,https://businessdailynetwork.com/states/ak,mediascopeAll/Alaska_Business_Daily.png,2026-06-20 22:24:55,USA,MIXED,,RIGHT-CENTER,Questionable Source,MIXED
Alchevsk News,http://alchevsk-news.ru,mediascopeAll/Alchevsk_News.png,2026-06-20 20:33:34,Russia,VERY LOW,,RIGHT,Questionable Source,LOW
Altoona Times,http://altoonatimes.com,mediascopeAll/Altoona_Times.png,2026-06-20 21:54:12,USA,MIXED,,RIGHT-CENTER,Questionable Source,MIXED
Amarillo Gazette,http://amarillogazette.com,mediascopeAll/Amarillo_Gazette.png,2026-06-20 19:12:29,USA,MIXED,,RIGHT-CENTER,Questionable Source,MIXED
American Catholic Tribune,http://americancatholictribune.com,mediascopeAll/American_Catholic_Tribune.png,2026-06-20 18:56:44,USA,MIXED,,RIGHT-CENTER,Questionable Source,MIXED
American College of Pediatricians,http://www.acpeds.org,mediascopeAll/American_College_of_Pediatricians.png,2026-06-20 20:05:06,USA,LOW,,RIGHT,Questionable Source,LOW
American Conservative Movement,http://americanconservativemovement.com,mediascopeAll/American_Conservative_Movement.png,2026-06-20 20:54:02,USA,LOW,,RIGHT,Questionable Source,LOW
American Faith,http://americanfaith.com,mediascopeAll/American_Faith.png,2026-06-20 19:47:31,USA,MIXED,,RIGHT,Questionable Source,MIXED
American Family Association,http://www.afa.net,mediascopeAll/American_Family_Association.png,2026-06-20 20:46:13,USA,LOW,,EXTREME RIGHT,Questionable Source,LOW
American Family News,http://afn.net,mediascopeAll/American_Family_News.png,2026-06-20 18:56:53,USA,LOW,,RIGHT,Questionable Source,LOW
American Lookout,http://americanlookout.com,mediascopeAll/American_Lookout.png,2026-06-20 22:14:51,USA,LOW,,EXTREME RIGHT,Questionable Source,LOW
American Partisan,http://americanpartisan.org,mediascopeAll/American_Partisan.png,2026-06-20 22:28:23,USA,LOW,,RIGHT,Questionable Source,LOW
American Principles Project,http://americanprinciplesproject.org,mediascopeAll/American_Principles_Project.png,2026-06-20 21:20:26,USA,LOW,,EXTREME RIGHT,Questionable Source,LOW
Amerika,http://Amerika.org,mediascopeAll/Amerika.png,2026-06-20 19:57:16,USA,LOW,,EXTREME RIGHT,Questionable Source,LOW
Amic,http://Amic.ru,mediascopeAll/Amic.png,2026-06-20 19:54:15,Russia,MIXED,,RIGHT-CENTER,Questionable Source,MIXED
Amur News,http://amur-news.net,mediascopeAll/Amur_News.png,2026-06-20 21:45:41,Russia,VERY LOW,,RIGHT,Questionable Source,LOW
Anonymous News,http://anonymousnews.org,mediascopeAll/Anonymous_News.png,2026-06-20 20:00:36,Czech Republic,LOW,,EXTREME RIGHT,Questionable Source,LOW
Arab News,http://www.arabnews.com,mediascopeAll/Arab_News.png,2026-06-20 21:29:11,Saudi Arabia,MIXED,,RIGHT-CENTER,Questionable Source,MIXED
Archaeology World,http://archaeology-world.com,mediascopeAll/Archaeology_World.png,2026-06-20 18:57:00,Unknown,MIXED,,UNRATED,Questionable Source,MIXED
Arizona Independent,http://arizonaindependent.com,mediascopeAll/Arizona_Independent.png,2026-06-20 18:57:08,USA,MIXED,,LEFT,Questionable Source,MIXED
Association of American Physicians and Surgeons (AAPS),http://aapsonline.org,mediascopeAll/Association_of_American_Physicians_and_Surgeons_AAPS.png,2026-06-20 22:06:53,,LOW,,EXTREME RIGHT,Questionable Source,LOW
Astrakhan News,http://astrakhan-news.net,mediascopeAll/Astrakhan_News.png,2026-06-20 21:16:29,Russia,VERY LOW,,RIGHT,Questionable Source,LOW
Auf1,http://auf1.tv,mediascopeAll/Auf1.png,2026-06-20 18:57:23,Austria,LOW,,EXTREME RIGHT,Questionable Source,LOW
Austin News,http://austintxnews.com,mediascopeAll/Austin_News.png,2026-06-20 19:46:48,USA,MIXED,,RIGHT-CENTER,Questionable Source,MIXED
AustraliaOne,http://australiaoneparty.com,mediascopeAll/AustraliaOne.png,2026-06-20 21:21:08,Australia,LOW,,EXTREME RIGHT,Questionable Source,LOW
Badlands Media,http://badlandsmedia.tv,mediascopeAll/Badlands_Media.png,2026-06-20 20:51:54,USA,MIXED,,RIGHT,Questionable Source,MIXED
Baikal News,http://baikal-news.net,mediascopeAll/Baikal_News.png,2026-06-20 22:24:46,Russia,VERY LOW,,RIGHT,Questionable Source,LOW
Barnaul News,http://barnaul-news.net,mediascopeAll/Barnaul_News.png,2026-06-20 21:54:34,Russia,VERY LOW,,RIGHT,Questionable Source,LOW
Bay State News,http://baystatenews.com,mediascopeAll/Bay_State_News.png,2026-06-20 20:27:44,USA,MIXED,,RIGHT-CENTER,Questionable Source,MIXED
Beach Broadcast News,http://beachbroadcastnews.com,mediascopeAll/Beach_Broadcast_News.png,2026-06-20 21:04:27,USA,VERY LOW,,EXTREME RIGHT,Questionable Source,LOW
Bean Town Times,http://beantowntimes.com,mediascopeAll/Bean_Town_Times.png,2026-06-20 20:23:30,USA,MIXED,,RIGHT-CENTER,Questionable Source,MIXED
Beaver County News,http://beaverconews.com,mediascopeAll/Beaver_County_News.png,2026-06-20 20:30:09,USA,MIXED,,RIGHT-CENTER,Questionable Source,MIXED
Beijing Review,http://www.bjreview.com,mediascopeAll/Beijing_Review.png,2026-06-20 19:27:12,China,MIXED,,LEFT-CENTER,Questionable Source,MIXED
Belgorod News,http://belgorod-news.net,mediascopeAll/Belgorod_News.png,2026-06-20 20:48:58,Russia,VERY LOW,,RIGHT,Questionable Source,LOW
Bend Daily News,http://benddailynews.com,mediascopeAll/Bend_Daily_News.png,2026-06-20 21:59:41,USA,MIXED,,LEAST BIASED,Questionable Source,MIXED
Berkeley Leader,http://Berkeleyleader.com,mediascopeAll/Berkeley_Leader.png,2026-06-20 22:01:26,USA,MIXED,,RIGHT-CENTER,Questionable Source,MIXED
Big Sky Times,http://bigskytimes.com,mediascopeAll/Big_Sky_Times.png,2026-06-20 19:22:04,USA,MIXED,,RIGHT-CENTER,Questionable Source,MIXED
Birobidzhan-news,http://Birobidzhan-news.net,mediascopeAll/Birobidzhan-news.png,2026-06-20 20:01:28,Russia,VERY LOW,,RIGHT,Questionable Source,LOW
Black Eye Politics,https://blackeyepolitics.com,mediascopeAll/Black_Eye_Politics.png,2026-06-20 21:14:09,USA,LOW,,EXTREME RIGHT,Questionable Source,LOW
Blue State Blues News,http://bluestatebluesnews.com,mediascopeAll/Blue_State_Blues_News.png,2026-06-20 20:09:12,USA,MIXED,,RIGHT,Questionable Source,MIXED
Blunt Force Truth,http://bluntforcetruth.com,mediascopeAll/Blunt_Force_Truth.png,2026-06-20 18:58:23,USA,LOW,,EXTREME RIGHT,Questionable Source,LOW
Bossip,http://bossip.com,mediascopeAll/Bossip.png,2026-06-20 18:58:36,USA,MIXED,,EXTREME LEFT,Questionable Source,MIXED
Boston Broadside,http://bostonbroadside.com,mediascopeAll/Boston_Broadside.png,2026-06-20 21:54:39,USA,MIXED,,RIGHT,Questionable Source,MIXED
Breaking Christian News,http://breakingchristiannews.com,mediascopeAll/Breaking_Christian_News.png,2026-06-20 22:04:37,USA,LOW,,EXTREME RIGHT,Questionable Source,LOW
Breakingnews60s,http://Breakingnews60s.com,mediascopeAll/Breakingnews60s.png,2026-06-20 18:58:50,Unknown,VERY LOW,,LEAST BIASED,Questionable Source,LOW
Brian Tyler Cohen,http://briantylercohen.com,mediascopeAll/Brian_Tyler_Cohen.png,2026-06-20 18:59:03,USA,MIXED,,LEFT,Questionable Source,MIXED
Bryansk-news,http://Bryansk-news.net,mediascopeAll/Bryansk-news.png,2026-06-20 21:42:50,Russia,VERY LOW,,RIGHT,Questionable Source,LOW
Butler County News,http://butlerconews.com,mediascopeAll/Butler_County_News.png,2026-06-20 21:49:17,USA,MIXED,,RIGHT-CENTER,Questionable Source,MIXED
C19VitaminD,http://C19VitaminD.com,mediascopeAll/C19VitaminD.png,2026-06-20 18:59:37,Unknown,MIXED,,RIGHT,Questionable Source,MIXED
C19hcq,http://C19hcq.com,mediascopeAll/C19hcq.png,2026-06-21 17:42:29,Unknown,MIXED,,RIGHT,Questionable Source,MIXED
Cairns News,http://cairnsnews.org,mediascopeAll/Cairns_News.png,2026-06-20 20:04:17,Australia,LOW,,EXTREME RIGHT,Questionable Source,LOW
Caixin Global,http://caixinglobal.com,mediascopeAll/Caixin_Global.png,2026-06-21 18:02:33,China,MIXED,,RIGHT-CENTER,Questionable Source,MIXED
Caldron Pool,http://caldronpool.com,mediascopeAll/Caldron_Pool.png,2026-06-20 21:02:50,Australia,MIXED,,EXTREME RIGHT,Questionable Source,MIXED
Canada Free Press,http://canadafreepress.com,mediascopeAll/Canada_Free_Press.png,2026-06-20 21:56:29,Canada,LOW,,EXTREME RIGHT,Questionable Source,LOW
Canary Mission,http://canarymission.org,mediascopeAll/Canary_Mission.png,2026-06-20 21:10:48,USA,MIXED,,RIGHT,Questionable Source,MIXED
CancelThisCompany,http://CancelThisCompany.com,mediascopeAll/CancelThisCompany.png,2026-06-20 19:23:50,USA,VERY LOW,,EXTREME RIGHT,Questionable Source,LOW
Cape News,http://capemonews.com,mediascopeAll/Cape_News.png,2026-06-20 19:28:31,USA,MIXED,,RIGHT-CENTER,Questionable Source,MIXED
Capstone Report,http://capstonereport.com,mediascopeAll/Capstone_Report.png,2026-06-20 20:02:20,USA,LOW,,EXTREME RIGHT,Questionable Source,LOW
Catholic Tribune – Arizona,http://azcatholictribune.com,mediascopeAll/Catholic_Tribune_Arizona.png,2026-06-20 20:51:07,USA,MIXED,,RIGHT-CENTER,Questionable Source,MIXED
Catholic Tribune – Florida,http://flcatholictribune.com,mediascopeAll/Catholic_Tribune_Florida.png,2026-06-20 19:51:21,USA,MIXED,,RIGHT-CENTER,Questionable Source,MIXED
Catholic Tribune – Pennsylvania,http://pacatholictribune.com,mediascopeAll/Catholic_Tribune_Pennsylvania.png,2026-06-20 20:42:44,USA,MIXED,,RIGHT-CENTER,Questionable Source,MIXED
Catholic Tribune – Wisconsin,http://wicatholictribune.com,mediascopeAll/Catholic_Tribune_Wisconsin.png,2026-06-20 20:26:37,USA,MIXED,,RIGHT-CENTER,Questionable Source,MIXED
Centers for Disease Control (CDC),http://www.cdc.gov,mediascopeAll/Centers_for_Disease_Control_CDC.png,2026-06-20 21:11:36,USA,MIXED,,RIGHT,Questionable Source,MIXED
Central Bucks Today,http://centralbuckstoday.com,mediascopeAll/Central_Bucks_Today.png,2026-06-20 19:43:28,USA,MIXED,,RIGHT-CENTER,Questionable Source,MIXED
Central Florida Post,http://centralfloridapost.com,mediascopeAll/Central_Florida_Post.png,2026-06-20 19:15:40,USA,LOW,,RIGHT,Questionable Source,LOW
Central PA News,http://centralpanews.com,mediascopeAll/Central_PA_News.png,2026-06-20 20:57:40,USA,MIXED,,RIGHT-CENTER,Questionable Source,MIXED
Central South Dakota News,http://centralsdnews.com,mediascopeAll/Central_South_Dakota_News.png,2026-06-20 22:11:19,USA,MIXED,,RIGHT-CENTER,Questionable Source,MIXED
Central Texas News,http://centraltxnews.com,mediascopeAll/Central_Texas_News.png,2026-06-20 22:19:06,USA,MIXED,,RIGHT-CENTER,Questionable Source,MIXED
Central Utah News,http://centralutahnews.com,mediascopeAll/Central_Utah_News.png,2026-06-20 22:18:36,USA,MIXED,,RIGHT-CENTER,Questionable Source,MIXED
Centre for Migration Control,http://centreformigrationcontrol.com,mediascopeAll/Centre_for_Migration_Control.png,2026-06-20 20:28:43,United Kingdom,MIXED,,RIGHT,Questionable Source,MIXED
Channel One Russia,http://1tv.ru,mediascopeAll/Channel_One_Russia.png,2026-06-20 21:39:40,Russia,MIXED,,RIGHT-CENTER,Questionable Source,MIXED
Charleston Morning News,http://charlestonmorning.com,mediascopeAll/Charleston_Morning_News.png,2026-06-20 22:23:36,USA,MIXED,,LEAST BIASED,Questionable Source,MIXED
Charleston Reporter,http://charlestonreporter.com,mediascopeAll/Charleston_Reporter.png,2026-06-20 20:34:45,USA,MIXED,,RIGHT-CENTER,Questionable Source,MIXED
Cheb News,http://cheb-news.net,mediascopeAll/Cheb_News.png,2026-06-20 22:03:59,Russia,VERY LOW,,RIGHT,Questionable Source,LOW
Chelyabinsk-news,http://Chelyabinsk-news.net,mediascopeAll/Chelyabinsk-news.png,2026-06-20 20:44:22,Russia,VERY LOW,,RIGHT,Questionable Source,LOW
Cherkassy-news,http://Cherkassy-news.ru,mediascopeAll/Cherkassy-news.png,2026-06-20 22:21:42,Russia,VERY LOW,,RIGHT,Questionable Source,LOW
Cherkessk-news,http://Cherkessk-news.net,mediascopeAll/Cherkessk-news.png,2026-06-20 20:26:05,Russia,VERY LOW,,RIGHT,Questionable Source,LOW
China Global Television Network,http://america.cgtn.com/,mediascopeAll/China_Global_Television_Network.png,2026-06-20 20:53:21,China,MIXED,,LEFT-CENTER,Questionable Source,MIXED
Chita News,http://chita-news.net,mediascopeAll/Chita_News.png,2026-06-20 21:17:30,Russia,VERY LOW,,RIGHT,Questionable Source,LOW
Christian Action Network,http://christianaction.org,mediascopeAll/Christian_Action_Network.png,2026-06-20 22:17:52,USA,LOW,,EXTREME RIGHT,Questionable Source,LOW
Christianity Daily,http://christianitydaily.com,mediascopeAll/Christianity_Daily.png,2026-06-20 20:14:30,USA,MIXED,,RIGHT,Questionable Source,MIXED
ChristopherRufo,http://ChristopherRufo.com,mediascopeAll/ChristopherRufo.png,2026-06-20 22:02:52,USA,MIXED,,RIGHT,Questionable Source,MIXED
Chukotka-News,http://Chukotka-News.net,mediascopeAll/Chukotka-News.png,2026-06-20 20:07:47,Russia,VERY LOW,,RIGHT,Questionable Source,LOW
Citizen Watch Report,http://citizenwatchreport.com,mediascopeAll/Citizen_Watch_Report.png,2026-06-20 19:46:38,USA,MIXED,,RIGHT,Questionable Source,MIXED
Citizens’ Council for Health Freedom,http://cchfreedom.org,mediascopeAll/Citizens_Council_for_Health_Freedom.png,2026-06-20 20:19:23,USA,MIXED,,RIGHT,Questionable Source,MIXED
Clarion Project,http://clarionproject.org,mediascopeAll/Clarion_Project.png,2026-06-20 19:59:14,USA,LOW,,EXTREME RIGHT,Questionable Source,LOW
Clarksville Times,http://clarksvilletimes.com,mediascopeAll/Clarksville_Times.png,2026-06-20 20:22:42,USA,MIXED,,RIGHT-CENTER,Questionable Source,MIXED
Clash Daily,http://clashdaily.com,mediascopeAll/Clash_Daily.png,2026-06-20 22:31:36,USA,LOW,,EXTREME RIGHT,Questionable Source,LOW
ClayandBuck,http://ClayandBuck.com,mediascopeAll/ClayandBuck.png,2026-06-20 19:33:13,USA,MIXED,,RIGHT,Questionable Source,MIXED
Colorado Business Daily,https://businessdailynetwork.com/states/co,mediascopeAll/Colorado_Business_Daily.png,2026-06-20 19:38:09,USA,MIXED,,RIGHT-CENTER,Questionable Source,MIXED
Columbia Standard,http://columbiastandard.com,mediascopeAll/Columbia_Standard.png,2026-06-20 21:42:54,USA,MIXED,,RIGHT-CENTER,Questionable Source,MIXED
Competitive Enterprise Institute,http://cei.org,mediascopeAll/Competitive_Enterprise_Institute.png,2026-06-20 19:00:53,USA,LOW,,RIGHT,Questionable Source,LOW
Conservative Ammo,http://conservativeammo.com/,mediascopeAll/Conservative_Ammo.png,2026-06-20 19:44:39,USA,LOW,,EXTREME RIGHT,Questionable Source,LOW
Conservative Beaver,http://conservativebeaver.com,mediascopeAll/Conservative_Beaver.png,2026-06-20 21:16:47,Canada,VERY LOW,,EXTREME RIGHT,Questionable Source,LOW
Conservative Political Action Conference,http://cpac.org,mediascopeAll/Conservative_Political_Action_Conference.png,2026-06-20 21:42:52,USA,LOW,,RIGHT,Questionable Source,LOW
Conservative Politics Today,http://facebook.com/conservativepoliticstoday,mediascopeAll/Conservative_Politics_Today.png,2026-06-20 21:30:25,USA,LOW,,EXTREME RIGHT,Questionable Source,LOW
Constative,http://Constative.com,mediascopeAll/Constative.png,2026-06-20 19:01:05,Unknown,MIXED,,RIGHT-CENTER,Questionable Source,MIXED
Corona Transition,http://corona-transition.org,mediascopeAll/Corona_Transition.png,2026-06-20 19:01:09,Switzerland,LOW,,RIGHT,Questionable Source,LOW
Corpus Christi Sun,http://corpuschristisun.com,mediascopeAll/Corpus_Christi_Sun.png,2026-06-20 19:37:10,USA,MIXED,,RIGHT-CENTER,Questionable Source,MIXED
Council for American-Islamic Relations (CAIR),http://www.cair.com,mediascopeAll/Council_for_American-Islamic_Relations_CAIR.png,2026-06-20 19:39:44,USA,MIXED,,RIGHT-CENTER,Questionable Source,MIXED
Council for the National Interest,http://www.councilforthenationalinterest.org,mediascopeAll/Council_for_the_National_Interest.png,2026-06-20 20:14:34,USA,MIXED,,LEFT-CENTER,Questionable Source,MIXED
Courier Newsroom,http://couriernewsroom.com,mediascopeAll/Courier_Newsroom.png,2026-06-20 19:01:11,USA,MIXED,,LEFT-CENTER,Questionable Source,MIXED
CovertAction Magazine,http://covertactionmagazine.com,mediascopeAll/CovertAction_Magazine.png,2026-06-20 19:01:24,USA,MIXED,,LEFT,Questionable Source,MIXED
Covid.gov,http://whitehouse.gov/lab-leak-true-origins-of-covid-19,mediascopeAll/Covid.gov.png,2026-06-20 20:50:17,USA,LOW,,RIGHT,Questionable Source,LOW
CovidAnalysis Network,http://c19early.com,mediascopeAll/CovidAnalysis_Network.png,2026-06-20 19:01:38,Unknown,MIXED,,RIGHT,Questionable Source,MIXED
Cowards of Canada,http://cowards.ca,mediascopeAll/Cowards_of_Canada.png,2026-06-20 21:04:16,Canada,MIXED,,RIGHT,Questionable Source,MIXED
Creative Destruction Media – CD Media,http://creativedestructionmedia.com,mediascopeAll/Creative_Destruction_Media_CD_Media.png,2026-06-20 22:03:51,USA,LOW,,EXTREME RIGHT,Questionable Source,LOW
Crimea News,http://crimea-news.com,mediascopeAll/Crimea_News.png,2026-06-20 19:55:42,Russia,VERY LOW,,RIGHT,Questionable Source,LOW
Cumberland Valley News,http://cumberlandvalleynews.com,mediascopeAll/Cumberland_Valley_News.png,2026-06-20 20:17:47,USA,MIXED,,RIGHT-CENTER,Questionable Source,MIXED
DC Weekly,http://dcweekly.org,mediascopeAll/DC_Weekly.png,2026-06-20 19:31:30,Russia,LOW,,EXTREME RIGHT,Questionable Source,LOW
DNR-news,http://DNR-news.ru,mediascopeAll/DNR-news.png,2026-06-20 21:13:15,Russia,VERY LOW,,RIGHT,Questionable Source,LOW
Dagospia,http://dagospia.com,mediascopeAll/Dagospia.png,2026-06-20 20:31:38,Italy,LOW,,RIGHT,Questionable Source,LOW
DailyJournal24hr,http://DailyJournal24hr.com,mediascopeAll/DailyJournal24hr.png,2026-06-20 19:02:17,Unknown,LOW,,LEAST BIASED,Questionable Source,LOW
Daily Auburn,http://dailyauburn.com,mediascopeAll/Daily_Auburn.png,2026-06-20 22:23:46,USA,MIXED,,LEAST BIASED,Questionable Source,MIXED
Daily Bellingham,http://dailybellingham.com,mediascopeAll/Daily_Bellingham.png,2026-06-20 20:05:52,USA,MIXED,,LEAST BIASED,Questionable Source,MIXED
Daily Blacksburg,http://dailyblacksburg.com,mediascopeAll/Daily_Blacksburg.png,2026-06-20 19:18:06,USA,MIXED,,LEAST BIASED,Questionable Source,MIXED
Daily Buzz Live,http://dailybuzzlive.com,mediascopeAll/Daily_Buzz_Live.png,2026-06-20 19:01:43,USA,VERY LOW,,UNRATED,Questionable Source,LOW
Daily Cedar Park,http://dailycedarpark.com,mediascopeAll/Daily_Cedar_Park.png,2026-06-20 20:22:05,USA,MIXED,,LEAST BIASED,Questionable Source,MIXED
Daily Chesapeake,http://dailychesapeake.com,mediascopeAll/Daily_Chesapeake.png,2026-06-20 19:01:47,USA,MIXED,,LEAST BIASED,Questionable Source,MIXED
Daily Citizen,http://dailycitizen.focusonthefamily.com,mediascopeAll/Daily_Citizen.png,2026-06-20 19:16:15,USA,LOW,,EXTREME RIGHT,Questionable Source,LOW
Daily Clarksville,http://dailyclarksville.com,mediascopeAll/Daily_Clarksville.png,2026-06-20 21:13:34,USA,MIXED,,LEAST BIASED,Questionable Source,MIXED
Daily College Station,http://dailycollegestation.com,mediascopeAll/Daily_College_Station.png,2026-06-20 21:38:10,USA,MIXED,,LEAST BIASED,Questionable Source,MIXED
Daily Denton,http://dailydenton.com,mediascopeAll/Daily_Denton.png,2026-06-20 20:58:01,USA,MIXED,,LEAST BIASED,Questionable Source,MIXED
Daily Everett,http://dailyeverett.com,mediascopeAll/Daily_Everett.png,2026-06-20 21:55:04,USA,MIXED,,LEAST BIASED,Questionable Source,MIXED
Daily Fond du Lac,http://dailyfonddulac.com,mediascopeAll/Daily_Fond_du_Lac.png,2026-06-20 20:41:03,USA,MIXED,,LEAST BIASED,Questionable Source,MIXED
Daily Frederick,http://dailyfrederick.com,mediascopeAll/Daily_Frederick.png,2026-06-20 19:33:31,USA,MIXED,,LEAST BIASED,Questionable Source,MIXED
Daily Green Bay,http://dailygreenbay.com,mediascopeAll/Daily_Green_Bay.png,2026-06-20 20:23:34,USA,MIXED,,LEAST BIASED,Questionable Source,MIXED
Daily Johnson City,http://dailyjohnsoncity.com,mediascopeAll/Daily_Johnson_City.png,2026-06-20 21:26:16,USA,MIXED,,LEAST BIASED,Questionable Source,MIXED
Daily Kennewick,http://dailykennewick.com,mediascopeAll/Daily_Kennewick.png,2026-06-20 20:41:50,USA,MIXED,,LEAST BIASED,Questionable Source,MIXED
Daily Kenosha,http://dailykenosha.com,mediascopeAll/Daily_Kenosha.png,2026-06-20 20:40:53,USA,MIXED,,LEAST BIASED,Questionable Source,MIXED
Daily League City,http://dailyleaguecity.com,mediascopeAll/Daily_League_City.png,2026-06-20 20:20:24,USA,MIXED,,LEAST BIASED,Questionable Source,MIXED
Daily Longview,http://dailylongview.com,mediascopeAll/Daily_Longview.png,2026-06-20 21:49:41,USA,MIXED,,LEAST BIASED,Questionable Source,MIXED
Daily Lubbock,http://dailylubbock.com,mediascopeAll/Daily_Lubbock.png,2026-06-20 22:24:06,USA,MIXED,,LEAST BIASED,Questionable Source,MIXED
Daily Lynchburg,http://dailylynchburg.com,mediascopeAll/Daily_Lynchburg.png,2026-06-20 19:53:08,USA,MIXED,,LEAST BIASED,Questionable Source,MIXED
Daily Marysville,http://dailymarysville.com,mediascopeAll/Daily_Marysville.png,2026-06-20 21:54:05,USA,MIXED,,LEAST BIASED,Questionable Source,MIXED
Daily McKinney,http://dailymckinney.com,mediascopeAll/Daily_McKinney.png,2026-06-20 21:03:26,USA,MIXED,,LEAST BIASED,Questionable Source,MIXED
Daily Newport News,http://dailynewportnews.com,mediascopeAll/Daily_Newport_News.png,2026-06-20 20:06:30,USA,MIXED,,LEAST BIASED,Questionable Source,MIXED
Daily Ogden,http://dailyogden.com,mediascopeAll/Daily_Ogden.png,2026-06-20 19:41:53,USA,MIXED,,LEAST BIASED,Questionable Source,MIXED
Daily Olympia,http://dailyolympia.com,mediascopeAll/Daily_Olympia.png,2026-06-20 20:14:45,USA,MIXED,,LEAST BIASED,Questionable Source,MIXED
Daily Orem,http://dailyorem.com,mediascopeAll/Daily_Orem.png,2026-06-20 21:56:17,USA,MIXED,,LEAST BIASED,Questionable Source,MIXED
Daily Provo,http://dailyprovo.com,mediascopeAll/Daily_Provo.png,2026-06-20 21:11:43,USA,MIXED,,LEAST BIASED,Questionable Source,MIXED
Daily Puyallup,http://dailypuyallup.com,mediascopeAll/Daily_Puyallup.png,2026-06-20 19:31:51,USA,MIXED,,LEAST BIASED,Questionable Source,MIXED
Daily Racine,http://dailyracine.com,mediascopeAll/Daily_Racine.png,2026-06-20 22:01:20,USA,MIXED,,LEAST BIASED,Questionable Source,MIXED
Daily Richmond,http://dailyrichmondnews.com,mediascopeAll/Daily_Richmond.png,2026-06-20 20:42:57,USA,MIXED,,LEAST BIASED,Questionable Source,MIXED
Daily Roanoke,http://dailyroanoke.com,mediascopeAll/Daily_Roanoke.png,2026-06-20 20:36:37,USA,MIXED,,LEAST BIASED,Questionable Source,MIXED
Daily Spokane,http://dailyspokanenews.com,mediascopeAll/Daily_Spokane.png,2026-06-20 21:41:53,USA,MIXED,,LEAST BIASED,Questionable Source,MIXED
Daily Waco,http://dailywaco.com,mediascopeAll/Daily_Waco.png,2026-06-20 21:19:06,USA,MIXED,,LEAST BIASED,Questionable Source,MIXED
Daily Yakima,http://dailyyakima.com,mediascopeAll/Daily_Yakima.png,2026-06-20 21:24:30,USA,MIXED,,LEAST BIASED,Questionable Source,MIXED
Dakota Times,http://dakotatimes.com,mediascopeAll/Dakota_Times.png,2026-06-20 19:33:45,USA,MIXED,,RIGHT-CENTER,Questionable Source,MIXED
Dallas City Wire,http://dallascitywire.com,mediascopeAll/Dallas_City_Wire.png,2026-06-20 20:28:07,USA,MIXED,,RIGHT-CENTER,Questionable Source,MIXED
DavidHarrisJr,http://DavidHarrisJr.com,mediascopeAll/DavidHarrisJr.png,2026-06-20 19:16:52,USA,LOW,,EXTREME RIGHT,Questionable Source,LOW
DeKalb GA News,http://dekalbganews.com,mediascopeAll/DeKalb_GA_News.png,2026-06-20 21:24:42,USA,MIXED,,RIGHT-CENTER,Questionable Source,MIXED
Declassified with Julie Kelly,http://declassified.live,mediascopeAll/Declassified_with_Julie_Kelly.png,2026-06-20 22:11:12,USA,LOW,,RIGHT,Questionable Source,LOW
Deep State Watch,http://deepstatewatch.com,mediascopeAll/Deep_State_Watch.png,2026-06-20 19:50:26,USA,LOW,,EXTREME RIGHT,Questionable Source,LOW
Def-Con News,http://defconnews.com,mediascopeAll/Def-Con_News.png,2026-06-20 22:08:20,USA,LOW,,RIGHT,Questionable Source,LOW
Defending The Republic,http://defendingtherepublic.org,mediascopeAll/Defending_The_Republic.png,2026-06-20 21:38:12,USA,VERY LOW,,EXTREME RIGHT,Questionable Source,LOW
Defiant America,http://defiantamerica.com,mediascopeAll/Defiant_America.png,2026-06-20 21:11:16,USA,LOW,,EXTREME RIGHT,Questionable Source,LOW
Democratic National Committee (DNC),http://democrats.org,mediascopeAll/Democratic_National_Committee_DNC.png,2026-06-20 19:13:49,USA,MIXED,,LEFT,Questionable Source,MIXED
DennisPrager,http://DennisPrager.com,mediascopeAll/DennisPrager.png,2026-06-20 19:44:20,USA,LOW,,RIGHT,Questionable Source,LOW
Department of Homeland Security,http://dhs.gov,mediascopeAll/Department_of_Homeland_Security.png,2026-06-20 21:27:53,USA,LOW,,RIGHT,Questionable Source,LOW
DiamondandSilkinc,http://DiamondandSilkinc.com,mediascopeAll/DiamondandSilkinc.png,2026-06-20 21:06:40,USA,LOW,,RIGHT,Questionable Source,LOW
Discover the Networks,http://www.discoverthenetworks.org,mediascopeAll/Discover_the_Networks.png,2026-06-20 20:34:00,USA,LOW,,RIGHT,Questionable Source,LOW
Disinformation Social Media Alliance,http://disa.org,mediascopeAll/Disinformation_Social_Media_Alliance.png,2026-06-20 19:02:38,Unknown,MIXED,,LEAST BIASED,Questionable Source,MIXED
Disntr,http://disntr.com,mediascopeAll/Disntr.png,2026-06-20 21:24:49,USA,MIXED,,RIGHT,Questionable Source,MIXED
Dnepr-news,http://Dnepr-news.ru,mediascopeAll/Dnepr-news.png,2026-06-20 20:54:45,Russia,VERY LOW,,RIGHT,Questionable Source,LOW
Dneprodzerzhinsk-News,http://Dneprodzerzhinsk-News.ru,mediascopeAll/Dneprodzerzhinsk-News.png,2026-06-20 19:10:54,Russia,VERY LOW,,RIGHT,Questionable Source,LOW
Donetsk-News,http://Donetsk-News.ru,mediascopeAll/Donetsk-News.png,2026-06-20 19:28:04,Russia,VERY LOW,,RIGHT,Questionable Source,LOW
Dorchester Today,http://dorchestertoday.com,mediascopeAll/Dorchester_Today.png,2026-06-20 22:26:17,USA,MIXED,,RIGHT-CENTER,Questionable Source,MIXED
East Alameda News,http://eastalamedanews.com,mediascopeAll/East_Alameda_News.png,2026-06-20 21:15:26,USA,MIXED,,RIGHT-CENTER,Questionable Source,MIXED
East Central Texas News,http://ectexasnews.com,mediascopeAll/East_Central_Texas_News.png,2026-06-20 19:18:24,USA,MIXED,,RIGHT-CENTER,Questionable Source,MIXED
East DFW News,http://eastdfwnews.com,mediascopeAll/East_DFW_News.png,2026-06-20 20:05:54,USA,MIXED,,RIGHT-CENTER,Questionable Source,MIXED
East Houston News,http://easthoustonnews.com,mediascopeAll/East_Houston_News.png,2026-06-20 22:28:11,USA,MIXED,,RIGHT-CENTER,Questionable Source,MIXED
East Iowa News,http://eciowanews.com,mediascopeAll/East_Iowa_News.png,2026-06-20 20:25:16,USA,MIXED,,RIGHT-CENTER,Questionable Source,MIXED
East RGV News,http://eastrgvnews.com,mediascopeAll/East_RGV_News.png,2026-06-20 21:08:15,USA,MIXED,,RIGHT-CENTER,Questionable Source,MIXED
East SLC News,http://eastslcnews.com,mediascopeAll/East_SLC_News.png,2026-06-20 21:31:33,USA,MIXED,,RIGHT-CENTER,Questionable Source,MIXED
East Ventura News,http://eastventuranews.com,mediascopeAll/East_Ventura_News.png,2026-06-20 19:38:48,USA,MIXED,,RIGHT-CENTER,Questionable Source,MIXED
El Paso Standard,http://elpasostandard.com,mediascopeAll/El_Paso_Standard.png,2026-06-20 21:26:28,USA,MIXED,,RIGHT-CENTER,Questionable Source,MIXED
Erie County Times,http://eriecotimes.com,mediascopeAll/Erie_County_Times.png,2026-06-20 19:17:28,USA,MIXED,,RIGHT-CENTER,Questionable Source,MIXED
Evil,http://Evil.News,mediascopeAll/Evil.png,2026-06-20 20:43:46,USA,LOW,,EXTREME RIGHT,Questionable Source,LOW
FDA Health News,http://fdahealthnews.com,mediascopeAll/FDA_Health_News.png,2026-06-20 21:44:03,USA,MIXED,,RIGHT-CENTER,Questionable Source,MIXED
FT Wayne Times,http://ftwaynetimes.com,mediascopeAll/FT_Wayne_Times.png,2026-06-20 21:22:47,USA,MIXED,,RIGHT-CENTER,Questionable Source,MIXED
Family Policy Alliance,http://familypolicyalliance.com,mediascopeAll/Family_Policy_Alliance.png,2026-06-20 20:01:50,USA,LOW,,EXTREME RIGHT,Questionable Source,LOW
Family Research Council,http://www.frc.org,mediascopeAll/Family_Research_Council.png,2026-06-20 21:15:55,USA,LOW,,EXTREME RIGHT,Questionable Source,LOW
Federal Newswire,http://thefederalnewswire.com,mediascopeAll/Federal_Newswire.png,2026-06-20 19:59:51,USA,MIXED,,RIGHT-CENTER,Questionable Source,MIXED
Filming Cops,http://filmingcops.com,mediascopeAll/Filming_Cops.png,2026-06-20 21:20:11,USA,MIXED,,LEFT,Questionable Source,MIXED
First in Freedom Daily,http://firstinfreedomdaily.com,mediascopeAll/First_in_Freedom_Daily.png,2026-06-21 17:46:11,USA,MIXED,,RIGHT,Questionable Source,MIXED
Forbidden News Network,http://bannedbook.org,mediascopeAll/Forbidden_News_Network.png,2026-06-20 19:03:50,Unknown,MIXED,,RIGHT,Questionable Source,MIXED
Foundation for Freedom Online,http://foundationforfreedomonline.com,mediascopeAll/Foundation_for_Freedom_Online.png,2026-06-20 20:29:30,USA,MIXED,,RIGHT,Questionable Source,MIXED
Fox News,http://www.foxnews.com,mediascopeAll/Fox_News.png,2026-06-20 20:55:00,USA,LOW,,RIGHT,Questionable Source,LOW
Franklin Daily News,http://franklindailynews.com,mediascopeAll/Franklin_Daily_News.png,2026-06-20 20:08:17,USA,MIXED,,LEAST BIASED,Questionable Source,MIXED
Free West Media,http://freewestmedia.com,mediascopeAll/Free_West_Media.png,2026-06-20 20:40:38,Sweden,MIXED,,RIGHT,Questionable Source,MIXED
GAB News,http://news.gab.com,mediascopeAll/GAB_News.png,2026-06-20 19:50:57,USA,LOW,,EXTREME RIGHT,Questionable Source,LOW
GOP Daily Brief,http://gopdailybrief.com,mediascopeAll/GOP_Daily_Brief.png,2026-06-20 19:43:30,USA,MIXED,,RIGHT,Questionable Source,MIXED
Gazeta,http://Gazeta.ru,mediascopeAll/Gazeta.png,2026-06-20 22:08:45,Russia,MIXED,,RIGHT-CENTER,Questionable Source,MIXED
Global Fact Checking Network,http://globalfactchecking.com,mediascopeAll/Global_Fact_Checking_Network.png,2026-06-20 22:03:41,Russia,MIXED,,RIGHT-CENTER,Questionable Source,MIXED
Good Day Amarillo,http://gooddayamarillo.com,mediascopeAll/Good_Day_Amarillo.png,2026-06-20 20:33:26,USA,MIXED,,LEAST BIASED,Questionable Source,MIXED
Good Day Appleton,http://gooddayappleton.com,mediascopeAll/Good_Day_Appleton.png,2026-06-20 20:39:10,USA,MIXED,,LEAST BIASED,Questionable Source,MIXED
Good Day Beaumont,http://gooddaybeaumont.com,mediascopeAll/Good_Day_Beaumont.png,2026-06-20 19:49:26,USA,MIXED,,LEAST BIASED,Questionable Source,MIXED
Good Day Billings,http://gooddaybillings.com,mediascopeAll/Good_Day_Billings.png,2026-06-20 22:03:31,USA,MIXED,,LEAST BIASED,Questionable Source,MIXED
Good Day Bryan,http://gooddaybryan.com,mediascopeAll/Good_Day_Bryan.png,2026-06-20 20:21:47,USA,MIXED,,LEAST BIASED,Questionable Source,MIXED
Good Day Casper,http://gooddaycasper.com,mediascopeAll/Good_Day_Casper.png,2026-06-20 20:05:59,USA,MIXED,,LEAST BIASED,Questionable Source,MIXED
Good Day Cheyenne,http://gooddaycheyenne.com,mediascopeAll/Good_Day_Cheyenne.png,2026-06-20 19:18:10,USA,MIXED,,LEAST BIASED,Questionable Source,MIXED
Good Day Conroe,http://gooddayconroe.com,mediascopeAll/Good_Day_Conroe.png,2026-06-20 22:02:39,USA,MIXED,,LEAST BIASED,Questionable Source,MIXED
Good Day Corpus Christi,http://gooddaycorpuschristi.com,mediascopeAll/Good_Day_Corpus_Christi.png,2026-06-20 21:38:26,USA,MIXED,,LEAST BIASED,Questionable Source,MIXED
Good Day Eau Claire,http://gooddayeauclaire.com,mediascopeAll/Good_Day_Eau_Claire.png,2026-06-20 20:22:58,USA,MIXED,,LEAST BIASED,Questionable Source,MIXED
Good Day Edinburg,http://gooddayedinburg.com,mediascopeAll/Good_Day_Edinburg.png,2026-06-20 20:08:29,USA,MIXED,,LEAST BIASED,Questionable Source,MIXED
Good Day Fort Collins,http://gooddayfortcollins.com,mediascopeAll/Good_Day_Fort_Collins.png,2026-06-20 20:26:18,USA,MIXED,,LEAST BIASED,Questionable Source,MIXED
Good Day Georgetown,http://gooddaygeorgetown.com,mediascopeAll/Good_Day_Georgetown.png,2026-06-20 19:52:33,USA,MIXED,,LEAST BIASED,Questionable Source,MIXED
Good Day Gillette,http://gooddaygillette.com,mediascopeAll/Good_Day_Gillette.png,2026-06-20 19:12:15,USA,MIXED,,LEAST BIASED,Questionable Source,MIXED
Good Day Killeen,http://gooddaykilleen.com,mediascopeAll/Good_Day_Killeen.png,2026-06-20 22:27:26,USA,MIXED,,LEAST BIASED,Questionable Source,MIXED
Good Day La Crosse,http://gooddaylacrosse.com,mediascopeAll/Good_Day_La_Crosse.png,2026-06-20 20:38:54,USA,MIXED,,LEAST BIASED,Questionable Source,MIXED
Good Day Laramie,http://gooddaylaramie.com,mediascopeAll/Good_Day_Laramie.png,2026-06-20 20:04:32,USA,MIXED,,LEAST BIASED,Questionable Source,MIXED
Good Day Longview,http://gooddaylongview.com,mediascopeAll/Good_Day_Longview.png,2026-06-20 19:42:39,USA,MIXED,,LEAST BIASED,Questionable Source,MIXED
Good Day Midland,http://gooddaymidland.com,mediascopeAll/Good_Day_Midland.png,2026-06-20 20:03:06,USA,MIXED,,LEAST BIASED,Questionable Source,MIXED
Good Day Mission,http://gooddaymission.com,mediascopeAll/Good_Day_Mission.png,2026-06-20 21:30:34,USA,MIXED,,LEAST BIASED,Questionable Source,MIXED
Good Day Odessa,http://gooddayodessa.com,mediascopeAll/Good_Day_Odessa.png,2026-06-20 19:57:29,USA,MIXED,,LEAST BIASED,Questionable Source,MIXED
Good Day Oshkosh,http://gooddayoshkosh.com,mediascopeAll/Good_Day_Oshkosh.png,2026-06-20 21:23:06,USA,MIXED,,LEAST BIASED,Questionable Source,MIXED
Good Day Pasco,http://gooddaypasco.com,mediascopeAll/Good_Day_Pasco.png,2026-06-20 20:21:59,USA,MIXED,,LEAST BIASED,Questionable Source,MIXED
Good Day Pullman,http://gooddaypullman.com,mediascopeAll/Good_Day_Pullman.png,2026-06-20 19:15:28,USA,MIXED,,LEAST BIASED,Questionable Source,MIXED
Good Day Richland,http://gooddayrichland.com,mediascopeAll/Good_Day_Richland.png,2026-06-20 20:24:59,USA,MIXED,,LEAST BIASED,Questionable Source,MIXED
Good Day Rock Springs,http://gooddayrocksprings.com,mediascopeAll/Good_Day_Rock_Springs.png,2026-06-20 22:30:50,USA,MIXED,,LEAST BIASED,Questionable Source,MIXED
Good Day Sheridan,http://gooddaysheridan.com,mediascopeAll/Good_Day_Sheridan.png,2026-06-20 21:28:15,USA,MIXED,,LEAST BIASED,Questionable Source,MIXED
Good Day Temple,http://gooddaytemple.com,mediascopeAll/Good_Day_Temple.png,2026-06-20 19:34:13,USA,MIXED,,LEAST BIASED,Questionable Source,MIXED
Good Day Tyler,http://gooddaytyler.com,mediascopeAll/Good_Day_Tyler.png,2026-06-20 19:53:46,USA,MIXED,,LEAST BIASED,Questionable Source,MIXED
Good Day Walla Walla,http://gooddaywallawalla.com,mediascopeAll/Good_Day_Walla_Walla.png,2026-06-20 22:19:59,USA,MIXED,,LEAST BIASED,Questionable Source,MIXED
Good Day Waukesha,http://gooddaywaukesha.com,mediascopeAll/Good_Day_Waukesha.png,2026-06-20 20:09:44,USA,MIXED,,LEAST BIASED,Questionable Source,MIXED
Good Day Wenatchee,http://gooddaywenatchee.com,mediascopeAll/Good_Day_Wenatchee.png,2026-06-20 21:16:35,USA,MIXED,,LEAST BIASED,Questionable Source,MIXED
Good Day Wichita Falls,http://gooddaywichitafalls.com,mediascopeAll/Good_Day_Wichita_Falls.png,2026-06-20 21:54:26,USA,MIXED,,LEAST BIASED,Questionable Source,MIXED
Gop.gov House Republicans,http://gop.gov,mediascopeAll/Gop.gov_House_Republicans.png,2026-06-20 19:41:03,USA,MIXED,,RIGHT,Questionable Source,MIXED
Greenville Leader,http://greenvilleleader.com,mediascopeAll/Greenville_Leader.png,2026-06-20 19:20:43,USA,MIXED,,RIGHT-CENTER,Questionable Source,MIXED
Gript,http://Gript.ie,mediascopeAll/Gript.png,2026-06-20 21:59:03,Ireland,MIXED,,RIGHT,Questionable Source,MIXED
Grozny News,http://grozny-news.net,mediascopeAll/Grozny_News.png,2026-06-20 20:26:41,Russia,VERY LOW,,RIGHT,Questionable Source,LOW
Grunge,http://Grunge.com,mediascopeAll/Grunge.png,2026-06-20 21:32:48,USA,MIXED,,LEFT-CENTER,Questionable Source,MIXED
Gulf News,http://gulfnews.com,mediascopeAll/Gulf_News.png,2026-06-20 21:27:34,United Arab Emirates,MIXED,,RIGHT,Questionable Source,MIXED
Hagmann Report,http://hagmannreport.com,mediascopeAll/Hagmann_Report.png,2026-06-20 20:53:46,USA,LOW,,EXTREME RIGHT,Questionable Source,LOW
Hal Turner Radio Show,http://halturnerradioshow.com,mediascopeAll/Hal_Turner_Radio_Show.png,2026-06-20 21:59:34,USA,VERY LOW,,EXTREME RIGHT,Questionable Source,LOW
Hamilton Reporter,http://hamiltonreporter.com,mediascopeAll/Hamilton_Reporter.png,2026-06-20 19:40:49,USA,MIXED,,RIGHT-CENTER,Questionable Source,MIXED
Hampton Morning News,http://hamptonmorningnews.com,mediascopeAll/Hampton_Morning_News.png,2026-06-20 22:31:24,USA,MIXED,,LEAST BIASED,Questionable Source,MIXED
Hannity,http://Hannity.com,mediascopeAll/Hannity.png,2026-06-20 19:24:48,USA,LOW,,EXTREME RIGHT,Questionable Source,LOW
Harbingers Daily,http://harbingersdaily.com,mediascopeAll/Harbingers_Daily.png,2026-06-20 19:47:11,USA,LOW,,EXTREME RIGHT,Questionable Source,LOW
Head Topics,http://headtopics.com,mediascopeAll/Head_Topics.png,2026-06-20 19:04:59,Unknown,MIXED,,LEFT-CENTER,Questionable Source,MIXED
Health Insider,http://healthinsider.news,mediascopeAll/Health_Insider.png,2026-06-20 21:52:09,USA,MIXED,,LEAST BIASED,Questionable Source,MIXED
Here is the Evidence,http://hereistheevidence.com,mediascopeAll/Here_is_the_Evidence.png,2026-06-20 19:15:59,United Kingdom,LOW,,RIGHT,Questionable Source,LOW
Hidalgo Daily Post,http://hidalgodailypost.com,mediascopeAll/Hidalgo_Daily_Post.png,2026-06-20 19:05:02,Unknown,MIXED,,LEFT-CENTER,Questionable Source,MIXED
Hogg Watch,http://www.hoggwatch.com,mediascopeAll/Hogg_Watch.png,2026-06-20 20:38:24,USA,LOW,,EXTREME RIGHT,Questionable Source,LOW
Holland Reporter,http://hollandreporter.com,mediascopeAll/Holland_Reporter.png,2026-06-20 20:26:52,USA,MIXED,,RIGHT-CENTER,Questionable Source,MIXED
Huckabee Post,http://huckabeepost.substack.com,mediascopeAll/Huckabee_Post.png,2026-06-20 21:00:57,USA,LOW,,RIGHT,Questionable Source,LOW
I Hate the Media,http://www.ihatethemedia.com,mediascopeAll/I_Hate_the_Media.png,2026-06-20 19:05:48,USA,LOW,,RIGHT,Questionable Source,LOW
Il Primato Nazionale,http://ilprimatonazionale.it,mediascopeAll/Il_Primato_Nazionale.png,2026-06-20 21:41:32,Italy,MIXED,,RIGHT,Questionable Source,MIXED
Independent Sentinel,http://www.independentsentinel.com,mediascopeAll/Independent_Sentinel.png,2026-06-20 19:13:23,USA,LOW,,RIGHT,Questionable Source,LOW
InfoGalactic,http://infogalactic.com,mediascopeAll/InfoGalactic.png,2026-06-21 17:43:52,Switzerland,LOW,,EXTREME RIGHT,Questionable Source,LOW
Informer – Serbia,http://informer.rs,mediascopeAll/Informer_Serbia.png,2026-06-20 20:28:04,Serbia,MIXED,,RIGHT,Questionable Source,MIXED
Inland NW Report,http://inlandnwreport.com,mediascopeAll/Inland_NW_Report.png,2026-06-20 20:38:49,USA,VERY LOW,,EXTREME RIGHT,Questionable Source,LOW
Inner Strength Zone,http://innerstrength.zone,mediascopeAll/Inner_Strength_Zone.png,2026-06-20 20:10:20,Canada,MIXED,,UNRATED,Questionable Source,MIXED
Instapundit,http://instapundit.com,mediascopeAll/Instapundit.png,2026-06-20 20:41:27,USA,MIXED,,RIGHT,Questionable Source,MIXED
Institute for Historical Review (IHR),http://ihr.org,mediascopeAll/Institute_for_Historical_Review_IHR.png,2026-06-20 20:35:03,USA,VERY LOW,,EXTREME RIGHT,Questionable Source,LOW
International Organization for the Family (IOF),http://profam.org,mediascopeAll/International_Organization_for_the_Family_IOF.png,2026-06-20 20:46:23,USA,LOW,,EXTREME RIGHT,Questionable Source,LOW
Iowa Star,http://theiowastar.com,mediascopeAll/Iowa_Star.png,2026-06-20 20:16:40,USA,MIXED,,RIGHT,Questionable Source,MIXED
Israel War Room,http://israelwarroom.com,mediascopeAll/Israel_War_Room.png,2026-06-20 19:34:48,USA,MIXED,,RIGHT,Questionable Source,MIXED
Ivano-Frankivsk News,http://if-news.ru,mediascopeAll/Ivano-Frankivsk_News.png,2026-06-20 20:09:46,Russia,VERY LOW,,RIGHT,Questionable Source,LOW
Ivanovo News,http://ivanovo-news.net,mediascopeAll/Ivanovo_News.png,2026-06-20 22:05:21,Russia,VERY LOW,,RIGHT,Questionable Source,LOW
Izhevsk News,http://izhevsk-news.net,mediascopeAll/Izhevsk_News.png,2026-06-20 22:04:37,Russia,VERY LOW,,RIGHT,Questionable Source,LOW
JeffTiedrich,http://JeffTiedrich.com,mediascopeAll/JeffTiedrich.png,2026-06-20 19:06:44,USA,MIXED,,LEFT,Questionable Source,MIXED
Joco Today,http://jocotoday.com,mediascopeAll/Joco_Today.png,2026-06-20 20:06:11,USA,MIXED,,RIGHT-CENTER,Questionable Source,MIXED
Johnson City Times,http://johnsoncitytimes.com,mediascopeAll/Johnson_City_Times.png,2026-06-20 21:37:45,USA,MIXED,,RIGHT-CENTER,Questionable Source,MIXED
JordanBPeterson,http://JordanBPeterson.com,mediascopeAll/JordanBPeterson.png,2026-06-20 19:24:02,USA,MIXED,,RIGHT,Questionable Source,MIXED
Just the News,http://justthenews.com,mediascopeAll/Just_the_News.png,2026-06-20 21:09:01,USA,MIXED,,RIGHT,Questionable Source,MIXED
Kaliningrad News,http://kaliningrad-news.net,mediascopeAll/Kaliningrad_News.png,2026-06-20 20:09:15,Russia,VERY LOW,,RIGHT,Questionable Source,LOW
Kalmykia News,http://kalmykia-news.net,mediascopeAll/Kalmykia_News.png,2026-06-20 22:14:07,Russia,VERY LOW,,RIGHT,Questionable Source,LOW
Kaluga News,http://kaluga-news.net,mediascopeAll/Kaluga_News.png,2026-06-20 21:18:54,Russia,VERY LOW,,RIGHT,Questionable Source,LOW
Kamchatka News,http://kamchatka-news.net,mediascopeAll/Kamchatka_News.png,2026-06-20 20:12:37,Russia,VERY LOW,,RIGHT,Questionable Source,LOW
Karelia News,http://karelia-news.net,mediascopeAll/Karelia_News.png,2026-06-20 22:24:39,Russia,VERY LOW,,RIGHT,Questionable Source,LOW
Katehon,http://Katehon.com,mediascopeAll/Katehon.png,2026-06-20 21:29:52,Russia,LOW,,RIGHT,Questionable Source,LOW
Kazan News,http://kazan-news.net,mediascopeAll/Kazan_News.png,2026-06-20 21:57:31,Russia,VERY LOW,,RIGHT,Questionable Source,LOW
Kemerovo News,http://kemerovo-news.net,mediascopeAll/Kemerovo_News.png,2026-06-20 22:25:14,Russia,VERY LOW,,RIGHT,Questionable Source,LOW
Keystone Today,http://keystonetoday.com,mediascopeAll/Keystone_Today.png,2026-06-20 19:15:12,USA,MIXED,,RIGHT-CENTER,Questionable Source,MIXED
Khabarovsk News,http://khabarovsk-news.net,mediascopeAll/Khabarovsk_News.png,2026-06-20 21:12:43,Russia,VERY LOW,,RIGHT,Questionable Source,LOW
Kharkov News,http://news-kharkov.ru,mediascopeAll/Kharkov_News.png,2026-06-20 22:02:36,Russia,VERY LOW,,RIGHT,Questionable Source,LOW
Kherson-News,http://Kherson-News.ru,mediascopeAll/Kherson-News.png,2026-06-20 22:31:28,Russia,VERY LOW,,RIGHT,Questionable Source,LOW
Khmelnitskiy-News,http://Khmelnitskiy-News.ru,mediascopeAll/Khmelnitskiy-News.png,2026-06-20 21:03:42,Russia,VERY LOW,,RIGHT,Questionable Source,LOW
Kingsport Reporter,http://kingsportreporter.com,mediascopeAll/Kingsport_Reporter.png,2026-06-20 20:25:52,USA,MIXED,,RIGHT-CENTER,Questionable Source,MIXED
Knights Templar International,http://knightstemplarinternational.com,mediascopeAll/Knights_Templar_International.png,2026-06-20 19:52:16,USA,LOW,,RIGHT,Questionable Source,LOW
Knowhere,http://knowherenews.com,mediascopeAll/Knowhere.png,2026-06-20 20:18:42,USA,MIXED,,LEAST BIASED,Questionable Source,MIXED
Knox Times,http://knoxtimes.com,mediascopeAll/Knox_Times.png,2026-06-20 21:52:09,USA,MIXED,,RIGHT-CENTER,Questionable Source,MIXED
Komi News,http://komi-news.net,mediascopeAll/Komi_News.png,2026-06-20 20:51:40,Russia,VERY LOW,,RIGHT,Questionable Source,LOW
Komsomolskaya Pravda (K.P.),http://kp.ru,mediascopeAll/Komsomolskaya_Pravda_K.P..png,2026-06-21 18:01:53,Russia,MIXED,,RIGHT-CENTER,Questionable Source,MIXED
Kostroma News,http://kostroma-news.net,mediascopeAll/Kostroma_News.png,2026-06-20 19:45:31,Russia,VERY LOW,,RIGHT,Questionable Source,LOW
Krasnodar News,http://krasnodar-news.net,mediascopeAll/Krasnodar_News.png,2026-06-20 21:34:30,Russia,VERY LOW,,RIGHT,Questionable Source,LOW
Krasnoyark News,http://krasnoyarsk-news.net,mediascopeAll/Krasnoyark_News.png,2026-06-20 21:08:08,Russia,VERY LOW,,RIGHT,Questionable Source,LOW
Kremenchug News,http://kremenchug-news.ru,mediascopeAll/Kremenchug_News.png,2026-06-20 21:23:19,Russia,VERY LOW,,RIGHT,Questionable Source,LOW
Krivoy Rog News,http://krivoy-rog-news.ru,mediascopeAll/Krivoy_Rog_News.png,2026-06-20 20:12:18,Russia,VERY LOW,,RIGHT,Questionable Source,LOW
Kunstler,http://Kunstler.com,mediascopeAll/Kunstler.png,2026-06-20 22:00:24,USA,LOW,,EXTREME RIGHT,Questionable Source,LOW
Kurgan News,http://kurgan-news.net,mediascopeAll/Kurgan_News.png,2026-06-20 20:21:27,Russia,VERY LOW,,RIGHT,Questionable Source,LOW
Kyiv Insider,http://kyivinsider.com,mediascopeAll/Kyiv_Insider.png,2026-06-20 19:55:07,Ukraine,MIXED,,RIGHT-CENTER,Questionable Source,MIXED
La Verita,http://laverita.info,mediascopeAll/La_Verita.png,2026-06-20 19:28:46,Italy,MIXED,,RIGHT,Questionable Source,MIXED
Lane County News,http://laneconews.com,mediascopeAll/Lane_County_News.png,2026-06-20 22:20:07,USA,MIXED,,RIGHT-CENTER,Questionable Source,MIXED
Laurel Highlands Today,http://laurelhighlandstoday.com,mediascopeAll/Laurel_Highlands_Today.png,2026-06-20 20:10:35,USA,MIXED,,RIGHT-CENTER,Questionable Source,MIXED
Lawrence Times,http://lawrencetimes.com,mediascopeAll/Lawrence_Times.png,2026-06-20 21:52:42,USA,MIXED,,RIGHT-CENTER,Questionable Source,MIXED
Leading Report,http://theleadingreport.com,mediascopeAll/Leading_Report.png,2026-06-20 22:19:28,USA,VERY LOW,,EXTREME RIGHT,Questionable Source,LOW
Leesburg Today,http://leesburgtodaynews.com,mediascopeAll/Leesburg_Today.png,2026-06-20 20:06:25,USA,MIXED,,LEAST BIASED,Questionable Source,MIXED
Lehigh Times,http://lehightimes.com,mediascopeAll/Lehigh_Times.png,2026-06-20 22:22:42,USA,MIXED,,RIGHT-CENTER,Questionable Source,MIXED
Lenta,http://Lenta.ru,mediascopeAll/Lenta.png,2026-06-20 19:20:46,Russia,MIXED,,RIGHT-CENTER,Questionable Source,MIXED
Lew Rockwell,http://www.lewrockwell.com,mediascopeAll/Lew_Rockwell.png,2026-06-20 21:49:45,USA,LOW,,EXTREME RIGHT,Questionable Source,LOW
Liberty Counsel,http://lc.org,mediascopeAll/Liberty_Counsel.png,2026-06-21 17:48:04,USA,LOW,,RIGHT,Questionable Source,LOW
Liberty Hangout,http://libertyhangout.org,mediascopeAll/Liberty_Hangout.png,2026-06-20 22:12:51,USA,LOW,,EXTREME RIGHT,Questionable Source,LOW
Liberty News,http://libertynews.com,mediascopeAll/Liberty_News.png,2026-06-20 21:23:21,USA,LOW,,RIGHT,Questionable Source,LOW
Liberty Talk.fm,http://libertytalk.fm,mediascopeAll/Liberty_Talk.fm.png,2026-06-20 21:07:03,USA,MIXED,,RIGHT,Questionable Source,MIXED
Lifezette,http://www.lifezette.com,mediascopeAll/Lifezette.png,2026-06-20 21:10:15,USA,MIXED,,RIGHT,Questionable Source,MIXED
Lindell TV,http://lindelltv.com,mediascopeAll/Lindell_TV.png,2026-06-20 20:14:26,USA,VERY LOW,,RIGHT,Questionable Source,LOW
Lipetsk News,http://lipetsk-news.net,mediascopeAll/Lipetsk_News.png,2026-06-20 19:26:21,Russia,VERY LOW,,RIGHT,Questionable Source,LOW
Logan Morning News,http://loganmorningnews.com,mediascopeAll/Logan_Morning_News.png,2026-06-20 20:55:09,USA,MIXED,,LEAST BIASED,Questionable Source,MIXED
Look Ahead America,http://lookaheadamerica.org,mediascopeAll/Look_Ahead_America.png,2026-06-20 21:13:35,USA,LOW,,RIGHT,Questionable Source,LOW
Loomered,http://Loomered.com,mediascopeAll/Loomered.png,2026-06-20 21:05:48,USA,LOW,,RIGHT,Questionable Source,LOW
Louder with Crowder,http://louderwithcrowder.com,mediascopeAll/Louder_with_Crowder.png,2026-06-20 22:01:38,USA,MIXED,,RIGHT,Questionable Source,MIXED
Lower Bucks Today,http://lowerbuckstoday.com,mediascopeAll/Lower_Bucks_Today.png,2026-06-20 20:24:54,USA,MIXED,,RIGHT-CENTER,Questionable Source,MIXED
Lower West SC News,http://lowerwestscnews.com,mediascopeAll/Lower_West_SC_News.png,2026-06-20 21:22:55,USA,MIXED,,RIGHT-CENTER,Questionable Source,MIXED
Lucianne.com,https://www.lucianne.com,mediascopeAll/Lucianne.com.png,2026-06-21 17:44:46,USA,MIXED,,RIGHT,Questionable Source,MIXED
Luzerne Times,http://luzernetimes.com,mediascopeAll/Luzerne_Times.png,2026-06-20 22:31:30,USA,MIXED,,RIGHT-CENTER,Questionable Source,MIXED
Lycoming News,http://lycomingnews.com,mediascopeAll/Lycoming_News.png,2026-06-20 19:27:11,USA,MIXED,,RIGHT-CENTER,Questionable Source,MIXED
MSK News,http://msk-news.net,mediascopeAll/MSK_News.png,2026-06-21 17:48:01,Russia,VERY LOW,,RIGHT,Questionable Source,LOW
MTO News,http://mtonews.com,mediascopeAll/MTO_News.png,2026-06-20 21:47:26,USA,LOW,,LEFT-CENTER,Questionable Source,LOW
Mainstream Fake Media,http://mainstreamfakemedia.com,mediascopeAll/Mainstream_Fake_Media.png,2026-06-20 20:55:20,USA,LOW,,RIGHT,Questionable Source,LOW
Make America Great Again (MAGA Inc),http://Magapac.com,mediascopeAll/Make_America_Great_Again_MAGA_Inc.png,2026-06-20 22:22:27,USA,LOW,,RIGHT,Questionable Source,LOW
Manhattan Times,http://mhtntimes.com,mediascopeAll/Manhattan_Times.png,2026-06-20 19:07:04,Unknown,LOW,,LEFT,Questionable Source,LOW
Mariel News,http://mariel-news.net,mediascopeAll/Mariel_News.png,2026-06-20 20:17:12,Russia,VERY LOW,,RIGHT,Questionable Source,LOW
Mariupol News,http://mariupol-news.ru,mediascopeAll/Mariupol_News.png,2026-06-20 20:59:08,Russia,VERY LOW,,RIGHT,Questionable Source,LOW
Mass Daily News,http://massdailynews.com,mediascopeAll/Mass_Daily_News.png,2026-06-20 20:43:51,USA,MIXED,,RIGHT,Questionable Source,MIXED
Massachusetts Business Daily,http://mabusinessdaily.com,mediascopeAll/Massachusetts_Business_Daily.png,2026-06-20 22:04:32,USA,MIXED,,RIGHT-CENTER,Questionable Source,MIXED
Mat-Su,http://matsutimes.com,mediascopeAll/Mat-Su.png,2026-06-20 19:11:06,USA,MIXED,,RIGHT-CENTER,Questionable Source,MIXED
Mehr News Agency,http://en.mehrnews.com,mediascopeAll/Mehr_News_Agency.png,2026-06-20 20:18:36,Iran,MIXED,,RIGHT,Questionable Source,MIXED
Melitopol News,http://melitopol-news.ru,mediascopeAll/Melitopol_News.png,2026-06-20 20:20:54,Russia,VERY LOW,,RIGHT,Questionable Source,LOW
Memphis Standard,http://memphisstandard.com,mediascopeAll/Memphis_Standard.png,2026-06-20 19:36:30,USA,MIXED,,RIGHT-CENTER,Questionable Source,MIXED
Mercopress,http://en.mercopress.com,mediascopeAll/Mercopress.png,2026-06-20 19:07:12,Uruguay,MIXED,,LEFT-CENTER,Questionable Source,MIXED
Michigan Business Daily,http://mibusinessdaily.com,mediascopeAll/Michigan_Business_Daily.png,2026-06-20 20:10:11,USA,MIXED,,RIGHT-CENTER,Questionable Source,MIXED
Mid Coast Times,http://midcoasttimes.com,mediascopeAll/Mid_Coast_Times.png,2026-06-20 21:02:12,USA,MIXED,,RIGHT-CENTER,Questionable Source,MIXED
Mid Valley Reporter,http://midvalleyreporter.com,mediascopeAll/Mid_Valley_Reporter.png,2026-06-20 20:14:58,USA,MIXED,,RIGHT-CENTER,Questionable Source,MIXED
Military Review,http://topwar.ru,mediascopeAll/Military_Review.png,2026-06-20 22:23:04,Russia,MIXED,,RIGHT,Questionable Source,MIXED
Military Watch Magazine,http://militarywatchmagazine.com,mediascopeAll/Military_Watch_Magazine.png,2026-06-20 22:07:34,Unknown,MIXED,,RIGHT-CENTER,Questionable Source,MIXED
Mint Press News,http://www.mintpressnews.com,mediascopeAll/Mint_Press_News.png,2026-06-20 22:29:55,USA,LOW,,LEFT,Questionable Source,LOW
Mississippi Business Daily,http://msbusinessdaily.com,mediascopeAll/Mississippi_Business_Daily.png,2026-06-20 21:33:22,USA,MIXED,,RIGHT-CENTER,Questionable Source,MIXED
Missouri Business Daily,http://mobusinessdaily.com,mediascopeAll/Missouri_Business_Daily.png,2026-06-20 22:03:18,USA,MIXED,,RIGHT-CENTER,Questionable Source,MIXED
Montgomery News,http://montgomerymdnews.com,mediascopeAll/Montgomery_News.png,2026-06-20 19:13:03,USA,MIXED,,RIGHT-CENTER,Questionable Source,MIXED
MoonBattery,http://moonbattery.com,mediascopeAll/MoonBattery.png,2026-06-20 21:41:14,USA,LOW,,EXTREME RIGHT,Questionable Source,LOW
Moon of Alabama,http://www.moonofalabama.org,mediascopeAll/Moon_of_Alabama.png,2026-06-20 22:03:43,USA,LOW,,LEFT,Questionable Source,LOW
Morgantown Daily News,http://morgantowndailynews.com,mediascopeAll/Morgantown_Daily_News.png,2026-06-20 20:42:31,USA,MIXED,,LEAST BIASED,Questionable Source,MIXED
Morristown Times,http://morristowntimes.com,mediascopeAll/Morristown_Times.png,2026-06-20 20:24:54,USA,MIXED,,RIGHT-CENTER,Questionable Source,MIXED
Muncie Reporter,http://munciereporter.com,mediascopeAll/Muncie_Reporter.png,2026-06-20 22:23:58,USA,MIXED,,RIGHT-CENTER,Questionable Source,MIXED
Murmansk News,http://murmansk-news.net,mediascopeAll/Murmansk_News.png,2026-06-20 21:39:10,Russia,VERY LOW,,RIGHT,Questionable Source,LOW
Muskegon Sun,http://Muskegonsun.com,mediascopeAll/Muskegon_Sun.png,2026-06-20 20:53:07,USA,MIXED,,RIGHT-CENTER,Questionable Source,MIXED
Mutembei TV –,http://mutembeitv.com,mediascopeAll/Mutembei_TV.png,2026-06-20 21:40:36,Kenya,MIXED,,RIGHT-CENTER,Questionable Source,MIXED
NAO News,http://nao-news.net,mediascopeAll/NAO_News.png,2026-06-20 20:32:21,Russia,VERY LOW,,RIGHT,Questionable Source,LOW
NC Indiana News,http://ncindiananews.com,mediascopeAll/NC_Indiana_News.png,2026-06-20 19:21:53,USA,MIXED,,RIGHT-CENTER,Questionable Source,MIXED
NC South Carolina Times,http://ncsctimes.com,mediascopeAll/NC_South_Carolina_Times.png,2026-06-20 20:13:14,USA,MIXED,,RIGHT-CENTER,Questionable Source,MIXED
NC Tennessee News,http://nctennnews.com,mediascopeAll/NC_Tennessee_News.png,2026-06-20 21:15:19,USA,MIXED,,RIGHT-CENTER,Questionable Source,MIXED
NE Colorado News,http://necoloradonews.com,mediascopeAll/NE_Colorado_News.png,2026-06-20 20:15:22,USA,MIXED,,RIGHT-CENTER,Questionable Source,MIXED
NE Mississippi News,http://nemissnews.com,mediascopeAll/NE_Mississippi_News.png,2026-06-20 19:11:52,USA,MIXED,,RIGHT-CENTER,Questionable Source,MIXED
NE Nashville News,http://nenashvillenews.com,mediascopeAll/NE_Nashville_News.png,2026-06-20 21:03:17,USA,MIXED,,RIGHT-CENTER,Questionable Source,MIXED
NK News,http://nk-news.ru,mediascopeAll/NK_News.png,2026-06-20 22:13:00,Russia,VERY LOW,,RIGHT,Questionable Source,LOW
NTD.TV (New Tang Dynasty),http://www.ntd.tv,mediascopeAll/NTD.TV_New_Tang_Dynasty.png,2026-06-20 19:48:40,USA,MIXED,,RIGHT,Questionable Source,MIXED
Nabchelny News,http://nabchelny-news.ru,mediascopeAll/Nabchelny_News.png,2026-06-20 20:55:03,Russia,VERY LOW,,RIGHT,Questionable Source,LOW
Nalchik News,http://nalchik-news.net,mediascopeAll/Nalchik_News.png,2026-06-20 19:49:54,Russia,VERY LOW,,RIGHT,Questionable Source,LOW
National Insiders,http://nationalinsiders.com,mediascopeAll/National_Insiders.png,2026-06-20 22:16:48,USA,LOW,,RIGHT,Questionable Source,LOW
National Rifle Association,http://home.nra.org,mediascopeAll/National_Rifle_Association.png,2026-06-20 21:15:56,USA,MIXED,,RIGHT,Questionable Source,MIXED
National Right to Life Committee,http://nrlc.org,mediascopeAll/National_Right_to_Life_Committee.png,2026-06-20 20:51:50,USA,MIXED,,EXTREME RIGHT,Questionable Source,MIXED
National Vanguard,http://nationalvanguard.org,mediascopeAll/National_Vanguard.png,2026-06-20 21:24:13,USA,VERY LOW,,EXTREME RIGHT,Questionable Source,LOW
National Zero,http://nationalzero.com,mediascopeAll/National_Zero.png,2026-06-20 21:29:08,USA,MIXED,,LEFT,Questionable Source,MIXED
Naugatuck Times,http://naugatucktimes.com,mediascopeAll/Naugatuck_Times.png,2026-06-20 21:50:49,USA,MIXED,,RIGHT-CENTER,Questionable Source,MIXED
Nebraska Business Daily,http://nebraskabusinessdaily.com,mediascopeAll/Nebraska_Business_Daily.png,2026-06-20 21:56:15,USA,MIXED,,RIGHT-CENTER,Questionable Source,MIXED
NetEase,http://163.com,mediascopeAll/NetEase.png,2026-06-20 22:05:21,China,MIXED,,LEFT-CENTER,Questionable Source,MIXED
Net Zero Watch,http://netzerowatch.com,mediascopeAll/Net_Zero_Watch.png,2026-06-20 20:26:28,United Kingdom,LOW,,RIGHT,Questionable Source,LOW
Nevada Business Daily,http://nvbusinessdaily.com,mediascopeAll/Nevada_Business_Daily.png,2026-06-20 19:11:41,,MIXED,,RIGHT-CENTER,Questionable Source,MIXED
New Jersey Business Daily,http://njbusinessdaily.com,mediascopeAll/New_Jersey_Business_Daily.png,2026-06-20 21:51:30,USA,MIXED,,RIGHT-CENTER,Questionable Source,MIXED
New Mexico Business Daily –,http://nmbusinessdaily.com,mediascopeAll/New_Mexico_Business_Daily.png,2026-06-20 22:27:15,USA,MIXED,,RIGHT-CENTER,Questionable Source,MIXED
Newark Reporter,http://newarkreporter.com,mediascopeAll/Newark_Reporter.png,2026-06-20 19:38:31,USA,MIXED,,RIGHT-CENTER,Questionable Source,MIXED
News-Kiev,http://News-Kiev.ru,mediascopeAll/News-Kiev.png,2026-06-20 21:13:47,Russia,VERY LOW,,RIGHT,Questionable Source,LOW
NewsAmmo,http://newsammo.com,mediascopeAll/NewsAmmo.png,2026-06-20 21:15:50,USA,MIXED,,RIGHT,Questionable Source,MIXED
NewsReady,http://newsready.com,mediascopeAll/NewsReady.png,2026-06-20 19:42:18,USA,MIXED,,EXTREME RIGHT,Questionable Source,MIXED
News Blaze,http://newsblaze.com,mediascopeAll/News_Blaze.png,2026-06-20 19:32:03,Australia,MIXED,,EXTREME RIGHT,Questionable Source,MIXED
News Global,http://newsglobal.com,mediascopeAll/News_Global.png,2026-06-20 21:28:44,USA,LOW,,RIGHT,Questionable Source,LOW
News Hour First,http://newshourfirst.com,mediascopeAll/News_Hour_First.png,2026-06-20 20:27:25,USA,LOW,,RIGHT,Questionable Source,LOW
News with Views,http://www.newswithviews.com,mediascopeAll/News_with_Views.png,2026-06-20 22:20:45,USA,LOW,,RIGHT,Questionable Source,LOW
Newsmax,http://www.newsmax.com,mediascopeAll/Newsmax.png,2026-06-20 22:09:40,USA,LOW,,RIGHT,Questionable Source,LOW
Newsner,http://en.newsner.com,mediascopeAll/Newsner.png,2026-06-20 21:47:19,Sweden,VERY LOW,,UNRATED,Questionable Source,LOW
Newsrael,http://newsrael.com,mediascopeAll/Newsrael.png,2026-06-20 21:01:32,Israel,MIXED,,RIGHT,Questionable Source,MIXED
Nikolaev News,http://nikolaev-news.ru,mediascopeAll/Nikolaev_News.png,2026-06-20 20:34:28,Russia,VERY LOW,,RIGHT,Questionable Source,LOW
Nola Reporter,http://nolareporter.com,mediascopeAll/Nola_Reporter.png,2026-06-20 20:36:48,USA,MIXED,,RIGHT-CENTER,Questionable Source,MIXED
Nordic Monitor,http://nordicmonitor.com,mediascopeAll/Nordic_Monitor.png,2026-06-20 22:03:45,Sweden,MIXED,,LEFT-CENTER,Questionable Source,MIXED
Norilsk News,http://norilsk-news.ru,mediascopeAll/Norilsk_News.png,2026-06-20 22:25:12,Russia,VERY LOW,,RIGHT,Questionable Source,LOW
North Allegheny News,http://northalleghenynews.com,mediascopeAll/North_Allegheny_News.png,2026-06-20 19:54:48,USA,MIXED,,RIGHT-CENTER,Questionable Source,MIXED
North Bluegrass News,http://northbluegrassnews.com,mediascopeAll/North_Bluegrass_News.png,2026-06-20 19:13:52,USA,MIXED,,RIGHT-CENTER,Questionable Source,MIXED
North Central PA Times,http://ncpatimes.com,mediascopeAll/North_Central_PA_Times.png,2026-06-20 19:29:28,USA,MIXED,,RIGHT-CENTER,Questionable Source,MIXED
North Chester Today,http://northchestertoday.com,mediascopeAll/North_Chester_Today.png,2026-06-20 22:23:23,USA,MIXED,,RIGHT-CENTER,Questionable Source,MIXED
North Coast Today,http://northcoasttoday.com,mediascopeAll/North_Coast_Today.png,2026-06-20 20:37:03,USA,MIXED,,RIGHT-CENTER,Questionable Source,MIXED
North Delco News,http://northdelconews.com,mediascopeAll/North_Delco_News.png,2026-06-20 20:55:36,USA,MIXED,,RIGHT-CENTER,Questionable Source,MIXED
North Knoxville News,http://northknoxnews.com,mediascopeAll/North_Knoxville_News.png,2026-06-20 21:23:49,USA,MIXED,,RIGHT-CENTER,Questionable Source,MIXED
North Lancaster News,http://northlancasternews.com,mediascopeAll/North_Lancaster_News.png,2026-06-20 20:26:40,USA,MIXED,,RIGHT-CENTER,Questionable Source,MIXED
North Mecklenburg News,http://northmecklenburgnews.com,mediascopeAll/North_Mecklenburg_News.png,2026-06-20 19:56:29,USA,MIXED,,RIGHT-CENTER,Questionable Source,MIXED
North Pocono News,http://northpocononews.com,mediascopeAll/North_Pocono_News.png,2026-06-20 21:59:18,USA,MIXED,,RIGHT-CENTER,Questionable Source,MIXED
North Utah News,http://northutahnews.com,mediascopeAll/North_Utah_News.png,2026-06-20 20:27:40,,MIXED,,RIGHT-CENTER,Questionable Source,MIXED
Northeast Montana News,http://nemontananews.com,mediascopeAll/Northeast_Montana_News.png,2026-06-20 19:23:03,USA,MIXED,,RIGHT-CENTER,Questionable Source,MIXED
Northeast South Dakota News,http://nesdnews.com,mediascopeAll/Northeast_South_Dakota_News.png,2026-06-20 20:39:32,USA,MIXED,,RIGHT-CENTER,Questionable Source,MIXED
Northern Tier News,http://northerntiernews.com,mediascopeAll/Northern_Tier_News.png,2026-06-20 20:19:49,USA,MIXED,,RIGHT-CENTER,Questionable Source,MIXED
Northhampton News,http://northhamptonnews.com,mediascopeAll/Northhampton_News.png,2026-06-20 21:55:16,USA,MIXED,,RIGHT-CENTER,Questionable Source,MIXED
Northwest PA News,http://nwpanews.com,mediascopeAll/Northwest_PA_News.png,2026-06-20 21:17:15,USA,MIXED,,RIGHT-CENTER,Questionable Source,MIXED
Not the Bee,http://notthebee.com,mediascopeAll/Not_the_Bee.png,2026-06-20 20:13:07,USA,MIXED,,RIGHT,Questionable Source,MIXED
Nour News,http://nournews.ir,mediascopeAll/Nour_News.png,2026-06-20 20:35:13,,MIXED,,RIGHT,Questionable Source,MIXED
Now8News,http://now8news.com,mediascopeAll/Now8News.png,2026-06-20 21:12:23,USA,VERY LOW,,UNRATED,Questionable Source,LOW
Nw Iowa News,http://nwiowanews.com,mediascopeAll/Nw_Iowa_News.png,2026-06-20 20:36:48,USA,MIXED,,RIGHT-CENTER,Questionable Source,MIXED
OKdiario,http://okdiario.com,mediascopeAll/OKdiario.png,2026-06-20 21:47:19,Spain,MIXED,,RIGHT,Questionable Source,MIXED
O’Keefe Media Group,http://okeefemediagroup.com,mediascopeAll/O_Keefe_Media_Group.png,2026-06-20 19:24:57,USA,MIXED,,RIGHT,Questionable Source,MIXED
Objectivist,http://objectivist.co,mediascopeAll/Objectivist.png,2026-06-20 21:02:39,USA,MIXED,,RIGHT,Questionable Source,MIXED
Occidental Dissent,http://occidentaldissent.com,mediascopeAll/Occidental_Dissent.png,2026-06-20 21:20:22,USA,LOW,,EXTREME RIGHT,Questionable Source,LOW
Ocean State Today,http://oceanstatetoday.com,mediascopeAll/Ocean_State_Today.png,2026-06-20 20:44:33,USA,MIXED,,RIGHT-CENTER,Questionable Source,MIXED
Parler,http://parler.com,mediascopeAll/Parler.png,2026-06-20 21:30:46,USA,LOW,,EXTREME RIGHT,Questionable Source,LOW
Patriot,http://Patriot.Win,mediascopeAll/Patriot.png,2026-06-20 19:15:37,USA,LOW,,RIGHT,Questionable Source,LOW
Patriot Chronicles,http://thepatriotchronicles.com,mediascopeAll/Patriot_Chronicles.png,2026-06-20 19:23:27,USA,MIXED,,RIGHT,Questionable Source,MIXED
Patriot Journal,http://patriotjournal.org,mediascopeAll/Patriot_Journal.png,2026-06-20 21:17:38,USA,MIXED,,RIGHT,Questionable Source,MIXED
Patriot Newsfeed,http://patriotnewsfeed.com,mediascopeAll/Patriot_Newsfeed.png,2026-06-20 22:30:57,USA,MIXED,,RIGHT,Questionable Source,MIXED
Patriot Pulse,http://patriotpulse.net,mediascopeAll/Patriot_Pulse.png,2026-06-20 22:17:22,USA,MIXED,,RIGHT,Questionable Source,MIXED
Patriotic Post,http://patrioticpost.com,mediascopeAll/Patriotic_Post.png,2026-06-20 22:02:25,USA,LOW,,RIGHT,Questionable Source,LOW
Patriotic Viral News,http://patrioticviralnews.com,mediascopeAll/Patriotic_Viral_News.png,2026-06-20 19:22:39,USA,LOW,,EXTREME RIGHT,Questionable Source,LOW
Pee Dee News,http://peedeenews.com,mediascopeAll/Pee_Dee_News.png,2026-06-20 21:52:10,USA,MIXED,,RIGHT-CENTER,Questionable Source,MIXED
Pennsylvania Business Daily,http://businessdailynetwork.com/states/pa/,mediascopeAll/Pennsylvania_Business_Daily.png,2026-06-20 20:11:10,USA,MIXED,,RIGHT-CENTER,Questionable Source,MIXED
Pennsylvania Daily Star,http://pennsylvaniadailystar.com,mediascopeAll/Pennsylvania_Daily_Star.png,2026-06-20 20:58:38,USA,MIXED,,RIGHT,Questionable Source,MIXED
Pennsylvania Record,http://pennrecord.com,mediascopeAll/Pennsylvania_Record.png,2026-06-20 20:04:32,USA,MIXED,,RIGHT-CENTER,Questionable Source,MIXED
Perez Hilton,http://perezhilton.com,mediascopeAll/Perez_Hilton.png,2026-06-20 20:51:33,USA,MIXED,,LEFT,Questionable Source,MIXED
Philly Leader,http://phillyleader.com,mediascopeAll/Philly_Leader.png,2026-06-20 20:31:50,USA,MIXED,,RIGHT-CENTER,Questionable Source,MIXED
Pinal Today,http://pinaltoday.com,mediascopeAll/Pinal_Today.png,2026-06-20 20:40:31,USA,MIXED,,RIGHT-CENTER,Questionable Source,MIXED
Pine Belt Times,http://pinebelttimes.com,mediascopeAll/Pine_Belt_Times.png,2026-06-20 20:35:56,USA,MIXED,,RIGHT-CENTER,Questionable Source,MIXED
Pine State News,http://pinestatenews.com,mediascopeAll/Pine_State_News.png,2026-06-20 20:34:10,USA,MIXED,,RIGHT-CENTER,Questionable Source,MIXED
Pittsburgh Review,http://pittreview.com,mediascopeAll/Pittsburgh_Review.png,2026-06-20 21:32:26,USA,MIXED,,RIGHT-CENTER,Questionable Source,MIXED
Point Report,http://pointreport.org,mediascopeAll/Point_Report.png,2026-06-20 20:37:56,USA,LOW,,EXTREME RIGHT,Questionable Source,LOW
Political Insider,http://www.thepoliticalinsider.com,mediascopeAll/Political_Insider.png,2026-06-20 20:47:36,USA,LOW,,EXTREME RIGHT,Questionable Source,LOW
Populist Wire,http://populistwire.com,mediascopeAll/Populist_Wire.png,2026-06-20 19:23:57,USA,LOW,,RIGHT,Questionable Source,LOW
PragerU,http://www.prageru.com,mediascopeAll/PragerU.png,2026-06-20 19:43:58,USA,LOW,,RIGHT,Questionable Source,LOW
Pravda Australia,http://au.news-pravda.com,mediascopeAll/Pravda_Australia.png,2026-06-20 21:11:17,Russia,VERY LOW,,RIGHT,Questionable Source,LOW
Pravda DE,http://deutsch.news-pravda.com,mediascopeAll/Pravda_DE.png,2026-06-20 21:19:23,Russia,VERY LOW,,RIGHT,Questionable Source,LOW
Pravda Danmark,http://denmark.news-pravda.com,mediascopeAll/Pravda_Danmark.png,2026-06-20 19:32:27,Russia,VERY LOW,,RIGHT,Questionable Source,LOW
Pravda Deutschland,http://germany.news-pravda.com,mediascopeAll/Pravda_Deutschland.png,2026-06-20 19:31:59,Russia,VERY LOW,,RIGHT,Questionable Source,LOW
Pravda EN,http://news-pravda.com,mediascopeAll/Pravda_EN.png,2026-06-20 21:45:47,Russia,VERY LOW,,RIGHT,Questionable Source,LOW
Pravda ES,http://spanish.news-pravda.com,mediascopeAll/Pravda_ES.png,2026-06-20 20:58:46,Russia,VERY LOW,,RIGHT,Questionable Source,LOW
Pravda EU,http://eu.news-pravda.com,mediascopeAll/Pravda_EU.png,2026-06-20 22:25:41,Russia,VERY LOW,,RIGHT,Questionable Source,LOW
Pravda FR,http://francais.news-pravda.com,mediascopeAll/Pravda_FR.png,2026-06-20 19:36:45,Russia,VERY LOW,,RIGHT,Questionable Source,LOW
Pravda France,http://france.news-pravda.com,mediascopeAll/Pravda_France.png,2026-06-20 22:29:04,Russia,VERY LOW,,RIGHT,Questionable Source,LOW
Pravda Hungary,http://hungary.news-pravda.com,mediascopeAll/Pravda_Hungary.png,2026-06-20 22:15:57,Russia,VERY LOW,,RIGHT,Questionable Source,LOW
Pravda Japan,http://japan.news-pravda.com,mediascopeAll/Pravda_Japan.png,2026-06-20 21:22:19,Russia,VERY LOW,,RIGHT,Questionable Source,LOW
Pravda Polska,http://poland.news-pravda.com,mediascopeAll/Pravda_Polska.png,2026-06-20 20:14:57,Russia,VERY LOW,,RIGHT,Questionable Source,LOW
Pravda Report,http://pravdareport.com,mediascopeAll/Pravda_Report.png,2026-06-20 19:50:17,Russia,VERY LOW,,RIGHT,Questionable Source,LOW
Pravda Romania,http://romania.news-pravda.com,mediascopeAll/Pravda_Romania.png,2026-06-21 18:00:03,Russia,VERY LOW,,RIGHT,Questionable Source,LOW
Pravda Spain,http://spain.news-pravda.com,mediascopeAll/Pravda_Spain.png,2026-06-20 19:14:34,Russia,VERY LOW,,RIGHT,Questionable Source,LOW
Pravda Trump,http://trump.news-pravda.com,mediascopeAll/Pravda_Trump.png,2026-06-20 21:35:43,Russia,VERY LOW,,RIGHT,Questionable Source,LOW
Pravda USA,http://usa.news-pravda.com,mediascopeAll/Pravda_USA.png,2026-06-20 19:11:08,Russia,VERY LOW,,RIGHT,Questionable Source,LOW
Pravda Ukraine,http://ua.news-pravda.com,mediascopeAll/Pravda_Ukraine.png,2026-06-20 22:29:14,Russia,VERY LOW,,RIGHT,Questionable Source,LOW
Press California,http://presscalifornia.com,mediascopeAll/Press_California.png,2026-06-20 19:21:53,USA,VERY LOW,,EXTREME RIGHT,Questionable Source,LOW
Press Corp,http://presscorp.org,mediascopeAll/Press_Corp.png,2026-06-20 21:19:24,USA,MIXED,,RIGHT,Questionable Source,MIXED
Pro-America News,http://proamericanews.com,mediascopeAll/Pro-America_News.png,2026-06-20 19:35:36,USA,LOW,,RIGHT,Questionable Source,LOW
Pro Trump News,http://protrumpnews.com/,mediascopeAll/Pro_Trump_News.png,2026-06-20 21:43:10,Unknown,LOW,,EXTREME RIGHT,Questionable Source,LOW
Promethean Action,http://prometheanaction.com,mediascopeAll/Promethean_Action.png,2026-06-20 20:22:42,USA,LOW,,EXTREME RIGHT,Questionable Source,LOW
Proto Thema,http://en.protothema.gr,mediascopeAll/Proto_Thema.png,2026-06-20 20:53:59,Greece,MIXED,,RIGHT,Questionable Source,MIXED
Quds News Network,http://qudsnen.co,mediascopeAll/Quds_News_Network.png,2026-06-20 19:40:21,Palestine,LOW,,LEFT-CENTER,Questionable Source,LOW
Queretaro Post,http://thequeretaropost.com,mediascopeAll/Queretaro_Post.png,2026-06-20 20:17:32,Unknown,MIXED,,LEFT-CENTER,Questionable Source,MIXED
RT DE (RT News Germany),http://de.rt.com,mediascopeAll/RT_DE_RT_News_Germany.png,2026-06-20 19:24:24,Russia,VERY LOW,,RIGHT-CENTER,Questionable Source,LOW
Radar (GaysAgainstGroomers),http://radar.gaysagainstgroomers.com,mediascopeAll/Radar_GaysAgainstGroomers.png,2026-06-20 20:18:50,USA,LOW,,EXTREME RIGHT,Questionable Source,LOW
Real Science,http://goodsciencing.com,mediascopeAll/Real_Science.png,2026-06-20 20:42:42,Unknown,VERY LOW,,EXTREME RIGHT,Questionable Source,LOW
Realitatea,http://Realitatea.net,mediascopeAll/Realitatea.png,2026-06-20 20:45:27,Romania,MIXED,,RIGHT,Questionable Source,MIXED
Red Right Daily,http://redrightdaily.com,mediascopeAll/Red_Right_Daily.png,2026-06-20 20:12:51,USA,MIXED,,RIGHT,Questionable Source,MIXED
Red Right Patriot,http://redrightpatriot.com,mediascopeAll/Red_Right_Patriot.png,2026-06-20 21:56:59,USA,MIXED,,RIGHT,Questionable Source,MIXED
Red State Nation,http://redstatenation.com,mediascopeAll/Red_State_Nation.png,2026-06-20 20:59:25,USA,LOW,,RIGHT,Questionable Source,LOW
Redacted,http://redacted.inc,mediascopeAll/Redacted.png,2026-06-20 21:34:57,Portugal,MIXED,,RIGHT,Questionable Source,MIXED
Reduxx,http://reduxx.info,mediascopeAll/Reduxx.png,2026-06-20 21:58:51,Canada,MIXED,,RIGHT,Questionable Source,MIXED
Report24,http://report24.news,mediascopeAll/Report24.png,2026-06-20 21:53:22,Austria,VERY LOW,,EXTREME RIGHT,Questionable Source,LOW
Republic Broadcasting Network,http://republicbroadcasting.org,mediascopeAll/Republic_Broadcasting_Network.png,2026-06-20 20:50:28,USA,LOW,,EXTREME RIGHT,Questionable Source,LOW
Restricted Republic,http://restrictedrepublic.com,mediascopeAll/Restricted_Republic.png,2026-06-20 21:08:37,USA,LOW,,EXTREME RIGHT,Questionable Source,LOW
Rhode Island Business Daily,http://businessdailynetwork.com/states/ri,mediascopeAll/Rhode_Island_Business_Daily.png,2026-06-20 20:46:02,USA,MIXED,,RIGHT-CENTER,Questionable Source,MIXED
Right Side Broadcasting Network,http://rsbnetwork.com,mediascopeAll/Right_Side_Broadcasting_Network.png,2026-06-20 21:06:14,USA,LOW,,RIGHT,Questionable Source,LOW
Riposte Laique,http://ripostelaique.com,mediascopeAll/Riposte_Laique.png,2026-06-20 22:04:31,France,VERY LOW,,EXTREME RIGHT,Questionable Source,LOW
Rockford Sun,http://rockfordsun.com,mediascopeAll/Rockford_Sun.png,2026-06-20 21:03:27,USA,MIXED,,RIGHT-CENTER,Questionable Source,MIXED
Rudaw,http://rudaw.net,mediascopeAll/Rudaw.png,2026-06-20 20:16:22,Iraq,MIXED,,LEFT-CENTER,Questionable Source,MIXED
RushLimbaugh,http://RushLimbaugh.com,mediascopeAll/RushLimbaugh.png,2026-06-20 21:55:28,USA,VERY LOW,,RIGHT,Questionable Source,LOW
Rushmore State News,http://rushmorestatenews.com,mediascopeAll/Rushmore_State_News.png,2026-06-20 19:55:17,USA,MIXED,,RIGHT-CENTER,Questionable Source,MIXED
Russia News Agency-TASS,http://tass.com,mediascopeAll/Russia_News_Agency-TASS.png,2026-06-20 21:50:16,Russia,MIXED,,RIGHT-CENTER,Questionable Source,MIXED
Rutherford Times,http://rutherfordtimes.com,mediascopeAll/Rutherford_Times.png,2026-06-20 20:27:38,USA,MIXED,,RIGHT-CENTER,Questionable Source,MIXED
SC Connecticut News,http://scconnnews.com,mediascopeAll/SC_Connecticut_News.png,2026-06-20 22:02:08,USA,MIXED,,RIGHT-CENTER,Questionable Source,MIXED
SC Kansas News,http://sckansasnews.com,mediascopeAll/SC_Kansas_News.png,2026-06-20 22:26:48,USA,MIXED,,RIGHT-CENTER,Questionable Source,MIXED
SC Tennessee News,http://sctennnews.com,mediascopeAll/SC_Tennessee_News.png,2026-06-20 21:00:08,USA,MIXED,,RIGHT-CENTER,Questionable Source,MIXED
SE Georgia News,http://segeorgianews.com,mediascopeAll/SE_Georgia_News.png,2026-06-20 19:19:18,USA,MIXED,,RIGHT-CENTER,Questionable Source,MIXED
SE Ohio Times,http://seohiotimes.com,mediascopeAll/SE_Ohio_Times.png,2026-06-20 22:18:22,USA,MIXED,,RIGHT-CENTER,Questionable Source,MIXED
SE Tennessee News,http://setennnews.com,mediascopeAll/SE_Tennessee_News.png,2026-06-20 20:18:27,USA,MIXED,,RIGHT-CENTER,Questionable Source,MIXED
SW Tennessee News,http://swtennnews.com,mediascopeAll/SW_Tennessee_News.png,2026-06-20 21:36:15,USA,MIXED,,RIGHT-CENTER,Questionable Source,MIXED
Sacramento Standard,http://sacramentostandard.com,mediascopeAll/Sacramento_Standard.png,2026-06-20 19:08:31,USA,MIXED,,RIGHT-CENTER,Questionable Source,MIXED
Samnytt,http://samnytt.se,mediascopeAll/Samnytt.png,2026-06-20 19:08:34,Sweden,LOW,,EXTREME RIGHT,Questionable Source,LOW
Samtiden,http://samtiden.nu,mediascopeAll/Samtiden.png,2026-06-20 19:08:43,Sweden,LOW,,EXTREME RIGHT,Questionable Source,LOW
San Diego City Wire,http://sandiegocitywire.com,mediascopeAll/San_Diego_City_Wire.png,2026-06-20 22:04:13,USA,MIXED,,RIGHT-CENTER,Questionable Source,MIXED
Sangamon Sun,http://sangamonsun.com,mediascopeAll/Sangamon_Sun.png,2026-06-20 19:32:49,USA,MIXED,,RIGHT-CENTER,Questionable Source,MIXED
Savannah Standard,http://savannahstandard.com,mediascopeAll/Savannah_Standard.png,2026-06-20 20:54:37,USA,MIXED,,RIGHT-CENTER,Questionable Source,MIXED
Save Us Now,http://saveusnow.org.uk,mediascopeAll/Save_Us_Now.png,2026-06-20 20:16:40,United Kingdom,LOW,,RIGHT,Questionable Source,LOW
Scranton Reporter,http://scrantonreporter.com,mediascopeAll/Scranton_Reporter.png,2026-06-20 21:52:14,USA,MIXED,,RIGHT-CENTER,Questionable Source,MIXED
SebGorka,http://SebGorka.com,mediascopeAll/SebGorka.png,2026-06-20 21:16:58,USA,LOW,,EXTREME RIGHT,Questionable Source,LOW
Secure America Now,http://www.secureamericanow.org,mediascopeAll/Secure_America_Now.png,2026-06-20 21:27:26,USA,MIXED,,RIGHT,Questionable Source,MIXED
Seekr,http://seekr.com,mediascopeAll/Seekr.png,2026-06-20 21:41:44,USA,MIXED,,LEAST BIASED,Questionable Source,MIXED
Shelby Reporter,http://shelbyreporter.com,mediascopeAll/Shelby_Reporter.png,2026-06-20 19:32:14,USA,MIXED,,RIGHT-CENTER,Questionable Source,MIXED
Shenango Valley News,http://shenangovalleynews.com,mediascopeAll/Shenango_Valley_News.png,2026-06-20 21:18:02,USA,MIXED,,RIGHT-CENTER,Questionable Source,MIXED
Shockya News,http://shockya.com,mediascopeAll/Shockya_News.png,2026-06-20 20:55:06,USA,LOW,,RIGHT,Questionable Source,LOW
Sick Chirpse,http://www.sickchirpse.com,mediascopeAll/Sick_Chirpse.png,2026-06-20 20:11:13,United Kingdom,VERY LOW,,UNRATED,Questionable Source,LOW
Sioux Empire Today,http://siouxempiretoday.com,mediascopeAll/Sioux_Empire_Today.png,2026-06-20 22:03:03,USA,MIXED,,RIGHT-CENTER,Questionable Source,MIXED
Sixth Tone,http://sixthtone.com,mediascopeAll/Sixth_Tone.png,2026-06-20 21:52:35,China,MIXED,,LEFT,Questionable Source,MIXED
South Carolina Business Daily,http://businessdailynetwork.com/states/sc,mediascopeAll/South_Carolina_Business_Daily.png,2026-06-20 21:06:34,USA,MIXED,,RIGHT-CENTER,Questionable Source,MIXED
South Chester Today,http://southchestertoday.com,mediascopeAll/South_Chester_Today.png,2026-06-20 21:55:40,USA,MIXED,,RIGHT-CENTER,Questionable Source,MIXED
South Coast Times,http://southcoasttimes.com,mediascopeAll/South_Coast_Times.png,2026-06-20 20:59:07,USA,MIXED,,RIGHT-CENTER,Questionable Source,MIXED
South County Times,http://southcotimes.com,mediascopeAll/South_County_Times.png,2026-06-20 22:19:38,USA,MIXED,,RIGHT-CENTER,Questionable Source,MIXED
South Cumberland News,http://southcumberlandnews.com,mediascopeAll/South_Cumberland_News.png,2026-06-20 20:20:02,USA,MIXED,,RIGHT-CENTER,Questionable Source,MIXED
South Dakota Business Daily,http://businessdailynetwork.com/states/sd,mediascopeAll/South_Dakota_Business_Daily.png,2026-06-20 21:42:19,USA,MIXED,,RIGHT-CENTER,Questionable Source,MIXED
South Delco News,http://southdelconews.com,mediascopeAll/South_Delco_News.png,2026-06-20 22:02:30,USA,MIXED,,RIGHT-CENTER,Questionable Source,MIXED
South Miami Dade News,http://southmianews.com,mediascopeAll/South_Miami_Dade_News.png,2026-06-20 22:23:08,USA,MIXED,,RIGHT-CENTER,Questionable Source,MIXED
South New Castle News,http://southnewcastlenews.com,mediascopeAll/South_New_Castle_News.png,2026-06-20 21:50:48,USA,MIXED,,RIGHT-CENTER,Questionable Source,MIXED
South Oregon News,http://southoregonnews.com,mediascopeAll/South_Oregon_News.png,2026-06-20 21:46:42,USA,MIXED,,RIGHT-CENTER,Questionable Source,MIXED
Southeast South Dakota News,http://sesdnews.com,mediascopeAll/Southeast_South_Dakota_News.png,2026-06-20 21:31:07,USA,MIXED,,RIGHT-CENTER,Questionable Source,MIXED
Spartanburg Reporter,http://spartanburgreporter.com,mediascopeAll/Spartanburg_Reporter.png,2026-06-20 22:18:52,USA,MIXED,,RIGHT-CENTER,Questionable Source,MIXED
Springfield City Wire,http://springfieldcitywire.com,mediascopeAll/Springfield_City_Wire.png,2026-06-20 21:55:47,USA,MIXED,,RIGHT-CENTER,Questionable Source,MIXED
Sputnik News Agency,http://sputniknews.in,mediascopeAll/Sputnik_News_Agency.png,2026-06-20 20:07:01,Russia,VERY LOW,,RIGHT-CENTER,Questionable Source,LOW
Sputnik News Agency – France,http://fr.sputniknews.com,mediascopeAll/Sputnik_News_Agency_France.png,2026-06-20 19:38:22,Russia,VERY LOW,,RIGHT-CENTER,Questionable Source,LOW
Sputnik News Agency – Serbia,http://sputnikportal.rs,mediascopeAll/Sputnik_News_Agency_Serbia.png,2026-06-20 20:51:03,Russia,VERY LOW,,RIGHT,Questionable Source,LOW
St. Paul Reporter,http://stpaulreporter.com,mediascopeAll/St._Paul_Reporter.png,2026-06-20 21:01:56,USA,MIXED,,RIGHT-CENTER,Questionable Source,MIXED
Stand for Health Freedom,http://standforhealthfreedom.com,mediascopeAll/Stand_for_Health_Freedom.png,2026-06-20 21:25:15,USA,MIXED,,RIGHT,Questionable Source,MIXED
State of the Nation,http://stateofthenation.co,mediascopeAll/State_of_the_Nation.png,2026-06-20 21:42:32,USA,LOW,,EXTREME RIGHT,Questionable Source,LOW
Staten Island Reporter,http://statenislandreporter.com,mediascopeAll/Staten_Island_Reporter.png,2026-06-20 21:53:22,USA,MIXED,,RIGHT-CENTER,Questionable Source,MIXED
Steadfast Daily,http://steadfastdaily.com,mediascopeAll/Steadfast_Daily.png,2026-06-20 21:05:33,USA,MIXED,,RIGHT,Questionable Source,MIXED
StopAntisemitism,http://stopantisemitism.org,mediascopeAll/StopAntisemitism.png,2026-06-20 20:03:22,USA,MIXED,,RIGHT,Questionable Source,MIXED
Stopping Socialism,http://stoppingsocialism.com,mediascopeAll/Stopping_Socialism.png,2026-06-20 20:28:54,USA,MIXED,,RIGHT,Questionable Source,MIXED
SurvivalBlog.com,https://survivalblog.com/,mediascopeAll/SurvivalBlog.com.png,2026-06-20 21:39:36,USA,LOW,,EXTREME RIGHT,Questionable Source,LOW
Swamp Monsters,http://swampmonsters.news,mediascopeAll/Swamp_Monsters.png,2026-06-20 20:18:08,USA,MIXED,,RIGHT,Questionable Source,MIXED
Swarajya,http://swarajyamag.com,mediascopeAll/Swarajya.png,2026-06-20 21:40:42,India,LOW,,RIGHT,Questionable Source,LOW
Syrian Arab News Agency,http://sana.sy,mediascopeAll/Syrian_Arab_News_Agency.png,2026-06-20 21:46:17,Syria,MIXED,,LEFT,Questionable Source,MIXED
TB Daily News,http://tbdailynews.com,mediascopeAll/TB_Daily_News.png,2026-06-20 21:36:32,USA,MIXED,,RIGHT,Questionable Source,MIXED
Taki’s Magazine,http://takimag.com,mediascopeAll/Taki_s_Magazine.png,2026-06-20 19:58:08,USA,LOW,,EXTREME RIGHT,Questionable Source,LOW
Tap Haps,http://taphaps.com,mediascopeAll/Tap_Haps.png,2026-06-20 20:40:32,USA,MIXED,,RIGHT,Questionable Source,MIXED
Tea Party Patriots,http://www.teapartypatriots.org,mediascopeAll/Tea_Party_Patriots.png,2026-06-20 22:13:10,USA,MIXED,,RIGHT,Questionable Source,MIXED
TheSpectator,http://TheSpectator.info,mediascopeAll/TheSpectator.png,2026-06-20 19:24:12,USA,VERY LOW,,EXTREME RIGHT,Questionable Source,LOW
The African Exponent,https://www.africanexponent.com/,mediascopeAll/The_African_Exponent.png,2026-06-20 21:24:30,Tanzania,MIXED,,LEFT,Questionable Source,MIXED
The American Mirror,http://theamericanmirror.com,mediascopeAll/The_American_Mirror.png,2026-06-20 20:39:48,USA,LOW,,EXTREME RIGHT,Questionable Source,LOW
The Blaze,http://www.theblaze.com,mediascopeAll/The_Blaze.png,2026-06-20 19:12:41,USA,MIXED,,RIGHT,Questionable Source,MIXED
The Buffalo Chronicle,https://buffalochronicle.com/,mediascopeAll/The_Buffalo_Chronicle.png,2026-06-20 21:37:53,USA,MIXED,,RIGHT,Questionable Source,MIXED
The Burning Platform,http://theburningplatform.com,mediascopeAll/The_Burning_Platform.png,2026-06-20 21:01:04,USA,LOW,,EXTREME RIGHT,Questionable Source,LOW
The Commune,http://thecommunemag.com,mediascopeAll/The_Commune.png,2026-06-20 21:12:35,India,MIXED,,RIGHT,Questionable Source,MIXED
The Counter Signal,http://thecountersignal.com,mediascopeAll/The_Counter_Signal.png,2026-06-20 20:09:22,Canada,MIXED,,RIGHT,Questionable Source,MIXED
The DC Patriot,http://thedcpatriot.com,mediascopeAll/The_DC_Patriot.png,2026-06-20 22:05:42,USA,LOW,,EXTREME RIGHT,Questionable Source,LOW
The Daily Bell,http://www.thedailybell.com,mediascopeAll/The_Daily_Bell.png,2026-06-20 21:54:17,USA,LOW,,RIGHT,Questionable Source,LOW
The Daily Boulder,http://DailyBoulder.com,mediascopeAll/The_Daily_Boulder.png,2026-06-20 20:10:17,USA,MIXED,,LEFT,Questionable Source,MIXED
The Duran,http://theduran.com,mediascopeAll/The_Duran.png,2026-06-20 19:33:45,Cyprus,LOW,,RIGHT,Questionable Source,LOW
The Economic Times,http://economictimes.indiatimes.com,mediascopeAll/The_Economic_Times.png,2026-06-20 21:23:14,India,MIXED,,RIGHT-CENTER,Questionable Source,MIXED
The Federalist,http://thefederalist.com,mediascopeAll/The_Federalist.png,2026-06-20 20:20:12,USA,MIXED,,RIGHT,Questionable Source,MIXED
The Frisky,http://www.thefrisky.com,mediascopeAll/The_Frisky.png,2026-06-20 19:12:16,Serbia,MIXED,,LEFT-CENTER,Questionable Source,MIXED
The Grayzone,http://thegrayzone.com,mediascopeAll/The_Grayzone.png,2026-06-20 22:22:21,USA,MIXED,,LEFT,Questionable Source,MIXED
The Hayride,http://thehayride.com,mediascopeAll/The_Hayride.png,2026-06-20 19:42:31,USA,LOW,,EXTREME RIGHT,Questionable Source,LOW
The Horn,http://thehornnews.com,mediascopeAll/The_Horn.png,2026-06-20 21:01:12,USA,LOW,,RIGHT,Questionable Source,LOW
The Jewish Voice,http://thejewishvoice.com,mediascopeAll/The_Jewish_Voice.png,2026-06-20 20:44:00,USA,MIXED,,RIGHT,Questionable Source,MIXED
The Keystone,http://keystonenewsroom.com,mediascopeAll/The_Keystone.png,2026-06-21 17:44:59,USA,MIXED,,LEFT-CENTER,Questionable Source,MIXED
The Last Refuge,http://theconservativetreehouse.com,mediascopeAll/The_Last_Refuge.png,2026-06-20 21:03:58,USA,LOW,,EXTREME RIGHT,Questionable Source,LOW
The Liberty Revolution,http://thelibertyrevolution.com,mediascopeAll/The_Liberty_Revolution.png,2026-06-20 20:36:27,USA,LOW,,RIGHT,Questionable Source,LOW
The Maine Wire,http://themainewire.com,mediascopeAll/The_Maine_Wire.png,2026-06-20 20:49:03,USA,MIXED,,RIGHT,Questionable Source,MIXED
The Manhattan,http://themanhattan.press,mediascopeAll/The_Manhattan.png,2026-06-20 22:28:56,USA,LOW,,EXTREME RIGHT,Questionable Source,LOW
The Millennium Report,http://themillenniumreport.com,mediascopeAll/The_Millennium_Report.png,2026-06-20 21:44:22,USA,LOW,,EXTREME RIGHT,Questionable Source,LOW
The National Patriot,http://www.thenationalpatriot.com,mediascopeAll/The_National_Patriot.png,2026-06-20 19:17:07,USA,LOW,,EXTREME RIGHT,Questionable Source,LOW
The New Region,http://thenewregion.com,mediascopeAll/The_New_Region.png,2026-06-20 21:39:37,Unknown,MIXED,,LEFT,Questionable Source,MIXED
The Noticer,http://noticer.news,mediascopeAll/The_Noticer.png,2026-06-20 22:11:23,Australia,LOW,,EXTREME RIGHT,Questionable Source,LOW
The Ohio Independent,http://ohioindependent.com,mediascopeAll/The_Ohio_Independent.png,2026-06-20 19:40:06,USA,MIXED,,LEFT,Questionable Source,MIXED
The Other 98%,http://other98.com,mediascopeAll/The_Other_98.png,2026-06-20 21:20:40,USA,LOW,,EXTREME LEFT,Questionable Source,LOW
The Patriot Nation,http://thepatriotnation.net,mediascopeAll/The_Patriot_Nation.png,2026-06-20 21:34:34,USA,LOW,,EXTREME RIGHT,Questionable Source,LOW
The Patriot Post,http://patriotpost.us,mediascopeAll/The_Patriot_Post.png,2026-06-20 22:28:33,USA,MIXED,,RIGHT,Questionable Source,MIXED
The Post & Email,http://www.thepostemail.com,mediascopeAll/The_Post_Email.png,2026-06-20 21:39:31,USA,MIXED,,RIGHT,Questionable Source,MIXED
The Rebel News,http://rebelnews.com,mediascopeAll/The_Rebel_News.png,2026-06-20 20:39:46,Canada,MIXED,,RIGHT,Questionable Source,MIXED
The Remnant Newspaper,http://remnantnewspaper.com,mediascopeAll/The_Remnant_Newspaper.png,2026-06-20 19:43:03,USA,LOW,,EXTREME RIGHT,Questionable Source,LOW
The Right Stuff,http://therightstuff.biz,mediascopeAll/The_Right_Stuff.png,2026-06-20 20:01:42,USA,VERY LOW,,EXTREME RIGHT,Questionable Source,LOW
The Ron Paul Institute,http://www.ronpaulinstitute.org,mediascopeAll/The_Ron_Paul_Institute.png,2026-06-20 21:12:51,,MIXED,,RIGHT,Questionable Source,MIXED
The Science Times,http://sciencetimes.com,mediascopeAll/The_Science_Times.png,2026-06-20 20:56:32,USA,MIXED,,RIGHT-CENTER,Questionable Source,MIXED
The Tehran Times,http://www.tehrantimes.com,mediascopeAll/The_Tehran_Times.png,2026-06-20 21:46:29,Iran,MIXED,,RIGHT,Questionable Source,MIXED
The Times of America,http://www.digifection.com,mediascopeAll/The_Times_of_America.png,2026-06-20 21:19:18,Unknown,VERY LOW,,EXTREME RIGHT,Questionable Source,LOW
The Unz Review,http://www.unz.com,mediascopeAll/The_Unz_Review.png,2026-06-20 20:23:09,USA,LOW,,EXTREME RIGHT,Questionable Source,LOW
Thejeffreylord,http://Thejeffreylord.com,mediascopeAll/Thejeffreylord.png,2026-06-20 22:11:02,USA,MIXED,,RIGHT,Questionable Source,MIXED
Today In Huntington,http://todayinhuntington.com,mediascopeAll/Today_In_Huntington.png,2026-06-20 21:34:16,USA,MIXED,,LEAST BIASED,Questionable Source,MIXED
Today in Norfolk,http://todayinnorfolk.com,mediascopeAll/Today_in_Norfolk.png,2026-06-20 21:34:30,USA,MIXED,,LEAST BIASED,Questionable Source,MIXED
Today in Virginia Beach,http://todayinvirginiabeach.com,mediascopeAll/Today_in_Virginia_Beach.png,2026-06-20 20:47:18,USA,MIXED,,LEAST BIASED,Questionable Source,MIXED
Today is America,http://todayisamerica.com,mediascopeAll/Today_is_America.png,2026-06-20 19:50:34,USA,MIXED,,RIGHT,Questionable Source,MIXED
ToddStarnes,http://ToddStarnes.com,mediascopeAll/ToddStarnes.png,2026-06-20 19:30:33,USA,MIXED,,EXTREME RIGHT,Questionable Source,MIXED
Toutiao,http://toutiao.com,mediascopeAll/Toutiao.png,2026-06-20 20:45:21,China,MIXED,,LEFT-CENTER,Questionable Source,MIXED
TrendingPoliticsNews,http://TrendingPoliticsNews.com,mediascopeAll/TrendingPoliticsNews.png,2026-06-20 19:54:20,USA,MIXED,,RIGHT,Questionable Source,MIXED
Trump.News,http://trump.news,mediascopeAll/Trump.News.png,2026-06-20 22:03:56,USA,VERY LOW,,EXTREME RIGHT,Questionable Source,LOW
TrumpArea,http://trumparea.com,mediascopeAll/TrumpArea.png,2026-06-20 20:12:25,USA,LOW,,EXTREME RIGHT,Questionable Source,LOW
Truth Based Media,http://truthbasedmedia.com,mediascopeAll/Truth_Based_Media.png,2026-06-20 20:49:49,Unknown,VERY LOW,,EXTREME RIGHT,Questionable Source,LOW
Truth and Action,http://www.truthandaction.org,mediascopeAll/Truth_and_Action.png,2026-06-20 20:57:32,USA,LOW,,EXTREME RIGHT,Questionable Source,LOW
Tsargrad TV,http://tsargrad.tv,mediascopeAll/Tsargrad_TV.png,2026-06-20 21:58:48,Russia,MIXED,,RIGHT-CENTER,Questionable Source,MIXED
Turkmenistan Free Press,http://turkmenistanfreepress.com,mediascopeAll/Turkmenistan_Free_Press.png,2026-06-20 19:08:57,United States,MIXED,,LEFT,Questionable Source,MIXED
Turning Point USA,http://www.tpusa.com,mediascopeAll/Turning_Point_USA.png,2026-06-20 22:26:54,USA,LOW,,RIGHT,Questionable Source,LOW
USA Supreme,http://www.usasupreme.com,mediascopeAll/USA_Supreme.png,2026-06-20 21:13:09,Unknown,VERY LOW,,EXTREME RIGHT,Questionable Source,LOW
USAmidia,http://usamidia.com,mediascopeAll/USAmidia.png,2026-06-20 20:50:42,Unknown,VERY LOW,,RIGHT,Questionable Source,LOW
USNN –,http://usnn.com,mediascopeAll/USNN.png,2026-06-21 17:45:50,USA,MIXED,,LEAST BIASED,Questionable Source,MIXED
US Daily Report,http://usdailyreport.com,mediascopeAll/US_Daily_Report.png,2026-06-20 21:02:36,Unknown,LOW,,RIGHT,Questionable Source,LOW
Ukraina,http://Ukraina.ru,mediascopeAll/Ukraina.png,2026-06-20 21:35:42,Russia,MIXED,,RIGHT-CENTER,Questionable Source,MIXED
UncoverDC,http://UncoverDC.com,mediascopeAll/UncoverDC.png,2026-06-20 21:57:48,USA,LOW,,EXTREME RIGHT,Questionable Source,LOW
Unite America First,http://uniteamericafirst.com,mediascopeAll/Unite_America_First.png,2026-06-20 19:13:27,USA,LOW,,EXTREME RIGHT,Questionable Source,LOW
Upper Cumberland Times,http://uppercumberlandtimes.com,mediascopeAll/Upper_Cumberland_Times.png,2026-06-20 20:27:08,USA,MIXED,,RIGHT-CENTER,Questionable Source,MIXED
Upper West SC News,http://upperwestscnews.com,mediascopeAll/Upper_West_SC_News.png,2026-06-20 20:17:51,USA,MIXED,,RIGHT-CENTER,Questionable Source,MIXED
Upstate SC News,http://upstatescnews.com,mediascopeAll/Upstate_SC_News.png,2026-06-20 19:29:15,USA,MIXED,,RIGHT-CENTER,Questionable Source,MIXED
Urban Scoop,http://urbanscoop.news,mediascopeAll/Urban_Scoop.png,2026-06-21 17:44:28,United Kingdom,MIXED,,RIGHT,Questionable Source,MIXED
Urdupoint,http://urdupoint.com,mediascopeAll/Urdupoint.png,2026-06-20 20:36:50,Pakistan,MIXED,,RIGHT-CENTER,Questionable Source,MIXED
Utah Business Daily,http://businessdailynetwork.com/states/ut,mediascopeAll/Utah_Business_Daily.png,2026-06-20 20:40:21,USA,MIXED,,RIGHT-CENTER,Questionable Source,MIXED
Utah Standard News,http://utahstandardnews.com,mediascopeAll/Utah_Standard_News.png,2026-06-20 20:54:13,USA,LOW,,RIGHT,Questionable Source,LOW
Utah Valley Times,http://utahvalleytimes.com,mediascopeAll/Utah_Valley_Times.png,2026-06-20 19:15:54,USA,MIXED,,RIGHT-CENTER,Questionable Source,MIXED
VZ,http://VZ.ru,mediascopeAll/VZ.png,2026-06-20 20:34:27,Russia,MIXED,,RIGHT-CENTER,Questionable Source,MIXED
Vacationland Times,http://vacationlandtimes.com,mediascopeAll/Vacationland_Times.png,2026-06-20 19:13:51,USA,MIXED,,RIGHT-CENTER,Questionable Source,MIXED
Vdare,http://www.vdare.com,mediascopeAll/Vdare.png,2026-06-20 19:45:58,USA,LOW,,EXTREME RIGHT,Questionable Source,LOW
Vidmax,http://vidmax.com,mediascopeAll/Vidmax.png,2026-06-20 19:18:53,Cyprus,LOW,,EXTREME RIGHT,Questionable Source,LOW
Vision Times,http://visiontimes.com,mediascopeAll/Vision_Times.png,2026-06-20 21:07:01,USA,MIXED,,RIGHT,Questionable Source,MIXED
Voice of Rural America,http://voiceofruralamerica.com,mediascopeAll/Voice_of_Rural_America.png,2026-06-20 19:59:01,USA,LOW,,EXTREME RIGHT,Questionable Source,LOW
Volunteer State News,http://volunteerstatenews.com,mediascopeAll/Volunteer_State_News.png,2026-06-20 20:18:05,USA,MIXED,,RIGHT-CENTER,Questionable Source,MIXED
WND News Center,http://wndnewscenter.org,mediascopeAll/WND_News_Center.png,2026-06-20 19:51:38,USA,LOW,,EXTREME RIGHT,Questionable Source,LOW
WTF Detective,http://wtfdetective.blog,mediascopeAll/WTF_Detective.png,2026-06-20 21:43:55,Unknown,MIXED,,LEFT-CENTER,Questionable Source,MIXED
WallBuilders,http://wallbuilders.com,mediascopeAll/WallBuilders.png,2026-06-20 19:27:03,USA,LOW,,EXTREME RIGHT,Questionable Source,LOW
Washington Times,http://www.washingtontimes.com,mediascopeAll/Washington_Times.png,2026-06-21 17:44:21,USA,MIXED,,RIGHT-CENTER,Questionable Source,MIXED
Wastach News,http://wastachnews.com,mediascopeAll/Wastach_News.png,2026-06-20 20:35:24,USA,MIXED,,RIGHT-CENTER,Questionable Source,MIXED
Wausau Today –,http://wausautoday.com,mediascopeAll/Wausau_Today.png,2026-06-20 20:39:19,USA,MIXED,,LEAST BIASED,Questionable Source,MIXED
Wayne County Today,http://waynecountytoday.com,mediascopeAll/Wayne_County_Today.png,2026-06-20 20:54:44,USA,MIXED,,RIGHT-CENTER,Questionable Source,MIXED
WeChat,http://mp.weixin.qq.com,mediascopeAll/WeChat.png,2026-06-20 22:20:28,China,MIXED,,LEFT,Questionable Source,MIXED
Wealth Management Wire,http://wealthmanagementwire.com,mediascopeAll/Wealth_Management_Wire.png,2026-06-20 19:48:58,USA,MIXED,,RIGHT-CENTER,Questionable Source,MIXED
Weibo (Weibo.com,https://weibo.com,mediascopeAll/Weibo_Weibo.com.png,2026-06-20 22:25:07,China,MIXED,,LEFT,Questionable Source,MIXED
West Hillsborough News,http://westhillsboroughnews.com,mediascopeAll/West_Hillsborough_News.png,2026-06-20 20:09:58,USA,MIXED,,RIGHT-CENTER,Questionable Source,MIXED
West Montgomery Times,http://westmonttimes.com,mediascopeAll/West_Montgomery_Times.png,2026-06-20 20:40:53,USA,MIXED,,RIGHT-CENTER,Questionable Source,MIXED
West Stark News,http://weststarknews.com,mediascopeAll/West_Stark_News.png,2026-06-20 19:36:35,USA,MIXED,,RIGHT-CENTER,Questionable Source,MIXED
Western South Dakota News,http://westernsdnews.com,mediascopeAll/Western_South_Dakota_News.png,2026-06-20 19:46:56,USA,MIXED,,RIGHT-CENTER,Questionable Source,MIXED
Westmoreland Review,http://westmorelandreview.com,mediascopeAll/Westmoreland_Review.png,2026-06-20 21:21:48,USA,MIXED,,RIGHT-CENTER,Questionable Source,MIXED
What’s the Harm,http://whatstheharm.net,mediascopeAll/What_s_the_Harm.png,2026-06-20 20:19:51,Unknown,MIXED,,UNRATED,Questionable Source,MIXED
Whatfinger,http://www.whatfinger.com,mediascopeAll/Whatfinger.png,2026-06-20 19:38:17,USA,LOW,,EXTREME RIGHT,Questionable Source,LOW
White House Wire,http://whitehouse.gov/wire,mediascopeAll/White_House_Wire.png,2026-06-20 19:12:53,USA,MIXED,,RIGHT,Questionable Source,MIXED
White Papers Policy Institute,http://whitepaperspolicy.org,mediascopeAll/White_Papers_Policy_Institute.png,2026-06-20 19:22:51,USA,LOW,,EXTREME RIGHT,Questionable Source,LOW
Whitehouse,http://Whitehouse.gov,mediascopeAll/Whitehouse.png,2026-06-20 19:54:39,USA,MIXED,,RIGHT,Questionable Source,MIXED
Wichita Standard,http://wichitastandard.com,mediascopeAll/Wichita_Standard.png,2026-06-20 21:20:33,USA,MIXED,,RIGHT-CENTER,Questionable Source,MIXED
WiseVoter,http://Wisevoter.com,mediascopeAll/WiseVoter.png,2026-06-20 19:30:30,USA,MIXED,,LEFT-CENTER,Questionable Source,MIXED
WorldStarHipHop,http://worldstarhiphop.com,mediascopeAll/WorldStarHipHop.png,2026-06-20 21:45:38,USA,MIXED,,LEFT,Questionable Source,MIXED
World News,http://wn.com,mediascopeAll/World_News.png,2026-06-20 22:29:50,USA,MIXED,,LEAST BIASED,Questionable Source,MIXED
World Tribune,http://worldtribune.com,mediascopeAll/World_Tribune.png,2026-06-20 19:26:17,USA,LOW,,RIGHT,Questionable Source,LOW
Xinhua News Agency,http://xinhuanet.com,mediascopeAll/Xinhua_News_Agency.png,2026-06-20 21:44:28,China,MIXED,,LEFT,Questionable Source,MIXED
York County News,http://yorkconews.com,mediascopeAll/York_County_News.png,2026-06-20 20:34:05,USA,MIXED,,RIGHT-CENTER,Questionable Source,MIXED
Young Americans for Liberty,http://yaliberty.org,mediascopeAll/Young_Americans_for_Liberty.png,2026-06-20 20:29:51,USA,LOW,,RIGHT,Questionable Source,LOW
Young Conservatives,http://analyzingamerica.org/youngconservatives,mediascopeAll/Young_Conservatives.png,2026-06-20 19:20:20,USA,MIXED,,EXTREME RIGHT,Questionable Source,MIXED
iHarare,http://iharare.com,mediascopeAll/iHarare.png,2026-06-20 19:05:29,Zimbabwe,MIXED,,LEFT,Questionable Source,MIXED
xyz.net,http://xyz.net.au,mediascopeAll/xyz.net.png,2026-06-20 21:09:48,Australia,LOW,,EXTREME RIGHT,Questionable Source,LOW
Alabama Business Daily,http://businessdailynetwork.com/states/al,mediascopeAll/Alabama_Business_Daily.png,2026-06-20 22:20:52,USA,MIXED,,RIGHT-CENTER,Questionable Source,MIXED
District of Columbia Business Daily,http://businessdailynetwork.com/states/dc,mediascopeAll/District_of_Columbia_Business_Daily.png,2026-06-20 22:18:40,USA,MIXED,,RIGHT-CENTER,Questionable Source,MIXED
Florida Business Daily,https://businessdailynetwork.com/states/fl,mediascopeAll/Florida_Business_Daily.png,2026-06-08 18:37:52,USA,MIXED,,RIGHT-CENTER,,MIXED
Louisiana Business Daily,http://businessdailynetwork.com/states/la,mediascopeAll/Louisiana_Business_Daily.png,2026-06-20 19:45:11,USA,MIXED,,RIGHT-CENTER,Questionable Source,MIXED
Arizona Business Daily,https://businessdailynetwork.com/states/az,mediascopeAll/Arizona_Business_Daily.png,2026-06-20 22:07:23,USA,MIXED,,RIGHT-CENTER,Questionable Source,MIXED
Oregon Business Daily,http://businessdailynetwork.com/states/or/,mediascopeAll/Oregon_Business_Daily.png,2026-06-20 20:49:35,USA,MIXED,,RIGHT-CENTER,Questionable Source,MIXED
Tennessee Business Daily,http://businessdailynetwork.com/states/tn,mediascopeAll/Tennessee_Business_Daily.png,2026-06-20 21:51:05,USA,MIXED,,RIGHT-CENTER,Questionable Source,MIXED
