media_name,url,image_path,timestamp,country,factuality,trustworthiness,bias_rating,MBFC_source
100 Mile Free Press,https://100milefreepress.net,mediascopeAll/100_Mile_Free_Press.png,2026-06-03 17:39:43,,HIGH,1,LEFT-CENTER,
100% Fed up,http://100percentfedup.com,mediascopeAll/100_Fed_up.png,2026-06-20 20:11:21,USA,LOW,,EXTREME RIGHT,Questionable Source
21st Century Wire,https://21stcenturywire.com,mediascopeAll/21st_Century_Wire.png,2026-06-08 16:38:23,USA,MIXED,,RIGHT,
247Sports,https://247sports.com,mediascopeAll/247Sports.png,2026-06-03 17:40:33,,HIGH,1,LEAST BIASED,
350 Aotearoa,https://350.org.nz,mediascopeAll/350_Aotearoa.png,2026-06-03 17:40:03,USA,HIGH,1,LEFT,
350 Asia,https://350asia.org,mediascopeAll/350_Asia.png,2026-06-03 17:40:57,USA,HIGH,1,LEFT,
350 Australia,https://350.org.au,mediascopeAll/350_Australia.png,2026-06-03 17:41:12,USA,HIGH,1,LEFT,
350 Pilipinas,https://world.350.org/philippines/,mediascopeAll/350_Pilipinas.png,2026-06-03 17:40:59,USA,HIGH,1,LEFT,
350.org,https://350.org,mediascopeAll/350.org.png,2026-06-03 17:41:20,USA,HIGH,1,LEFT,
350Africa.org,https://350africa.org,mediascopeAll/350Africa.org.png,2026-06-03 17:41:24,USA,HIGH,1,LEFT,
404 Media,https://404media.co,mediascopeAll/404_Media.png,2026-06-08 16:38:57,USA,MOSTLY FACTUAL,,LEFT-CENTER,
7NEWS,https://7news.com.au,mediascopeAll/7NEWS.png,2026-06-08 16:39:24,,MIXED,,RIGHT-CENTER,
9 News,https://www.9news.com.au/,mediascopeAll/9_News.png,2026-06-03 17:41:34,,HIGH,1,RIGHT-CENTER,
972 Magazine,https://972mag.com,mediascopeAll/972_Magazine.png,2026-06-03 17:42:24,,HIGH,1,LEFT-CENTER,
A Voice for Men,http://www.avoiceformen.com,mediascopeAll/A_Voice_for_Men.png,2026-06-20 21:19:51,USA,LOW,,RIGHT,Questionable Source
ABC News Australia,https://abc.net.au,mediascopeAll/ABC_News_Australia.png,2026-06-03 17:41:58,,HIGH,1,LEFT-CENTER,
ABC News/Washington Post Polling,https://langerresearch.com,mediascopeAll/ABC_News_Washington_Post_Polling.png,2026-06-03 17:41:47,,VERY HIGH,1,LEAST BIASED,
ABC11 Eyewitness News,https://abc11.com,mediascopeAll/ABC11_Eyewitness_News.png,2026-06-03 17:42:40,USA,HIGH,1,LEFT-CENTER,
ABQ Times,http://abqtimes.com,mediascopeAll/ABQ_Times.png,2026-06-20 19:41:06,USA,MIXED,,RIGHT-CENTER,Questionable Source
ABS-CBN,https://news.abs-cbn.com,mediascopeAll/ABS-CBN.png,2026-06-03 17:42:04,,HIGH,1,LEAST BIASED,
ABT Associates,https://abtassociates.com,mediascopeAll/ABT_Associates.png,2026-06-03 17:43:09,,HIGH,1,LEFT-CENTER,
APM Reports,https://apmreports.org,mediascopeAll/APM_Reports.png,2026-06-03 17:42:22,USA,HIGH,1,LEFT-CENTER,
APTN National News,https://aptnnews.ca,mediascopeAll/APTN_National_News.png,2026-06-03 17:43:01,,HIGH,1,LEFT-CENTER,
ATL Standard,http://atlstandard.com,mediascopeAll/ATL_Standard.png,2026-06-20 19:59:43,USA,MIXED,,RIGHT-CENTER,Questionable Source
AV Club,https://avclub.com,mediascopeAll/AV_Club.png,2026-06-03 17:43:08,USA,HIGH,1,LEFT-CENTER,
Aberdeen American News,https://aberdeennews.com,mediascopeAll/Aberdeen_American_News.png,2026-06-03 17:43:56,USA,HIGH,1,LEFT-CENTER,
Abilene Reporter-News,https://reporternews.com,mediascopeAll/Abilene_Reporter-News.png,2026-06-03 17:44:25,USA,HIGH,1,LEFT-CENTER,
Accuracy in Media,https://aim.org,mediascopeAll/Accuracy_in_Media.png,2026-06-08 16:40:23,USA,MIXED,,RIGHT,
Act.TV,https://act.tv,mediascopeAll/Act.TV.png,2026-06-08 16:40:37,USA,MOSTLY FACTUAL,,LEFT,
Ad Fontes Media,https://adfontesmedia.com,mediascopeAll/Ad_Fontes_Media.png,2026-06-03 17:44:20,USA,HIGH,1,LEAST BIASED,
Ada Reporter,http://adareporter.com,mediascopeAll/Ada_Reporter.png,2026-06-20 21:42:05,USA,MIXED,,RIGHT-CENTER,Questionable Source
Adams County Times,http://adamscountytimes.com,mediascopeAll/Adams_County_Times.png,2026-06-20 19:37:19,USA,MIXED,,RIGHT-CENTER,Questionable Source
Adams.News,https://adams.news,mediascopeAll/Adams.News.png,2026-06-03 17:43:50,USA,VERY LOW,0,RIGHT,
Addiction.News,https://addiction.news,mediascopeAll/Addiction.News.png,2026-06-03 17:44:00,USA,VERY LOW,0,RIGHT,
Advocates for Self-Government,https://theadvocates.org,mediascopeAll/Advocates_for_Self-Government.png,2026-06-08 16:41:20,USA,MOSTLY FACTUAL,,RIGHT-CENTER,
Adweek,https://adweek.com,mediascopeAll/Adweek.png,2026-06-03 22:16:04,USA,HIGH,1,LEAST BIASED,
Aeon,https://aeon.co,mediascopeAll/Aeon.png,2026-06-03 17:44:29,,HIGH,1,LEFT-CENTER,
Affinity Magazine,https://affinitymagazine.us,mediascopeAll/Affinity_Magazine.png,2026-06-08 16:41:39,USA,MIXED,,LEFT-CENTER,
African Arguments,https://africanarguments.org,mediascopeAll/African_Arguments.png,2026-06-03 17:45:28,,HIGH,1,LEFT-CENTER,
AgricultureDive,https://agriculturedive.com,mediascopeAll/AgricultureDive.png,2026-06-03 17:45:01,USA,HIGH,1,LEAST BIASED,
Ahsland Times-Gazette,https://times-gazette.com,mediascopeAll/Ahsland_Times-Gazette.png,2026-06-03 17:49:56,USA,HIGH,1,LEFT-CENTER,
Air Force Times,https://airforcetimes.com,mediascopeAll/Air_Force_Times.png,2026-06-03 17:50:12,USA,HIGH,1,LEAST BIASED,
Airdrie City View,https://airdriecityview.com,mediascopeAll/Airdrie_City_View.png,2026-06-03 17:50:13,,HIGH,1,LEFT-CENTER,
Airwars,https://airwars.org,mediascopeAll/Airwars.png,2026-06-03 17:45:52,,HIGH,1,LEAST BIASED,
Akron Beacon Journal,https://beaconjournal.com,mediascopeAll/Akron_Beacon_Journal.png,2026-06-03 17:51:18,USA,HIGH,1,LEFT-CENTER,
Akron Reporter,http://akronreporter.com,mediascopeAll/Akron_Reporter.png,2026-06-20 21:22:10,USA,MIXED,,RIGHT-CENTER,Questionable Source
Al Bawaba,http://www.albawaba.com,mediascopeAll/Al_Bawaba.png,2026-06-20 18:56:37,Jordan,MIXED,,RIGHT-CENTER,Questionable Source
Al Monitor,https://al-monitor.com,mediascopeAll/Al_Monitor.png,2026-06-03 17:50:47,USA,HIGH,1,LEFT-CENTER,
Alabama Business Daily,http://businessdailynetwork.com/states/al,mediascopeAll/Alabama_Business_Daily.png,2026-06-20 22:20:52,USA,MIXED,,RIGHT-CENTER,Questionable Source
Alabama Political Reporter,https://alreporter.com,mediascopeAll/Alabama_Political_Reporter.png,2026-06-03 17:50:52,USA,HIGH,1,LEAST BIASED,
Alabama Reflector,https://alabamareflector.com,mediascopeAll/Alabama_Reflector.png,2026-06-03 17:50:39,USA,HIGH,1,LEFT,
Alabama Today,https://altoday.com,mediascopeAll/Alabama_Today.png,2026-06-08 16:43:39,USA,MOSTLY FACTUAL,,RIGHT-CENTER,
Alan Guttmacher Institute,https://guttmacher.org,mediascopeAll/Alan_Guttmacher_Institute.png,2026-06-03 17:50:58,USA,HIGH,1,LEFT-CENTER,
Albany Democrat-Herald,https://democratherald.com,mediascopeAll/Albany_Democrat-Herald.png,2026-06-03 17:51:37,USA,HIGH,1,LEAST BIASED,
Albany Standard,http://albanystandard.com,mediascopeAll/Albany_Standard.png,2026-06-20 20:07:43,USA,MIXED,,RIGHT-CENTER,Questionable Source
Alberta Views,https://albertaviews.ca,mediascopeAll/Alberta_Views.png,2026-06-03 17:51:24,,HIGH,1,LEFT-CENTER,
Albuquerque Journal,https://abqjournal.com,mediascopeAll/Albuquerque_Journal.png,2026-06-03 17:51:57,USA,HIGH,1,RIGHT-CENTER,
Aleteia,https://aleteia.org,mediascopeAll/Aleteia.png,2026-06-08 16:43:53,,MIXED,,RIGHT-CENTER,
All News Pipeline,http://allnewspipeline.com,mediascopeAll/All_News_Pipeline.png,2026-06-20 20:16:16,USA,LOW,,RIGHT-CENTER,Questionable Source
AllAfrica,https://allafrica.com,mediascopeAll/AllAfrica.png,2026-06-03 17:51:47,,HIGH,1,LEAST BIASED,
Alliance Defending Freedom,http://www.adflegal.org,mediascopeAll/Alliance_Defending_Freedom.png,2026-06-20 19:34:02,USA,LOW,,EXTREME RIGHT,Questionable Source
Alliance For Securing Democracy,https://securingdemocracy.gmfus.org,mediascopeAll/Alliance_For_Securing_Democracy.png,2026-06-03 17:52:07,USA,HIGH,1,LEAST BIASED,
Alliance Review,https://the-review.com,mediascopeAll/Alliance_Review.png,2026-06-03 17:53:10,USA,HIGH,1,LEFT-CENTER,
Aloha State News,http://alohastatenews.com,mediascopeAll/Aloha_State_News.png,2026-06-20 21:00:28,USA,MIXED,,RIGHT-CENTER,Questionable Source
Alpha News,http://alphanewsmn.com,mediascopeAll/Alpha_News.png,2026-06-20 19:52:39,USA,LOW,,RIGHT,Questionable Source
AlternativeNews.com,https://alternativenews.com,mediascopeAll/AlternativeNews.com.png,2026-06-03 17:52:19,USA,LOW,0,RIGHT,
Alternet,https://alternet.org,mediascopeAll/Alternet.png,2026-06-08 16:44:28,USA,HIGH,,LEFT,
Aluminum.News,https://aluminum.news,mediascopeAll/Aluminum.News.png,2026-06-03 17:52:37,USA,VERY LOW,0,RIGHT,
Amandla,https://aidc.org.za/amandla-media/,mediascopeAll/Amandla.png,2026-06-03 17:53:29,,HIGH,1,LEFT,
Amarillo Globe-News,https://amarillo.com,mediascopeAll/Amarillo_Globe-News.png,2026-06-03 17:54:05,USA,HIGH,1,LEAST BIASED,
America First Legal,http://aflegal.org,mediascopeAll/America_First_Legal.png,2026-06-20 22:02:01,USA,LOW,,EXTREME RIGHT,Questionable Source
America First Report,http://americafirstreport.com,mediascopeAll/America_First_Report.png,2026-06-20 20:16:53,USA,LOW,,RIGHT,Questionable Source
America Out Loud,http://americaoutloud.com,mediascopeAll/America_Out_Loud.png,2026-06-20 20:00:00,USA,LOW,,RIGHT,Questionable Source
American Action Network,https://americanactionnetwork.org,mediascopeAll/American_Action_Network.png,2026-06-08 16:44:58,USA,MIXED,,RIGHT-CENTER,
American Affairs Journal,https://americanaffairsjournal.org,mediascopeAll/American_Affairs_Journal.png,2026-06-03 17:53:57,USA,HIGH,1,RIGHT-CENTER,
American Catholic Tribine,https://americancatholictribune.com,mediascopeAll/American_Catholic_Tribine.png,2026-06-08 16:45:34,USA,MIXED,,RIGHT-CENTER,Questionable Source
American Center for Law & Justice,https://ACLJ.org,mediascopeAll/American_Center_for_Law_Justice.png,2026-06-08 16:45:35,USA,MIXED,,RIGHT,
American Crime Journal,https://americancrimejournal.com,mediascopeAll/American_Crime_Journal.png,2026-06-08 16:45:47,USA,MOSTLY FACTUAL,,LEFT-CENTER,
American Enterprise Institute,https://aei.org,mediascopeAll/American_Enterprise_Institute.png,2026-06-08 16:45:56,,MIXED,,RIGHT,
American Firearms Institute,https://americanfirearms.org,mediascopeAll/American_Firearms_Institute.png,2026-06-03 17:54:28,USA,HIGH,1,RIGHT-CENTER,
American Free Press,https://americanfreepress.net,mediascopeAll/American_Free_Press.png,2026-06-03 17:54:34,USA,LOW,0,RIGHT,
American Greatness,https://amgreatness.com,mediascopeAll/American_Greatness.png,2026-06-08 16:46:38,USA,MIXED,,RIGHT,
American Heritage,https://americanheritage.com,mediascopeAll/American_Heritage.png,2026-06-03 17:54:24,USA,HIGH,1,LEAST BIASED,
American Institute for Economic Research,https://aier.org,mediascopeAll/American_Institute_for_Economic_Research.png,2026-06-08 16:46:52,USA,MIXED,,RIGHT-CENTER,
American Intelligence Media,https://aim4truth.org,mediascopeAll/American_Intelligence_Media.png,2026-06-03 17:54:28,USA,VERY LOW,0,EXTREME RIGHT,
American Legislative Exchange Council,https://alec.org,mediascopeAll/American_Legislative_Exchange_Council.png,2026-06-08 16:46:58,USA,MIXED,,RIGHT,
American Oversight,https://americanoversight.org,mediascopeAll/American_Oversight.png,2026-06-08 16:47:12,USA,MOSTLY FACTUAL,,LEFT,
American Pharmacy News,http://americanpharmacynews.com,mediascopeAll/American_Pharmacy_News.png,2026-06-20 20:45:35,USA,MIXED,,RIGHT-CENTER,Questionable Source
American Renaissance Magazine,http://www.amren.com,mediascopeAll/American_Renaissance_Magazine.png,2026-06-20 19:14:22,USA,LOW,,EXTREME RIGHT,Questionable Source
American Security News,http://americansecuritynews.com,mediascopeAll/American_Security_News.png,2026-06-20 21:33:51,USA,MIXED,,RIGHT-CENTER,Questionable Source
"American Society for the Defense of Tradition, Family, and Property",http://www.tfp.org,mediascopeAll/American_Society_for_the_Defense_of_Tradition_Family_and_Property.png,2026-06-20 20:58:14,USA,LOW,,EXTREME RIGHT,Questionable Source
American Spectator,https://spectator.org,mediascopeAll/American_Spectator.png,2026-06-08 16:47:45,USA,MIXED,,RIGHT,
American Thinker,https://americanthinker.com,mediascopeAll/American_Thinker.png,2026-06-03 17:55:08,USA,LOW,0,EXTREME RIGHT,Questionable Source
Americans United for Separation of Church and State,https://au.org,mediascopeAll/Americans_United_for_Separation_of_Church_and_State.png,2026-06-03 23:40:50,USA,HIGH,1,LEFT,
Americans for Prosperity,https://americansforprosperity.org,mediascopeAll/Americans_for_Prosperity.png,2026-06-08 16:47:57,USA,MIXED,,RIGHT-CENTER,
Americans for Truth,https://americansfortruth.com,mediascopeAll/Americans_for_Truth.png,2026-06-03 17:55:22,USA,VERY LOW,0,EXTREME RIGHT,
Americas Quarterly,https://americasquarterly.org,mediascopeAll/Americas_Quarterly.png,2026-06-03 17:55:02,USA,HIGH,1,RIGHT-CENTER,
Ames Today,http://amestoday.com,mediascopeAll/Ames_Today.png,2026-06-20 22:15:19,USA,MIXED,,RIGHT-CENTER,Questionable Source
Amherst Bulletin,https://amherstbulletin.com,mediascopeAll/Amherst_Bulletin.png,2026-06-03 19:04:13,USA,HIGH,1,LEFT-CENTER,
Ami Magazine,https://amimagazine.org,mediascopeAll/Ami_Magazine.png,2026-06-08 16:48:20,USA,MOSTLY FACTUAL,,RIGHT,
Ammoland,https://ammoland.com,mediascopeAll/Ammoland.png,2026-06-08 16:48:23,USA,MOSTLY FACTUAL,,RIGHT,
Amnesty International,https://amnesty.org,mediascopeAll/Amnesty_International.png,2026-06-03 17:55:32,,HIGH,1,LEFT-CENTER,
AmoMama,https://news.amomama.com,mediascopeAll/AmoMama.png,2026-06-03 17:55:38,,HIGH,1,LEAST BIASED,
Analytics India Magazine,https://analyticsindiamag.com,mediascopeAll/Analytics_India_Magazine.png,2026-06-08 16:49:14,,MOSTLY FACTUAL,,RIGHT-CENTER,
Analyzing America,http://analyzingamerica.org,mediascopeAll/Analyzing_America.png,2026-06-20 21:31:57,USA,MIXED,,EXTREME RIGHT,Questionable Source
Anderson Independent Mail,https://independentmail.com,mediascopeAll/Anderson_Independent_Mail.png,2026-06-03 17:56:42,USA,HIGH,1,LEFT-CENTER,
Anderson Reporter,http://andersonreporter.com,mediascopeAll/Anderson_Reporter.png,2026-06-20 19:27:26,USA,MIXED,,RIGHT-CENTER,Questionable Source
Angus Reid Institute,https://angusreid.org,mediascopeAll/Angus_Reid_Institute.png,2026-06-03 17:55:45,,HIGH,1,RIGHT-CENTER,
Ann Arbor Times,http://annarbortimes.com,mediascopeAll/Ann_Arbor_Times.png,2026-06-20 20:39:06,USA,MIXED,,RIGHT-CENTER,Questionable Source
Anne Arundel Today,http://annearundeltoday.com,mediascopeAll/Anne_Arundel_Today.png,2026-06-20 20:14:11,USA,MIXED,,RIGHT-CENTER,Questionable Source
Anoka Times,http://anokatimes.com,mediascopeAll/Anoka_Times.png,2026-06-20 21:08:00,USA,MIXED,,RIGHT-CENTER,Questionable Source
Answers in Genesis,https://answersingenesis.org,mediascopeAll/Answers_in_Genesis.png,2026-06-03 17:56:49,USA,LOW,0,RIGHT,
Antelope Valley Today,http://antelopevalleytoday.com,mediascopeAll/Antelope_Valley_Today.png,2026-06-20 20:09:33,USA,MIXED,,RIGHT-CENTER,Questionable Source
Anthropocene Alliance,https://anthropocenealliance.org,mediascopeAll/Anthropocene_Alliance.png,2026-06-03 17:55:50,USA,HIGH,1,LEFT,
Anti-War,http://antiwar.com,mediascopeAll/Anti-War.png,2026-06-20 20:36:36,USA,MIXED,,RIGHT-CENTER,Questionable Source
Antioxidants.News,https://antioxidants.news,mediascopeAll/Antioxidants.News.png,2026-06-03 17:56:00,USA,VERY LOW,0,RIGHT,
ArcaMax,https://arcamax.com,mediascopeAll/ArcaMax.png,2026-06-08 16:51:36,USA,MOSTLY FACTUAL,,RIGHT-CENTER,
Argus Leader,https://argusleader.com,mediascopeAll/Argus_Leader.png,2026-06-03 17:57:12,USA,HIGH,1,RIGHT-CENTER,
Arizona Capitol Times,https://azcapitoltimes.com,mediascopeAll/Arizona_Capitol_Times.png,2026-06-03 17:56:35,USA,HIGH,1,LEFT-CENTER,
Arizona Daily Independent,https://arizonadailyindependent.com,mediascopeAll/Arizona_Daily_Independent.png,2026-06-08 16:51:42,USA,MIXED,,RIGHT,
Arizona Daily Star,https://tucson.com,mediascopeAll/Arizona_Daily_Star.png,2026-06-03 17:57:32,USA,HIGH,1,LEFT-CENTER,
Arizona Daily Sun,https://azdailysun.com,mediascopeAll/Arizona_Daily_Sun.png,2026-06-03 17:58:13,USA,HIGH,1,LEFT-CENTER,
Arizona Republic,https://azcentral.com,mediascopeAll/Arizona_Republic.png,2026-06-03 17:58:15,USA,HIGH,1,LEFT-CENTER,
Arizona Sun Times,http://arizonasuntimes.com,mediascopeAll/Arizona_Sun_Times.png,2026-06-20 21:07:46,USA,MIXED,,RIGHT,Questionable Source
Arkansas Business Daily,http://businessdailynetwork.com/states/ar,mediascopeAll/Arkansas_Business_Daily.png,2026-06-20 20:50:21,USA,MIXED,,RIGHT-CENTER,Questionable Source
Arkansas Times,https://arktimes.com,mediascopeAll/Arkansas_Times.png,2026-06-03 17:57:25,USA,HIGH,1,LEFT-CENTER,
Arlington Heights Daily Herald,https://dailyherald.com,mediascopeAll/Arlington_Heights_Daily_Herald.png,2026-06-03 17:58:22,USA,HIGH,1,RIGHT-CENTER,
Armed Forces Press,http://armedforces.press,mediascopeAll/Armed_Forces_Press.png,2026-06-20 21:57:52,USA,LOW,,EXTREME RIGHT,Questionable Source
Arms Control Association,https://armscontrol.org,mediascopeAll/Arms_Control_Association.png,2026-06-03 17:58:36,USA,HIGH,1,LEFT-CENTER,
Armstrong Economics,https://armstrongeconomics.com,mediascopeAll/Armstrong_Economics.png,2026-06-08 16:52:33,USA,MIXED,,RIGHT,
Army Times,https://armytimes.com,mediascopeAll/Army_Times.png,2026-06-03 17:59:15,USA,HIGH,1,LEAST BIASED,
Aroostook News,http://aroostooknews.com,mediascopeAll/Aroostook_News.png,2026-06-20 21:02:36,USA,MIXED,,RIGHT-CENTER,Questionable Source
Arrow Lakes News,https://arrowlakesnews.com,mediascopeAll/Arrow_Lakes_News.png,2026-06-03 17:58:37,,HIGH,1,LEFT-CENTER,
Ars Technica,https://arstechnica.com,mediascopeAll/Ars_Technica.png,2026-06-03 17:59:31,USA,HIGH,1,LEAST BIASED,
Asheville Citizen-Times,https://citizen-times.com,mediascopeAll/Asheville_Citizen-Times.png,2026-06-03 17:59:59,USA,HIGH,1,LEFT-CENTER,
Asheville Reporter,http://Ashevillereporter.com,mediascopeAll/Asheville_Reporter.png,2026-06-20 20:01:35,USA,MIXED,,RIGHT-CENTER,Questionable Source
Asia Times,https://asiatimes.com,mediascopeAll/Asia_Times.png,2026-06-08 16:53:05,,MOSTLY FACTUAL,,LEAST BIASED,
Asian News International,https://aninews.in,mediascopeAll/Asian_News_International.png,2026-06-08 16:53:12,,MIXED,,RIGHT-CENTER,
Aspen Institute,https://aspeninstitute.org,mediascopeAll/Aspen_Institute.png,2026-06-03 23:09:41,USA,HIGH,1,LEFT-CENTER,
Associated Press,https://apnews.com,mediascopeAll/Associated_Press.png,2026-06-03 18:00:38,USA,HIGH,1,LEFT-CENTER,
Athens Reporter,http://athensreporter.com,mediascopeAll/Athens_Reporter.png,2026-06-20 20:57:48,USA,MIXED,,RIGHT-CENTER,Questionable Source
Athol Daily News,https://atholdailynews.com,mediascopeAll/Athol_Daily_News.png,2026-06-03 17:59:36,USA,HIGH,1,LEFT-CENTER,
Atlanta Black Star,https://atlantablackstar.com,mediascopeAll/Atlanta_Black_Star.png,2026-06-08 16:53:35,USA,MOSTLY FACTUAL,,LEFT-CENTER,
Atlantic Council,https://atlanticcouncil.org,mediascopeAll/Atlantic_Council.png,2026-06-03 18:00:34,USA,HIGH,1,RIGHT-CENTER,
Atlantic County Times,http://atlanticcotimes.com,mediascopeAll/Atlantic_County_Times.png,2026-06-20 20:35:14,USA,MIXED,,RIGHT-CENTER,Questionable Source
Atlantic,https://theatlantic.com,mediascopeAll/Atlantic.png,2026-06-03 18:00:52,USA,HIGH,1,LEFT-CENTER,
Atlas Obscura,https://atlasobscura.com,mediascopeAll/Atlas_Obscura.png,2026-06-03 18:00:47,USA,HIGH,1,LEAST BIASED,
AtlasIntel,https://atlasintel.org,mediascopeAll/AtlasIntel.png,2026-06-03 18:00:43,,VERY HIGH,1,LEAST BIASED,
Auburn Reporter,https://auburn-reporter.com,mediascopeAll/Auburn_Reporter.png,2026-06-03 18:01:39,USA,HIGH,1,LEAST BIASED,
Auburn Times,http://auburntimes.com,mediascopeAll/Auburn_Times.png,2026-06-20 22:27:02,USA,MIXED,,RIGHT-CENTER,Questionable Source
Austin American-Statesman,https://statesman.com,mediascopeAll/Austin_American-Statesman.png,2026-06-04 00:10:35,USA,HIGH,1,LEFT-CENTER,
Austin Daily Herald,https://austindailyherald.com,mediascopeAll/Austin_Daily_Herald.png,2026-06-03 18:01:48,USA,HIGH,1,LEFT-CENTER,
Australian Associated Press,https://www.aap.com.au/,mediascopeAll/Australian_Associated_Press.png,2026-06-03 18:01:41,,HIGH,1,LEAST BIASED,
Australian National Review,https://australiannationalreview.com,mediascopeAll/Australian_National_Review.png,2026-06-03 18:02:29,,LOW,0,RIGHT,
AutoStraddle,https://autostraddle.com,mediascopeAll/AutoStraddle.png,2026-06-08 16:55:36,USA,MIXED,,LEFT,
Autoblog,https://autoblog.com,mediascopeAll/Autoblog.png,2026-06-08 16:56:30,USA,MOSTLY FACTUAL,,LEFT-CENTER,
AutomotiveDive,https://automotivedive.com,mediascopeAll/AutomotiveDive.png,2026-06-03 18:02:50,USA,HIGH,1,LEAST BIASED,
Awakening.News,https://awakening.news,mediascopeAll/Awakening.News.png,2026-06-03 18:02:11,USA,VERY LOW,0,RIGHT,
Ayn Rand Institute,https://newideal.aynrand.org,mediascopeAll/Ayn_Rand_Institute.png,2026-06-08 16:57:41,USA,MIXED,,RIGHT-CENTER,
BDNews24,https://bdnews24.com,mediascopeAll/BDNews24.png,2026-06-08 16:57:59,,MIXED,,LEFT-CENTER,Questionable Source
BNO News,https://bnonews.com,mediascopeAll/BNO_News.png,2026-06-03 18:02:19,,HIGH,1,LEAST BIASED,
Badger Institute,https://badgerinstitute.org,mediascopeAll/Badger_Institute.png,2026-06-08 16:58:18,USA,MIXED,,RIGHT,
Baha Breaking News,https://breakingthenews.net,mediascopeAll/Baha_Breaking_News.png,2026-06-08 16:58:38,,MOSTLY FACTUAL,,LEAST BIASED,
Baja California Post,http://bajacaliforniapost.com,mediascopeAll/Baja_California_Post.png,2026-06-20 18:57:48,Unknown,MIXED,,LEFT-CENTER,Questionable Source
Baldwin Times,http://baldwintimes.com,mediascopeAll/Baldwin_Times.png,2026-06-20 19:54:07,USA,MIXED,,RIGHT-CENTER,Questionable Source
Balkan Insight,https://balkaninsight.com,mediascopeAll/Balkan_Insight.png,2026-06-03 18:02:33,,HIGH,1,LEFT-CENTER,
Ballotpedia,https://ballotpedia.org,mediascopeAll/Ballotpedia.png,2026-06-03 19:04:32,USA,VERY HIGH,1,LEAST BIASED,
Baltimore City Paper,https://baltimoresun.com/citypaper,mediascopeAll/Baltimore_City_Paper.png,2026-06-08 16:59:20,USA,MOSTLY FACTUAL,,LEFT,
Baltimore City Wire,http://baltimorecitywire.com,mediascopeAll/Baltimore_City_Wire.png,2026-06-20 20:08:58,USA,MIXED,,RIGHT-CENTER,Questionable Source
Baltimore Sun,https://baltimoresun.com,mediascopeAll/Baltimore_Sun.png,2026-06-03 18:03:49,USA,HIGH,1,RIGHT-CENTER,
Banbury Guardian,https://banburyguardian.co.uk,mediascopeAll/Banbury_Guardian.png,2026-06-03 23:41:54,,HIGH,1,LEAST BIASED,
BankingDive,https://bankingdive.com,mediascopeAll/BankingDive.png,2026-06-03 18:04:04,USA,HIGH,1,LEAST BIASED,
Banned.News,https://banned.news,mediascopeAll/Banned.News.png,2026-06-03 18:03:42,USA,VERY LOW,0,RIGHT,
Baptist News Global,https://baptistnews.com,mediascopeAll/Baptist_News_Global.png,2026-06-03 18:03:48,USA,HIGH,1,LEFT-CENTER,
Bare Naked Islam,https://barenakedislam.com,mediascopeAll/Bare_Naked_Islam.png,2026-06-03 18:04:03,USA,LOW,0,EXTREME RIGHT,Questionable Source
Bartlesville Examiner-Enterprise,https://examiner-enterprise.com,mediascopeAll/Bartlesville_Examiner-Enterprise.png,2026-06-03 18:05:09,USA,HIGH,1,LEFT-CENTER,
Bashaw Star,https://bashawstar.com,mediascopeAll/Bashaw_Star.png,2026-06-03 18:04:07,,HIGH,1,LEFT-CENTER,
Basildon Echo,https://echo-news.co.uk,mediascopeAll/Basildon_Echo.png,2026-06-03 18:05:17,,HIGH,1,LEAST BIASED,
Baton Rouge Reporter,http://batonrougereporter.com,mediascopeAll/Baton_Rouge_Reporter.png,2026-06-20 21:13:55,USA,MIXED,,RIGHT-CENTER,Questionable Source
Battle Creek Enquirer,https://battlecreekenquirer.com,mediascopeAll/Battle_Creek_Enquirer.png,2026-06-03 18:05:29,USA,HIGH,1,LEFT-CENTER,
Battle Creek Times,http://battlecreektimes.com,mediascopeAll/Battle_Creek_Times.png,2026-06-20 20:04:44,USA,MIXED,,RIGHT-CENTER,Questionable Source
Baxter Bulletin,https://baxterbulletin.com,mediascopeAll/Baxter_Bulletin.png,2026-06-03 18:05:37,USA,HIGH,1,LEFT-CENTER,
Bearing Arms,https://bearingarms.com,mediascopeAll/Bearing_Arms.png,2026-06-08 17:00:25,USA,MIXED,,RIGHT,
Beaver County Times,https://timesonline.com,mediascopeAll/Beaver_County_Times.png,2026-06-03 18:21:52,USA,HIGH,1,LEFT-CENTER,
Beaver State News,http://beaverstatenews.com,mediascopeAll/Beaver_State_News.png,2026-06-20 22:13:11,USA,MIXED,,RIGHT-CENTER,Questionable Source
Before It’s News,http://beforeitsnews.com,mediascopeAll/Before_It_s_News.png,2026-06-20 19:59:03,USA,LOW,,EXTREME RIGHT,Questionable Source
Behold Israel,https://beholdisrael.org,mediascopeAll/Behold_Israel.png,2026-06-08 17:00:59,,MIXED,,RIGHT,
Being Liberal,https://beingliberal.org,mediascopeAll/Being_Liberal.png,2026-06-08 17:01:14,USA,MOSTLY FACTUAL,,LEFT,
Belfer Center for Science and International Affairs,https://belfercenter.org,mediascopeAll/Belfer_Center_for_Science_and_International_Affairs.png,2026-06-03 18:05:58,USA,HIGH,1,LEFT-CENTER,
Belleville Community Press,https://communitypress.ca,mediascopeAll/Belleville_Community_Press.png,2026-06-03 18:22:05,,HIGH,1,RIGHT-CENTER,
Bellevue Reporter,https://bellevuereporter.com,mediascopeAll/Bellevue_Reporter.png,2026-06-03 19:06:05,USA,HIGH,1,LEAST BIASED,
Benenson Strategy Group,https://bsgco.com,mediascopeAll/Benenson_Strategy_Group.png,2026-06-08 17:01:35,USA,MIXED,,LEFT-CENTER,
Benton Times,http://bentontimes.com,mediascopeAll/Benton_Times.png,2026-06-20 20:58:31,USA,MIXED,,RIGHT-CENTER,Questionable Source
Benzinga,https://benzinga.com,mediascopeAll/Benzinga.png,2026-06-03 19:06:16,USA,HIGH,1,LEAST BIASED,
"Berkley Center for Religion, Peace & World Affairs",https://berkleycenter.georgetown.edu,mediascopeAll/Berkley_Center_for_Religion_Peace_World_Affairs.png,2026-06-03 22:16:41,USA,HIGH,1,LEFT-CENTER,
Berkshire Eagle,https://berkshireeagle.com,mediascopeAll/Berkshire_Eagle.png,2026-06-03 22:18:06,USA,HIGH,1,LEFT-CENTER,
Biased.News,https://biased.news,mediascopeAll/Biased.News.png,2026-06-03 18:22:49,USA,VERY LOW,0,RIGHT,
Big Government News,https://biggovernment.news,mediascopeAll/Big_Government_News.png,2026-06-03 22:16:34,USA,VERY LOW,0,RIGHT,
Big Island Times,http://bigislandtimes.com,mediascopeAll/Big_Island_Times.png,2026-06-20 21:07:32,USA,MIXED,,RIGHT-CENTER,Questionable Source
Big News Network,https://bignewsnetwork.com,mediascopeAll/Big_News_Network.png,2026-06-08 17:02:25,,MOSTLY FACTUAL,,LEAST BIASED,
Big Village Polling,https://big-village.com,mediascopeAll/Big_Village_Polling.png,2026-06-08 17:02:36,,MOSTLY FACTUAL,,LEAST BIASED,
Bigfork Eagle,https://bigforkeagle.com,mediascopeAll/Bigfork_Eagle.png,2026-06-03 18:22:55,USA,HIGH,1,LEAST BIASED,
Biggleswade Chronicle,https://biggleswadetoday.co.uk,mediascopeAll/Biggleswade_Chronicle.png,2026-06-03 18:24:06,,HIGH,1,LEAST BIASED,
Bill & Melinda Gates Foundation,https://gatesfoundation.org,mediascopeAll/Bill_Melinda_Gates_Foundation.png,2026-06-03 18:23:21,USA,HIGH,1,LEFT-CENTER,
BillMoyers.com,https://billmoyers.com,mediascopeAll/BillMoyers.com.png,2026-06-08 17:02:50,USA,MOSTLY FACTUAL,,LEFT,
BillTrack 50,https://billtrack50.com,mediascopeAll/BillTrack_50.png,2026-06-08 17:03:00,USA,MOSTLY FACTUAL,,LEAST BIASED,
Billings Gazette,https://billingsgazette.com,mediascopeAll/Billings_Gazette.png,2026-06-03 18:23:53,USA,HIGH,1,RIGHT-CENTER,
BillionBibles.org,http://www.billionbibles.org,mediascopeAll/BillionBibles.org.png,2026-06-20 20:57:39,USA,VERY LOW,,RIGHT,Questionable Source
BioPharmaDive,https://biopharmadive.com,mediascopeAll/BioPharmaDive.png,2026-06-03 18:24:28,USA,HIGH,1,LEAST BIASED,
Bioterrorism.News,https://bioterrorism.news,mediascopeAll/Bioterrorism.News.png,2026-06-03 18:23:39,USA,VERY LOW,0,RIGHT,
Bipartisan Policy Center,https://bipartisanpolicy.org,mediascopeAll/Bipartisan_Policy_Center.png,2026-06-08 17:03:12,USA,MOSTLY FACTUAL,,RIGHT-CENTER,
Birmingham Mail,https://birminghammail.co.uk,mediascopeAll/Birmingham_Mail.png,2026-06-08 17:03:42,,MOSTLY FACTUAL,,LEFT-CENTER,
Birmingham World,https://birminghamworld.uk,mediascopeAll/Birmingham_World.png,2026-06-03 18:24:56,,HIGH,1,LEAST BIASED,
Bismarck Tribune,https://bismarcktribune.com,mediascopeAll/Bismarck_Tribune.png,2026-06-03 23:42:15,USA,HIGH,1,LEAST BIASED,
BizNews,https://biznews.com,mediascopeAll/BizNews.png,2026-06-08 17:03:49,,MIXED,,RIGHT-CENTER,
BizPac Review,https://bizpacreview.com,mediascopeAll/BizPac_Review.png,2026-06-08 17:04:21,USA,MIXED,,RIGHT,
Blabber Buzz,https://blabber.buzz,mediascopeAll/Blabber_Buzz.png,2026-06-08 17:04:54,USA,MIXED,,RIGHT,
Black Agenda Report,https://blackagendareport.com,mediascopeAll/Black_Agenda_Report.png,2026-06-08 17:05:01,USA,MIXED,,LEFT,
Black Community NEws,https://blackcommunitynews.com,mediascopeAll/Black_Community_NEws.png,2026-06-08 17:05:27,,MIXED,,RIGHT,
Black Ennterprise Magazine,https://blackenterprise.com,mediascopeAll/Black_Ennterprise_Magazine.png,2026-06-03 18:25:15,USA,HIGH,1,LEFT-CENTER,
Bleeping Computer,https://bleepingcomputer.com,mediascopeAll/Bleeping_Computer.png,2026-06-03 18:24:45,USA,HIGH,1,LEAST BIASED,
Block Telegraph,https://blocktelegraph.io,mediascopeAll/Block_Telegraph.png,2026-06-08 17:06:22,USA,MOSTLY FACTUAL,,LEFT-CENTER,
Bloomington Herald-Times,https://heraldtimesonline.com,mediascopeAll/Bloomington_Herald-Times.png,2026-06-03 18:26:08,USA,HIGH,1,LEFT-CENTER,
Bloomington Leader,http://bloomingtonleader.com,mediascopeAll/Bloomington_Leader.png,2026-06-20 21:27:21,USA,MIXED,,RIGHT-CENTER,Questionable Source
Bluegrass Times,http://bluegrasstimes.com,mediascopeAll/Bluegrass_Times.png,2026-06-20 22:15:43,USA,MIXED,,RIGHT-CENTER,Questionable Source
Blueprint Newspaper,https://blueprint.ng,mediascopeAll/Blueprint_Newspaper.png,2026-06-08 17:07:25,,MOSTLY FACTUAL,,LEAST BIASED,
Boise City Wire,http://boisecitywire.com,mediascopeAll/Boise_City_Wire.png,2026-06-20 22:22:50,USA,MIXED,,RIGHT-CENTER,Questionable Source
Borgen Magazine,https://borgenmagazine.com,mediascopeAll/Borgen_Magazine.png,2026-06-03 23:48:13,USA,HIGH,1,LEFT-CENTER,
Borgen Project,https://borgenproject.org,mediascopeAll/Borgen_Project.png,2026-06-03 18:25:19,USA,HIGH,1,LEFT-CENTER,
Boston Globe,https://bostonglobe.com,mediascopeAll/Boston_Globe.png,2026-06-03 18:26:10,USA,HIGH,1,LEFT-CENTER,Questionable Source
Boston Herald,https://bostonherald.com,mediascopeAll/Boston_Herald.png,2026-06-03 18:26:29,USA,HIGH,1,RIGHT-CENTER,
Boston Review,https://bostonreview.net,mediascopeAll/Boston_Review.png,2026-06-03 18:26:03,USA,HIGH,1,LEFT,
Boston.com,https://boston.com,mediascopeAll/Boston.com.png,2026-06-03 22:18:30,USA,HIGH,1,LEFT-CENTER,
Bothell Reporter,https://bothell-reporter.com,mediascopeAll/Bothell_Reporter.png,2026-06-03 18:27:05,USA,HIGH,1,LEAST BIASED,
Bounding Into Comics,https://boundingintocomics.com,mediascopeAll/Bounding_Into_Comics.png,2026-06-08 17:08:17,USA,MIXED,,RIGHT,
Boundless,https://boundless.com,mediascopeAll/Boundless.png,2026-06-03 18:26:58,USA,HIGH,1,LEFT-CENTER,
Bowling Green Today,http://bowlinggreentoday.com,mediascopeAll/Bowling_Green_Today.png,2026-06-20 21:10:31,USA,MIXED,,RIGHT-CENTER,Questionable Source
Bozeman Daily Chronicle,https://bozemandailychronicle.com,mediascopeAll/Bozeman_Daily_Chronicle.png,2026-06-03 23:12:29,USA,HIGH,1,LEFT-CENTER,
Branson Times,http://bransontimes.com,mediascopeAll/Branson_Times.png,2026-06-20 21:24:16,USA,MIXED,,RIGHT-CENTER,Questionable Source
Brantford Expositor,https://brantfordexpositor.ca,mediascopeAll/Brantford_Expositor.png,2026-06-03 18:27:50,,HIGH,1,RIGHT-CENTER,
Braun Research,https://braunresearch.com,mediascopeAll/Braun_Research.png,2026-06-03 18:27:28,USA,HIGH,1,LEFT-CENTER,
Breakthrough Institute,https://thebreakthrough.org,mediascopeAll/Breakthrough_Institute.png,2026-06-03 18:27:29,USA,HIGH,1,RIGHT-CENTER,
Breakthrough News,https://breakthroughnews.org,mediascopeAll/Breakthrough_News.png,2026-06-08 17:09:31,USA,MIXED,,LEFT,
Breakthrough.News,https://breakthrough.news,mediascopeAll/Breakthrough.News.png,2026-06-03 18:27:45,USA,VERY LOW,0,RIGHT,
Breitbart,http://www.breitbart.com,mediascopeAll/Breitbart.png,2026-06-20 20:25:02,USA,MIXED,,RIGHT,Questionable Source
Brennan Center for Justice,https://brennancenter.org,mediascopeAll/Brennan_Center_for_Justice.png,2026-06-03 18:27:52,USA,HIGH,1,LEFT-CENTER,
Brevard Sun,http://brevardsun.com,mediascopeAll/Brevard_Sun.png,2026-06-20 19:39:28,USA,MIXED,,RIGHT-CENTER,Questionable Source
Bridge Michigan,https://bridgemi.com,mediascopeAll/Bridge_Michigan.png,2026-06-03 18:27:51,USA,HIGH,1,LEFT-CENTER,
Bridgeport Times,http://bridgeporttimes.com,mediascopeAll/Bridgeport_Times.png,2026-06-20 20:43:37,USA,MIXED,,RIGHT-CENTER,Questionable Source
Bristol Reporter,http://bristolreporter.com,mediascopeAll/Bristol_Reporter.png,2026-06-20 22:22:34,USA,MIXED,,RIGHT-CENTER,Questionable Source
Brit + Co,https://brit.co,mediascopeAll/Brit_Co.png,2026-06-08 17:11:04,USA,MOSTLY FACTUAL,,LEFT,
Brockville Recorder & Times,https://recorder.ca,mediascopeAll/Brockville_Recorder_Times.png,2026-06-03 18:28:33,,HIGH,1,RIGHT-CENTER,
Buckeye Reporter,http://buckeyereporter.com,mediascopeAll/Buckeye_Reporter.png,2026-06-20 20:02:03,USA,MIXED,,RIGHT-CENTER,Questionable Source
Bucks County Courier Times,https://phillyburbs.com,mediascopeAll/Bucks_County_Courier_Times.png,2026-06-03 18:29:19,USA,HIGH,1,LEFT-CENTER,
Bucks Herald,https://bucksherald.co.uk,mediascopeAll/Bucks_Herald.png,2026-06-03 23:44:09,,HIGH,1,LEAST BIASED,
Bucyrus Telegraph-Forum,https://bucyrustelegraphforum.com,mediascopeAll/Bucyrus_Telegraph-Forum.png,2026-06-03 18:30:11,USA,HIGH,1,LEFT-CENTER,
Buenos Aires Times,https://batimes.com.ar,mediascopeAll/Buenos_Aires_Times.png,2026-06-03 18:30:07,,HIGH,1,RIGHT-CENTER,
Buffalo Ledger,http://buffaloledger.com,mediascopeAll/Buffalo_Ledger.png,2026-06-20 19:28:29,USA,MIXED,,RIGHT-CENTER,Questionable Source
Buffalo News,https://buffalonews.com,mediascopeAll/Buffalo_News.png,2026-06-03 18:30:35,USA,HIGH,1,LEAST BIASED,
Bullshido,https://bullshido.net,mediascopeAll/Bullshido.png,2026-06-03 18:30:24,USA,HIGH,1,LEAST BIASED,
Burlington Free Press,https://burlingtonfreepress.com,mediascopeAll/Burlington_Free_Press.png,2026-06-03 18:31:33,USA,HIGH,1,LEFT-CENTER,
Burlington Reporter,http://burlingtonreporter.com,mediascopeAll/Burlington_Reporter.png,2026-06-20 21:47:57,USA,MIXED,,RIGHT-CENTER,Questionable Source
Burlington Review,http://burlingtonreview.com,mediascopeAll/Burlington_Review.png,2026-06-20 20:53:41,USA,MIXED,,RIGHT-CENTER,Questionable Source
Burnley Express,https://burnleyexpress.net,mediascopeAll/Burnley_Express.png,2026-06-03 23:44:08,,HIGH,1,LEAST BIASED,
Business Day Nigeria,http://businessday.ng,mediascopeAll/Business_Day_Nigeria.png,2026-06-20 20:10:32,Nigeria,MIXED,,RIGHT-CENTER,Questionable Source
BusinessLIVE,https://businesslive.co.za,mediascopeAll/BusinessLIVE.png,2026-06-08 17:12:44,,MIXED,,RIGHT-CENTER,
Bustle Magazine,https://bustle.com,mediascopeAll/Bustle_Magazine.png,2026-06-08 17:13:43,USA,MOSTLY FACTUAL,,LEFT-CENTER,
Butler County Today,http://butlercountytoday.com,mediascopeAll/Butler_County_Today.png,2026-06-20 21:23:11,USA,MIXED,,RIGHT-CENTER,Questionable Source
Buxton Advertiser,https://buxtonadvertiser.co.uk,mediascopeAll/Buxton_Advertiser.png,2026-06-03 18:31:45,,HIGH,1,LEAST BIASED,
Buzzfeed,https://buzzfeed.com,mediascopeAll/Buzzfeed.png,2026-06-08 17:15:41,USA,MOSTLY FACTUAL,,LEFT-CENTER,
C-StoreDive,https://cstoredive.com,mediascopeAll/C-StoreDive.png,2026-06-03 18:32:09,USA,HIGH,1,LEAST BIASED,
CAMERA,https://camera.org,mediascopeAll/CAMERA.png,2026-06-08 17:16:55,USA,MOSTLY FACTUAL,,RIGHT,
CBS Boston - WBZ-TV,https://cbsnews.com/boston,mediascopeAll/CBS_Boston_-_WBZ-TV.png,2026-06-03 18:32:28,USA,HIGH,1,LEFT-CENTER,
CBS News,https://cbsnews.com,mediascopeAll/CBS_News.png,2026-06-03 18:33:00,USA,MOSTLY FACTUAL,1,RIGHT-CENTER,
CCN Markets,https://ccn.com,mediascopeAll/CCN_Markets.png,2026-06-03 18:32:32,,HIGH,1,RIGHT-CENTER,
CCTV International,https://english.cctv.com,mediascopeAll/CCTV_International.png,2026-06-08 17:18:16,,MIXED,,LEFT-CENTER,Questionable Source
CDA Reporter,http://cdareporter.com,mediascopeAll/CDA_Reporter.png,2026-06-20 21:53:41,USA,MIXED,,RIGHT-CENTER,Questionable Source
CDC.News,https://cdc.news,mediascopeAll/CDC.News.png,2026-06-03 18:32:30,USA,VERY LOW,0,RIGHT,
CFO Dive,https://cfo.com,mediascopeAll/CFO_Dive.png,2026-06-03 18:33:05,USA,HIGH,1,LEAST BIASED,
CNBC,https://cnbc.com,mediascopeAll/CNBC.png,2026-06-08 17:19:16,USA,MOSTLY FACTUAL,,LEFT-CENTER,
CNET,https://cnet.com,mediascopeAll/CNET.png,2026-06-03 18:33:20,USA,HIGH,1,LEAST BIASED,
CNN,https://cnn.com,mediascopeAll/CNN.png,2026-06-08 17:20:03,USA,MOSTLY FACTUAL,,LEFT-CENTER,
CNS News,http://www.cnsnews.com,mediascopeAll/CNS_News.png,2026-06-20 20:52:35,USA,LOW,,RIGHT,Questionable Source
CP24,https://cp24.com,mediascopeAll/CP24.png,2026-06-03 18:34:16,,HIGH,1,LEAST BIASED,
CT Mirror,https://ctmirror.org,mediascopeAll/CT_Mirror.png,2026-06-03 18:33:07,USA,HIGH,1,LEFT-CENTER,
CTV News,https://ctvnews.ca,mediascopeAll/CTV_News.png,2026-06-03 18:34:35,,HIGH,1,LEAST BIASED,
CX Dive,https://customerexperiencedive.com,mediascopeAll/CX_Dive.png,2026-06-03 18:33:44,USA,HIGH,1,LEAST BIASED,
Cabarrus Today,http://cabarrustoday.com,mediascopeAll/Cabarrus_Today.png,2026-06-20 22:21:30,USA,MIXED,,RIGHT-CENTER,Questionable Source
Calgary Herald,https://calgaryherald.com,mediascopeAll/Calgary_Herald.png,2026-06-03 18:34:38,,HIGH,1,RIGHT-CENTER,
Calgary Sun,https://calgarysun.com,mediascopeAll/Calgary_Sun.png,2026-06-08 17:20:58,,MOSTLY FACTUAL,,RIGHT-CENTER,
California Business Daily,http://businessdailynetwork.com/states/ca,mediascopeAll/California_Business_Daily.png,2026-06-20 21:19:52,USA,MIXED,,RIGHT-CENTER,Questionable Source
California Globe,https://californiaglobe.com,mediascopeAll/California_Globe.png,2026-06-08 17:21:27,USA,MIXED,,RIGHT-CENTER,
California Political Review,https://capoliticalreview.com,mediascopeAll/California_Political_Review.png,2026-06-08 17:21:39,USA,MOSTLY FACTUAL,,RIGHT-CENTER,
CaliforniaCollapse.News,https://californiacollapse.news,mediascopeAll/CaliforniaCollapse.News.png,2026-06-03 18:34:22,USA,VERY LOW,0,RIGHT,
Campaign Life Coalition,https://campaignlifecoalition.com,mediascopeAll/Campaign_Life_Coalition.png,2026-06-08 17:22:14,,MIXED,,RIGHT,
Campaign for Liberty,https://campaignforliberty.org,mediascopeAll/Campaign_for_Liberty.png,2026-06-08 17:22:18,USA,MIXED,,RIGHT-CENTER,
Campeche Post,http://campechepost.com,mediascopeAll/Campeche_Post.png,2026-06-20 19:00:13,Unknown,MIXED,,LEFT-CENTER,Questionable Source
Campus Reform,https://campusreform.org,mediascopeAll/Campus_Reform.png,2026-06-08 17:22:29,USA,MIXED,,RIGHT,
Canadaland,https://canadaland.com,mediascopeAll/Canadaland.png,2026-06-03 18:34:38,,MIXED,1,LEFT-CENTER,
Canadian Dimension,https://canadiandimension.com,mediascopeAll/Canadian_Dimension.png,2026-06-08 17:22:54,,MOSTLY FACTUAL,,LEFT,
Canadian Jewish News,https://thecjn.ca,mediascopeAll/Canadian_Jewish_News.png,2026-06-08 17:23:00,,MIXED,,RIGHT-CENTER,
Canberra Declaration,https://canberradeclaration.org.au,mediascopeAll/Canberra_Declaration.png,2026-06-03 18:34:40,,LOW,0,EXTREME RIGHT,
Cancun Post,http://thecancunpost.com,mediascopeAll/Cancun_Post.png,2026-06-20 19:00:21,Unknown,MIXED,,LEFT-CENTER,Questionable Source
Canton Reporter,http://cantonreporter.com,mediascopeAll/Canton_Reporter.png,2026-06-20 22:22:18,USA,MIXED,,RIGHT-CENTER,Questionable Source
Canton Repository,https://cantonrep.com,mediascopeAll/Canton_Repository.png,2026-06-03 18:35:56,USA,HIGH,1,LEFT-CENTER,
Cape Cod Ledger,http://capecodledger.com,mediascopeAll/Cape_Cod_Ledger.png,2026-06-20 19:31:21,USA,MIXED,,RIGHT-CENTER,Questionable Source
Cape Cod Times,https://capecodtimes.com,mediascopeAll/Cape_Cod_Times.png,2026-06-03 18:35:59,USA,HIGH,1,LEAST BIASED,
Capital & Main,https://capitalandmain.com,mediascopeAll/Capital_Main.png,2026-06-03 18:35:11,USA,HIGH,1,LEFT,
Capital District Times,http://capitaldistricttimes.com,mediascopeAll/Capital_District_Times.png,2026-06-20 21:05:47,USA,MIXED,,RIGHT-CENTER,Questionable Source
Capital Gazette,https://capitalgazette.com,mediascopeAll/Capital_Gazette.png,2026-06-03 18:35:56,USA,HIGH,1,LEFT-CENTER,
Capital Research Center,https://capitalresearch.org,mediascopeAll/Capital_Research_Center.png,2026-06-08 17:24:24,USA,MIXED,,RIGHT,
Capitalism Magazine,https://capitalismmagazine.com,mediascopeAll/Capitalism_Magazine.png,2026-06-08 17:24:32,USA,MOSTLY FACTUAL,,RIGHT-CENTER,
Capitol Fax,https://capitolfax.com,mediascopeAll/Capitol_Fax.png,2026-06-03 18:35:55,USA,HIGH,1,LEAST BIASED,
Capitol News Illinois,https://capitolnewsillinois.com,mediascopeAll/Capitol_News_Illinois.png,2026-06-03 18:36:01,USA,HIGH,1,LEFT-CENTER,
Capitol News,http://micapitolnews.com,mediascopeAll/Capitol_News.png,2026-06-20 19:21:37,USA,MIXED,,RIGHT-CENTER,Questionable Source
Carbon Tracker Initiative,https://carbontracker.org,mediascopeAll/Carbon_Tracker_Initiative.png,2026-06-03 18:36:09,,HIGH,1,LEFT-CENTER,
Carbondale Reporter,http://carbondalereporter.com,mediascopeAll/Carbondale_Reporter.png,2026-06-20 19:48:13,USA,MIXED,,RIGHT-CENTER,Questionable Source
Cardinal & Pine,https://cardinalpine.com,mediascopeAll/Cardinal_Pine.png,2026-06-08 17:25:20,USA,MIXED,,LEFT-CENTER,Questionable Source
Carnegie Endowment for International Peace,https://carnegieendowment.org,mediascopeAll/Carnegie_Endowment_for_International_Peace.png,2026-06-03 18:36:22,USA,HIGH,1,LEFT-CENTER,
Carolina Public Press,https://carolinapublicpress.org,mediascopeAll/Carolina_Public_Press.png,2026-06-03 18:36:08,USA,HIGH,1,LEFT-CENTER,
Casper Star-Tribune,https://trib.com,mediascopeAll/Casper_Star-Tribune.png,2026-06-03 18:36:52,USA,HIGH,1,LEAST BIASED,
Castanet,https://castanet.net,mediascopeAll/Castanet.png,2026-06-03 18:36:50,,HIGH,1,LEAST BIASED,
Castlegar News,https://castlegarnews.com,mediascopeAll/Castlegar_News.png,2026-06-03 18:36:25,,HIGH,1,LEFT-CENTER,
Castor Advance,https://castoradvance.com,mediascopeAll/Castor_Advance.png,2026-06-03 18:36:37,,HIGH,1,LEFT-CENTER,
Catholic Online,https://catholic.org,mediascopeAll/Catholic_Online.png,2026-06-08 17:25:21,USA,MIXED,,RIGHT,
Catholic Tribune - Arizona,https://azcatholictribune.com,mediascopeAll/Catholic_Tribune_-_Arizona.png,2026-06-08 17:25:55,USA,MIXED,,RIGHT-CENTER,Questionable Source
Catholic Tribune - Florida,https://flcatholictribune.com,mediascopeAll/Catholic_Tribune_-_Florida.png,2026-06-08 17:26:08,USA,MIXED,,RIGHT-CENTER,Questionable Source
Catholic Tribune - Michigan,https://micatholictribune.com,mediascopeAll/Catholic_Tribune_-_Michigan.png,2026-06-08 17:26:20,USA,MIXED,,RIGHT-CENTER,Questionable Source
Catholic Tribune - Minnesota,https://mncatholictribune.com,mediascopeAll/Catholic_Tribune_-_Minnesota.png,2026-06-08 17:26:25,USA,MIXED,,RIGHT-CENTER,Questionable Source
Catholic Tribune - Tribune,https://pacatholictribune.com,mediascopeAll/Catholic_Tribune_-_Tribune.png,2026-06-08 17:26:32,USA,MIXED,,RIGHT-CENTER,Questionable Source
Catholic Tribune - Wisconsin,https://wicatholictribune.com,mediascopeAll/Catholic_Tribune_-_Wisconsin.png,2026-06-08 17:26:38,USA,MIXED,,RIGHT-CENTER,Questionable Source
Ceasefire Magazine,https://ceasefiremagazine.co.uk,mediascopeAll/Ceasefire_Magazine.png,2026-06-03 18:36:37,,HIGH,1,LEFT,
Cedar Rapids Today,http://cedarrapidstoday.com,mediascopeAll/Cedar_Rapids_Today.png,2026-06-20 20:28:29,USA,MIXED,,RIGHT-CENTER,Questionable Source
CensorTrack,https://censortrack.org,mediascopeAll/CensorTrack.png,2026-06-08 17:26:49,USA,MIXED,,RIGHT,
Censored.news,https://censored.news,mediascopeAll/Censored.news.png,2026-06-03 18:37:24,USA,LOW,0,EXTREME RIGHT,
Censorship.News,https://censorship.news,mediascopeAll/Censorship.News.png,2026-06-03 22:18:49,USA,VERY LOW,0,RIGHT,
Centennial State News,http://centennialstatenews.com,mediascopeAll/Centennial_State_News.png,2026-06-20 19:14:47,USA,MIXED,,RIGHT-CENTER,Questionable Source
Center for Advanced Defense Studies,https://c4ads.org,mediascopeAll/Center_for_Advanced_Defense_Studies.png,2026-06-03 18:37:24,USA,HIGH,1,LEFT-CENTER,
Center for American Progress,https://americanprogress.org,mediascopeAll/Center_for_American_Progress.png,2026-06-08 17:27:08,USA,MIXED,,LEFT,
Center for Democracy and Technology,https://cdt.org,mediascopeAll/Center_for_Democracy_and_Technology.png,2026-06-03 18:37:24,USA,HIGH,1,LEAST BIASED,
Center for Freedom and Prosperity,https://freedomandprosperity.org,mediascopeAll/Center_for_Freedom_and_Prosperity.png,2026-06-08 17:27:26,USA,MIXED,,RIGHT,
Center for Immigration Studies,http://www.trueactivist.com,mediascopeAll/Center_for_Immigration_Studies.png,2026-06-20 19:00:39,Germany,LOW,,EXTREME LEFT,Questionable Source
Center for Inquiry,https://centerforinquiry.org,mediascopeAll/Center_for_Inquiry.png,2026-06-03 18:37:46,USA,HIGH,1,LEFT-CENTER,
Center for International Policy,https://internationalpolicy.org,mediascopeAll/Center_for_International_Policy.png,2026-06-03 18:37:47,USA,HIGH,1,LEFT-CENTER,
Center for Law and Social Policy,https://clasp.org,mediascopeAll/Center_for_Law_and_Social_Policy.png,2026-06-03 18:38:03,USA,HIGH,1,LEFT,
Center for Popular Democracy,https://populardemocracy.org,mediascopeAll/Center_for_Popular_Democracy.png,2026-06-03 18:41:26,USA,HIGH,1,LEFT-CENTER,
Center for Security Policy,http://www.centerforsecuritypolicy.org,mediascopeAll/Center_for_Security_Policy.png,2026-06-20 19:39:38,USA,MIXED,,RIGHT,Questionable Source
Center for Strategic and International studies,https://csis.org,mediascopeAll/Center_for_Strategic_and_International_studies.png,2026-06-03 18:38:36,USA,VERY HIGH,1,LEAST BIASED,
Center for Union Facts,https://unionfacts.com,mediascopeAll/Center_for_Union_Facts.png,2026-06-08 17:28:11,USA,MIXED,,RIGHT,
Center for a New American Security,https://cnas.org,mediascopeAll/Center_for_a_New_American_Security.png,2026-06-03 18:38:24,USA,HIGH,1,LEFT-CENTER,
Center for a Stateless Society,https://c4ss.org,mediascopeAll/Center_for_a_Stateless_Society.png,2026-06-08 17:29:08,USA,MOSTLY FACTUAL,,LEFT,
Center on Budget and Policy Priorities,https://cbpp.org,mediascopeAll/Center_on_Budget_and_Policy_Priorities.png,2026-06-03 18:38:53,USA,HIGH,1,LEFT-CENTER,
Central Broward News,http://centralbrowardnews.com,mediascopeAll/Central_Broward_News.png,2026-06-20 20:48:17,USA,MIXED,,RIGHT-CENTER,Questionable Source
Central Colorado News,http://centralcoloradonews.com,mediascopeAll/Central_Colorado_News.png,2026-06-20 19:46:48,USA,MIXED,,RIGHT-CENTER,Questionable Source
Central Georgia News,http://centralgeorgianews.com,mediascopeAll/Central_Georgia_News.png,2026-06-20 21:00:48,USA,MIXED,,RIGHT-CENTER,Questionable Source
Central Iowa Times,http://centraliowatimes.com,mediascopeAll/Central_Iowa_Times.png,2026-06-20 22:31:05,USA,MIXED,,RIGHT-CENTER,Questionable Source
Central Kentucky News-Journal,https://pmg-ky2.com/cknj/,mediascopeAll/Central_Kentucky_News-Journal.png,2026-06-03 18:40:09,USA,HIGH,1,RIGHT-CENTER,
Central Louisiana News,https://centrallouisiananews.com,mediascopeAll/Central_Louisiana_News.png,2026-06-08 17:30:40,USA,MIXED,,RIGHT-CENTER,
Central Missouri News,http://centralmissourinews.com,mediascopeAll/Central_Missouri_News.png,2026-06-20 22:17:32,USA,MIXED,,RIGHT-CENTER,Questionable Source
Central Montana Times,http://centralmontanatimes.com,mediascopeAll/Central_Montana_Times.png,2026-06-20 19:10:19,USA,MIXED,,RIGHT-CENTER,Questionable Source
Central ND News,http://centralndnews.com,mediascopeAll/Central_ND_News.png,2026-06-20 19:43:44,USA,MIXED,,RIGHT-CENTER,Questionable Source
Central OC Times,http://centraloctimes.com,mediascopeAll/Central_OC_Times.png,2026-06-20 21:11:59,USA,MIXED,,RIGHT-CENTER,Questionable Source
Central Ohio Today,http://centralohiotoday.com,mediascopeAll/Central_Ohio_Today.png,2026-06-20 21:07:40,USA,MIXED,,RIGHT-CENTER,Questionable Source
Central Oregon Times,https://centraloregontimes.com,mediascopeAll/Central_Oregon_Times.png,2026-06-08 17:31:50,USA,MIXED,,RIGHT-CENTER,
Central STL News,http://centralstlnews.com,mediascopeAll/Central_STL_News.png,2026-06-20 20:17:07,USA,MIXED,,RIGHT-CENTER,Questionable Source
Chalkbeat,https://chalkbeat.org,mediascopeAll/Chalkbeat.png,2026-06-03 18:39:39,USA,HIGH,1,LEFT-CENTER,
Chambana Sun,https://chambanasun.com,mediascopeAll/Chambana_Sun.png,2026-06-08 17:32:07,USA,MIXED,,RIGHT-CENTER,
Chambersburg Public Opinion,https://publicopiniononline.com,mediascopeAll/Chambersburg_Public_Opinion.png,2026-06-03 18:40:01,USA,HIGH,1,LEFT-CENTER,
Champaign News-Gazette,https://news-gazette.com,mediascopeAll/Champaign_News-Gazette.png,2026-06-03 18:40:28,USA,HIGH,1,RIGHT-CENTER,
Change Research,https://changeresearch.com,mediascopeAll/Change_Research.png,2026-06-08 17:32:13,USA,MOSTLY FACTUAL,,LEFT,
Channel 4 News,https://www.channel4.com/news/,mediascopeAll/Channel_4_News.png,2026-06-03 18:40:19,,HIGH,1,LEFT-CENTER,
Chapel Hill Review,http://chapelhillreview.com,mediascopeAll/Chapel_Hill_Review.png,2026-06-20 20:25:34,USA,MIXED,,RIGHT-CENTER,Questionable Source
Charisma News,https://charismanews.com,mediascopeAll/Charisma_News.png,2026-06-08 17:32:27,USA,MIXED,,RIGHT,
Charity Navigator,https://charitynavigator.org,mediascopeAll/Charity_Navigator.png,2026-06-03 18:40:36,USA,HIGH,1,LEAST BIASED,
Chatham Daily News,https://chathamdailynews.ca,mediascopeAll/Chatham_Daily_News.png,2026-06-03 18:41:01,,HIGH,1,RIGHT-CENTER,
Check Your Fact,https://checkyourfact.com,mediascopeAll/Check_Your_Fact.png,2026-06-03 18:40:50,USA,HIGH,1,RIGHT-CENTER,
Cheddar,https://cheddar.com,mediascopeAll/Cheddar.png,2026-06-03 18:41:22,USA,HIGH,1,LEFT-CENTER,
Cherokee Tribune,https://tribuneledgernews.com,mediascopeAll/Cherokee_Tribune.png,2026-06-03 18:41:34,,HIGH,1,LEAST BIASED,
Chicago City Wire,http://chicagocitywire.com,mediascopeAll/Chicago_City_Wire.png,2026-06-20 21:47:05,USA,MIXED,,RIGHT-CENTER,Questionable Source
Chicago Reader,https://chicagoreader.com,mediascopeAll/Chicago_Reader.png,2026-06-03 18:41:28,USA,HIGH,1,LEFT,
Chicago Tribune,https://chicagotribune.com,mediascopeAll/Chicago_Tribune.png,2026-06-03 18:42:45,USA,HIGH,1,RIGHT-CENTER,
Chichester Observer,https://sussexexpress.co.uk/your-sussex/west-sussex/chichester,mediascopeAll/Chichester_Observer.png,2026-06-03 18:42:38,,HIGH,1,LEAST BIASED,
Chicks on the Right,https://chicksonright.com,mediascopeAll/Chicks_on_the_Right.png,2026-06-08 17:32:47,USA,MIXED,,RIGHT,
Chico Times,http://chicotimes.com,mediascopeAll/Chico_Times.png,2026-06-20 20:39:22,USA,MIXED,,RIGHT-CENTER,Questionable Source
Children's Health Defense,https://childrenshealthdefense.org,mediascopeAll/Children_s_Health_Defense.png,2026-06-03 18:42:16,USA,LOW,0,RIGHT,
Chillicothe Gazette,https://chillicothegazette.com,mediascopeAll/Chillicothe_Gazette.png,2026-06-03 18:42:56,USA,HIGH,1,LEFT-CENTER,
China Daily,http://www.chinadaily.com.cn,mediascopeAll/China_Daily.png,2026-06-21 17:49:02,China,MIXED,,LEFT,Questionable Source
Chinook Observer,https://chinookobserver.com,mediascopeAll/Chinook_Observer.png,2026-06-03 18:43:16,USA,HIGH,1,LEAST BIASED,
Christian Broadcasting Network,https://www2.cbn.com/news,mediascopeAll/Christian_Broadcasting_Network.png,2026-06-08 17:33:37,USA,MIXED,,RIGHT,
Christian Coalition of America,https://cc.org,mediascopeAll/Christian_Coalition_of_America.png,2026-06-08 17:33:42,USA,MIXED,,RIGHT,
Christian Science Monitor,https://csmonitor.com,mediascopeAll/Christian_Science_Monitor.png,2026-06-03 18:43:06,USA,HIGH,1,LEAST BIASED,
Christian Science,https://christianscience.com,mediascopeAll/Christian_Science.png,2026-06-03 18:43:12,USA,LOW,0,RIGHT,
Christian Today,https://christiantoday.com,mediascopeAll/Christian_Today.png,2026-06-08 17:34:59,,MIXED,,RIGHT,
Christian Truth Center,https://christiantruthcenter.com,mediascopeAll/Christian_Truth_Center.png,2026-06-03 18:43:11,,VERY LOW,0,RIGHT,
Christianity Today,https://christianitytoday.com,mediascopeAll/Christianity_Today.png,2026-06-03 18:59:28,USA,HIGH,1,RIGHT-CENTER,
Cincinnati Enquirer,https://cincinnati.com,mediascopeAll/Cincinnati_Enquirer.png,2026-06-03 19:03:02,USA,HIGH,1,LEAST BIASED,
Cincy Reporter,http://cincyreporter.com,mediascopeAll/Cincy_Reporter.png,2026-06-20 21:05:45,USA,MIXED,,RIGHT-CENTER,Questionable Source
CioDive,https://ciodive.com,mediascopeAll/CioDive.png,2026-06-03 18:59:05,USA,HIGH,1,LEAST BIASED,
Citizen Free Press,https://citizenfreepress.com,mediascopeAll/Citizen_Free_Press.png,2026-06-08 17:35:19,USA,MIXED,,RIGHT,
Citizen Truth,https://citizentruth.org,mediascopeAll/Citizen_Truth.png,2026-06-08 17:35:25,USA,MOSTLY FACTUAL,,LEFT-CENTER,
CitizenGo,http://citizengo.org,mediascopeAll/CitizenGo.png,2026-06-20 19:00:53,Spain,LOW,,EXTREME RIGHT,Questionable Source
Citizens United,https://citizensunited.org,mediascopeAll/Citizens_United.png,2026-06-08 17:35:42,USA,MIXED,,RIGHT,
Citizens for Legitimate Government,https://legitgov.org,mediascopeAll/Citizens_for_Legitimate_Government.png,2026-06-08 17:35:53,USA,MIXED,,RIGHT,
Citizens for Responsibility and Ethics in Washington,https://CREW.org,mediascopeAll/Citizens_for_Responsibility_and_Ethics_in_Washington.png,2026-06-08 17:36:09,USA,MOSTLY FACTUAL,,LEFT-CENTER,
Citizens for Tax Justice,https://ctj.org,mediascopeAll/Citizens_for_Tax_Justice.png,2026-06-08 17:36:13,USA,MOSTLY FACTUAL,,LEFT-CENTER,
CityNews Toronto,https://toronto.citynews.ca,mediascopeAll/CityNews_Toronto.png,2026-06-03 18:59:07,,HIGH,1,LEAST BIASED,
Civiqs,https://civiqs.com,mediascopeAll/Civiqs.png,2026-06-03 19:03:00,USA,MOSTLY FACTUAL,1,LEFT,
Clarion Ledger,https://clarionledger.com,mediascopeAll/Clarion_Ledger.png,2026-06-03 22:20:39,USA,HIGH,1,LEFT-CENTER,
Clarity Campaign Labs,https://claritycampaigns.com,mediascopeAll/Clarity_Campaign_Labs.png,2026-06-08 17:36:25,USA,MOSTLY FACTUAL,,LEFT-CENTER,
Clark Fork Valley Press,https://vp-mi.com,mediascopeAll/Clark_Fork_Valley_Press.png,2026-06-03 22:20:14,,HIGH,1,LEAST BIASED,
Clarksville Leaf Chronicle,https://theleafchronicle.com,mediascopeAll/Clarksville_Leaf_Chronicle.png,2026-06-03 19:09:13,USA,HIGH,1,LEFT-CENTER,
Clay County Times,http://claycotimes.com,mediascopeAll/Clay_County_Times.png,2026-06-20 22:00:38,USA,MIXED,,RIGHT-CENTER,Questionable Source
Clay Reporter,http://clayreporter.com,mediascopeAll/Clay_Reporter.png,2026-06-20 19:18:39,USA,MIXED,,RIGHT-CENTER,Questionable Source
Clean Technica,https://cleantechnica.com,mediascopeAll/Clean_Technica.png,2026-06-03 19:09:26,USA,HIGH,1,LEFT-CENTER,
Cleburne Times Review,https://cleburnetimesreview.com,mediascopeAll/Cleburne_Times_Review.png,2026-06-03 23:14:03,USA,HIGH,1,LEFT-CENTER,
Clermont Times,http://clermonttimes.com,mediascopeAll/Clermont_Times.png,2026-06-20 19:31:43,USA,MIXED,,RIGHT-CENTER,Questionable Source
Cleveland Reporter,http://Clevelandreporter.com,mediascopeAll/Cleveland_Reporter.png,2026-06-20 20:28:14,USA,MIXED,,RIGHT-CENTER,Questionable Source
Clima Fund,https://climasolutions.org,mediascopeAll/Clima_Fund.png,2026-06-08 17:37:15,USA,MOSTLY FACTUAL,,LEFT,
Climate Depot,https://climatedepot.com,mediascopeAll/Climate_Depot.png,2026-06-08 17:37:26,USA,MIXED,,RIGHT,
Climate Justice Alliance,https://climatejusticealliance.org,mediascopeAll/Climate_Justice_Alliance.png,2026-06-03 19:09:48,USA,HIGH,1,LEFT,
Climate Science & Policy Watch,https://whistleblower.org/,mediascopeAll/Climate_Science_Policy_Watch.png,2026-06-03 19:09:33,USA,HIGH,1,LEFT-CENTER,
ClimateScienceNews,https://climatesciencenews.com,mediascopeAll/ClimateScienceNews.png,2026-06-03 19:09:43,USA,VERY LOW,0,RIGHT,
Clover Chronicle,https://cloverchronicle.com,mediascopeAll/Clover_Chronicle.png,2026-06-03 19:09:54,,LOW,0,EXTREME RIGHT,
Coachella Today,http://coachellatoday.com,mediascopeAll/Coachella_Today.png,2026-06-20 20:43:27,USA,MIXED,,RIGHT-CENTER,Questionable Source
Coastal GA News,http://coastalganews.com,mediascopeAll/Coastal_GA_News.png,2026-06-20 20:27:02,USA,MIXED,,RIGHT-CENTER,Questionable Source
Cobb Reporter,http://cobbreporter.com,mediascopeAll/Cobb_Reporter.png,2026-06-20 20:13:56,,,,RIGHT-CENTER,Questionable Source
Cochrane Times-Post,https://cochranetimespost.ca,mediascopeAll/Cochrane_Times-Post.png,2026-06-03 19:10:27,,HIGH,1,RIGHT-CENTER,
Coconino News,http://coconinonews.com,mediascopeAll/Coconino_News.png,2026-06-20 20:52:10,USA,MIXED,,RIGHT-CENTER,Questionable Source
Coda Story,https://codastory.com,mediascopeAll/Coda_Story.png,2026-06-03 19:10:51,USA,HIGH,1,LEFT,
Colombia Reports,https://colombiareports.com,mediascopeAll/Colombia_Reports.png,2026-06-08 17:38:27,,MIXED,,LEFT-CENTER,
Colorado Free Press,https://coloradofreepress.com,mediascopeAll/Colorado_Free_Press.png,2026-06-03 22:20:39,USA,LOW,0,EXTREME RIGHT,Questionable Source
Columbia Daily Herald,https://columbiadailyherald.com,mediascopeAll/Columbia_Daily_Herald.png,2026-06-03 19:11:24,USA,HIGH,1,LEFT-CENTER,
Columbia Journalism Review,https://cjr.org,mediascopeAll/Columbia_Journalism_Review.png,2026-06-03 19:11:57,USA,HIGH,1,LEFT-CENTER,
Columbus Dispatch,https://dispatch.com,mediascopeAll/Columbus_Dispatch.png,2026-06-03 19:12:12,USA,HIGH,1,LEFT-CENTER,
Columbus Free Press,https://columbusfreepress.com,mediascopeAll/Columbus_Free_Press.png,2026-06-08 17:38:41,USA,MIXED,,LEFT,
Columbus Standard,http://columbusstandard.com,mediascopeAll/Columbus_Standard.png,2026-06-20 22:04:23,USA,MIXED,,RIGHT-CENTER,Questionable Source
Comic Sands,https://comicsands.com,mediascopeAll/Comic_Sands.png,2026-06-08 17:39:20,USA,MIXED,,LEFT,
Commentary Magazine,https://commentary.org,mediascopeAll/Commentary_Magazine.png,2026-06-08 17:39:31,USA,MOSTLY FACTUAL,,RIGHT,
Committee for a Responsible Federal Budget,https://crfb.org,mediascopeAll/Committee_for_a_Responsible_Federal_Budget.png,2026-06-03 19:11:19,USA,HIGH,1,RIGHT-CENTER,
Committee to Investigate Russia,https://investigaterussia.org,mediascopeAll/Committee_to_Investigate_Russia.png,2026-06-03 19:11:32,USA,HIGH,1,LEFT-CENTER,
Committee to Protect Journalists,https://cpj.org,mediascopeAll/Committee_to_Protect_Journalists.png,2026-06-03 19:11:39,USA,HIGH,1,LEAST BIASED,
Common Cause,https://commoncause.org,mediascopeAll/Common_Cause.png,2026-06-03 19:11:50,USA,HIGH,1,LEFT-CENTER,
Common Dreams,https://commondreams.org,mediascopeAll/Common_Dreams.png,2026-06-03 19:13:22,USA,HIGH,1,LEFT,
CommonWealth Beacon,https://commonwealthbeacon.org,mediascopeAll/CommonWealth_Beacon.png,2026-06-03 19:11:59,USA,HIGH,1,LEFT,
CommonWealth fund,https://commonwealthfund.org,mediascopeAll/CommonWealth_fund.png,2026-06-03 19:12:26,USA,HIGH,1,LEFT-CENTER,
Commonweal Magazine,https://commonwealmagazine.org,mediascopeAll/Commonweal_Magazine.png,2026-06-03 19:12:28,USA,HIGH,1,LEFT-CENTER,
Communist Party USA,https://cpusa.org,mediascopeAll/Communist_Party_USA.png,2026-06-08 17:39:50,USA,MIXED,,LEFT,
Compact Magazine,https://compactmag.com,mediascopeAll/Compact_Magazine.png,2026-06-08 17:40:06,USA,MOSTLY FACTUAL,,RIGHT-CENTER,
Concerned Women for America,http://concernedwomen.org,mediascopeAll/Concerned_Women_for_America.png,2026-06-20 20:48:37,USA,LOW,,EXTREME RIGHT,Questionable Source
Concord Ledger,http://concordledger.com,mediascopeAll/Concord_Ledger.png,2026-06-20 21:03:03,USA,MIXED,,RIGHT-CENTER,Questionable Source
Connecticut Business Daily,http://businessdailynetwork.com/states/ct,mediascopeAll/Connecticut_Business_Daily.png,2026-06-20 22:24:14,USA,MIXED,,RIGHT-CENTER,Questionable Source
Connecticut Centinal,https://connecticutcentinal.com,mediascopeAll/Connecticut_Centinal.png,2026-06-03 22:21:02,USA,LOW,0,EXTREME RIGHT,
Connecticut Star,http://theconnecticutstar.com,mediascopeAll/Connecticut_Star.png,2026-06-20 19:29:55,USA,MIXED,,RIGHT,Questionable Source
Conscious Life News,https://consciouslifenews.com,mediascopeAll/Conscious_Life_News.png,2026-06-08 17:42:09,USA,MIXED,,LEFT,
Conservative Daily News,http://www.conservativedailynews.com,mediascopeAll/Conservative_Daily_News.png,2026-06-20 22:12:42,USA,MIXED,,EXTREME RIGHT,Questionable Source
Conservative Fighters,http://cf.org,mediascopeAll/Conservative_Fighters.png,2026-06-20 19:49:01,USA,MIXED,,RIGHT,Questionable Source
Conservative Free Press,http://www.conservativefreepress.com,mediascopeAll/Conservative_Free_Press.png,2026-06-20 20:12:29,USA,LOW,,EXTREME RIGHT,Questionable Source
Conservative Opinion,https://conservativeopinion.com,mediascopeAll/Conservative_Opinion.png,2026-06-08 17:43:50,USA,MIXED,,RIGHT,
Conspiracy Daily Update,https://conspiracydailyupdate.com,mediascopeAll/Conspiracy_Daily_Update.png,2026-06-03 19:13:47,,VERY LOW,0,RIGHT,
Constitution Daily,https://constitutioncenter.org,mediascopeAll/Constitution_Daily.png,2026-06-03 19:14:09,USA,HIGH,1,LEAST BIASED,
Constitution State News,http://constitutionstatenews.com,mediascopeAll/Constitution_State_News.png,2026-06-20 22:30:06,USA,MIXED,,RIGHT-CENTER,Questionable Source
ConstructionDive,https://constructiondive.com,mediascopeAll/ConstructionDive.png,2026-06-03 19:14:31,USA,HIGH,1,LEAST BIASED,
Consumer Reports,https://consumerreports.org,mediascopeAll/Consumer_Reports.png,2026-06-03 19:14:15,USA,HIGH,1,LEAST BIASED,
Cornhusker State News,http://cornhuskerstatenews.com,mediascopeAll/Cornhusker_State_News.png,2026-06-20 19:13:12,USA,MIXED,,RIGHT-CENTER,Questionable Source
Cornwall Standard-Freeholder,https://standard-freeholder.com,mediascopeAll/Cornwall_Standard-Freeholder.png,2026-06-03 19:15:03,,HIGH,1,RIGHT-CENTER,
Corpus Christi Caller-Times,https://caller.com,mediascopeAll/Corpus_Christi_Caller-Times.png,2026-06-03 19:15:50,USA,HIGH,1,LEFT-CENTER,
Coshocton Tribune,https://coshoctontribune.com,mediascopeAll/Coshocton_Tribune.png,2026-06-03 19:15:53,USA,HIGH,1,LEFT-CENTER,
Cosmopolitan,https://cosmopolitan.com,mediascopeAll/Cosmopolitan.png,2026-06-08 17:47:03,USA,MIXED,,LEFT,
Council on Foreign Relations,https://cfr.org,mediascopeAll/Council_on_Foreign_Relations.png,2026-06-03 19:15:40,USA,HIGH,1,LEAST BIASED,
CounterCurrents.org,https://countercurrents.org,mediascopeAll/CounterCurrents.org.png,2026-06-08 17:47:37,,MOSTLY FACTUAL,,LEFT,
CounterPunch,https://counterpunch.org,mediascopeAll/CounterPunch.png,2026-06-08 17:47:53,USA,MOSTLY FACTUAL,,LEFT,
CounterVortex,https://countervortex.org,mediascopeAll/CounterVortex.png,2026-06-08 17:48:11,USA,MIXED,,LEFT,
Courthouse News Service,https://courthousenews.com,mediascopeAll/Courthouse_News_Service.png,2026-06-03 19:15:24,USA,HIGH,1,LEAST BIASED,
Covid Call to Humanity,https://covidcalltohumanity.org,mediascopeAll/Covid_Call_to_Humanity.png,2026-06-03 19:15:53,,VERY LOW,0,RIGHT,
Crains Detroit,https://crainsdetroit.com,mediascopeAll/Crains_Detroit.png,2026-06-03 19:16:48,USA,HIGH,1,LEAST BIASED,
Cranbrook Townsman,https://cranbrooktownsman.com,mediascopeAll/Cranbrook_Townsman.png,2026-06-03 19:16:05,,HIGH,1,LEFT-CENTER,
Creation Ministries International,https://creation.com,mediascopeAll/Creation_Ministries_International.png,2026-06-03 19:16:23,,LOW,0,RIGHT,
Creation-Evolution Headlines,https://crev.info,mediascopeAll/Creation-Evolution_Headlines.png,2026-06-03 19:16:18,USA,LOW,0,RIGHT,
Creative Destruction Media - CD Media,https://creativedestructionmedia.com,mediascopeAll/Creative_Destruction_Media_-_CD_Media.png,2026-06-03 19:17:12,USA,LOW,0,EXTREME RIGHT,Questionable Source
Creston Valley Advance,https://crestonvalleyadvance.ca,mediascopeAll/Creston_Valley_Advance.png,2026-06-03 19:16:39,,HIGH,1,LEFT-CENTER,
Crime Prevention Research Center,https://crimeresearch.org,mediascopeAll/Crime_Prevention_Research_Center.png,2026-06-08 17:49:07,USA,MIXED,,RIGHT,
CrimethInc,https://crimethinc.com,mediascopeAll/CrimethInc.png,2026-06-03 19:16:52,USA,HIGH,1,LEFT,
Crisis Magazine,https://crisismagazine.com,mediascopeAll/Crisis_Magazine.png,2026-06-08 17:49:14,USA,MIXED,,RIGHT,
Cronkite News,https://cronkitenews.azpbs.org,mediascopeAll/Cronkite_News.png,2026-06-03 19:16:56,USA,HIGH,1,LEFT-CENTER,
Crooked Media,https://crooked.com,mediascopeAll/Crooked_Media.png,2026-06-08 17:49:27,USA,MOSTLY FACTUAL,,LEFT,
Crooks and Liars,https://crooksandliars.com,mediascopeAll/Crooks_and_Liars.png,2026-06-08 17:49:42,USA,MOSTLY FACTUAL,,LEFT,
CrossExamined.org,https://crossexamined.org,mediascopeAll/CrossExamined.org.png,2026-06-03 19:17:32,USA,LOW,0,RIGHT,
Culture Wars Magazine,https://culturewars.com,mediascopeAll/Culture_Wars_Magazine.png,2026-06-03 19:17:31,USA,LOW,0,RIGHT,
Cumberland News & Star,https://newsandstar.co.uk,mediascopeAll/Cumberland_News_Star.png,2026-06-03 19:18:32,,HIGH,1,LEAST BIASED,
Current Affairs,https://currentaffairs.org,mediascopeAll/Current_Affairs.png,2026-06-03 19:17:41,USA,HIGH,1,LEFT,
Current Science Daily,http://currentsciencedaily.com,mediascopeAll/Current_Science_Daily.png,2026-06-20 19:56:05,USA,MIXED,,RIGHT-CENTER,Questionable Source
Cursor,https://cursor.org,mediascopeAll/Cursor.png,2026-06-08 17:50:20,USA,MIXED,,LEFT-CENTER,
Curve Magazine,https://curvemag.com,mediascopeAll/Curve_Magazine.png,2026-06-03 19:18:09,USA,HIGH,1,LEFT,
CyberWar.News,https://cyberwar.news,mediascopeAll/CyberWar.News.png,2026-06-03 19:18:11,USA,VERY LOW,0,RIGHT,
Cyberscoop,https://cyberscoop.com,mediascopeAll/Cyberscoop.png,2026-06-03 19:18:22,,HIGH,1,LEAST BIASED,
CybersecurityDive,https://cybersecuritydive.com,mediascopeAll/CybersecurityDive.png,2026-06-03 19:18:44,USA,HIGH,1,LEAST BIASED,
Cygnal Polling,https://cygn.al,mediascopeAll/Cygnal_Polling.png,2026-06-03 19:18:42,USA,HIGH,1,RIGHT-CENTER,
DCReport.org,https://dcreport.org,mediascopeAll/DCReport.org.png,2026-06-03 19:18:50,USA,HIGH,1,LEFT-CENTER,
DEIDetected,https://deidetected.com,mediascopeAll/DEIDetected.png,2026-06-08 17:50:48,,MIXED,,RIGHT,
DHM Research,https://dhmresearch.com,mediascopeAll/DHM_Research.png,2026-06-03 19:18:58,USA,MOSTLY FACTUAL,1,LEAST BIASED,
Daily Beast,https://thedailybeast.com,mediascopeAll/Daily_Beast.png,2026-06-08 17:50:59,USA,MIXED,,LEFT,
Daily Business Review,https://law.com/dailybusinessreview,mediascopeAll/Daily_Business_Review.png,2026-06-03 19:19:49,USA,HIGH,1,LEAST BIASED,
Daily Camera,https://dailycamera.com,mediascopeAll/Daily_Camera.png,2026-06-03 22:22:27,USA,HIGH,1,LEAST BIASED,
Daily Dot,https://dailydot.com,mediascopeAll/Daily_Dot.png,2026-06-03 19:20:12,USA,HIGH,1,LEFT,
Daily Express,https://express.co.uk,mediascopeAll/Daily_Express.png,2026-06-08 17:52:01,,MIXED,,RIGHT,
Daily Hampshire Gazette,https://gazettenet.com,mediascopeAll/Daily_Hampshire_Gazette.png,2026-06-03 19:19:10,USA,HIGH,1,LEFT-CENTER,
Daily Headlines,http://dailyheadlines.net,mediascopeAll/Daily_Headlines.png,2026-06-20 19:02:00,Unknown,LOW,,EXTREME RIGHT,Questionable Source
Daily Jeffersonian,https://daily-jeff.com,mediascopeAll/Daily_Jeffersonian.png,2026-06-03 23:15:19,USA,HIGH,1,LEFT-CENTER,
Daily Journal,https://dailyjournalonline.com,mediascopeAll/Daily_Journal.png,2026-06-03 19:20:14,USA,HIGH,1,LEAST BIASED,
Daily Kos,https://dailykos.com,mediascopeAll/Daily_Kos.png,2026-06-08 17:53:05,USA,MIXED,,LEFT,
Daily Maverick,https://dailymaverick.co.za,mediascopeAll/Daily_Maverick.png,2026-06-08 17:53:26,,MOSTLY FACTUAL,,LEAST BIASED,
Daily Mirror,https://mirror.co.uk,mediascopeAll/Daily_Mirror.png,2026-06-08 17:54:17,,MIXED,,LEFT-CENTER,
Daily Nation,https://nation.africa,mediascopeAll/Daily_Nation.png,2026-06-08 17:54:27,,MIXED,,LEFT-CENTER,
Daily Nonpareil,https://nonpareilonline.com,mediascopeAll/Daily_Nonpareil.png,2026-06-03 19:21:15,USA,HIGH,1,LEAST BIASED,
Daily Post Nigeria,https://dailypost.ng,mediascopeAll/Daily_Post_Nigeria.png,2026-06-08 17:54:42,,MOSTLY FACTUAL,,LEAST BIASED,
Daily Press,https://dailypress.com,mediascopeAll/Daily_Press.png,2026-06-03 23:46:25,USA,HIGH,1,RIGHT-CENTER,
Daily Presser,http://dailypresser.com,mediascopeAll/Daily_Presser.png,2026-06-20 20:32:14,USA,LOW,,EXTREME RIGHT,Questionable Source
Daily Record,https://www.dailyrecord.co.uk,mediascopeAll/Daily_Record.png,2026-06-08 17:55:06,,MOSTLY FACTUAL,,LEFT,
Daily Star UK,http://www.dailystar.co.uk,mediascopeAll/Daily_Star_UK.png,2026-06-20 19:10:31,United Kingdom,MIXED,,RIGHT-CENTER,Questionable Source
Daily Torch,https://dailytorch.com,mediascopeAll/Daily_Torch.png,2026-06-03 19:20:42,USA,HIGH,1,RIGHT,
Daily Trust,https://dailytrust.com,mediascopeAll/Daily_Trust.png,2026-06-08 17:56:41,,MOSTLY FACTUAL,,LEFT-CENTER,
Daily Veracity,http://dailyveracity.com,mediascopeAll/Daily_Veracity.png,2026-06-20 20:26:05,USA,VERY LOW,,EXTREME RIGHT,Questionable Source
DailyO,https://dailyo.in,mediascopeAll/DailyO.png,2026-06-08 17:57:35,,MIXED,,RIGHT-CENTER,
Dallas Voice,https://dallasvoice.com,mediascopeAll/Dallas_Voice.png,2026-06-03 19:21:25,USA,HIGH,1,LEFT,
Dame Magazine,https://damemagazine.com,mediascopeAll/Dame_Magazine.png,2026-06-03 19:22:10,USA,HIGH,1,LEFT,
Dartmouth Times,https://dartmouthtimes.com,mediascopeAll/Dartmouth_Times.png,2026-06-08 17:57:47,USA,MIXED,,RIGHT-CENTER,
Data for Progress,https://dataforprogress.org,mediascopeAll/Data_for_Progress.png,2026-06-03 19:22:02,USA,MOSTLY FACTUAL,1,LEFT-CENTER,
Daventry Express,https://daventryexpress.co.uk,mediascopeAll/Daventry_Express.png,2026-06-03 19:22:36,,HIGH,1,LEAST BIASED,
Dayton Daily News,https://daytondailynews.com,mediascopeAll/Dayton_Daily_News.png,2026-06-03 19:23:17,USA,HIGH,1,LEAST BIASED,
Dayton Reporter,http://daytonreporter.com,mediascopeAll/Dayton_Reporter.png,2026-06-20 19:33:51,USA,MIXED,,RIGHT-CENTER,Questionable Source
DeKalb Times,http://dekalbtimes.com,mediascopeAll/DeKalb_Times.png,2026-06-20 21:39:52,USA,MIXED,,RIGHT-CENTER,Questionable Source
DeSmog,https://desmog.com,mediascopeAll/DeSmog.png,2026-06-03 19:22:21,,HIGH,1,LEFT,
Deadline Hollywood,https://deadline.com,mediascopeAll/Deadline_Hollywood.png,2026-06-03 19:23:23,USA,HIGH,1,LEFT-CENTER,
Deadspin,https://deadspin.com,mediascopeAll/Deadspin.png,2026-06-03 19:23:31,USA,HIGH,1,LEFT,
Death Penalty Information Center,https://deathpenaltyinfo.org,mediascopeAll/Death_Penalty_Information_Center.png,2026-06-03 19:23:07,USA,HIGH,1,LEFT-CENTER,
Debunking Denialism,https://debunkingdenialism.com,mediascopeAll/Debunking_Denialism.png,2026-06-03 19:23:13,,HIGH,1,LEFT-CENTER,
Decatur Times,http://decaturtimes.com,mediascopeAll/Decatur_Times.png,2026-06-20 20:41:59,USA,MIXED,,RIGHT-CENTER,Questionable Source
Deccan Chronicle,https://deccanchronicle.com,mediascopeAll/Deccan_Chronicle.png,2026-06-08 17:59:11,,MOSTLY FACTUAL,,RIGHT-CENTER,
Deccan Herald,https://deccanherald.com,mediascopeAll/Deccan_Herald.png,2026-06-08 17:59:44,,MIXED,,LEFT-CENTER,
Defector,https://defector.com,mediascopeAll/Defector.png,2026-06-03 19:23:39,USA,HIGH,1,LEFT-CENTER,
Defend Democracy Press,https://defenddemocracy.press,mediascopeAll/Defend_Democracy_Press.png,2026-06-08 18:00:14,,MIXED,,LEFT,
Defense News,https://defensenews.com,mediascopeAll/Defense_News.png,2026-06-03 19:23:54,USA,HIGH,1,LEAST BIASED,
DefenseScoop,https://defensescoop.com,mediascopeAll/DefenseScoop.png,2026-06-03 19:24:03,USA,HIGH,1,LEAST BIASED,
Defenseworld.net,https://defenseworld.net,mediascopeAll/Defenseworld.net.png,2026-06-08 18:00:44,USA,MOSTLY FACTUAL,,LEAST BIASED,
Dekalb Daily Chronicle,https://shawlocal.com/daily-chronicle/,mediascopeAll/Dekalb_Daily_Chronicle.png,2026-06-04 00:09:23,USA,HIGH,1,LEAST BIASED,
Delaware Business Daily,http://businessdailynetwork.com/states/de,mediascopeAll/Delaware_Business_Daily.png,2026-06-20 20:58:20,USA,MIXED,,RIGHT-CENTER,Questionable Source
Delaware County Review,http://delcoreview.com,mediascopeAll/Delaware_County_Review.png,2026-06-20 21:02:26,USA,MIXED,,RIGHT-CENTER,Questionable Source
Delaware Online - The News Journal,https://delawareonline.com,mediascopeAll/Delaware_Online_-_The_News_Journal.png,2026-06-03 19:25:19,USA,HIGH,1,LEFT-CENTER,
Delfi,https://delfi.lt,mediascopeAll/Delfi.png,2026-06-08 18:01:53,,MOSTLY FACTUAL,,RIGHT-CENTER,
Democracy 21,https://democracy21.org,mediascopeAll/Democracy_21.png,2026-06-03 19:24:27,USA,HIGH,1,LEFT-CENTER,
Democracy Chronicles,https://democracychronicles.org,mediascopeAll/Democracy_Chronicles.png,2026-06-08 18:02:03,USA,MOSTLY FACTUAL,,LEFT,
Democracy Docket,https://democracydocket.com,mediascopeAll/Democracy_Docket.png,2026-06-03 19:25:20,USA,HIGH,1,LEFT,
Democracy Fund Voice,https://democracyfundvoice.org,mediascopeAll/Democracy_Fund_Voice.png,2026-06-03 19:24:57,USA,HIGH,1,LEFT-CENTER,
Democracy Now,https://democracynow.org,mediascopeAll/Democracy_Now.png,2026-06-03 19:25:33,USA,HIGH,1,LEFT,
Democrat and Chronicle,https://democratandchronicle.com,mediascopeAll/Democrat_and_Chronicle.png,2026-06-03 19:26:41,USA,HIGH,1,LEFT-CENTER,
Denton Record-Chronicle,https://dentonrc.com,mediascopeAll/Denton_Record-Chronicle.png,2026-06-03 19:26:20,USA,HIGH,1,LEAST BIASED,
Denver City Wire,http://denvercitywire.com,mediascopeAll/Denver_City_Wire.png,2026-06-20 20:59:03,USA,MIXED,,RIGHT-CENTER,Questionable Source
Denver Post,https://denverpost.com,mediascopeAll/Denver_Post.png,2026-06-03 19:26:51,USA,HIGH,1,LEFT-CENTER,
Denver Westword,https://westword.com,mediascopeAll/Denver_Westword.png,2026-06-04 00:15:55,USA,HIGH,1,LEFT-CENTER,
Des Moines Sun,http://desmoinessun.com,mediascopeAll/Des_Moines_Sun.png,2026-06-20 20:57:08,USA,MIXED,,RIGHT-CENTER,Questionable Source
Deseret News,https://deseret.com,mediascopeAll/Deseret_News.png,2026-06-03 23:47:46,USA,HIGH,1,RIGHT-CENTER,
Desert Sun,https://desertsun.com,mediascopeAll/Desert_Sun.png,2026-06-03 19:28:15,USA,HIGH,1,RIGHT-CENTER,
Detroit City Wire,http://detroitcitywire.com,mediascopeAll/Detroit_City_Wire.png,2026-06-20 21:57:37,USA,MIXED,,RIGHT-CENTER,Questionable Source
Detroit Free Press,https://freep.com,mediascopeAll/Detroit_Free_Press.png,2026-06-03 19:28:45,USA,HIGH,1,LEFT-CENTER,
Detroit Metro Times,https://metrotimes.com,mediascopeAll/Detroit_Metro_Times.png,2026-06-03 19:28:14,USA,HIGH,1,LEFT,
Detroit News,https://detroitnews.com,mediascopeAll/Detroit_News.png,2026-06-03 19:29:07,USA,HIGH,1,RIGHT-CENTER,
Deutschland.de,https://deutschland.de,mediascopeAll/Deutschland.de.png,2026-06-08 18:04:00,,MOSTLY FACTUAL,,RIGHT-CENTER,
Digg,https://digg.com,mediascopeAll/Digg.png,2026-06-08 18:04:38,USA,MOSTLY FACTUAL,,LEFT-CENTER,
DigiTimes Asia,https://digitimes.com,mediascopeAll/DigiTimes_Asia.png,2026-06-03 19:28:35,,HIGH,1,LEAST BIASED,
Digital Journal,https://digitaljournal.com,mediascopeAll/Digital_Journal.png,2026-06-03 19:28:24,,HIGH,1,LEAST BIASED,
Digital Research,https://digitalresearch.com,mediascopeAll/Digital_Research.png,2026-06-08 18:04:48,,MIXED,,LEAST BIASED,
Diply,https://diply.com,mediascopeAll/Diply.png,2026-06-08 18:05:06,,MIXED,,LEFT-CENTER,
Discern Report,http://discernreport.com,mediascopeAll/Discern_Report.png,2026-06-20 19:48:47,USA,LOW,,RIGHT,Questionable Source
Disclose TV,http://www.disclose.tv,mediascopeAll/Disclose_TV.png,2026-06-20 22:26:48,Germany,MIXED,,RIGHT,Questionable Source
Discoveries.News,https://discoveries.news,mediascopeAll/Discoveries.News.png,2026-06-03 23:46:25,USA,VERY LOW,0,RIGHT,
Discovery Institute,https://discovery.org,mediascopeAll/Discovery_Institute.png,2026-06-03 19:29:05,USA,LOW,0,RIGHT,
Dissent Magazine,https://dissentmagazine.org,mediascopeAll/Dissent_Magazine.png,2026-06-03 19:29:25,USA,HIGH,1,LEFT,
Distractify,https://distractify.com,mediascopeAll/Distractify.png,2026-06-08 18:05:42,USA,MIXED,,LEFT-CENTER,
District of Columbia Business Daily,http://businessdailynetwork.com/states/dc,mediascopeAll/District_of_Columbia_Business_Daily.png,2026-06-20 22:18:40,USA,MIXED,,RIGHT-CENTER,Questionable Source
Doctors Without Borders,https://doctorswithoutborders.org,mediascopeAll/Doctors_Without_Borders.png,2026-06-03 19:29:43,,HIGH,1,LEAST BIASED,
Dollar Collapse,https://dollarcollapse.com,mediascopeAll/Dollar_Collapse.png,2026-06-08 18:06:27,USA,MIXED,,RIGHT,
Double Down News,https://doubledown.news,mediascopeAll/Double_Down_News.png,2026-06-08 18:06:55,,MIXED,,LEFT,
Doug Casey’s International Man,http://internationalman.com,mediascopeAll/Doug_Casey_s_International_Man.png,2026-06-20 20:06:53,USA,MIXED,,RIGHT,Questionable Source
Down East Times,http://downeasttimes.com,mediascopeAll/Down_East_Times.png,2026-06-20 19:45:46,USA,MIXED,,RIGHT-CENTER,Questionable Source
Down River Today,http://downrivertoday.com,mediascopeAll/Down_River_Today.png,2026-06-20 22:05:34,USA,MIXED,,RIGHT-CENTER,Questionable Source
Downsizing the Federal Government,https://downsizinggovernment.org,mediascopeAll/Downsizing_the_Federal_Government.png,2026-06-03 19:29:38,USA,HIGH,1,RIGHT-CENTER,
Drudge Report,https://drudgereport.com,mediascopeAll/Drudge_Report.png,2026-06-08 18:08:21,USA,MIXED,,RIGHT-CENTER,
Drudge Retort,https://drudge.com,mediascopeAll/Drudge_Retort.png,2026-06-08 18:09:26,USA,MIXED,,LEFT,
Dubuque Times,http://dubuquetimes.com,mediascopeAll/Dubuque_Times.png,2026-06-20 19:17:50,USA,MIXED,,RIGHT-CENTER,Questionable Source
Duluth News Tribune,https://duluthnewstribune.com,mediascopeAll/Duluth_News_Tribune.png,2026-06-03 19:30:50,USA,HIGH,1,LEAST BIASED,
Dupage Policy Journal,http://dupagepolicyjournal.com,mediascopeAll/Dupage_Policy_Journal.png,2026-06-20 20:35:42,USA,MIXED,,RIGHT-CENTER,Questionable Source
Durham Reporter,http://durhamreporter.com,mediascopeAll/Durham_Reporter.png,2026-06-20 21:34:42,USA,MIXED,,RIGHT-CENTER,Questionable Source
Dutch Review,https://dutchreview.com,mediascopeAll/Dutch_Review.png,2026-06-08 18:10:31,,MOSTLY FACTUAL,,LEFT-CENTER,
Duval Times,http://duvaltimes.com,mediascopeAll/Duval_Times.png,2026-06-20 19:49:55,USA,MIXED,,RIGHT-CENTER,Questionable Source
E! News,https://eonline.com,mediascopeAll/E_News.png,2026-06-08 18:10:49,,MOSTLY FACTUAL,,LEAST BIASED,
E&E News,https://eenews.net,mediascopeAll/E_E_News.png,2026-06-03 19:30:02,USA,HIGH,1,LEFT-CENTER,
EC Georgia News,http://ecgeorgianews.com,mediascopeAll/EC_Georgia_News.png,2026-06-20 19:18:46,USA,MIXED,,RIGHT-CENTER,Questionable Source
EC Indiana News,http://ecindiananews.com,mediascopeAll/EC_Indiana_News.png,2026-06-20 19:55:32,USA,MIXED,,RIGHT-CENTER,Questionable Source
EC Kansas News,http://eckansasnews.com,mediascopeAll/EC_Kansas_News.png,2026-06-20 21:59:48,USA,MIXED,,RIGHT-CENTER,Questionable Source
EC Nebraska News,http://ecnebraskanews.com,mediascopeAll/EC_Nebraska_News.png,2026-06-20 21:22:33,USA,MIXED,,RIGHT-CENTER,Questionable Source
EC North Carolina News,http://ecnorthcarolinanews.com,mediascopeAll/EC_North_Carolina_News.png,2026-06-20 22:06:58,USA,MIXED,,RIGHT-CENTER,Questionable Source
EC Ohio News,http://ecohionews.com,mediascopeAll/EC_Ohio_News.png,2026-06-20 19:56:36,USA,MIXED,,RIGHT-CENTER,Questionable Source
EC Oklahoma News,http://ecoklahomanews.com,mediascopeAll/EC_Oklahoma_News.png,2026-06-20 20:35:03,USA,MIXED,,RIGHT-CENTER,Questionable Source
ECU Center for Survey Research,https://surveyresearch.ecu.edu,mediascopeAll/ECU_Center_for_Survey_Research.png,2026-06-03 19:30:21,USA,MOSTLY FACTUAL,1,LEFT-CENTER,
ESG Dive,https://esgdive.com,mediascopeAll/ESG_Dive.png,2026-06-03 19:30:58,USA,HIGH,1,LEAST BIASED,
EUvsDisinfo,https://euvsdisinfo.eu,mediascopeAll/EUvsDisinfo.png,2026-06-08 18:12:30,,MOSTLY FACTUAL,,LEFT-CENTER,
Eagle Valley Times,http://eaglevalleytimes.com,mediascopeAll/Eagle_Valley_Times.png,2026-06-20 20:20:41,USA,MIXED,,RIGHT-CENTER,Questionable Source
Earth.org,https://earth.org,mediascopeAll/Earth.org.png,2026-06-08 18:13:09,,MOSTLY FACTUAL,,LEFT-CENTER,
EarthJustice,https://earthjustice.org,mediascopeAll/EarthJustice.png,2026-06-03 19:30:47,USA,HIGH,1,LEFT-CENTER,
East Arapahoe News,http://eastarapahoenews.com,mediascopeAll/East_Arapahoe_News.png,2026-06-20 20:51:13,USA,MIXED,,RIGHT-CENTER,Questionable Source
East Arizona News,http://eastarizonanews.com,mediascopeAll/East_Arizona_News.png,2026-06-20 19:50:58,USA,MIXED,,RIGHT-CENTER,Questionable Source
East Central Alabama News,http://ecalabamanews.com,mediascopeAll/East_Central_Alabama_News.png,2026-06-20 21:07:29,USA,MIXED,,RIGHT-CENTER,Questionable Source
East Central Iowa News,https://eciowanews.com,mediascopeAll/East_Central_Iowa_News.png,2026-06-08 18:13:38,USA,MIXED,,RIGHT-CENTER,Questionable Source
East Central Reporter,http://eastcentralreporter.com,mediascopeAll/East_Central_Reporter.png,2026-06-20 19:54:24,USA,MIXED,,RIGHT-CENTER,Questionable Source
East Cleveland News,http://eastclevelandnews.com,mediascopeAll/East_Cleveland_News.png,2026-06-20 20:05:17,USA,MIXED,,RIGHT-CENTER,Questionable Source
East Contra Costa News,http://eastcontracostanews.com,mediascopeAll/East_Contra_Costa_News.png,2026-06-20 19:02:48,USA,MIXED,,RIGHT-CENTER,Questionable Source
East Hillsborough News,http://easthillsboroughnews.com,mediascopeAll/East_Hillsborough_News.png,2026-06-20 19:48:22,USA,MIXED,,RIGHT-CENTER,Questionable Source
East Hudson Valley News,http://easthudvalleynews.com,mediascopeAll/East_Hudson_Valley_News.png,2026-06-20 21:42:30,USA,MIXED,,RIGHT-CENTER,Questionable Source
East Idaho Times,http://eastidahotimes.com,mediascopeAll/East_Idaho_Times.png,2026-06-20 21:09:04,USA,MIXED,,RIGHT-CENTER,Questionable Source
East Indy News,http://eastindynews.com,mediascopeAll/East_Indy_News.png,2026-06-20 20:42:17,USA,MIXED,,RIGHT-CENTER,Questionable Source
East Kentucky Times,http://eastkentuckytimes.com,mediascopeAll/East_Kentucky_Times.png,2026-06-20 20:49:27,USA,MIXED,,RIGHT-CENTER,Questionable Source
East Lake Norman News,http://eastlakenormannews.com,mediascopeAll/East_Lake_Norman_News.png,2026-06-20 20:58:50,USA,MIXED,,RIGHT-CENTER,Questionable Source
East Little Rock Times,http://eastlittlerocktimes.com,mediascopeAll/East_Little_Rock_Times.png,2026-06-20 21:14:03,USA,MIXED,,RIGHT-CENTER,Questionable Source
East London and West Essex Guardian,https://guardian-series.co.uk,mediascopeAll/East_London_and_West_Essex_Guardian.png,2026-06-03 19:31:52,,HIGH,1,LEAST BIASED,
East Lothian Courier,https://eastlothiancourier.com,mediascopeAll/East_Lothian_Courier.png,2026-06-03 19:32:19,,HIGH,1,LEAST BIASED,
East Louisville News,http://eastlouisvillenews.com,mediascopeAll/East_Louisville_News.png,2026-06-20 20:23:53,USA,MIXED,,RIGHT-CENTER,Questionable Source
East Michigan News,http://eastmichigannews.com,mediascopeAll/East_Michigan_News.png,2026-06-20 19:52:01,USA,MIXED,,RIGHT-CENTER,Questionable Source
East New Mexico News,http://eastnewmexiconews.com,mediascopeAll/East_New_Mexico_News.png,2026-06-20 21:41:47,USA,MIXED,,RIGHT-CENTER,Questionable Source
East OKC News,http://eastokcnews.com,mediascopeAll/East_OKC_News.png,2026-06-20 21:12:46,USA,MIXED,,RIGHT-CENTER,Questionable Source
East Oregon News,http://eastoregonnews.com,mediascopeAll/East_Oregon_News.png,2026-06-20 20:07:08,USA,MIXED,,RIGHT-CENTER,Questionable Source
East PDX Today,http://eastpdxtoday.com,mediascopeAll/East_PDX_Today.png,2026-06-20 19:27:34,USA,MIXED,,RIGHT-CENTER,Questionable Source
East Panhandle News,http://eastpanhandlenews.com,mediascopeAll/East_Panhandle_News.png,2026-06-20 19:12:23,USA,MIXED,,RIGHT-CENTER,Questionable Source
East Pennyroyal News,http://eastpennyroyalnews.com,mediascopeAll/East_Pennyroyal_News.png,2026-06-20 21:52:46,USA,MIXED,,RIGHT-CENTER,Questionable Source
East SBV Times,http://eastsbvtimes.com,mediascopeAll/East_SBV_Times.png,2026-06-20 20:46:45,USA,MIXED,,RIGHT-CENTER,Questionable Source
East SFV Today,http://eastsfvtoday.com,mediascopeAll/East_SFV_Today.png,2026-06-20 21:06:09,USA,MIXED,,RIGHT-CENTER,Questionable Source
East San Diego News,http://eastsandiegonews.com,mediascopeAll/East_San_Diego_News.png,2026-06-20 20:13:47,USA,MIXED,,RIGHT-CENTER,Questionable Source
East Sierra News,http://eastsierranews.com,mediascopeAll/East_Sierra_News.png,2026-06-20 22:17:14,USA,MIXED,,RIGHT-CENTER,Questionable Source
East Stark News,http://eaststarknews.com,mediascopeAll/East_Stark_News.png,2026-06-20 20:57:26,USA,MIXED,,RIGHT-CENTER,Questionable Source
East Twin Cities,http://easttwincities.com,mediascopeAll/East_Twin_Cities.png,2026-06-20 20:59:27,USA,MIXED,,RIGHT-CENTER,Questionable Source
East Volusia News,http://eastvolusianews.com,mediascopeAll/East_Volusia_News.png,2026-06-20 20:41:43,USA,MIXED,,RIGHT-CENTER,Questionable Source
East Wake Times,http://Eastwaketimes.com,mediascopeAll/East_Wake_Times.png,2026-06-20 21:11:55,USA,MIXED,,RIGHT-CENTER,Questionable Source
East-West Center,https://eastwestcenter.org,mediascopeAll/East-West_Center.png,2026-06-03 19:31:27,USA,HIGH,1,LEFT-CENTER,
Eastern Wayne Today,http://easternwaynetoday.com,mediascopeAll/Eastern_Wayne_Today.png,2026-06-20 20:57:18,USA,MIXED,,RIGHT-CENTER,Questionable Source
Easton Gazette,http://eastongazette.com,mediascopeAll/Easton_Gazette.png,2026-06-20 19:25:26,USA,LOW,,EXTREME RIGHT,Questionable Source
Echo Check,http://echocheck.org,mediascopeAll/Echo_Check.png,2026-06-20 20:47:01,USA,VERY LOW,,EXTREME RIGHT,Questionable Source
Eckville Echo,https://eckvilleecho.com,mediascopeAll/Eckville_Echo.png,2026-06-03 19:32:08,,HIGH,1,LEFT-CENTER,
Ecology News,https://ecology.news,mediascopeAll/Ecology_News.png,2026-06-03 19:32:44,USA,VERY LOW,0,RIGHT,
Econofact,https://econofact.org,mediascopeAll/Econofact.png,2026-06-03 19:32:15,USA,HIGH,1,LEFT-CENTER,
Economic Policy Institute,https://epi.org,mediascopeAll/Economic_Policy_Institute.png,2026-06-03 19:32:28,USA,HIGH,1,LEFT-CENTER,
Economist Intelligence Unit,https://eiu.com,mediascopeAll/Economist_Intelligence_Unit.png,2026-06-03 19:35:55,,HIGH,1,LEAST BIASED,
Ecowatch,https://ecowatch.com,mediascopeAll/Ecowatch.png,2026-06-08 18:18:59,USA,MOSTLY FACTUAL,,LEFT,
EdScoop,https://edscoop.com,mediascopeAll/EdScoop.png,2026-06-03 19:33:00,USA,HIGH,1,LEAST BIASED,
Edmonton Journal,https://edmontonjournal.com,mediascopeAll/Edmonton_Journal.png,2026-06-03 19:33:43,,HIGH,1,RIGHT-CENTER,
Edmonton Sun,https://edmontonsun.com,mediascopeAll/Edmonton_Sun.png,2026-06-03 19:34:04,,HIGH,1,RIGHT-CENTER,
Education Daily Wire,http://educationdailywire.com,mediascopeAll/Education_Daily_Wire.png,2026-06-20 19:12:09,USA,MIXED,,RIGHT-CENTER,Questionable Source
Education Next,https://educationnext.org,mediascopeAll/Education_Next.png,2026-06-08 18:19:21,USA,MOSTLY FACTUAL,,RIGHT-CENTER,
Education Week,https://edweek.org,mediascopeAll/Education_Week.png,2026-06-03 19:34:17,USA,HIGH,1,LEFT-CENTER,
Educators Technology,https://educatorstechnology.com,mediascopeAll/Educators_Technology.png,2026-06-03 19:34:03,,HIGH,1,LEFT-CENTER,
Egberto Willies,https://egbertowillies.com,mediascopeAll/Egberto_Willies.png,2026-06-03 19:35:12,USA,HIGH,1,LEFT,
Egyptian Streets,https://egyptianstreets.com,mediascopeAll/Egyptian_Streets.png,2026-06-08 18:19:23,,MIXED,,LEFT-CENTER,
El Nuevo Dia,https://elnuevodia.com,mediascopeAll/El_Nuevo_Dia.png,2026-06-03 19:35:14,,HIGH,1,LEAST BIASED,
El Paso Times,https://elpasotimes.com,mediascopeAll/El_Paso_Times.png,2026-06-03 19:35:38,USA,HIGH,1,LEFT-CENTER,
Electoral-Vote.com,https://electoral-vote.com,mediascopeAll/Electoral-Vote.com.png,2026-06-03 19:35:30,,HIGH,1,LEFT,
Electronic Intifada,https://electronicintifada.net,mediascopeAll/Electronic_Intifada.png,2026-06-08 18:19:40,USA,MOSTLY FACTUAL,,LEFT,
Elite Daily,https://elitedaily.com,mediascopeAll/Elite_Daily.png,2026-06-08 18:19:44,USA,MIXED,,LEFT,
Elizabeth City Daily Advance,https://dailyadvance.com,mediascopeAll/Elizabeth_City_Daily_Advance.png,2026-06-03 23:17:00,USA,HIGH,1,LEFT-CENTER,
Elizabethtown Times,http://elizabethtowntimes.com,mediascopeAll/Elizabethtown_Times.png,2026-06-20 22:22:04,USA,MIXED,,RIGHT-CENTER,Questionable Source
Elkhart Times,http://elkharttimes.com,mediascopeAll/Elkhart_Times.png,2026-06-20 21:52:29,USA,MIXED,,RIGHT-CENTER,Questionable Source
Elko Daily Free Press,https://elkodaily.com,mediascopeAll/Elko_Daily_Free_Press.png,2026-06-03 23:48:40,USA,HIGH,1,LEAST BIASED,
Elliot Lake Standard,https://elliotlakestandard.ca,mediascopeAll/Elliot_Lake_Standard.png,2026-06-03 19:36:10,,HIGH,1,RIGHT-CENTER,
Ellwood City Ledger,https://ellwoodcityledger.com,mediascopeAll/Ellwood_City_Ledger.png,2026-06-03 19:36:56,USA,HIGH,1,LEFT-CENTER,
Eluxe Magazine,https://eluxemagazine.com,mediascopeAll/Eluxe_Magazine.png,2026-06-08 18:20:41,,MIXED,,LEFT,
Emerald Coast Times,http://emeraldcoasttimes.com,mediascopeAll/Emerald_Coast_Times.png,2026-06-20 22:11:34,USA,MIXED,,RIGHT-CENTER,Questionable Source
Emerging Europe,https://emerging-europe.com,mediascopeAll/Emerging_Europe.png,2026-06-08 18:21:54,,MOSTLY FACTUAL,,LEFT-CENTER,
Emirates 24/7,http://emirates247.com,mediascopeAll/Emirates_24_7.png,2026-06-20 21:49:04,United Arab Emirates,MIXED,,RIGHT-CENTER,Questionable Source
Empire State Today,http://empirestatetoday.com,mediascopeAll/Empire_State_Today.png,2026-06-20 19:40:41,USA,MIXED,,RIGHT-CENTER,Questionable Source
Empty Wheel,https://emptywheel.net,mediascopeAll/Empty_Wheel.png,2026-06-03 19:36:10,USA,HIGH,1,LEFT-CENTER,
Enchantment State News,http://enchantmentstatenews.com,mediascopeAll/Enchantment_State_News.png,2026-06-20 19:58:06,USA,MIXED,,RIGHT-CENTER,Questionable Source
Encyclopedia Britannica,https://britannica.com,mediascopeAll/Encyclopedia_Britannica.png,2026-06-03 19:36:31,USA,HIGH,1,LEAST BIASED,
End Time Headlines,https://endtimeheadlines.org,mediascopeAll/End_Time_Headlines.png,2026-06-08 18:23:57,USA,MOSTLY FACTUAL,,RIGHT-CENTER,
Energy Citizens,https://energycitizens.org,mediascopeAll/Energy_Citizens.png,2026-06-08 18:24:04,USA,MIXED,,RIGHT,
Enfield Independent,https://enfieldindependent.co.uk,mediascopeAll/Enfield_Independent.png,2026-06-03 19:37:24,,HIGH,1,LEAST BIASED,
Engadget,https://engadget.com,mediascopeAll/Engadget.png,2026-06-03 19:40:14,USA,HIGH,1,LEFT-CENTER,
Enniskillen Impartial Reporter,https://impartialreporter.com,mediascopeAll/Enniskillen_Impartial_Reporter.png,2026-06-03 19:37:52,,HIGH,1,LEAST BIASED,
Entertainment Weekly,https://ew.com,mediascopeAll/Entertainment_Weekly.png,2026-06-03 19:37:39,USA,HIGH,1,LEFT-CENTER,
Enumclaw Courier-Herald,https://courierherald.com,mediascopeAll/Enumclaw_Courier-Herald.png,2026-06-03 19:38:24,USA,HIGH,1,LEAST BIASED,
Environmental Defense Fund,https://edf.org,mediascopeAll/Environmental_Defense_Fund.png,2026-06-03 19:38:02,USA,HIGH,1,LEFT-CENTER,
Erie Times-News,https://goerie.com,mediascopeAll/Erie_Times-News.png,2026-06-03 19:39:26,USA,HIGH,1,LEAST BIASED,
Escape all these Things,https://escapeallthesethings.com,mediascopeAll/Escape_all_these_Things.png,2026-06-03 19:39:37,USA,LOW,0,RIGHT,
Esquire Magazine,https://esquire.com,mediascopeAll/Esquire_Magazine.png,2026-06-08 18:24:52,USA,MIXED,,LEFT,
Eurasia Group,https://eurasiagroup.net,mediascopeAll/Eurasia_Group.png,2026-06-03 19:39:08,USA,HIGH,1,LEFT-CENTER,
Euro-Med Human Rights Monitor,https://euromedmonitor.org,mediascopeAll/Euro-Med_Human_Rights_Monitor.png,2026-06-08 18:25:17,,MOSTLY FACTUAL,,LEFT,
EuroWeekly News,https://euroweeklynews.com,mediascopeAll/EuroWeekly_News.png,2026-06-08 18:25:35,,MOSTLY FACTUAL,,LEFT-CENTER,
Euro|Topics,https://eurotopics.net,mediascopeAll/Euro_Topics.png,2026-06-08 18:25:48,,MOSTLY FACTUAL,,LEAST BIASED,
Euronews,https://euronews.com,mediascopeAll/Euronews.png,2026-06-03 23:49:03,,MOSTLY FACTUAL,1,LEFT-CENTER,
Everytown for Gun Safety,http://everytown.org/,mediascopeAll/Everytown_for_Gun_Safety.png,2026-06-20 19:03:07,USA,MIXED,,LEFT,Questionable Source
Evesham Journal,https://eveshamjournal.co.uk,mediascopeAll/Evesham_Journal.png,2026-06-03 19:40:44,,HIGH,1,LEAST BIASED,
Evil.News,https://evil.news,mediascopeAll/Evil.News.png,2026-06-03 23:48:41,USA,LOW,0,EXTREME RIGHT,Questionable Source
Evonomics,https://evonomics.com,mediascopeAll/Evonomics.png,2026-06-03 19:40:49,USA,HIGH,1,LEFT,
Exeter Lakeshore Times-Advance,https://lakeshoreadvance.com,mediascopeAll/Exeter_Lakeshore_Times-Advance.png,2026-06-03 19:40:59,,HIGH,1,RIGHT-CENTER,
Exopolitics,https://exopolitics.org,mediascopeAll/Exopolitics.png,2026-06-03 19:41:06,USA,LOW,0,RIGHT,
Exposed by CMD,https://exposedbycmd.org,mediascopeAll/Exposed_by_CMD.png,2026-06-03 23:48:47,USA,HIGH,1,LEFT,
Exposing the Truth,https://exposingtruth.com,mediascopeAll/Exposing_the_Truth.png,2026-06-03 19:41:04,,HIGH,1,LEFT-CENTER,
Extinction.News,https://extinction.news,mediascopeAll/Extinction.News.png,2026-06-03 23:48:53,USA,VERY LOW,0,RIGHT,
FDA Reporter,http://fdareporter.com,mediascopeAll/FDA_Reporter.png,2026-06-20 19:52:01,USA,MIXED,,RIGHT-CENTER,Questionable Source
FDA.News,https://fda.news,mediascopeAll/FDA.News.png,2026-06-03 19:41:31,USA,VERY LOW,0,RIGHT,
FDD's Long War Journal,https://longwarjournal.org,mediascopeAll/FDD_s_Long_War_Journal.png,2026-06-03 19:41:37,USA,HIGH,1,RIGHT-CENTER,
Facilities Dive,https://facilitiesdive.com,mediascopeAll/Facilities_Dive.png,2026-06-03 19:42:44,USA,HIGH,1,LEAST BIASED,
Fact Checking Turkey,http://factcheckingturkey.com,mediascopeAll/Fact_Checking_Turkey.png,2026-06-20 20:10:20,Turkey,MIXED,,RIGHT,Questionable Source
Fact/Myth,https://factmyth.com,mediascopeAll/Fact_Myth.png,2026-06-03 19:43:13,USA,HIGH,1,LEFT-CENTER,
FactCheck.News,https://factcheck.news,mediascopeAll/FactCheck.News.png,2026-06-03 23:48:56,USA,VERY LOW,0,RIGHT,
FactCheck.org,https://factcheck.org,mediascopeAll/FactCheck.org.png,2026-06-03 19:42:15,USA,VERY HIGH,1,LEAST BIASED,
FactCheckNI,https://factcheckni.org,mediascopeAll/FactCheckNI.png,2026-06-03 19:42:21,,HIGH,1,LEAST BIASED,
Factchecker.in,https://factchecker.in,mediascopeAll/Factchecker.in.png,2026-06-03 19:42:35,,HIGH,1,LEAST BIASED,
Facts and Logic about the Middle East,https://factsandlogic.org,mediascopeAll/Facts_and_Logic_about_the_Middle_East.png,2026-06-08 18:27:43,USA,MIXED,,RIGHT,
Facts.Net,https://facts.net,mediascopeAll/Facts.Net.png,2026-06-08 18:28:02,,MIXED,,LEAST BIASED,Questionable Source
FairPlanet,https://fairplanet.org,mediascopeAll/FairPlanet.png,2026-06-08 18:28:45,,MOSTLY FACTUAL,,LEFT,
Fairfield Reporter,http://fairfieldreporter.com,mediascopeAll/Fairfield_Reporter.png,2026-06-20 21:33:02,USA,MIXED,,RIGHT-CENTER,Questionable Source
Fairport Educational Alliance,http://fairporteducationalalliance.org,mediascopeAll/Fairport_Educational_Alliance.png,2026-06-20 22:14:00,USA,MIXED,,RIGHT,Questionable Source
Faith & Freedom Coalition,https://ffcoalition.com,mediascopeAll/Faith_Freedom_Coalition.png,2026-06-08 18:30:27,USA,MIXED,,RIGHT,
Faith Family America,https://faithfamilyamerica.com,mediascopeAll/Faith_Family_America.png,2026-06-08 18:30:54,USA,MIXED,,RIGHT-CENTER,
FaithWire,https://faithwire.com,mediascopeAll/FaithWire.png,2026-06-08 18:31:18,USA,MIXED,,RIGHT,
Falmouth Packet,https://falmouthpacket.co.uk,mediascopeAll/Falmouth_Packet.png,2026-06-03 19:44:01,,HIGH,1,LEAST BIASED,
FanSided,https://fansided.com,mediascopeAll/FanSided.png,2026-06-08 18:31:38,USA,MOSTLY FACTUAL,,LEFT-CENTER,
Fargo Standard,http://fargostandard.com,mediascopeAll/Fargo_Standard.png,2026-06-20 20:01:38,USA,MIXED,,RIGHT-CENTER,Questionable Source
Farm Insurance News,http://farminsurancenews.com,mediascopeAll/Farm_Insurance_News.png,2026-06-20 20:02:49,USA,MIXED,,RIGHT-CENTER,Questionable Source
FashionDive,https://fashiondive.com,mediascopeAll/FashionDive.png,2026-06-03 19:43:18,USA,HIGH,1,LEAST BIASED,
Fayetteville Standard,http://fayettevillestandard.com,mediascopeAll/Fayetteville_Standard.png,2026-06-20 21:28:57,USA,MIXED,,RIGHT-CENTER,Questionable Source
Fayetteville Today,http://fayettevilletoday.com,mediascopeAll/Fayetteville_Today.png,2026-06-20 21:06:47,USA,MIXED,,RIGHT-CENTER,Questionable Source
FedScoop,https://fedscoop.com,mediascopeAll/FedScoop.png,2026-06-03 19:43:34,,HIGH,1,LEAST BIASED,
Federal News Network,https://federalnewsnetwork.com,mediascopeAll/Federal_News_Network.png,2026-06-03 19:43:58,USA,HIGH,1,LEAST BIASED,
Federal Way Mirror,https://federalwaymirror.com,mediascopeAll/Federal_Way_Mirror.png,2026-06-03 19:44:20,USA,HIGH,1,LEAST BIASED,
Federalist Press,http://federalistpress.com,mediascopeAll/Federalist_Press.png,2026-06-20 21:16:55,USA,MIXED,,RIGHT,Questionable Source
Federalist Society,https://fedsoc.org,mediascopeAll/Federalist_Society.png,2026-06-08 18:34:29,USA,MIXED,,RIGHT,
Felix Rex,http://felixrex.net,mediascopeAll/Felix_Rex.png,2026-06-20 19:03:12,Canada,LOW,,EXTREME RIGHT,Questionable Source
Fernie Free Press,https://thefreepress.ca,mediascopeAll/Fernie_Free_Press.png,2026-06-03 19:44:24,,HIGH,1,LEFT-CENTER,
Fight the New Drug,https://fightthenewdrug.org,mediascopeAll/Fight_the_New_Drug.png,2026-06-08 18:35:10,USA,MIXED,,RIGHT,
Filter Magazine,https://filtermag.org,mediascopeAll/Filter_Magazine.png,2026-06-08 18:35:22,USA,MOSTLY FACTUAL,,LEFT-CENTER,
Financial Tech Times,https://financialtechtimes.com,mediascopeAll/Financial_Tech_Times.png,2026-06-08 18:35:47,USA,MOSTLY FACTUAL,,LEFT-CENTER,
Findlay Times,http://findlaytimes.com,mediascopeAll/Findlay_Times.png,2026-06-20 19:30:53,USA,MIXED,,RIGHT-CENTER,Questionable Source
Finger Lakes Today,http://fingerlakestoday.com,mediascopeAll/Finger_Lakes_Today.png,2026-06-20 19:45:23,USA,MIXED,,RIGHT-CENTER,Questionable Source
First Coast News,https://firstcoastnews.com,mediascopeAll/First_Coast_News.png,2026-06-03 19:46:03,USA,HIGH,1,LEAST BIASED,
First State Times,http://firststatetimes.com,mediascopeAll/First_State_Times.png,2026-06-20 21:38:53,USA,MIXED,,RIGHT-CENTER,Questionable Source
First Things Magazine,https://firstthings.com,mediascopeAll/First_Things_Magazine.png,2026-06-08 18:37:10,USA,MIXED,,RIGHT,
Fitchburg Sentinel & Enterprise,https://sentinelandenterprise.com,mediascopeAll/Fitchburg_Sentinel_Enterprise.png,2026-06-04 00:08:58,USA,HIGH,1,LEAST BIASED,
Floricua,http://floricuanews.com,mediascopeAll/Floricua.png,2026-06-20 19:20:21,USA,MIXED,,LEFT-CENTER,Questionable Source
Florida Business Daily,https://businessdailynetwork.com/states/fl,mediascopeAll/Florida_Business_Daily.png,2026-06-08 18:37:52,USA,MIXED,,RIGHT-CENTER,
Florida Capital Star,http://floridacapitalstar.com,mediascopeAll/Florida_Capital_Star.png,2026-06-20 19:21:13,USA,MIXED,,RIGHT,Questionable Source
Florida Parish News,http://floridaparishnews.com,mediascopeAll/Florida_Parish_News.png,2026-06-20 20:18:05,USA,MIXED,,RIGHT-CENTER,Questionable Source
Florida's Voice,https://flvoicenews.com,mediascopeAll/Florida_s_Voice.png,2026-06-08 18:38:41,USA,MIXED,,RIGHT,
Focus on the Family,http://www.focusonthefamily.com,mediascopeAll/Focus_on_the_Family.png,2026-06-20 22:05:35,USA,LOW,,EXTREME RIGHT,Questionable Source
FoodDive,https://fooddive.com,mediascopeAll/FoodDive.png,2026-06-03 19:45:38,USA,HIGH,1,LEAST BIASED,
Foothills Review,http://foothillsreview.com,mediascopeAll/Foothills_Review.png,2026-06-20 19:33:04,USA,MIXED,,RIGHT-CENTER,Questionable Source
Fort Smith Times,http://fortsmithtimes.com,mediascopeAll/Fort_Smith_Times.png,2026-06-20 19:41:03,USA,MIXED,,RIGHT-CENTER,Questionable Source
Foster's Daily Democrat,https://fosters.com,mediascopeAll/Foster_s_Daily_Democrat.png,2026-06-03 19:46:48,USA,HIGH,1,LEAST BIASED,
Foundation for Defense of Democracies,https://fdd.org,mediascopeAll/Foundation_for_Defense_of_Democracies.png,2026-06-08 18:39:59,USA,MOSTLY FACTUAL,,RIGHT,
Foundation for Economic Education,https://fee.org,mediascopeAll/Foundation_for_Economic_Education.png,2026-06-08 18:40:43,USA,MOSTLY FACTUAL,,RIGHT-CENTER,
Fox Business,https://foxbusiness.com,mediascopeAll/Fox_Business.png,2026-06-08 18:41:09,USA,MIXED,,RIGHT-CENTER,
France 24,https://france24.com,mediascopeAll/France_24.png,2026-06-03 19:49:21,,HIGH,1,LEAST BIASED,
Franciscan Media,https://franciscanmedia.org,mediascopeAll/Franciscan_Media.png,2026-06-08 18:42:36,USA,MOSTLY FACTUAL,,LEFT-CENTER,
FreePress.org,https://freepress.org,mediascopeAll/FreePress.org.png,2026-06-08 18:47:16,USA,MIXED,,LEFT,
Freedom From Religion Foundation,https://ffrf.org,mediascopeAll/Freedom_From_Religion_Foundation.png,2026-06-08 18:47:44,USA,MIXED,,LEFT,
Fremont News-Messenger,https://thenews-messenger.com,mediascopeAll/Fremont_News-Messenger.png,2026-06-03 19:46:59,USA,HIGH,1,LEFT-CENTER,
Fresh off the Press,http://freshoffthepress.org,mediascopeAll/Fresh_off_the_Press.png,2026-06-20 22:24:26,USA,MIXED,,RIGHT,Questionable Source
Fresno Leader,http://fresnoleader.com,mediascopeAll/Fresno_Leader.png,2026-06-20 21:30:09,USA,MIXED,,RIGHT-CENTER,Questionable Source
Frontpage Newspaper,http://frontpagenewspaper.com,mediascopeAll/Frontpage_Newspaper.png,2026-06-20 20:15:45,USA,MIXED,,RIGHT-CENTER,Questionable Source
Full Fact UK,https://fullfact.org,mediascopeAll/Full_Fact_UK.png,2026-06-03 19:46:16,,HIGH,1,LEAST BIASED,
Fully Human,https://fully-human.org,mediascopeAll/Fully_Human.png,2026-06-03 19:46:52,,VERY LOW,0,RIGHT,
GTR Times,http://gtrtimes.com,mediascopeAll/GTR_Times.png,2026-06-20 21:22:40,USA,MIXED,,RIGHT-CENTER,Questionable Source
GZERO Media,https://gzeromedia.com,mediascopeAll/GZERO_Media.png,2026-06-03 19:47:38,USA,HIGH,1,LEFT-CENTER,
Gadsden Today,http://gadsdentoday.com,mediascopeAll/Gadsden_Today.png,2026-06-20 22:13:27,USA,MIXED,,RIGHT-CENTER,Questionable Source
Gainesville Sun,https://gainesville.com,mediascopeAll/Gainesville_Sun.png,2026-06-03 19:48:16,USA,HIGH,1,LEFT-CENTER,
Galesburg Reporter,http://galesburgreporter.com,mediascopeAll/Galesburg_Reporter.png,2026-06-20 19:39:12,USA,MIXED,,RIGHT-CENTER,Questionable Source
Gallup,https://gallup.com,mediascopeAll/Gallup.png,2026-06-08 18:53:40,USA,MOSTLY FACTUAL,,LEAST BIASED,
Gananoque Reporter,https://gananoquereporter.com,mediascopeAll/Gananoque_Reporter.png,2026-06-03 19:47:44,,HIGH,1,RIGHT-CENTER,
Garden State Times,http://gardenstatetimes.com,mediascopeAll/Garden_State_Times.png,2026-06-20 20:26:22,USA,MIXED,,RIGHT-CENTER,Questionable Source
Gastonia Times,http://gastoniatimes.com,mediascopeAll/Gastonia_Times.png,2026-06-20 20:57:03,USA,MIXED,,RIGHT-CENTER,Questionable Source
Gatestone Institute,http://www.gatestoneinstitute.org,mediascopeAll/Gatestone_Institute.png,2026-06-20 21:17:54,USA,MIXED,,EXTREME RIGHT,Questionable Source
Gear.News,https://gear.news,mediascopeAll/Gear.News.png,2026-06-03 23:49:01,USA,VERY LOW,0,RIGHT,
Gem State Wire,http://gemstatewire.com,mediascopeAll/Gem_State_Wire.png,2026-06-20 19:04:02,USA,MIXED,,RIGHT-CENTER,Questionable Source
Genesee News,http://geneseenews.com,mediascopeAll/Genesee_News.png,2026-06-20 22:31:03,USA,MIXED,,RIGHT-CENTER,Questionable Source
Geopolitical Economy Report,https://geopoliticaleconomy.com,mediascopeAll/Geopolitical_Economy_Report.png,2026-06-08 18:56:26,USA,MIXED,,LEFT,
Geopolitical Intelligence Services,https://gisreportsonline.com,mediascopeAll/Geopolitical_Intelligence_Services.png,2026-06-08 18:56:39,,MOSTLY FACTUAL,,RIGHT-CENTER,
Geopolitical Monitor,https://geopoliticalmonitor.com,mediascopeAll/Geopolitical_Monitor.png,2026-06-08 18:56:52,,MOSTLY FACTUAL,,LEFT-CENTER,
George Record,https://georgiarecord.com,mediascopeAll/George_Record.png,2026-06-03 23:49:33,USA,LOW,0,EXTREME RIGHT,Questionable Source
Georgia Business Daily,http://businessdailynetwork.com/states/ga,mediascopeAll/Georgia_Business_Daily.png,2026-06-20 20:32:09,USA,MIXED,,RIGHT-CENTER,Questionable Source
Georgia Mountain News,http://georgiamountainnews.com,mediascopeAll/Georgia_Mountain_News.png,2026-06-20 19:40:17,USA,MIXED,,RIGHT-CENTER,Questionable Source
Georgia Star News,http://georgiastarnews.com,mediascopeAll/Georgia_Star_News.png,2026-06-20 20:23:03,USA,MIXED,,RIGHT,Questionable Source
Gephardt Daily,http://gephardtdaily.com,mediascopeAll/Gephardt_Daily.png,2026-06-20 19:04:12,USA,HIGH,,LEAST BIASED,Questionable Source
Gingrich 360,http://gingrich360.com,mediascopeAll/Gingrich_360.png,2026-06-20 19:49:44,USA,LOW,,RIGHT,Questionable Source
GiveSendGo,http://givesendgo.com,mediascopeAll/GiveSendGo.png,2026-06-20 19:41:17,USA,MIXED,,EXTREME RIGHT,Questionable Source
Glacier Country News,http://glaciercountrynews.com,mediascopeAll/Glacier_Country_News.png,2026-06-20 22:03:17,USA,MIXED,,RIGHT-CENTER,Questionable Source
Glasgow Times,https://glasgowtimes.co.uk,mediascopeAll/Glasgow_Times.png,2026-06-03 19:50:16,,HIGH,1,LEAST BIASED,
Global Citizen,https://globalcitizen.org,mediascopeAll/Global_Citizen.png,2026-06-03 19:49:32,USA,HIGH,1,LEFT-CENTER,
Gloucester Today,http://gloucestertoday.com,mediascopeAll/Gloucester_Today.png,2026-06-20 20:56:46,USA,MIXED,,RIGHT-CENTER,Questionable Source
Goderich Signal-Star,https://goderichsignalstar.com,mediascopeAll/Goderich_Signal-Star.png,2026-06-03 19:49:45,,HIGH,1,RIGHT-CENTER,
Gold Country Today,http://goldcountrytoday.com,mediascopeAll/Gold_Country_Today.png,2026-06-20 19:55:20,USA,MIXED,,RIGHT-CENTER,Questionable Source
Golden State Today,http://goldenstatetoday.com,mediascopeAll/Golden_State_Today.png,2026-06-20 19:48:22,USA,MIXED,,RIGHT-CENTER,Questionable Source
Grand Canyon Times,http://grandcanyontimes.com,mediascopeAll/Grand_Canyon_Times.png,2026-06-20 20:24:30,USA,MIXED,,RIGHT-CENTER,Questionable Source
Grand Forks Gazette,https://grandforksgazette.ca,mediascopeAll/Grand_Forks_Gazette.png,2026-06-03 19:49:48,,HIGH,1,LEFT-CENTER,
Grand Junction Times,http://grandjunctiontimes.com,mediascopeAll/Grand_Junction_Times.png,2026-06-20 21:16:51,USA,MIXED,,RIGHT-CENTER,Questionable Source
Grand Rapids Reporter,http://grandrapidsreporter.com,mediascopeAll/Grand_Rapids_Reporter.png,2026-06-20 22:22:28,USA,MIXED,,RIGHT-CENTER,Questionable Source
Granite Grok,http://granitegrok.com,mediascopeAll/Granite_Grok.png,2026-06-20 19:54:07,USA,LOW,,RIGHT,Questionable Source
Granite Post,http://granitepostnews.com,mediascopeAll/Granite_Post.png,2026-06-20 19:25:56,USA,MIXED,,LEFT-CENTER,Questionable Source
Granite State Times,https://granitestatetimes.com,mediascopeAll/Granite_State_Times.png,2026-06-08 19:02:40,USA,MIXED,,RIGHT-CENTER,
Great Lakes Wire,http://greatlakeswire.com,mediascopeAll/Great_Lakes_Wire.png,2026-06-20 21:47:41,USA,MIXED,,RIGHT-CENTER,Questionable Source
Greek Reporter,https://greekreporter.com,mediascopeAll/Greek_Reporter.png,2026-06-08 19:03:20,,MIXED,,RIGHT,
Green America,https://greenamerica.org,mediascopeAll/Green_America.png,2026-06-03 23:50:09,USA,HIGH,1,LEFT-CENTER,
Green Matters,https://greenmatters.com,mediascopeAll/Green_Matters.png,2026-06-08 19:03:42,USA,MIXED,,LEFT-CENTER,
Greene County Times,https://greenecotimes.com,mediascopeAll/Greene_County_Times.png,2026-06-08 19:05:10,USA,MIXED,,RIGHT-CENTER,
Greeneville Sun,https://greenevillesun.com,mediascopeAll/Greeneville_Sun.png,2026-06-03 23:50:56,USA,HIGH,1,LEFT-CENTER,
Greenfield Recorder,https://recorder.com,mediascopeAll/Greenfield_Recorder.png,2026-06-03 19:50:24,USA,HIGH,1,LEFT-CENTER,
Greenlining Institute,https://greenlining.org,mediascopeAll/Greenlining_Institute.png,2026-06-08 19:05:34,USA,MOSTLY FACTUAL,,LEFT,
Greenock Telegraph,https://greenocktelegraph.co.uk,mediascopeAll/Greenock_Telegraph.png,2026-06-03 19:51:44,,HIGH,1,LEAST BIASED,
Greensboro Reporter,http://greensbororeporter.com,mediascopeAll/Greensboro_Reporter.png,2026-06-20 19:54:34,USA,MIXED,,RIGHT-CENTER,Questionable Source
Greenville Reporter,http://greenvillereporter.com,mediascopeAll/Greenville_Reporter.png,2026-06-20 21:33:34,USA,MIXED,,RIGHT-CENTER,Questionable Source
Grey Bruce This Week,https://greybrucethisweek.ca,mediascopeAll/Grey_Bruce_This_Week.png,2026-06-03 19:51:25,,HIGH,1,RIGHT-CENTER,
Grit Daily News,https://gritdaily.com,mediascopeAll/Grit_Daily_News.png,2026-06-08 19:06:49,USA,MOSTLY FACTUAL,,LEFT-CENTER,
GroceryDive,https://grocerydive.com,mediascopeAll/GroceryDive.png,2026-06-03 19:51:44,USA,HIGH,1,LEAST BIASED,
Grundy Reporter,http://grundyreporter.com,mediascopeAll/Grundy_Reporter.png,2026-06-20 21:11:02,USA,MIXED,,RIGHT-CENTER,Questionable Source
Grunge.com,https://grunge.com,mediascopeAll/Grunge.com.png,2026-06-08 19:07:28,USA,MIXED,,LEFT-CENTER,Questionable Source
Guadalajara Post,http://theguadalajarapost.com,mediascopeAll/Guadalajara_Post.png,2026-06-20 19:04:41,Unknown,MIXED,,LEFT-CENTER,Questionable Source
Guardian Nigeria,http://guardian.ng,mediascopeAll/Guardian_Nigeria.png,2026-06-20 19:25:33,Nigeria,MIXED,,LEAST BIASED,Questionable Source
Guerrero Post,http://theguerreropost.com,mediascopeAll/Guerrero_Post.png,2026-06-20 19:04:44,Unknown,MIXED,,LEFT-CENTER,Questionable Source
Gwinnett Daily Post,https://gwinnettdailypost.com,mediascopeAll/Gwinnett_Daily_Post.png,2026-06-03 19:52:25,,HIGH,1,LEAST BIASED,
HR Daily Wire,http://hrdailywire.com,mediascopeAll/HR_Daily_Wire.png,2026-06-20 20:01:50,USA,MIXED,,RIGHT-CENTER,Questionable Source
HRDive,https://hrdive.com,mediascopeAll/HRDive.png,2026-06-03 19:52:54,USA,HIGH,1,LEAST BIASED,
Haaretz,https://haaretz.com,mediascopeAll/Haaretz.png,2026-06-03 19:53:06,,HIGH,1,LEFT,
Halstead Gazette,https://halsteadgazette.co.uk,mediascopeAll/Halstead_Gazette.png,2026-06-03 19:53:01,,HIGH,1,LEAST BIASED,
Hampshire Chronicle,https://hampshirechronicle.co.uk,mediascopeAll/Hampshire_Chronicle.png,2026-06-03 23:51:24,,HIGH,1,LEAST BIASED,
Hanover Evening Sun,https://eveningsun.com,mediascopeAll/Hanover_Evening_Sun.png,2026-06-03 19:53:59,USA,HIGH,1,LEFT-CENTER,
Hanover Post,https://thepost.on.ca,mediascopeAll/Hanover_Post.png,2026-06-03 19:53:44,,HIGH,1,RIGHT-CENTER,
Harford News,http://harfordnews.com,mediascopeAll/Harford_News.png,2026-06-20 20:06:15,USA,MIXED,,RIGHT-CENTER,Questionable Source
Harrow Times,https://harrowtimes.co.uk,mediascopeAll/Harrow_Times.png,2026-06-03 23:51:19,,HIGH,1,LEAST BIASED,
Hartford Reporter,http://hartfordreporter.com,mediascopeAll/Hartford_Reporter.png,2026-06-20 19:14:42,USA,MIXED,,RIGHT-CENTER,Questionable Source
Harwich and Manningtree Standard,https://harwichandmanningtreestandard.co.uk,mediascopeAll/Harwich_and_Manningtree_Standard.png,2026-06-03 19:54:50,,HIGH,1,LEAST BIASED,
Hawaii Business Daily,http://businessdailynetwork.com/states/hi,mediascopeAll/Hawaii_Business_Daily.png,2026-06-20 20:23:11,USA,MIXED,,RIGHT-CENTER,Questionable Source
Hawkeye Reporter,http://hawkeyereporter.com,mediascopeAll/Hawkeye_Reporter.png,2026-06-20 21:08:37,USA,MIXED,,RIGHT-CENTER,Questionable Source
HealthRangerInvenstions.com,https://healthrangerinventions.com,mediascopeAll/HealthRangerInvenstions.com.png,2026-06-03 23:50:45,USA,VERY LOW,0,RIGHT,
Heartland Institute,http://www.heartland.org,mediascopeAll/Heartland_Institute.png,2026-06-20 19:54:52,USA,LOW,,RIGHT,Questionable Source
Helensburgh Advertiser,https://helensburghadvertiser.co.uk,mediascopeAll/Helensburgh_Advertiser.png,2026-06-03 23:53:19,,HIGH,1,LEAST BIASED,
Hello Magazine,https://hellomagazine.com,mediascopeAll/Hello_Magazine.png,2026-06-08 19:15:51,,MIXED,,LEAST BIASED,
Herbs.News,https://herbs.news,mediascopeAll/Herbs.News.png,2026-06-03 23:51:08,USA,VERY LOW,0,RIGHT,
Hereford Times,https://herefordtimes.com,mediascopeAll/Hereford_Times.png,2026-06-03 23:52:52,,HIGH,1,LEAST BIASED,
Heritage Foundation,https://heritage.org,mediascopeAll/Heritage_Foundation.png,2026-06-08 19:17:09,USA,MIXED,,RIGHT,
Hernando Reporter,http://hernandoreporter.com,mediascopeAll/Hernando_Reporter.png,2026-06-20 20:30:47,USA,MIXED,,RIGHT-CENTER,Questionable Source
Hexham Courant,https://hexham-courant.co.uk,mediascopeAll/Hexham_Courant.png,2026-06-03 23:53:41,,HIGH,1,LEAST BIASED,
Hickory Sun,http://hickorysun.com,mediascopeAll/Hickory_Sun.png,2026-06-20 20:07:41,USA,MIXED,,RIGHT-CENTER,Questionable Source
High Country Times,http://highcountrytimes.com,mediascopeAll/High_Country_Times.png,2026-06-20 21:40:49,USA,MIXED,,RIGHT-CENTER,Questionable Source
Higher Education Tribune,http://highereducationtribune.com,mediascopeAll/Higher_Education_Tribune.png,2026-06-20 19:55:10,USA,MIXED,,RIGHT-CENTER,Questionable Source
HigherEd Dive,https://highereddive.com,mediascopeAll/HigherEd_Dive.png,2026-06-03 19:55:55,USA,HIGH,1,LEAST BIASED,
Hillsborough Sun,http://hillsboroughsun.com,mediascopeAll/Hillsborough_Sun.png,2026-06-20 22:24:24,USA,MIXED,,RIGHT-CENTER,Questionable Source
Hinds Today,https://hindstoday.com,mediascopeAll/Hinds_Today.png,2026-06-08 19:20:01,USA,MIXED,,RIGHT-CENTER,
Hindustan Times,http://www.hindustantimes.com,mediascopeAll/Hindustan_Times.png,2026-06-20 19:05:04,India,MIXED,,LEFT-CENTER,Questionable Source
History Today,https://historytoday.com,mediascopeAll/History_Today.png,2026-06-03 19:55:44,,HIGH,1,LEAST BIASED,
HistoryNet,https://historynet.com,mediascopeAll/HistoryNet.png,2026-06-08 19:21:59,USA,MOSTLY FACTUAL,,LEAST BIASED,
Hong Kong Free Press,https://hongkongfp.com,mediascopeAll/Hong_Kong_Free_Press.png,2026-06-03 19:55:51,,HIGH,1,LEFT-CENTER,
Hong Kong Standard,https://thestandard.com.hk,mediascopeAll/Hong_Kong_Standard.png,2026-06-08 19:22:42,,MIXED,,LEFT-CENTER,
Honolulu Civil Beat,https://civilbeat.org,mediascopeAll/Honolulu_Civil_Beat.png,2026-06-03 19:56:38,USA,HIGH,1,LEFT-CENTER,
Honolulu Reporter,http://honolulureporter.com,mediascopeAll/Honolulu_Reporter.png,2026-06-20 20:49:49,USA,MIXED,,RIGHT-CENTER,Questionable Source
Hoosier State Today,http://hoosierstatetoday.com,mediascopeAll/Hoosier_State_Today.png,2026-06-20 22:12:13,USA,MIXED,,RIGHT-CENTER,Questionable Source
Hoover Institution,https://hoover.org,mediascopeAll/Hoover_Institution.png,2026-06-03 19:57:19,USA,MIXED,1,RIGHT-CENTER,
Hope Not Hate,https://hopenothate.org.uk,mediascopeAll/Hope_Not_Hate.png,2026-06-03 23:17:29,,HIGH,1,LEFT,
Hopekinsville Times,https://hopkinsvilletimes.com,mediascopeAll/Hopekinsville_Times.png,2026-06-08 19:24:11,USA,MIXED,,RIGHT-CENTER,Questionable Source
Hot Springs Times,http://hotspringstimes.com,mediascopeAll/Hot_Springs_Times.png,2026-06-20 19:19:36,USA,MIXED,,RIGHT-CENTER,Questionable Source
HotelDive,https://hoteldive.com,mediascopeAll/HotelDive.png,2026-06-03 23:53:24,USA,HIGH,1,LEAST BIASED,
Houma Thibodaux News,http://houmathibodauxnews.com,mediascopeAll/Houma_Thibodaux_News.png,2026-06-20 21:22:51,USA,MIXED,,RIGHT-CENTER,Questionable Source
Housatonic Valley News,http://housatonicvalleynews.com,mediascopeAll/Housatonic_Valley_News.png,2026-06-20 22:16:53,USA,MIXED,,RIGHT-CENTER,Questionable Source
Howard County News,http://howardconews.com,mediascopeAll/Howard_County_News.png,2026-06-20 21:22:43,USA,MIXED,,RIGHT-CENTER,Questionable Source
Hudson Institute,https://hudson.org,mediascopeAll/Hudson_Institute.png,2026-06-03 19:57:14,USA,HIGH,1,RIGHT,
Hudson Today,http://hudsontoday.com,mediascopeAll/Hudson_Today.png,2026-06-20 21:17:12,USA,MIXED,,RIGHT-CENTER,Questionable Source
Huffington Post,https://huffpost.com,mediascopeAll/Huffington_Post.png,2026-06-08 19:26:29,USA,MOSTLY FACTUAL,,LEFT,
Human Life International,http://hli.org,mediascopeAll/Human_Life_International.png,2026-06-20 19:10:12,USA,LOW,,RIGHT,Questionable Source
Huntsville Item,https://itemonline.com,mediascopeAll/Huntsville_Item.png,2026-06-03 23:55:20,USA,HIGH,1,LEFT-CENTER,
Huntsville Leader,http://huntsvilleleader.com,mediascopeAll/Huntsville_Leader.png,2026-06-20 20:28:16,USA,MIXED,,RIGHT-CENTER,Questionable Source
Hutch Today,http://hutchtoday.com,mediascopeAll/Hutch_Today.png,2026-06-20 21:38:52,USA,MIXED,,RIGHT-CENTER,Questionable Source
I24 News,https://i24news.tv,mediascopeAll/I24_News.png,2026-06-08 19:28:34,,MIXED,,RIGHT-CENTER,
IBX News,http://ibxnews.com,mediascopeAll/IBX_News.png,2026-06-20 20:30:46,USA,MIXED,,RIGHT-CENTER,Questionable Source
IPM Newsroom,https://ipmnewsroom.org,mediascopeAll/IPM_Newsroom.png,2026-06-03 19:57:57,USA,HIGH,1,LEFT-CENTER,
Idaho Business Daily,https://businessdailynetwork.com/states/id,mediascopeAll/Idaho_Business_Daily.png,2026-06-08 19:29:32,USA,MIXED,,RIGHT-CENTER,Questionable Source
Idaho Tribune,http://idahotribune.org,mediascopeAll/Idaho_Tribune.png,2026-06-20 19:47:26,USA,LOW,,EXTREME RIGHT,Questionable Source
If America Knew,https://ifamericaknew.org,mediascopeAll/If_America_Knew.png,2026-06-03 19:57:43,USA,HIGH,1,LEFT-CENTER,
Ilkley Gazette,https://ilkleygazette.co.uk,mediascopeAll/Ilkley_Gazette.png,2026-06-03 23:54:32,,HIGH,1,LEAST BIASED,
Illinois Business Daily,http://businessdailynetwork.com/states/il,mediascopeAll/Illinois_Business_Daily.png,2026-06-20 19:42:26,USA,MIXED,,RIGHT-CENTER,Questionable Source
Illinois Valley Times,http://illinoisvalleytimes.com,mediascopeAll/Illinois_Valley_Times.png,2026-06-20 19:46:33,USA,MIXED,,RIGHT-CENTER,Questionable Source
Imperial CA News,http://imperialcanews.com,mediascopeAll/Imperial_CA_News.png,2026-06-20 19:29:31,USA,MIXED,,RIGHT-CENTER,Questionable Source
InSight Crime,https://insightcrime.org,mediascopeAll/InSight_Crime.png,2026-06-08 19:30:35,USA,MIXED,,LEFT-CENTER,
Independent Online,https://iol.co.za,mediascopeAll/Independent_Online.png,2026-06-08 19:30:41,,MIXED,,LEAST BIASED,
IndexMundi,https://indexmundi.com,mediascopeAll/IndexMundi.png,2026-06-03 19:58:07,USA,HIGH,1,LEAST BIASED,
India.com,https://india.com,mediascopeAll/India.com.png,2026-06-08 19:35:22,,MOSTLY FACTUAL,,RIGHT-CENTER,
Indiana Business Daily,http://businessdailynetwork.com/states/in,mediascopeAll/Indiana_Business_Daily.png,2026-06-20 20:23:18,USA,MIXED,,RIGHT-CENTER,Questionable Source
Indivisible Movement,https://indivisible.org,mediascopeAll/Indivisible_Movement.png,2026-06-08 19:38:18,USA,MOSTLY FACTUAL,,LEFT,
Indy Standard,http://indystandard.com,mediascopeAll/Indy_Standard.png,2026-06-20 19:34:49,USA,MIXED,,RIGHT-CENTER,Questionable Source
Infoplease,https://infoplease.com,mediascopeAll/Infoplease.png,2026-06-03 19:59:03,,HIGH,1,LEFT-CENTER,
Inkstick Media,https://inkstickmedia.com,mediascopeAll/Inkstick_Media.png,2026-06-08 19:39:08,USA,MOSTLY FACTUAL,,LEFT,
Innocence Project,https://innocenceproject.org,mediascopeAll/Innocence_Project.png,2026-06-03 19:58:50,USA,HIGH,1,LEFT-CENTER,
Inquisitr,https://inquisitr.com,mediascopeAll/Inquisitr.png,2026-06-03 19:59:47,,HIGH,1,LEFT-CENTER,
Inside Higher Ed,https://insidehighered.com,mediascopeAll/Inside_Higher_Ed.png,2026-06-03 19:59:49,USA,HIGH,1,LEFT-CENTER,
Inside the Magic,http://insidethemagic.net,mediascopeAll/Inside_the_Magic.png,2026-06-20 22:24:52,USA,MIXED,,LEAST BIASED,Questionable Source
Insider.co.uk,https://insider.co.uk,mediascopeAll/Insider.co.uk.png,2026-06-08 19:40:45,,MOSTLY FACTUAL,,LEAST BIASED,
Institute for Fiscal Studies,https://ifs.org.uk,mediascopeAll/Institute_for_Fiscal_Studies.png,2026-06-03 19:59:46,,HIGH,1,RIGHT-CENTER,
Institute for the Study of Globalization and Covert Politics,http://isgp-studies.com,mediascopeAll/Institute_for_the_Study_of_Globalization_and_Covert_Politics.png,2026-06-20 20:22:11,Netherlands,LOW,,EXTREME RIGHT,Questionable Source
Insurance Rate Reporter,http://insuranceratereporter.com,mediascopeAll/Insurance_Rate_Reporter.png,2026-06-20 19:52:19,USA,MIXED,,RIGHT-CENTER,Questionable Source
Intellectual Takeout,https://intellectualtakeout.org,mediascopeAll/Intellectual_Takeout.png,2026-06-08 19:42:11,USA,MIXED,,RIGHT,
Intercessors for America,https://ifapray.org,mediascopeAll/Intercessors_for_America.png,2026-06-03 20:02:19,USA,LOW,0,EXTREME RIGHT,
Intercollegiate Studies Institute,https://isi.org,mediascopeAll/Intercollegiate_Studies_Institute.png,2026-06-08 19:42:27,USA,MOSTLY FACTUAL,,RIGHT,
Interior Alaska News,http://interioralaskanews.com,mediascopeAll/Interior_Alaska_News.png,2026-06-20 22:08:04,USA,MIXED,,RIGHT-CENTER,Questionable Source
International Socialism Journal,https://isj.org.uk,mediascopeAll/International_Socialism_Journal.png,2026-06-08 19:43:10,,MIXED,,LEFT,
InvestigateWest,https://invw.org,mediascopeAll/InvestigateWest.png,2026-06-03 20:00:15,USA,HIGH,1,LEFT-CENTER,
Investopedia,https://investopedia.com,mediascopeAll/Investopedia.png,2026-06-03 20:01:15,USA,HIGH,1,LEAST BIASED,
Iowa Business Daily,http://businessdailynetwork.com/states/ia,mediascopeAll/Iowa_Business_Daily.png,2026-06-20 22:06:41,USA,MIXED,,RIGHT-CENTER,Questionable Source
Iowa City Today,http://iowacitytoday.com,mediascopeAll/Iowa_City_Today.png,2026-06-20 22:15:56,USA,MIXED,,RIGHT-CENTER,Questionable Source
Iroquois Times-Republic,https://newsbug.info/iroquois_countys_times-republic/,mediascopeAll/Iroquois_Times-Republic.png,2026-06-03 23:22:37,,HIGH,1,LEAST BIASED,
Irvine Times,https://irvinetimes.com,mediascopeAll/Irvine_Times.png,2026-06-03 23:55:33,,HIGH,1,LEAST BIASED,
IslamiCity,https://islamicity.org,mediascopeAll/IslamiCity.png,2026-06-08 19:44:55,USA,MIXED,,LEFT,
Israel Unwired,http://israelunwired.com,mediascopeAll/Israel_Unwired.png,2026-06-20 22:13:36,USA,LOW,,RIGHT,Questionable Source
Israel21c,https://israel21c.org,mediascopeAll/Israel21c.png,2026-06-03 20:02:05,,HIGH,1,LEFT-CENTER,
Israel365 News,https://israel365news.com,mediascopeAll/Israel365_News.png,2026-06-08 19:45:32,,MIXED,,RIGHT,
J Street,https://jstreet.org,mediascopeAll/J_Street.png,2026-06-03 20:02:18,USA,HIGH,1,LEFT-CENTER,
Jackson Purchase News,http://jacksonpurchasenews.com,mediascopeAll/Jackson_Purchase_News.png,2026-06-20 20:18:20,USA,MIXED,,RIGHT-CENTER,Questionable Source
Jakarta Globe,https://jakartaglobe.id,mediascopeAll/Jakarta_Globe.png,2026-06-08 19:46:46,,MOSTLY FACTUAL,,LEFT-CENTER,
Jefferson City News,http://jeffcitynews.com,mediascopeAll/Jefferson_City_News.png,2026-06-20 19:23:56,USA,MIXED,,RIGHT-CENTER,Questionable Source
Jefferson County Times,http://jeffcotimes.com,mediascopeAll/Jefferson_County_Times.png,2026-06-20 22:30:20,USA,MIXED,,RIGHT-CENTER,Questionable Source
Jefferson Reporter,http://jeffersonreporter.com,mediascopeAll/Jefferson_Reporter.png,2026-06-20 21:56:26,USA,MIXED,,RIGHT-CENTER,Questionable Source
Jerusalem Post,https://jpost.com,mediascopeAll/Jerusalem_Post.png,2026-06-08 19:48:11,,MOSTLY FACTUAL,,RIGHT-CENTER,
Jewish Breaking News,https://jewishbreakingnews.com,mediascopeAll/Jewish_Breaking_News.png,2026-06-08 19:49:29,,MIXED,,RIGHT-CENTER,
Jewish Currents,https://jewishcurrents.org,mediascopeAll/Jewish_Currents.png,2026-06-08 19:49:46,,MOSTLY FACTUAL,,LEFT,
Jewish Jounral,https://jewishjournal.com,mediascopeAll/Jewish_Jounral.png,2026-06-03 20:03:21,USA,HIGH,1,RIGHT-CENTER,
Jewish Policy Center,https://jewishpolicycenter.org,mediascopeAll/Jewish_Policy_Center.png,2026-06-08 19:50:05,USA,MOSTLY FACTUAL,,RIGHT,
Jewish Telegraphic Agency,https://www.jta.org/,mediascopeAll/Jewish_Telegraphic_Agency.png,2026-06-03 20:03:03,USA,HIGH,1,LEAST BIASED,
Jewish Unpacked,https://jewishunpacked.com,mediascopeAll/Jewish_Unpacked.png,2026-06-03 20:02:44,USA,HIGH,1,RIGHT-CENTER,
Jewish Voice for Peace,https://jewishvoiceforpeace.org,mediascopeAll/Jewish_Voice_for_Peace.png,2026-06-08 19:50:33,,MOSTLY FACTUAL,,LEFT,
Jewish World Review,https://jewishworldreview.com,mediascopeAll/Jewish_World_Review.png,2026-06-08 19:50:52,USA,MIXED,,RIGHT,
Johnston Reporter,http://johnstonreporter.com,mediascopeAll/Johnston_Reporter.png,2026-06-20 21:00:56,USA,MIXED,,RIGHT-CENTER,Questionable Source
Johnstown Tribune-Democrat,https://tribdem.com,mediascopeAll/Johnstown_Tribune-Democrat.png,2026-06-03 20:04:10,USA,HIGH,1,LEFT-CENTER,
JonathanTurley.org,https://jonathanturley.org,mediascopeAll/JonathanTurley.org.png,2026-06-08 19:51:28,USA,MIXED,,RIGHT-CENTER,
Jonesboro Times,http://jonesborotimes.com,mediascopeAll/Jonesboro_Times.png,2026-06-20 19:41:47,USA,MIXED,,RIGHT-CENTER,Questionable Source
Judicial Watch,https://judicialwatch.org,mediascopeAll/Judicial_Watch.png,2026-06-03 20:03:28,USA,LOW,0,RIGHT,Questionable Source
Just Facts,https://justfacts.com,mediascopeAll/Just_Facts.png,2026-06-08 19:51:46,USA,MIXED,,RIGHT-CENTER,
K-12 Dive,https://k12dive.com,mediascopeAll/K-12_Dive.png,2026-06-03 20:04:39,USA,HIGH,1,LEAST BIASED,
KABC - 790 AM - Los Angeles,https://kabc.com,mediascopeAll/KABC_-_790_AM_-_Los_Angeles.png,2026-06-08 19:53:00,USA,MIXED,,RIGHT,
KAIT8-TV,https://kait8.com,mediascopeAll/KAIT8-TV.png,2026-06-03 20:05:03,USA,HIGH,1,LEAST BIASED,
KANQ - NPR - Chanute,https://kansaspublicradio.org,mediascopeAll/KANQ_-_NPR_-_Chanute.png,2026-06-03 20:04:45,USA,HIGH,1,LEFT-CENTER,
KARN - 102.9 - Little Rock,https://newsradio1029.com,mediascopeAll/KARN_-_102.9_-_Little_Rock.png,2026-06-08 19:53:26,USA,MIXED,,RIGHT,
KBKR - Duluth News,https://northernnewsnow.com,mediascopeAll/KBKR_-_Duluth_News.png,2026-06-03 20:06:19,USA,HIGH,1,LEAST BIASED,
KBOI - 93.1 - Boise,https://kboi.com,mediascopeAll/KBOI_-_93.1_-_Boise.png,2026-06-08 19:53:49,USA,MIXED,,RIGHT,
KBUT - NPR - Crested Butte,https://kbut.org,mediascopeAll/KBUT_-_NPR_-_Crested_Butte.png,2026-06-03 20:05:22,USA,HIGH,1,LEFT-CENTER,
KC Reporter,http://kcreporter.com,mediascopeAll/KC_Reporter.png,2026-06-20 21:35:21,USA,MIXED,,RIGHT-CENTER,Questionable Source
KCFC - NPR - Boulder,https://cpr.org,mediascopeAll/KCFC_-_NPR_-_Boulder.png,2026-06-03 20:05:33,USA,HIGH,1,LEFT-CENTER,
KCMO - 95.7 - Kansas City,https://kcmotalkradio.com,mediascopeAll/KCMO_-_95.7_-_Kansas_City.png,2026-06-08 19:54:39,USA,MIXED,,RIGHT,
KEYC - Mankato News,https://keyc.com,mediascopeAll/KEYC_-_Mankato_News.png,2026-06-03 20:07:07,USA,HIGH,1,LEAST BIASED,
KKAT - 860 AM - Salt Lake City,https://860kkat.com,mediascopeAll/KKAT_-_860_AM_-_Salt_Lake_City.png,2026-06-08 19:55:07,USA,MIXED,,RIGHT,
KKOB - 96.3 - Albuquerque,https://newsradiokkob.com,mediascopeAll/KKOB_-_96.3_-_Albuquerque.png,2026-06-08 19:55:18,USA,MIXED,,RIGHT,
KKOH - 780 AM - Reno,https://kkoh.com,mediascopeAll/KKOH_-_780_AM_-_Reno.png,2026-06-08 19:55:30,USA,MIXED,,RIGHT,
KLIF - 570AM - Dallas,https://klif.com,mediascopeAll/KLIF_-_570AM_-_Dallas.png,2026-06-08 19:55:40,USA,MIXED,,RIGHT,
KMAJ - 1440 AM - Topeka,https://kmaj1440.com,mediascopeAll/KMAJ_-_1440_AM_-_Topeka.png,2026-06-08 19:55:52,USA,MIXED,,RIGHT,
KMIR - NBC - Palm Springs,https://nbcpalmsprings.com,mediascopeAll/KMIR_-_NBC_-_Palm_Springs.png,2026-06-03 20:06:46,USA,HIGH,1,LEFT-CENTER,
KMJNow - Fresno,https://kmjnow.com,mediascopeAll/KMJNow_-_Fresno.png,2026-06-08 19:56:08,USA,MIXED,,RIGHT,
KMTR - NBC16 - Springfield,https://nbc16.com,mediascopeAll/KMTR_-_NBC16_-_Springfield.png,2026-06-03 20:07:40,USA,HIGH,1,RIGHT-CENTER,
KRCG - NPR - Santa Rosa,https://norcalpublicmedia.org,mediascopeAll/KRCG_-_NPR_-_Santa_Rosa.png,2026-06-03 20:08:17,USA,HIGH,1,LEFT-CENTER,
KRCC - NPR - Colorado Springs,https://cpr.org/krcc,mediascopeAll/KRCC_-_NPR_-_Colorado_Springs.png,2026-06-03 20:07:21,USA,HIGH,1,LEFT-CENTER,
KSFO - 560 AM - San Francisco,https://ksfo.com,mediascopeAll/KSFO_-_560_AM_-_San_Francisco.png,2026-06-08 19:56:15,USA,MIXED,,RIGHT,
KTUU-TV,https://alaskasnewssource.com,mediascopeAll/KTUU-TV.png,2026-06-03 23:42:23,USA,HIGH,1,LEAST BIASED,
KUGN - 590 AM - Eugene,https://kugn.com,mediascopeAll/KUGN_-_590_AM_-_Eugene.png,2026-06-08 19:56:32,USA,MIXED,,RIGHT,
KVAL - Eugene News,https://kval.com,mediascopeAll/KVAL_-_Eugene_News.png,2026-06-03 20:09:00,USA,HIGH,1,RIGHT-CENTER,
KVOR - 740AM - Colorado Springs,https://kvor.com,mediascopeAll/KVOR_-_740AM_-_Colorado_Springs.png,2026-06-08 19:56:39,USA,MIXED,,RIGHT,
Kalamazoo Times,http://kalamazootimes.com,mediascopeAll/Kalamazoo_Times.png,2026-06-20 19:20:05,USA,MIXED,,RIGHT-CENTER,Questionable Source
Kane County Reporter,http://kanecountyreporter.com,mediascopeAll/Kane_County_Reporter.png,2026-06-20 22:24:39,USA,MIXED,,RIGHT-CENTER,Questionable Source
Kankakee Times,http://kankakeetimes.com,mediascopeAll/Kankakee_Times.png,2026-06-20 20:16:01,USA,MIXED,,RIGHT-CENTER,Questionable Source
Kansas Business Daily,http://businessdailynetwork.com/states/ks,mediascopeAll/Kansas_Business_Daily.png,2026-06-20 19:55:30,USA,MIXED,,RIGHT-CENTER,Questionable Source
Kansas Policy Institute,https://kansaspolicy.org,mediascopeAll/Kansas_Policy_Institute.png,2026-06-08 19:57:28,USA,MIXED,,RIGHT,
Kauai Sun,http://kauaisun.com,mediascopeAll/Kauai_Sun.png,2026-06-20 21:48:30,USA,MIXED,,RIGHT-CENTER,Questionable Source
Keighley News,https://keighleynews.co.uk,mediascopeAll/Keighley_News.png,2026-06-03 23:56:01,,HIGH,1,LEAST BIASED,
Kendall County Times,http://kendallcountytimes.com,mediascopeAll/Kendall_County_Times.png,2026-06-20 19:42:11,USA,MIXED,,RIGHT-CENTER,Questionable Source
Kent County Today,http://kentcountytoday.com,mediascopeAll/Kent_County_Today.png,2026-06-20 19:52:06,USA,MIXED,,RIGHT-CENTER,Questionable Source
Kentuckiana Times,http://kentuckianatimes.com,mediascopeAll/Kentuckiana_Times.png,2026-06-20 21:48:44,USA,MIXED,,RIGHT-CENTER,Questionable Source
Kentucky Business Daily,http://businessdailynetwork.com/states/ky,mediascopeAll/Kentucky_Business_Daily.png,2026-06-20 20:54:32,USA,MIXED,,RIGHT-CENTER,Questionable Source
Kentucky Lantern,https://kentuckylantern.com,mediascopeAll/Kentucky_Lantern.png,2026-06-03 20:08:32,USA,HIGH,1,LEFT,
Kern Country Times,https://kerncountytimes.com,mediascopeAll/Kern_Country_Times.png,2026-06-08 19:58:19,USA,MIXED,,RIGHT-CENTER,Questionable Source
Key West Reporter,http://keywestreporter.com,mediascopeAll/Key_West_Reporter.png,2026-06-20 20:05:40,USA,MIXED,,RIGHT-CENTER,Questionable Source
Kidderminster Shuttle,https://kidderminstershuttle.co.uk,mediascopeAll/Kidderminster_Shuttle.png,2026-06-03 20:09:41,,HIGH,1,LEAST BIASED,
Kimberley Bulletin,https://kimberleybulletin.com,mediascopeAll/Kimberley_Bulletin.png,2026-06-03 20:08:50,,HIGH,1,LEFT-CENTER,
Kincardine News,https://kincardinenews.com,mediascopeAll/Kincardine_News.png,2026-06-03 20:09:22,,HIGH,1,RIGHT-CENTER,
Kings County Times,http://kingscountytimes.com,mediascopeAll/Kings_County_Times.png,2026-06-20 21:55:16,USA,MIXED,,RIGHT-CENTER,Questionable Source
Kingston This Week,https://kingstonthisweek.com,mediascopeAll/Kingston_This_Week.png,2026-06-03 20:09:37,,HIGH,1,RIGHT-CENTER,
Kirkland Lake Northern News,https://northernnews.ca,mediascopeAll/Kirkland_Lake_Northern_News.png,2026-06-03 20:09:42,,HIGH,1,RIGHT-CENTER,
Knutsford Guardian,https://knutsfordguardian.co.uk,mediascopeAll/Knutsford_Guardian.png,2026-06-03 20:10:39,,HIGH,1,LEAST BIASED,
Kokomo Standard,http://Kokomostandard.com,mediascopeAll/Kokomo_Standard.png,2026-06-20 19:13:07,USA,MIXED,,RIGHT-CENTER,Questionable Source
Kyodo News Plus,https://english.kyodonews.net,mediascopeAll/Kyodo_News_Plus.png,2026-06-03 20:10:01,,HIGH,1,LEAST BIASED,
LA Harbor News,http://laharbornews.com,mediascopeAll/LA_Harbor_News.png,2026-06-20 20:19:14,USA,MIXED,,RIGHT-CENTER,Questionable Source
LAX Leader,http://laxleader.com,mediascopeAll/LAX_Leader.png,2026-06-20 19:56:51,USA,MIXED,,RIGHT-CENTER,Questionable Source
LaGrange Daily News,https://lagrangenews.com,mediascopeAll/LaGrange_Daily_News.png,2026-06-03 20:10:41,USA,HIGH,1,RIGHT-CENTER,
LaborPains,https://laborpains.org,mediascopeAll/LaborPains.png,2026-06-08 20:00:25,USA,MIXED,,RIGHT,
Lacombe Express,https://lacombeexpress.com,mediascopeAll/Lacombe_Express.png,2026-06-03 20:10:09,,HIGH,1,LEFT-CENTER,
Lafayette Reporter,http://lafayettereporter.com,mediascopeAll/Lafayette_Reporter.png,2026-06-20 19:06:49,USA,MIXED,,RIGHT-CENTER,Questionable Source
Lafayette Times,http://Lafayettetimes.com,mediascopeAll/Lafayette_Times.png,2026-06-20 19:42:05,USA,MIXED,,RIGHT-CENTER,Questionable Source
Lake County Gazette,http://lakecountygazette.com,mediascopeAll/Lake_County_Gazette.png,2026-06-20 22:17:38,USA,MIXED,,RIGHT-CENTER,Questionable Source
Lake County Leader,https://leaderadvertiser.com,mediascopeAll/Lake_County_Leader.png,2026-06-03 20:10:39,USA,HIGH,1,LEAST BIASED,
Lake County Times,http://lakecountytimes.com,mediascopeAll/Lake_County_Times.png,2026-06-20 19:42:03,USA,MIXED,,RIGHT-CENTER,Questionable Source
Lake Region News,http://lakeregionnews.com,mediascopeAll/Lake_Region_News.png,2026-06-20 19:43:10,USA,MIXED,,RIGHT-CENTER,Questionable Source
Lake Tahoe Sun,http://laketahoesun.com,mediascopeAll/Lake_Tahoe_Sun.png,2026-06-20 19:32:46,USA,MIXED,,RIGHT-CENTER,Questionable Source
Lancaster Eagle-Gazette,https://lancastereaglegazette.com,mediascopeAll/Lancaster_Eagle-Gazette.png,2026-06-03 23:21:20,USA,HIGH,1,LEFT-CENTER,
Lansing Sun,http://lansingsun.com,mediascopeAll/Lansing_Sun.png,2026-06-20 21:19:39,USA,MIXED,,RIGHT-CENTER,Questionable Source
Lapham's Quarterly,https://laphamsquarterly.org,mediascopeAll/Lapham_s_Quarterly.png,2026-06-03 20:10:42,USA,HIGH,1,LEFT-CENTER,
Largs & Millport News,https://largsandmillportnews.com,mediascopeAll/Largs_Millport_News.png,2026-06-03 23:56:40,,HIGH,1,LEAST BIASED,
Larimer News,http://larimernews.com,mediascopeAll/Larimer_News.png,2026-06-20 20:26:44,USA,MIXED,,RIGHT-CENTER,Questionable Source
Las Vegas City Wire,http://lasvegascitywire.com,mediascopeAll/Las_Vegas_City_Wire.png,2026-06-20 21:32:13,USA,MIXED,,RIGHT-CENTER,Questionable Source
Las Vegas Weekly,https://lasvegasweekly.com,mediascopeAll/Las_Vegas_Weekly.png,2026-06-03 20:11:34,USA,HIGH,1,LEFT-CENTER,
Last Frontier News,http://lastfrontiernews.com,mediascopeAll/Last_Frontier_News.png,2026-06-20 21:48:59,USA,MIXED,,RIGHT-CENTER,Questionable Source
Law Enforcement Today,https://lawenforcementtoday.com,mediascopeAll/Law_Enforcement_Today.png,2026-06-08 20:02:46,USA,MIXED,,RIGHT,
Law for Palestine,https://law4palestine.org,mediascopeAll/Law_for_Palestine.png,2026-06-03 20:11:22,,HIGH,1,LEFT-CENTER,
Law360,https://law360.com,mediascopeAll/Law360.png,2026-06-03 20:11:21,USA,HIGH,1,LEAST BIASED,
Lawrence Reporter,http://lawrencereporter.com,mediascopeAll/Lawrence_Reporter.png,2026-06-20 20:12:03,USA,MIXED,,RIGHT-CENTER,Questionable Source
Lead Stories,https://leadstories.com,mediascopeAll/Lead_Stories.png,2026-06-03 20:11:43,USA,VERY HIGH,1,LEAST BIASED,
League of Conservation Voters,https://lcv.org,mediascopeAll/League_of_Conservation_Voters.png,2026-06-08 20:03:23,USA,MOSTLY FACTUAL,,LEFT,
Lebanon Daily News,https://ldnews.com,mediascopeAll/Lebanon_Daily_News.png,2026-06-03 23:56:56,USA,HIGH,1,LEAST BIASED,
Ledbury Reporter,https://ledburyreporter.co.uk,mediascopeAll/Ledbury_Reporter.png,2026-06-03 20:12:50,,HIGH,1,LEAST BIASED,
Legal Newsline,http://legalnewsline.com,mediascopeAll/Legal_Newsline.png,2026-06-20 19:36:53,USA,MIXED,,RIGHT-CENTER,Questionable Source
Legal Reader,https://legalreader.com,mediascopeAll/Legal_Reader.png,2026-06-08 20:03:51,USA,MIXED,,LEFT,
LegalDive,https://legaldive.com,mediascopeAll/LegalDive.png,2026-06-03 20:12:51,USA,HIGH,1,LEAST BIASED,
Lehigh Valley News,https://lehighvalleynews.com,mediascopeAll/Lehigh_Valley_News.png,2026-06-08 20:04:02,USA,MOSTLY FACTUAL,,LEAST BIASED,
Leicester Mercury,https://leicestermercury.co.uk,mediascopeAll/Leicester_Mercury.png,2026-06-03 20:12:58,,HIGH,1,RIGHT-CENTER,
Leigh Journal,https://leighjournal.co.uk,mediascopeAll/Leigh_Journal.png,2026-06-03 23:58:05,,HIGH,1,LEAST BIASED,
Lewiston Times,http://lewistontimes.com,mediascopeAll/Lewiston_Times.png,2026-06-20 22:06:09,USA,MIXED,,RIGHT-CENTER,Questionable Source
Libertarian Institute,https://libertarianinstitute.org,mediascopeAll/Libertarian_Institute.png,2026-06-08 20:04:37,USA,MIXED,,RIGHT,
Liberty & Law,https://lawliberty.org,mediascopeAll/Liberty_Law.png,2026-06-03 20:13:35,USA,HIGH,1,RIGHT,
Licking Today,http://lickingtoday.com,mediascopeAll/Licking_Today.png,2026-06-20 19:33:30,USA,MIXED,,RIGHT-CENTER,Questionable Source
Life Site News,http://lifesitenews.com,mediascopeAll/Life_Site_News.png,2026-06-20 22:06:52,Canada,LOW,,RIGHT,Questionable Source
LifeWire,https://lifewire.com,mediascopeAll/LifeWire.png,2026-06-03 20:13:56,USA,HIGH,1,LEAST BIASED,
Lima Reporter,http://limareporter.com,mediascopeAll/Lima_Reporter.png,2026-06-20 20:42:31,USA,MIXED,,RIGHT-CENTER,Questionable Source
Litchfield Hills Today,http://litchfieldhillstoday.com,mediascopeAll/Litchfield_Hills_Today.png,2026-06-20 22:01:46,USA,MIXED,,RIGHT-CENTER,Questionable Source
Lithuanian National Radio and Television,https://lrt.lt/en/news-in-english,mediascopeAll/Lithuanian_National_Radio_and_Television.png,2026-06-03 20:14:05,,HIGH,1,LEAST BIASED,
Little Apple Times,http://littleappletimes.com,mediascopeAll/Little_Apple_Times.png,2026-06-20 21:51:29,USA,MIXED,,RIGHT-CENTER,Questionable Source
Livingston Today,https://livingstontoday.com,mediascopeAll/Livingston_Today.png,2026-06-08 20:06:09,USA,MIXED,,RIGHT-CENTER,
Logically,https://logically.ai,mediascopeAll/Logically.png,2026-06-03 20:14:06,,HIGH,1,LEAST BIASED,
London Real,https://londonreal.tv,mediascopeAll/London_Real.png,2026-06-03 20:16:32,,LOW,0,RIGHT,
Lorain Times,http://loraintimes.com,mediascopeAll/Lorain_Times.png,2026-06-20 22:14:16,USA,MIXED,,RIGHT-CENTER,Questionable Source
Loudon County News-Herald,https://news-herald.net,mediascopeAll/Loudon_County_News-Herald.png,2026-06-03 23:23:10,USA,HIGH,1,LEFT-CENTER,
Louisiana Business Daily,http://businessdailynetwork.com/states/la,mediascopeAll/Louisiana_Business_Daily.png,2026-06-20 19:45:11,USA,MIXED,,RIGHT-CENTER,Questionable Source
Louisville City Wire,http://louisvillecitywire.com,mediascopeAll/Louisville_City_Wire.png,2026-06-20 20:42:16,USA,MIXED,,RIGHT-CENTER,Questionable Source
Lowe Delta News,http://lowedeltanews.com,mediascopeAll/Lowe_Delta_News.png,2026-06-20 20:59:41,USA,MIXED,,RIGHT-CENTER,Questionable Source
Lucknow Sentinel,https://lucknowsentinel.com,mediascopeAll/Lucknow_Sentinel.png,2026-06-03 20:15:08,,HIGH,1,RIGHT-CENTER,
Ludlow Advertiser,https://ludlowadvertiser.co.uk,mediascopeAll/Ludlow_Advertiser.png,2026-06-03 23:58:32,,HIGH,1,LEAST BIASED,
MEAWW,https://meaww.com,mediascopeAll/MEAWW.png,2026-06-08 20:07:02,,MOSTLY FACTUAL,,RIGHT-CENTER,
MR Online,https://mronline.org,mediascopeAll/MR_Online.png,2026-06-08 20:07:10,USA,MIXED,,LEFT,
MRC Free Speech America,https://mrcfreespeechamerica.org,mediascopeAll/MRC_Free_Speech_America.png,2026-06-08 20:07:47,USA,MIXED,,RIGHT,
Macomb Today,http://macombtoday.com,mediascopeAll/Macomb_Today.png,2026-06-20 22:16:12,USA,MIXED,,RIGHT-CENTER,Questionable Source
Macon Reporter,http://maconreporter.com,mediascopeAll/Macon_Reporter.png,2026-06-20 21:56:28,USA,MIXED,,RIGHT-CENTER,Questionable Source
Macon Times,http://macontimes.com,mediascopeAll/Macon_Times.png,2026-06-20 20:21:28,USA,MIXED,,RIGHT-CENTER,Questionable Source
Macroevolution.net,https://macroevolution.net,mediascopeAll/Macroevolution.net.png,2026-06-03 20:14:26,USA,LOW,0,RIGHT,
Magic Valley Times,http://magicvalleytimes.com,mediascopeAll/Magic_Valley_Times.png,2026-06-20 19:49:21,USA,MIXED,,RIGHT-CENTER,Questionable Source
Magnolia State News,http://magnoliastatenews.com,mediascopeAll/Magnolia_State_News.png,2026-06-20 22:28:19,USA,MIXED,,RIGHT-CENTER,Questionable Source
Mail & Guardian,https://mg.co.za,mediascopeAll/Mail_Guardian.png,2026-06-08 20:08:41,,MIXED,,LEFT,
Maine Business Daily,https://mainebusinessdaily.com,mediascopeAll/Maine_Business_Daily.png,2026-06-08 20:08:53,USA,MIXED,,RIGHT-CENTER,
Maine Highlands News,http://mainehighlandsnews.com,mediascopeAll/Maine_Highlands_News.png,2026-06-20 19:50:08,USA,MIXED,,RIGHT-CENTER,Questionable Source
Maine Lakes News,http://mainelakesnews.com,mediascopeAll/Maine_Lakes_News.png,2026-06-20 22:24:18,USA,MIXED,,RIGHT-CENTER,Questionable Source
Maine Morning Star,https://mainemorningstar.com,mediascopeAll/Maine_Morning_Star.png,2026-06-03 20:14:57,USA,HIGH,1,LEFT,
Maldon Standard,https://maldonandburnhamstandard.co.uk,mediascopeAll/Maldon_Standard.png,2026-06-03 20:16:16,,HIGH,1,LEAST BIASED,
Malvern Gazette,https://malverngazette.co.uk,mediascopeAll/Malvern_Gazette.png,2026-06-03 20:16:25,,HIGH,1,LEAST BIASED,
Manatee Review,http://manateereview.com,mediascopeAll/Manatee_Review.png,2026-06-20 20:27:30,USA,MIXED,,RIGHT-CENTER,Questionable Source
Manila Business Daily,http://manilabusinessdaily.com,mediascopeAll/Manila_Business_Daily.png,2026-06-20 21:02:10,USA,MIXED,,RIGHT-CENTER,Questionable Source
Mansfield News-Journal,https://mansfieldnewsjournal.com,mediascopeAll/Mansfield_News-Journal.png,2026-06-03 20:16:35,USA,HIGH,1,LEFT-CENTER,
Mansfield Times,http://mansfieldtimes.com,mediascopeAll/Mansfield_Times.png,2026-06-20 19:23:26,USA,MIXED,,RIGHT-CENTER,Questionable Source
ManufacturingDive,https://manufacturingdive.com,mediascopeAll/ManufacturingDive.png,2026-06-03 20:16:56,USA,HIGH,1,LEAST BIASED,
Marginal Revolution,https://marginalrevolution.com,mediascopeAll/Marginal_Revolution.png,2026-06-03 20:16:46,USA,HIGH,1,RIGHT-CENTER,
Marietta Daily Journal,https://mdjonline.com,mediascopeAll/Marietta_Daily_Journal.png,2026-06-03 20:17:18,USA,HIGH,1,RIGHT-CENTER,
Marin Leader,http://marinleader.com,mediascopeAll/Marin_Leader.png,2026-06-20 20:22:18,USA,MIXED,,RIGHT-CENTER,Questionable Source
Marion Star,https://marionstar.com,mediascopeAll/Marion_Star.png,2026-06-03 20:17:56,USA,HIGH,1,LEFT-CENTER,
Marion-Morrow Times,http://marionmorrowtimes.com,mediascopeAll/Marion-Morrow_Times.png,2026-06-20 21:16:18,USA,MIXED,,RIGHT-CENTER,Questionable Source
MarketBeat,https://marketbeat.com,mediascopeAll/MarketBeat.png,2026-06-03 20:17:29,USA,HIGH,1,LEAST BIASED,
MarketingDive,https://marketingdive.com,mediascopeAll/MarketingDive.png,2026-06-03 20:17:39,USA,HIGH,1,LEAST BIASED,
Maryland State Wire,http://mdstatewire.com,mediascopeAll/Maryland_State_Wire.png,2026-06-20 19:14:12,USA,MIXED,,RIGHT-CENTER,Questionable Source
Mat-Su Times,https://matsutimes.com,mediascopeAll/Mat-Su_Times.png,2026-06-08 20:11:08,USA,MIXED,,RIGHT-CENTER,Questionable Source
Maui Reporter,http://mauireporter.com,mediascopeAll/Maui_Reporter.png,2026-06-20 22:04:07,USA,MIXED,,RIGHT-CENTER,Questionable Source
Mazatlan Post,http://themazatlanpost.com,mediascopeAll/Mazatlan_Post.png,2026-06-20 19:07:04,Unknown,MIXED,,LEFT-CENTER,Questionable Source
McHenry Times,http://mchenrytimes.com,mediascopeAll/McHenry_Times.png,2026-06-20 21:48:50,USA,MIXED,,RIGHT-CENTER,Questionable Source
McLean County Times,http://mcleancountytimes.com,mediascopeAll/McLean_County_Times.png,2026-06-20 21:18:23,USA,MIXED,,RIGHT-CENTER,Questionable Source
MedTechDive,https://medtechdive.com,mediascopeAll/MedTechDive.png,2026-06-03 20:17:55,USA,HIGH,1,LEAST BIASED,
Media Matters,https://mediamatters.org,mediascopeAll/Media_Matters.png,2026-06-03 20:17:49,USA,HIGH,1,LEFT,
Media Research Center,https://MRC.org,mediascopeAll/Media_Research_Center.png,2026-06-08 20:12:12,USA,MIXED,,RIGHT,
MedicalTyranny,https://medicaltyranny.com,mediascopeAll/MedicalTyranny.png,2026-06-03 23:57:36,USA,VERY LOW,0,RIGHT,
Medina Today,http://medinatoday.com,mediascopeAll/Medina_Today.png,2026-06-20 22:01:32,USA,MIXED,,RIGHT-CENTER,Questionable Source
Meditech Today,https://meditechtoday.com,mediascopeAll/Meditech_Today.png,2026-06-08 20:12:46,USA,MOSTLY FACTUAL,,LEFT-CENTER,
Melfort Journal,https://melfortjournal.com,mediascopeAll/Melfort_Journal.png,2026-06-03 20:18:45,,HIGH,1,RIGHT-CENTER,
Men Going Their Own Way,https://mgtow.tv,mediascopeAll/Men_Going_Their_Own_Way.png,2026-06-03 20:18:57,USA,LOW,0,EXTREME RIGHT,Questionable Source
Merced Times,http://mercedtimes.com,mediascopeAll/Merced_Times.png,2026-06-20 20:07:08,USA,MIXED,,RIGHT-CENTER,Questionable Source
Mercer Times,http://mercertimes.com,mediascopeAll/Mercer_Times.png,2026-06-20 20:39:44,USA,MIXED,,RIGHT-CENTER,Questionable Source
Merrimack Valley News,http://merrimackvalleynews.com,mediascopeAll/Merrimack_Valley_News.png,2026-06-20 20:14:11,USA,MIXED,,RIGHT-CENTER,Questionable Source
Metro East Sun,http://metroeastsun.com,mediascopeAll/Metro_East_Sun.png,2026-06-20 21:56:28,USA,MIXED,,RIGHT-CENTER,Questionable Source
Metro Lex News,http://metrolexnews.com,mediascopeAll/Metro_Lex_News.png,2026-06-20 20:05:02,USA,MIXED,,RIGHT-CENTER,Questionable Source
Metro Weekly,https://metroweekly.com,mediascopeAll/Metro_Weekly.png,2026-06-03 20:18:28,USA,HIGH,1,LEFT,
Metro West Times,http://metrowesttimes.com,mediascopeAll/Metro_West_Times.png,2026-06-20 21:48:41,USA,MIXED,,RIGHT-CENTER,Questionable Source
Mexico Business Daily,http://mexicobusinessdaily.com,mediascopeAll/Mexico_Business_Daily.png,2026-06-20 22:17:08,USA,MIXED,,RIGHT-CENTER,Questionable Source
Mexico Daily Post,http://mexicodailypost.com,mediascopeAll/Mexico_Daily_Post.png,2026-06-20 22:24:08,Unknown,MIXED,,LEFT-CENTER,Questionable Source
Miami Courant,http://miamicourant.com,mediascopeAll/Miami_Courant.png,2026-06-20 21:11:32,USA,MIXED,,RIGHT-CENTER,Questionable Source
Miami Independent,http://miamiindependent.com,mediascopeAll/Miami_Independent.png,2026-06-21 17:49:45,USA,LOW,,EXTREME RIGHT,Questionable Source
MichaelSalla.com,https://michaelsalla.com,mediascopeAll/MichaelSalla.com.png,2026-06-03 20:18:35,USA,LOW,0,RIGHT,
Michigan Capitol Confidential,https://michigancapitolconfidential.com,mediascopeAll/Michigan_Capitol_Confidential.png,2026-06-08 20:14:42,USA,MOSTLY FACTUAL,,RIGHT-CENTER,
Michigan Gander,http://gandernewsroom.com,mediascopeAll/Michigan_Gander.png,2026-06-20 22:14:22,USA,MIXED,,LEFT-CENTER,Questionable Source
Michigan Star,http://themichiganstar.com,mediascopeAll/Michigan_Star.png,2026-06-20 20:21:23,USA,MIXED,,RIGHT,Questionable Source
Michoacan Post,http://michoacanpost.com,mediascopeAll/Michoacan_Post.png,2026-06-20 19:33:45,Unknown,MIXED,,LEFT-CENTER,Questionable Source
Mid Coast Today,http://midcoasttoday.com,mediascopeAll/Mid_Coast_Today.png,2026-06-20 19:07:44,USA,MIXED,,RIGHT-CENTER,Questionable Source
Mid Massachusetts News,http://midmassnews.com,mediascopeAll/Mid_Massachusetts_News.png,2026-06-20 20:37:38,USA,MIXED,,RIGHT-CENTER,Questionable Source
Mid-North Monitor,https://midnorthmonitor.com,mediascopeAll/Mid-North_Monitor.png,2026-06-03 20:19:21,,HIGH,1,RIGHT-CENTER,
Middle East Forum,http://www.meforum.org,mediascopeAll/Middle_East_Forum.png,2026-06-20 19:40:13,USA,LOW,,EXTREME RIGHT,Questionable Source
Middle East Institute,https://mei.edu,mediascopeAll/Middle_East_Institute.png,2026-06-08 20:16:32,,MOSTLY FACTUAL,,LEAST BIASED,
Mind Matters,https://mindmatters.ai,mediascopeAll/Mind_Matters.png,2026-06-03 20:19:12,USA,LOW,0,RIGHT,
Minneapolis Review,http://minneapolisreview.com,mediascopeAll/Minneapolis_Review.png,2026-06-20 21:33:05,USA,MIXED,,RIGHT-CENTER,Questionable Source
Minnesota State Wire,http://minnesotastatewire.com,mediascopeAll/Minnesota_State_Wire.png,2026-06-20 20:24:31,USA,MIXED,,RIGHT-CENTER,Questionable Source
Minnesota Sun,http://theminnesotasun.com,mediascopeAll/Minnesota_Sun.png,2026-06-20 22:30:26,USA,MIXED,,RIGHT,Questionable Source
Mississippi Gulf News,http://msgulfnews.com,mediascopeAll/Mississippi_Gulf_News.png,2026-06-20 20:53:17,USA,MIXED,,RIGHT-CENTER,Questionable Source
Mississippi Today,https://mississippitoday.org,mediascopeAll/Mississippi_Today.png,2026-06-03 23:22:06,USA,HIGH,1,LEFT-CENTER,
Mitchell Advocate,https://mitchelladvocate.com,mediascopeAll/Mitchell_Advocate.png,2026-06-03 20:20:15,,HIGH,1,RIGHT-CENTER,
Miuncie Reporter,https://munciereporter.com,mediascopeAll/Miuncie_Reporter.png,2026-06-08 20:18:05,USA,MIXED,,RIGHT-CENTER,Questionable Source
Mobile Courant,http://mobilecourant.com,mediascopeAll/Mobile_Courant.png,2026-06-20 19:22:06,USA,MIXED,,RIGHT-CENTER,Questionable Source
Modern Diplomacy,https://moderndiplomacy.eu,mediascopeAll/Modern_Diplomacy.png,2026-06-08 20:18:29,,MIXED,,RIGHT,
Mohave Today,http://mohavetoday.com,mediascopeAll/Mohave_Today.png,2026-06-20 19:34:06,USA,MIXED,,RIGHT-CENTER,Questionable Source
Mohawk Valley Times,http://mohawkvalleytimes.com,mediascopeAll/Mohawk_Valley_Times.png,2026-06-20 19:07:47,USA,MIXED,,RIGHT-CENTER,Questionable Source
Mondoweiss,http://mondoweiss.net,mediascopeAll/Mondoweiss.png,2026-06-20 19:15:52,USA,MIXED,,LEFT,Questionable Source
Money Crashers,https://moneycrashers.com,mediascopeAll/Money_Crashers.png,2026-06-08 20:19:07,,MIXED,,LEAST BIASED,
Mongabay,https://news.mongabay.com,mediascopeAll/Mongabay.png,2026-06-03 20:20:19,USA,HIGH,1,LEFT-CENTER,
Monmouth Times,http://monmouthtimes.com,mediascopeAll/Monmouth_Times.png,2026-06-20 20:09:40,USA,MIXED,,RIGHT-CENTER,Questionable Source
Monroe NY News,http://monroenynews.com,mediascopeAll/Monroe_NY_News.png,2026-06-20 20:33:43,USA,MIXED,,RIGHT-CENTER,Questionable Source
Monroe Review,http://monroereview.com,mediascopeAll/Monroe_Review.png,2026-06-20 19:47:11,USA,MIXED,,RIGHT-CENTER,Questionable Source
Monterey Times,http://montereytimes.com,mediascopeAll/Monterey_Times.png,2026-06-20 20:20:17,USA,MIXED,,RIGHT-CENTER,Questionable Source
Monterrey Daily Post,http://monterreydailypost.com,mediascopeAll/Monterrey_Daily_Post.png,2026-06-20 21:50:25,Unknown,MIXED,,LEFT-CENTER,Questionable Source
Monthly Review,https://monthlyreview.org,mediascopeAll/Monthly_Review.png,2026-06-08 20:20:19,USA,MOSTLY FACTUAL,,LEFT,
Moonshot News,https://moonshot.news,mediascopeAll/Moonshot_News.png,2026-06-08 20:20:19,,MOSTLY FACTUAL,,LEFT-CENTER,
Morelos Daily Post,http://morelosdailypost.com,mediascopeAll/Morelos_Daily_Post.png,2026-06-20 20:41:15,Unknown,MIXED,,LEFT-CENTER,Questionable Source
Morris Leader,http://morrisleader.com,mediascopeAll/Morris_Leader.png,2026-06-20 20:28:30,USA,MIXED,,RIGHT-CENTER,Questionable Source
Morrison Institute for Public Policy,https://morrisoninstitute.asu.edu,mediascopeAll/Morrison_Institute_for_Public_Policy.png,2026-06-08 20:21:02,,MIXED,,LEAST BIASED,
Mosaic Magazine,https://mosaicmagazine.com,mediascopeAll/Mosaic_Magazine.png,2026-06-08 20:21:19,USA,MOSTLY FACTUAL,,RIGHT-CENTER,
MoveOn,http://front.moveon.org,mediascopeAll/MoveOn.png,2026-06-20 21:53:42,USA,MIXED,,LEFT,Questionable Source
Movement Advancement Project,https://mapresearch.org,mediascopeAll/Movement_Advancement_Project.png,2026-06-08 20:22:43,USA,MOSTLY FACTUAL,,LEFT,
MultiFamilyDive,https://multifamilydive.com,mediascopeAll/MultiFamilyDive.png,2026-06-03 20:20:54,USA,HIGH,1,LEAST BIASED,
Muslim Skeptic,http://muslimskeptic.com,mediascopeAll/Muslim_Skeptic.png,2026-06-20 21:08:52,USA,LOW,,EXTREME RIGHT,Questionable Source
NBCNewYork.com,https://nbcnewyork.com,mediascopeAll/NBCNewYork.com.png,2026-06-03 20:21:27,USA,HIGH,1,LEFT-CENTER,
NC Florida News,http://ncfloridanews.com,mediascopeAll/NC_Florida_News.png,2026-06-20 19:45:10,USA,MIXED,,RIGHT-CENTER,Questionable Source
NC Georgia News,http://ncgeorgianews.com,mediascopeAll/NC_Georgia_News.png,2026-06-20 21:42:31,USA,MIXED,,RIGHT-CENTER,Questionable Source
NC Kansas News,http://nckansasnews.com,mediascopeAll/NC_Kansas_News.png,2026-06-20 20:18:35,USA,MIXED,,RIGHT-CENTER,Questionable Source
NC Kentucky News,http://nckentuckynews.com,mediascopeAll/NC_Kentucky_News.png,2026-06-20 20:38:22,USA,MIXED,,RIGHT-CENTER,Questionable Source
NC Massachusetts News,http://ncmassnews.com,mediascopeAll/NC_Massachusetts_News.png,2026-06-20 20:41:06,USA,MIXED,,RIGHT-CENTER,Questionable Source
NC Minnesota News,http://ncminnesotanews.com,mediascopeAll/NC_Minnesota_News.png,2026-06-20 22:23:22,USA,MIXED,,RIGHT-CENTER,Questionable Source
NC Mississippi News,http://ncmissnews.com,mediascopeAll/NC_Mississippi_News.png,2026-06-20 19:29:21,USA,MIXED,,RIGHT-CENTER,Questionable Source
NC North Carolina News,http://ncncnews.com,mediascopeAll/NC_North_Carolina_News.png,2026-06-20 21:40:21,USA,MIXED,,RIGHT-CENTER,Questionable Source
NC Oklahoma News,http://ncoklahomanews.com,mediascopeAll/NC_Oklahoma_News.png,2026-06-20 19:54:12,USA,MIXED,,RIGHT-CENTER,Questionable Source
NC Union News,http://ncunionnews.com,mediascopeAll/NC_Union_News.png,2026-06-20 20:11:50,USA,MIXED,,RIGHT-CENTER,Questionable Source
ND North News,http://ndnorthnews.com,mediascopeAll/ND_North_News.png,2026-06-20 19:18:24,,MIXED,,RIGHT-CENTER,Questionable Source
NE Alabama Courant,https://nealabamanews.com,mediascopeAll/NE_Alabama_Courant.png,2026-06-08 20:25:47,USA,MIXED,,RIGHT-CENTER,Questionable Source
NE Atlanta News,http://neatlantanews.com,mediascopeAll/NE_Atlanta_News.png,2026-06-20 21:17:37,USA,MIXED,,RIGHT-CENTER,Questionable Source
NE Bergen News,http://nebergennews.com,mediascopeAll/NE_Bergen_News.png,2026-06-20 20:21:41,USA,MIXED,,RIGHT-CENTER,Questionable Source
NE Cali News,http://necalinews.com,mediascopeAll/NE_Cali_News.png,2026-06-20 19:38:24,USA,MIXED,,RIGHT-CENTER,Questionable Source
NE Connecticut News,http://neconnnews.com,mediascopeAll/NE_Connecticut_News.png,2026-06-20 19:19:49,USA,MIXED,,RIGHT-CENTER,Questionable Source
NE Florida News,http://nefloridanews.com,mediascopeAll/NE_Florida_News.png,2026-06-20 20:05:21,USA,MIXED,,RIGHT-CENTER,Questionable Source
NE Franklin News,http://nefranklinnews.com,mediascopeAll/NE_Franklin_News.png,2026-06-20 19:08:05,USA,MIXED,,RIGHT-CENTER,Questionable Source
NE Indiana News,http://neindiananews.com,mediascopeAll/NE_Indiana_News.png,2026-06-20 19:36:39,USA,MIXED,,RIGHT-CENTER,Questionable Source
NE Iowa News,http://neiowanews.com,mediascopeAll/NE_Iowa_News.png,2026-06-20 22:30:47,USA,MIXED,,RIGHT-CENTER,Questionable Source
NE Kansas City News,http://nekansascitynews.com,mediascopeAll/NE_Kansas_City_News.png,2026-06-20 20:05:44,USA,MIXED,,RIGHT-CENTER,Questionable Source
NE Kansas News,http://nekansasnews.com,mediascopeAll/NE_Kansas_News.png,2026-06-20 19:20:59,USA,MIXED,,RIGHT-CENTER,Questionable Source
NE Kentucky News,http://nekentuckynews.com,mediascopeAll/NE_Kentucky_News.png,2026-06-20 19:43:24,USA,MIXED,,RIGHT-CENTER,Questionable Source
NE Louisiana News,http://nelouisiananews.com,mediascopeAll/NE_Louisiana_News.png,2026-06-20 22:30:52,USA,MIXED,,RIGHT-CENTER,Questionable Source
NE Missouri News,http://nemissourinews.com,mediascopeAll/NE_Missouri_News.png,2026-06-20 19:43:14,USA,MIXED,,RIGHT-CENTER,Questionable Source
NE Nebraska News,http://nenebraskanews.com,mediascopeAll/NE_Nebraska_News.png,2026-06-20 19:11:49,USA,MIXED,,RIGHT-CENTER,Questionable Source
NE New Mexico News,http://nenewmexiconews.com,mediascopeAll/NE_New_Mexico_News.png,2026-06-20 19:50:29,USA,MIXED,,RIGHT-CENTER,Questionable Source
NE New York Today,http://nenewyorktoday.com,mediascopeAll/NE_New_York_Today.png,2026-06-20 20:49:59,USA,MIXED,,RIGHT-CENTER,Questionable Source
NE North Dakota News,http://nenorthdakotanews.com,mediascopeAll/NE_North_Dakota_News.png,2026-06-20 22:21:27,USA,MIXED,,RIGHT-CENTER,Questionable Source
NE Ohio Times,http://neohiotimes.com,mediascopeAll/NE_Ohio_Times.png,2026-06-20 22:25:23,USA,MIXED,,RIGHT-CENTER,Questionable Source
NE Oklahoma News,https://neoklahomanews.com/,mediascopeAll/NE_Oklahoma_News.png,2026-06-20 21:34:07,,,,RIGHT-CENTER,Questionable Source
NE Piedmont News,http://nepiedmontnews.com,mediascopeAll/NE_Piedmont_News.png,2026-06-20 19:42:41,USA,MIXED,,RIGHT-CENTER,Questionable Source
NE Sacramento News,http://nesacramentonews.com,mediascopeAll/NE_Sacramento_News.png,2026-06-20 22:16:24,USA,MIXED,,RIGHT-CENTER,Questionable Source
NE Valley Times,http://nevalleytimes.com,mediascopeAll/NE_Valley_Times.png,2026-06-20 22:28:32,USA,MIXED,,RIGHT-CENTER,Questionable Source
NGO Monitor,https://ngo-monitor.org,mediascopeAll/NGO_Monitor.png,2026-06-08 20:29:54,,MIXED,,RIGHT,
NNSL Media,https://nnsl.com,mediascopeAll/NNSL_Media.png,2026-06-03 20:21:05,,HIGH,1,LEFT-CENTER,
NRA - Institute for Legislative Action,https://nraila.org,mediascopeAll/NRA_-_Institute_for_Legislative_Action.png,2026-06-08 20:30:19,USA,MIXED,,RIGHT,
NTD.TV,https://www.ntd.com/news,mediascopeAll/NTD.TV.png,2026-06-08 20:30:40,USA,MIXED,,RIGHT,
NW Alabama News,http://nwalabamanews.com,mediascopeAll/NW_Alabama_News.png,2026-06-20 20:44:37,USA,MIXED,,RIGHT-CENTER,Questionable Source
NW Arkansas News,http://nwarkansasnews.com,mediascopeAll/NW_Arkansas_News.png,2026-06-20 19:56:12,USA,MIXED,,RIGHT-CENTER,Questionable Source
NW Atlanta News,http://nwatlantanews.com,mediascopeAll/NW_Atlanta_News.png,2026-06-20 21:32:01,USA,MIXED,,RIGHT-CENTER,Questionable Source
NW Bergen News,http://nwbergennews.com,mediascopeAll/NW_Bergen_News.png,2026-06-20 20:12:28,USA,MIXED,,RIGHT-CENTER,Questionable Source
NW Clark News,http://nwclarknews.com,mediascopeAll/NW_Clark_News.png,2026-06-20 21:09:51,USA,MIXED,,RIGHT-CENTER,Questionable Source
NW Connecticut News,http://nwconnnews.com,mediascopeAll/NW_Connecticut_News.png,2026-06-20 20:52:45,USA,MIXED,,RIGHT-CENTER,Questionable Source
NW Franklin News,http://nwfranklinnews.com,mediascopeAll/NW_Franklin_News.png,2026-06-20 20:07:31,USA,MIXED,,RIGHT-CENTER,Questionable Source
NW Georgia News,http://nwgeorgianews.com,mediascopeAll/NW_Georgia_News.png,2026-06-20 19:51:13,USA,MIXED,,RIGHT-CENTER,Questionable Source
NW Illinois News,http://nwillinoisnews.com,mediascopeAll/NW_Illinois_News.png,2026-06-20 22:30:20,USA,MIXED,,RIGHT-CENTER,Questionable Source
NW Jersey News,http://nwjerseynews.com,mediascopeAll/NW_Jersey_News.png,2026-06-20 20:03:58,USA,MIXED,,RIGHT-CENTER,Questionable Source
NW Kansas News,http://nwkansasnews.com,mediascopeAll/NW_Kansas_News.png,2026-06-20 21:11:15,USA,MIXED,,RIGHT-CENTER,Questionable Source
NW Kentucky News,http://nwkentuckynews.com,mediascopeAll/NW_Kentucky_News.png,2026-06-20 22:09:06,USA,MIXED,,RIGHT-CENTER,Questionable Source
NW LA Times,http://nwlatimes.com,mediascopeAll/NW_LA_Times.png,2026-06-20 20:49:51,USA,MIXED,,RIGHT-CENTER,Questionable Source
NW Louisiana News,http://nwlouisiananews.com,mediascopeAll/NW_Louisiana_News.png,2026-06-20 20:57:34,USA,MIXED,,RIGHT-CENTER,Questionable Source
NW Minnesota News,http://nwminnesotanews.com,mediascopeAll/NW_Minnesota_News.png,2026-06-20 20:45:13,USA,MIXED,,RIGHT-CENTER,Questionable Source
NW Mississippi News,http://nwmissnews.com,mediascopeAll/NW_Mississippi_News.png,2026-06-20 22:21:54,USA,MIXED,,RIGHT-CENTER,Questionable Source
NW Missouri Times,http://nwmissouritimes.com,mediascopeAll/NW_Missouri_Times.png,2026-06-20 21:37:28,USA,MIXED,,RIGHT-CENTER,Questionable Source
NW New Mexico News,http://nwnewmexiconews.com,mediascopeAll/NW_New_Mexico_News.png,2026-06-20 22:00:03,USA,MIXED,,RIGHT-CENTER,Questionable Source
NW Ohio Times,http://nwohiotimes.com,mediascopeAll/NW_Ohio_Times.png,2026-06-20 20:05:26,USA,MIXED,,RIGHT-CENTER,Questionable Source
NW Oklahoma News,http://nwoklahomanews.com,mediascopeAll/NW_Oklahoma_News.png,2026-06-20 21:21:42,USA,MIXED,,RIGHT-CENTER,Questionable Source
NW Riverside News,http://nwriversidenews.com,mediascopeAll/NW_Riverside_News.png,2026-06-20 20:11:26,USA,MIXED,,RIGHT-CENTER,Questionable Source
NW Twin Cities,https://nwtwincities.com,mediascopeAll/NW_Twin_Cities.png,2026-06-08 20:35:14,USA,MIXED,,RIGHT-CENTER,
NW Valley Times,http://nwvalleytimes.com,mediascopeAll/NW_Valley_Times.png,2026-06-20 21:23:24,USA,MIXED,,RIGHT-CENTER,Questionable Source
NYC Gazette,http://nycgazette.com,mediascopeAll/NYC_Gazette.png,2026-06-20 21:39:09,USA,MIXED,,RIGHT-CENTER,Questionable Source
Nantahala News,http://nantahalanews.com,mediascopeAll/Nantahala_News.png,2026-06-20 19:49:38,USA,MIXED,,RIGHT-CENTER,Questionable Source
Naples Standard,http://naplesstandard.com,mediascopeAll/Naples_Standard.png,2026-06-20 20:52:26,USA,MIXED,,RIGHT-CENTER,Questionable Source
Nassau Standard,http://nassaustandard.com,mediascopeAll/Nassau_Standard.png,2026-06-20 21:19:02,USA,MIXED,,RIGHT-CENTER,Questionable Source
National Association of Scholars,https://nas.org,mediascopeAll/National_Association_of_Scholars.png,2026-06-08 20:36:36,USA,MIXED,,RIGHT,
National Business Review,https://nbr.co.nz,mediascopeAll/National_Business_Review.png,2026-06-03 20:21:24,,HIGH,1,LEAST BIASED,
National Center for Public Policy Research,https://nationalcenter.org,mediascopeAll/National_Center_for_Public_Policy_Research.png,2026-06-08 20:36:51,USA,MIXED,,RIGHT,
National Conservatism,https://nationalconservatism.org,mediascopeAll/National_Conservatism.png,2026-06-08 20:37:39,USA,MIXED,,RIGHT,
National File,https://nationalfile.com,mediascopeAll/National_File.png,2026-06-03 23:59:13,USA,LOW,0,RIGHT,
National Immigration Law Center,https://nilc.org,mediascopeAll/National_Immigration_Law_Center.png,2026-06-08 20:37:53,USA,MOSTLY FACTUAL,,LEFT,
National Organization for Women,https://now.org,mediascopeAll/National_Organization_for_Women.png,2026-06-08 20:38:02,USA,MOSTLY FACTUAL,,LEFT,
National Republican Senatorial Committee,https://nrsc.org,mediascopeAll/National_Republican_Senatorial_Committee.png,2026-06-08 20:38:19,USA,MIXED,,RIGHT,
National Security Archive,https://nsarchive.gwu.edu,mediascopeAll/National_Security_Archive.png,2026-06-03 20:21:38,USA,HIGH,1,LEAST BIASED,
National union of Journalists,https://nuj.org.uk,mediascopeAll/National_union_of_Journalists.png,2026-06-03 20:21:46,,HIGH,1,LEFT-CENTER,
NationalWorld,https://nationalworld.com,mediascopeAll/NationalWorld.png,2026-06-08 20:38:23,,MOSTLY FACTUAL,,LEFT-CENTER,
Natural Resource Governance Institute,https://resourcegovernance.org,mediascopeAll/Natural_Resource_Governance_Institute.png,2026-06-03 20:22:04,USA,HIGH,1,LEFT-CENTER,
Natural State News,http://naturalstatenews.com,mediascopeAll/Natural_State_News.png,2026-06-20 19:53:20,USA,MIXED,,RIGHT-CENTER,Questionable Source
Nature Coast Times,http://naturecoasttimes.com,mediascopeAll/Nature_Coast_Times.png,2026-06-20 21:05:10,USA,MIXED,,RIGHT-CENTER,Questionable Source
Naugutuck Times,https://naugatucktimes.com,mediascopeAll/Naugutuck_Times.png,2026-06-08 20:39:27,USA,MIXED,,RIGHT-CENTER,Questionable Source
Navy Times,https://navytimes.com,mediascopeAll/Navy_Times.png,2026-06-03 20:22:51,USA,HIGH,1,LEAST BIASED,
Nayarit Post,http://thenayaritpost.com,mediascopeAll/Nayarit_Post.png,2026-06-20 22:00:55,Unknown,MIXED,,LEFT-CENTER,Questionable Source
Nebraska Examiner,https://nebraskaexaminer.com,mediascopeAll/Nebraska_Examiner.png,2026-06-03 20:22:30,USA,HIGH,1,LEFT,
Nebraska Panhandle News,http://nepanhandlenews.com,mediascopeAll/Nebraska_Panhandle_News.png,2026-06-20 21:41:30,USA,MIXED,,RIGHT-CENTER,Questionable Source
New Braunfels Herald-Zeitung,https://herald-zeitung.com,mediascopeAll/New_Braunfels_Herald-Zeitung.png,2026-06-08 20:40:08,USA,MOSTLY FACTUAL,,RIGHT-CENTER,
New Discourses,http://newdiscourses.com,mediascopeAll/New_Discourses.png,2026-06-20 19:22:14,USA,LOW,,EXTREME RIGHT,Questionable Source
New Hampshire Business Daily,http://nhbusinessdaily.com,mediascopeAll/New_Hampshire_Business_Daily.png,2026-06-20 19:17:15,USA,MIXED,,RIGHT-CENTER,Questionable Source
New Lines Magazine,https://newlinesmag.com,mediascopeAll/New_Lines_Magazine.png,2026-06-03 20:22:52,USA,HIGH,1,LEFT-CENTER,
New Mexico Sun,http://newmexicosun.com,mediascopeAll/New_Mexico_Sun.png,2026-06-20 21:17:34,USA,MIXED,,RIGHT-CENTER,Questionable Source
New Yorker,https://newyorker.com,mediascopeAll/New_Yorker.png,2026-06-03 20:23:54,USA,HIGH,1,LEFT,
New Zealand Doctors Speaking Out with Science,https://nzdsos.com,mediascopeAll/New_Zealand_Doctors_Speaking_Out_with_Science.png,2026-06-03 20:22:41,,LOW,0,RIGHT,
Newark Advocate,https://newarkadvocate.com,mediascopeAll/Newark_Advocate.png,2026-06-04 00:01:36,USA,HIGH,1,LEFT-CENTER,
Newport Daily News,https://newportri.com,mediascopeAll/Newport_Daily_News.png,2026-06-04 00:01:30,USA,HIGH,1,LEFT-CENTER,
News Addicts,http://newsaddicts.com,mediascopeAll/News_Addicts.png,2026-06-20 20:41:15,USA,LOW,,EXTREME RIGHT,Questionable Source
News Rescue,http://newsrescue.com,mediascopeAll/News_Rescue.png,2026-06-20 21:10:08,Nigeria,MIXED,,RIGHT-CENTER,Questionable Source
News Ventura News,https://eastventuranews.com,mediascopeAll/News_Ventura_News.png,2026-06-08 20:40:36,USA,MIXED,,RIGHT-CENTER,Questionable Source
News24,https://www.news24.com/,mediascopeAll/News24.png,2026-06-03 20:24:48,,HIGH,1,LEAST BIASED,
NewsClick,https://newsclick.in,mediascopeAll/NewsClick.png,2026-06-08 20:40:59,,MIXED,,LEFT,
NewsLaundry,https://newslaundry.com,mediascopeAll/NewsLaundry.png,2026-06-08 20:41:09,,MOSTLY FACTUAL,,LEFT-CENTER,
Newsbusters,https://newsbusters.org,mediascopeAll/Newsbusters.png,2026-06-08 20:41:31,USA,MIXED,,RIGHT,
Newsful,https://newsfulonline.com,mediascopeAll/Newsful.png,2026-06-08 20:41:57,USA,MOSTLY FACTUAL,,LEAST BIASED,
Newsweek,https://newsweek.com,mediascopeAll/Newsweek.png,2026-06-08 20:42:48,USA,MOSTLY FACTUAL,,RIGHT-CENTER,
Niagara Leader,http://niagaraleader.com,mediascopeAll/Niagara_Leader.png,2026-06-20 21:41:19,USA,MIXED,,RIGHT-CENTER,Questionable Source
Niche Gamer,https://nichegamer.com,mediascopeAll/Niche_Gamer.png,2026-06-08 20:43:24,USA,MIXED,,RIGHT,
No Labels,https://nolabels.org,mediascopeAll/No_Labels.png,2026-06-03 20:24:30,USA,HIGH,1,LEAST BIASED,
NoTricksZone,https://notrickszone.com,mediascopeAll/NoTricksZone.png,2026-06-04 00:03:53,,LOW,0,RIGHT,
Nonprofit Quarterly,https://nonprofitquarterly.org,mediascopeAll/Nonprofit_Quarterly.png,2026-06-08 20:44:05,USA,MOSTLY FACTUAL,,LEFT,
Norfolk & Tillsonburg News,https://norfolkandtillsonburgnews.com,mediascopeAll/Norfolk_Tillsonburg_News.png,2026-06-03 20:24:51,,HIGH,1,RIGHT-CENTER,
Norfolk Reporter,http://norfolkreporter.com,mediascopeAll/Norfolk_Reporter.png,2026-06-20 19:57:32,USA,MIXED,,RIGHT-CENTER,Questionable Source
North Acadiana News,http://northacadiananews.com,mediascopeAll/North_Acadiana_News.png,2026-06-20 19:40:32,USA,MIXED,,RIGHT-CENTER,Questionable Source
North Alaska News,http://northalaskanews.com,mediascopeAll/North_Alaska_News.png,2026-06-20 21:04:54,USA,MIXED,,RIGHT-CENTER,Questionable Source
North Baltimore Journal,http://northbaltimorejournal.com,mediascopeAll/North_Baltimore_Journal.png,2026-06-20 20:53:24,USA,MIXED,,RIGHT-CENTER,Questionable Source
North Bay Nugget,https://nugget.ca,mediascopeAll/North_Bay_Nugget.png,2026-06-03 20:25:16,,HIGH,1,RIGHT-CENTER,
North Birmingham Times,http://northbirminghamtimes.com,mediascopeAll/North_Birmingham_Times.png,2026-06-20 21:58:48,USA,MIXED,,RIGHT-CENTER,Questionable Source
North Blueglass News,https://northbluegrassnews.com,mediascopeAll/North_Blueglass_News.png,2026-06-08 20:45:44,USA,MIXED,,RIGHT-CENTER,Questionable Source
North Boston News,http://northbostonnews.com,mediascopeAll/North_Boston_News.png,2026-06-20 21:45:25,USA,MIXED,,RIGHT-CENTER,Questionable Source
North Broward News,http://northbrowardnews.com,mediascopeAll/North_Broward_News.png,2026-06-20 19:13:41,USA,MIXED,,RIGHT-CENTER,Questionable Source
North Central Arkansas News,http://ncarkansasnews.com,mediascopeAll/North_Central_Arkansas_News.png,2026-06-20 22:16:28,USA,MIXED,,RIGHT-CENTER,Questionable Source
North Charlotte Today,http://northcharlottetoday.com,mediascopeAll/North_Charlotte_Today.png,2026-06-20 21:17:52,USA,MIXED,,RIGHT-CENTER,Questionable Source
North Cincy News,http://northcincynews.com,mediascopeAll/North_Cincy_News.png,2026-06-20 21:03:23,USA,MIXED,,RIGHT-CENTER,Questionable Source
North Coast California News,http://northcoastcanews.com,mediascopeAll/North_Coast_California_News.png,2026-06-20 21:15:31,USA,MIXED,,RIGHT-CENTER,Questionable Source
North Columbus News,http://northcolumbusnews.com,mediascopeAll/North_Columbus_News.png,2026-06-20 21:18:47,USA,MIXED,,RIGHT-CENTER,Questionable Source
North Cook News,http://northcooknews.com,mediascopeAll/North_Cook_News.png,2026-06-20 20:07:32,USA,MIXED,,RIGHT-CENTER,Questionable Source
North Country Leader,http://northcountryleader.com,mediascopeAll/North_Country_Leader.png,2026-06-20 21:22:04,USA,MIXED,,RIGHT-CENTER,Questionable Source
North Country Reporter,http://northcountryreporter.com,mediascopeAll/North_Country_Reporter.png,2026-06-20 19:40:02,USA,MIXED,,RIGHT-CENTER,Questionable Source
North DSM News,http://northdsmnews.com,mediascopeAll/North_DSM_News.png,2026-06-20 21:03:03,USA,MIXED,,RIGHT-CENTER,Questionable Source
North Dakota Monitor,https://northdakotamonitor.com,mediascopeAll/North_Dakota_Monitor.png,2026-06-03 20:25:05,USA,HIGH,1,LEFT,
North Dayton News,http://northdaytonnews.com,mediascopeAll/North_Dayton_News.png,2026-06-20 19:33:09,USA,MIXED,,RIGHT-CENTER,Questionable Source
North Egypt News,http://northegyptnews.com,mediascopeAll/North_Egypt_News.png,2026-06-20 22:28:00,USA,MIXED,,RIGHT-CENTER,Questionable Source
North Essex News,http://northessexnews.com,mediascopeAll/North_Essex_News.png,2026-06-20 22:21:45,USA,MIXED,,RIGHT-CENTER,Questionable Source
North Fulton Today,http://northfultontoday.com,mediascopeAll/North_Fulton_Today.png,2026-06-20 20:59:45,,MIXED,,RIGHT-CENTER,Questionable Source
North Guilford News,http://northguilfordnews.com,mediascopeAll/North_Guilford_News.png,2026-06-20 21:09:45,USA,MIXED,,RIGHT-CENTER,Questionable Source
North Gwinnett News,http://northgwinnettnews.com,mediascopeAll/North_Gwinnett_News.png,2026-06-20 21:59:13,USA,MIXED,,RIGHT-CENTER,Questionable Source
North Hennepin News,http://northhennepinnews.com,mediascopeAll/North_Hennepin_News.png,2026-06-20 21:54:37,USA,MIXED,,RIGHT-CENTER,Questionable Source
North Idaho Times,http://northidahotimes.com,mediascopeAll/North_Idaho_Times.png,2026-06-20 21:03:43,USA,MIXED,,RIGHT-CENTER,Questionable Source
North Indy News,http://northindynews.com,mediascopeAll/North_Indy_News.png,2026-06-20 22:30:05,USA,MIXED,,RIGHT-CENTER,Questionable Source
North Inland News,http://northinlandnews.com,mediascopeAll/North_Inland_News.png,2026-06-20 20:04:39,USA,MIXED,,RIGHT-CENTER,Questionable Source
North Iowa Reporter,http://northiowareporter.com,mediascopeAll/North_Iowa_Reporter.png,2026-06-20 20:02:46,USA,MIXED,,RIGHT-CENTER,Questionable Source
North Iredell News,http://northiredellnews.com,mediascopeAll/North_Iredell_News.png,2026-06-20 20:40:56,USA,MIXED,,RIGHT-CENTER,Questionable Source
North Jefferson County News,http://northjeffconews.com,mediascopeAll/North_Jefferson_County_News.png,2026-06-20 20:09:07,USA,MIXED,,RIGHT-CENTER,Questionable Source
North Kent News,http://northkentnews.com,mediascopeAll/North_Kent_News.png,2026-06-20 22:21:11,USA,MIXED,,RIGHT-CENTER,Questionable Source
North Kentucky News,http://northkentuckynews.com,mediascopeAll/North_Kentucky_News.png,2026-06-20 19:24:27,USA,MIXED,,RIGHT-CENTER,Questionable Source
North Lake Times,http://northlaketimes.com,mediascopeAll/North_Lake_Times.png,2026-06-20 19:18:53,USA,MIXED,,RIGHT-CENTER,Questionable Source
North Little Rock Times,http://northlittlerocktimes.com,mediascopeAll/North_Little_Rock_Times.png,2026-06-20 21:28:34,USA,MIXED,,RIGHT-CENTER,Questionable Source
North Mecklenburg,https://northmecklenburgnews.com,mediascopeAll/North_Mecklenburg.png,2026-06-08 20:51:17,USA,MIXED,,RIGHT-CENTER,Questionable Source
North Miami-Dade News,http://northmianews.com,mediascopeAll/North_Miami-Dade_News.png,2026-06-20 20:40:06,USA,MIXED,,RIGHT-CENTER,Questionable Source
North Michigan News,http://northmichigannews.com,mediascopeAll/North_Michigan_News.png,2026-06-20 21:00:33,USA,MIXED,,RIGHT-CENTER,Questionable Source
North Middlesex Times,http://northmiddlesextimes.com,mediascopeAll/North_Middlesex_Times.png,2026-06-20 19:29:00,USA,MIXED,,RIGHT-CENTER,Questionable Source
North Nevada News,http://northnevadanews.com,mediascopeAll/North_Nevada_News.png,2026-06-20 19:34:25,USA,MIXED,,RIGHT-CENTER,Questionable Source
North New Castle News,http://northnewcastlenews.com,mediascopeAll/North_New_Castle_News.png,2026-06-20 22:18:16,USA,MIXED,,RIGHT-CENTER,Questionable Source
North OC Times,http://northoctimes.com,mediascopeAll/North_OC_Times.png,2026-06-20 19:28:40,USA,MIXED,,RIGHT-CENTER,Questionable Source
North OKC News,http://northokcnews.com,mediascopeAll/North_OKC_News.png,2026-06-20 20:30:32,USA,MIXED,,RIGHT-CENTER,Questionable Source
North Omaha Times,http://northomahatimes.com,mediascopeAll/North_Omaha_Times.png,2026-06-20 20:57:25,USA,MIXED,,RIGHT-CENTER,Questionable Source
North Orlando News,http://northorlandonews.com,mediascopeAll/North_Orlando_News.png,2026-06-20 19:55:22,USA,MIXED,,RIGHT-CENTER,Questionable Source
North Palm Beach Today,http://northpalmbeachtoday.com,mediascopeAll/North_Palm_Beach_Today.png,2026-06-20 21:46:05,USA,MIXED,,RIGHT-CENTER,Questionable Source
North Panhandle News,http://northpanhandlenews.com,mediascopeAll/North_Panhandle_News.png,2026-06-20 19:18:28,USA,MIXED,,RIGHT-CENTER,Questionable Source
North Pima News,http://northpimanews.com,mediascopeAll/North_Pima_News.png,2026-06-20 22:29:31,USA,MIXED,,RIGHT-CENTER,Questionable Source
North Pinellas News,http://northpinellasnews.com,mediascopeAll/North_Pinellas_News.png,2026-06-20 19:52:14,USA,MIXED,,RIGHT-CENTER,Questionable Source
North Raleigh Today,http://northraleightoday.com,mediascopeAll/North_Raleigh_Today.png,2026-06-20 20:07:58,USA,MIXED,,RIGHT-CENTER,Questionable Source
North Ramsey News,http://northramseynews.com,mediascopeAll/North_Ramsey_News.png,2026-06-20 20:42:57,USA,MIXED,,RIGHT-CENTER,Questionable Source
North SFV Today,http://northsfvtoday.com,mediascopeAll/North_SFV_Today.png,2026-06-20 21:10:38,USA,MIXED,,RIGHT-CENTER,Questionable Source
North SGV News,http://northsgvnews.com,mediascopeAll/North_SGV_News.png,2026-06-20 20:20:59,USA,MIXED,,RIGHT-CENTER,Questionable Source
North STL News,http://northstlnews.com,mediascopeAll/North_STL_News.png,2026-06-20 20:12:11,USA,MIXED,,RIGHT-CENTER,Questionable Source
North Sacramento Today,http://northsactoday.com,mediascopeAll/North_Sacramento_Today.png,2026-06-20 20:45:37,USA,MIXED,,RIGHT-CENTER,Questionable Source
North Shore Louisiana News,http://northshorelanews.com,mediascopeAll/North_Shore_Louisiana_News.png,2026-06-20 19:18:01,USA,MIXED,,RIGHT-CENTER,Questionable Source
North Summit News,http://northsummitnews.com,mediascopeAll/North_Summit_News.png,2026-06-20 19:14:16,USA,MIXED,,RIGHT-CENTER,Questionable Source
North Triangle News,http://northtrianglenews.com,mediascopeAll/North_Triangle_News.png,2026-06-20 21:51:51,USA,MIXED,,RIGHT-CENTER,Questionable Source
North Tulsa Today,http://northtulsatoday.com,mediascopeAll/North_Tulsa_Today.png,2026-06-20 19:10:44,USA,MIXED,,RIGHT-CENTER,Questionable Source
North Vegas Times,http://northvegastimes.com,mediascopeAll/North_Vegas_Times.png,2026-06-20 20:34:27,USA,MIXED,,RIGHT-CENTER,Questionable Source
North Wake News,http://northwakenews.com,mediascopeAll/North_Wake_News.png,2026-06-20 19:21:11,USA,MIXED,,RIGHT-CENTER,Questionable Source
North Wales Chronicle,https://northwaleschronicle.co.uk,mediascopeAll/North_Wales_Chronicle.png,2026-06-03 20:26:09,,HIGH,1,LEAST BIASED,
North Wales Pioneer,https://northwalespioneer.co.uk,mediascopeAll/North_Wales_Pioneer.png,2026-06-03 20:26:10,,HIGH,1,LEAST BIASED,
North Wichita News,http://northwichitanews.com,mediascopeAll/North_Wichita_News.png,2026-06-20 20:47:01,USA,MIXED,,RIGHT-CENTER,Questionable Source
Northumberland Gazette,https://northumberlandgazette.co.uk,mediascopeAll/Northumberland_Gazette.png,2026-06-03 20:26:19,,HIGH,1,LEAST BIASED,
Northwest Florida Daily News,https://nwfdailynews.com,mediascopeAll/Northwest_Florida_Daily_News.png,2026-06-03 20:26:43,USA,HIGH,1,LEAST BIASED,
Northwest Montana News,http://nwmontananews.com,mediascopeAll/Northwest_Montana_News.png,2026-06-20 21:20:48,USA,MIXED,,RIGHT-CENTER,Questionable Source
Northwest Wayne News,http://nwwaynenews.com,mediascopeAll/Northwest_Wayne_News.png,2026-06-20 21:11:27,USA,MIXED,,RIGHT-CENTER,Questionable Source
Northwich Guardian,https://northwichguardian.co.uk,mediascopeAll/Northwich_Guardian.png,2026-06-03 20:27:22,,HIGH,1,LEAST BIASED,
Notes from Poland,https://notesfrompoland.com,mediascopeAll/Notes_from_Poland.png,2026-06-08 20:57:00,,MOSTLY FACTUAL,,LEAST BIASED,
Novara Media,https://novaramedia.com,mediascopeAll/Novara_Media.png,2026-06-08 20:57:03,,MIXED,,LEFT,
Novi Times,http://novitimes.com,mediascopeAll/Novi_Times.png,2026-06-20 20:50:15,USA,MIXED,,RIGHT-CENTER,Questionable Source
NowThisNews,https://nowmedianetwork.co,mediascopeAll/NowThisNews.png,2026-06-08 20:57:47,USA,MIXED,,LEFT,
Nuclear Threat Initiative,https://nti.org,mediascopeAll/Nuclear_Threat_Initiative.png,2026-06-03 20:26:54,,HIGH,1,LEAST BIASED,
Nunavut News,https://nunavutnews.com,mediascopeAll/Nunavut_News.png,2026-06-03 20:26:40,,HIGH,1,LEFT-CENTER,
O Canada,https://o.canada.com,mediascopeAll/O_Canada.png,2026-06-08 20:58:08,,MOSTLY FACTUAL,,RIGHT-CENTER,
OKC Standard,http://okcstandard.com,mediascopeAll/OKC_Standard.png,2026-06-20 20:16:18,USA,MIXED,,RIGHT-CENTER,Questionable Source
Oak Bay News,https://oakbaynews.com,mediascopeAll/Oak_Bay_News.png,2026-06-03 20:26:57,,HIGH,1,LEFT-CENTER,
OakRidger,https://oakridger.com,mediascopeAll/OakRidger.png,2026-06-03 20:28:06,USA,HIGH,1,LEFT-CENTER,
Oakland City Wire,http://oaklandcitywire.com,mediascopeAll/Oakland_City_Wire.png,2026-06-20 20:52:22,USA,MIXED,,RIGHT-CENTER,Questionable Source
Oaklandside,https://oaklandside.org,mediascopeAll/Oaklandside.png,2026-06-03 20:27:14,USA,HIGH,1,LEFT,
Oaxaca Post,http://theoaxacapost.com,mediascopeAll/Oaxaca_Post.png,2026-06-20 19:22:19,Unknown,MIXED,,LEFT-CENTER,Questionable Source
Ocala Standard,http://ocalastandard.com,mediascopeAll/Ocala_Standard.png,2026-06-20 19:08:08,USA,MIXED,,RIGHT-CENTER,Questionable Source
Ocean County Leader,http://oceancountyleader.com,mediascopeAll/Ocean_County_Leader.png,2026-06-20 20:18:09,USA,MIXED,,RIGHT-CENTER,Questionable Source
Off The Press,https://offthepress.com,mediascopeAll/Off_The_Press.png,2026-06-08 21:01:16,USA,MIXED,,RIGHT,
Off the Grid News,https://offthegridnews.com,mediascopeAll/Off_the_Grid_News.png,2026-06-08 21:01:32,USA,MIXED,,RIGHT,
Oh!MyMag,https://ohmymag.co.uk,mediascopeAll/Oh_MyMag.png,2026-06-08 21:01:58,,MIXED,,LEAST BIASED,
Ohio Business Daily,http://businessdailynetwork.com/states/oh/,mediascopeAll/Ohio_Business_Daily.png,2026-06-20 21:23:09,USA,MIXED,,RIGHT-CENTER,Questionable Source
Okeechobee Times,http://okeechobeetimes.com,mediascopeAll/Okeechobee_Times.png,2026-06-20 22:10:55,USA,MIXED,,RIGHT-CENTER,Questionable Source
Oklahoma Business Daily,http://businessdailynetwork.com/states/ok/,mediascopeAll/Oklahoma_Business_Daily.png,2026-06-20 20:10:49,USA,MIXED,,RIGHT-CENTER,Questionable Source
Oklahoma Voice,https://oklahomavoice.com,mediascopeAll/Oklahoma_Voice.png,2026-06-03 20:27:25,USA,HIGH,1,LEFT,
Old North News,http://oldnorthnews.com,mediascopeAll/Old_North_News.png,2026-06-20 20:38:45,USA,MIXED,,RIGHT-CENTER,Questionable Source
Omaha City Wire,https://omahacitywire.com,mediascopeAll/Omaha_City_Wire.png,2026-06-08 21:03:43,USA,MIXED,,RIGHT-CENTER,
Oneida Times,http://oneidatimes.com,mediascopeAll/Oneida_Times.png,2026-06-20 20:09:56,USA,MIXED,,RIGHT-CENTER,Questionable Source
Onslow News,http://onslownews.com,mediascopeAll/Onslow_News.png,2026-06-20 19:24:56,USA,MIXED,,RIGHT-CENTER,Questionable Source
Open to Debate,https://opentodebate.org,mediascopeAll/Open_to_Debate.png,2026-06-03 20:28:07,,HIGH,1,LEAST BIASED,
Opinidia,https://opindia.com,mediascopeAll/Opinidia.png,2026-06-08 21:04:45,,MIXED,,RIGHT,
Organisation for Economic Co-operation and Development,https://oecd.org,mediascopeAll/Organisation_for_Economic_Co-operation_and_Development.png,2026-06-03 20:27:55,,HIGH,1,LEAST BIASED,
Orlando Standard,http://orlandostandard.com,mediascopeAll/Orlando_Standard.png,2026-06-20 19:44:45,USA,MIXED,,RIGHT-CENTER,Questionable Source
Our World In Data,https://ourworldindata.org,mediascopeAll/Our_World_In_Data.png,2026-06-03 20:28:18,,HIGH,1,LEFT-CENTER,
Outer Banks Times,http://outerbankstimes.com,mediascopeAll/Outer_Banks_Times.png,2026-06-20 22:22:43,USA,MIXED,,RIGHT-CENTER,Questionable Source
Owen Sound Sun Times,https://owensoundsuntimes.com,mediascopeAll/Owen_Sound_Sun_Times.png,2026-06-03 20:28:59,,HIGH,1,RIGHT-CENTER,
Oxford Reporter,http://oxfordreporter.com,mediascopeAll/Oxford_Reporter.png,2026-06-20 22:21:22,USA,MIXED,,RIGHT-CENTER,Questionable Source
PA Media,https://pa.media,mediascopeAll/PA_Media.png,2026-06-03 20:28:25,,VERY HIGH,1,LEAST BIASED,
PHX Reporter,http://phxreporter.com,mediascopeAll/PHX_Reporter.png,2026-06-20 19:17:39,USA,MIXED,,RIGHT-CENTER,Questionable Source
PJ Media,http://pjmedia.com,mediascopeAll/PJ_Media.png,2026-06-20 21:10:53,USA,MIXED,,RIGHT,Questionable Source
Pacific Standard Magazine,https://psmag.com,mediascopeAll/Pacific_Standard_Magazine.png,2026-06-03 20:28:43,USA,HIGH,1,LEFT-CENTER,
PackagingDive,https://packagingdive.com,mediascopeAll/PackagingDive.png,2026-06-03 20:29:34,USA,HIGH,1,LEAST BIASED,
Palm Beach Daily News,https://palmbeachdailynews.com,mediascopeAll/Palm_Beach_Daily_News.png,2026-06-03 20:29:59,USA,HIGH,1,LEFT-CENTER,
Palm Coast Times,http://palmcoasttimes.com,mediascopeAll/Palm_Coast_Times.png,2026-06-20 20:22:18,USA,MIXED,,RIGHT-CENTER,Questionable Source
Panama City Reporter,http://panamacityreporter.com,mediascopeAll/Panama_City_Reporter.png,2026-06-20 20:11:36,USA,MIXED,,RIGHT-CENTER,Questionable Source
Pandemic News,https://pandemic.news,mediascopeAll/Pandemic_News.png,2026-06-04 00:01:52,USA,VERY LOW,0,RIGHT,
Pants on Fire News,https://pantsonfirenews.com,mediascopeAll/Pants_on_Fire_News.png,2026-06-08 21:07:04,USA,MIXED,,RIGHT,
Parents Defending Education,https://defendinged.org,mediascopeAll/Parents_Defending_Education.png,2026-06-08 21:07:18,USA,MIXED,,RIGHT,
Paris Star,https://parisstaronline.com,mediascopeAll/Paris_Star.png,2026-06-03 20:30:10,,HIGH,1,RIGHT-CENTER,
Pasco Reporter,http://pascoreporter.com,mediascopeAll/Pasco_Reporter.png,2026-06-20 20:37:42,USA,MIXED,,RIGHT-CENTER,Questionable Source
Passaic Today,http://passaictoday.com,mediascopeAll/Passaic_Today.png,2026-06-20 20:54:58,USA,MIXED,,RIGHT-CENTER,Questionable Source
Patient Daily,http://patientdaily.com,mediascopeAll/Patient_Daily.png,2026-06-20 21:26:51,USA,MIXED,,RIGHT-CENTER,Questionable Source
PaymentsDive,https://paymentsdive.com,mediascopeAll/PaymentsDive.png,2026-06-03 20:30:13,USA,HIGH,1,LEAST BIASED,
Peace Garden News,http://peacegardennews.com,mediascopeAll/Peace_Garden_News.png,2026-06-20 22:02:11,USA,MIXED,,RIGHT-CENTER,Questionable Source
Peach Tree Times,http://peachtreetimes.com,mediascopeAll/Peach_Tree_Times.png,2026-06-20 22:19:53,USA,MIXED,,RIGHT-CENTER,Questionable Source
Pelican State News,http://pelicanstatenews.com,mediascopeAll/Pelican_State_News.png,2026-06-20 20:13:46,USA,MIXED,,RIGHT-CENTER,Questionable Source
Pembroke Observer & News,https://pembrokeobserver.com,mediascopeAll/Pembroke_Observer_News.png,2026-06-03 20:30:28,,HIGH,1,RIGHT-CENTER,
Peninsula Daily News,https://peninsuladailynews.com,mediascopeAll/Peninsula_Daily_News.png,2026-06-03 20:30:59,USA,HIGH,1,LEAST BIASED,
Pennsylvania Independent,http://pennsylvaniaindependent.com,mediascopeAll/Pennsylvania_Independent.png,2026-06-20 21:04:42,USA,MIXED,,LEFT,Questionable Source
Pensacola Times,http://pensacolatimes.com,mediascopeAll/Pensacola_Times.png,2026-06-20 20:27:06,USA,MIXED,,RIGHT-CENTER,Questionable Source
Pensions & Investments,https://pionline.com,mediascopeAll/Pensions_Investments.png,2026-06-08 21:09:02,,MOSTLY FACTUAL,,LEAST BIASED,
Penticton Western News,https://pentictonwesternnews.com,mediascopeAll/Penticton_Western_News.png,2026-06-03 20:30:27,,HIGH,1,LEFT-CENTER,
Peoples Gazette,https://gazettengr.com,mediascopeAll/Peoples_Gazette.png,2026-06-08 21:09:13,,MIXED,,LEAST BIASED,
Peoria Journal Star,https://pjstar.com,mediascopeAll/Peoria_Journal_Star.png,2026-06-03 20:31:33,USA,HIGH,1,LEAST BIASED,
Peoria Standard,http://peoriastandard.com,mediascopeAll/Peoria_Standard.png,2026-06-20 20:10:56,,MIXED,,RIGHT-CENTER,Questionable Source
Perry County Tribune,https://perrytribune.com,mediascopeAll/Perry_County_Tribune.png,2026-06-03 20:31:45,USA,HIGH,1,LEFT-CENTER,
Petersburg Progress-Index,https://progress-index.com,mediascopeAll/Petersburg_Progress-Index.png,2026-06-03 20:31:55,USA,HIGH,1,LEFT-CENTER,
Pew Research,https://pewresearch.org,mediascopeAll/Pew_Research.png,2026-06-03 20:31:23,USA,VERY HIGH,1,LEAST BIASED,
PharmaVoice,https://pharmavoice.com,mediascopeAll/PharmaVoice.png,2026-06-03 20:31:57,USA,HIGH,1,LEAST BIASED,
Pinehurst Today,http://pinehursttoday.com,mediascopeAll/Pinehurst_Today.png,2026-06-20 21:07:43,USA,MIXED,,RIGHT-CENTER,Questionable Source
Pinellas Times,http://pinellastimes.com,mediascopeAll/Pinellas_Times.png,2026-06-20 21:23:51,USA,MIXED,,RIGHT-CENTER,Questionable Source
Pioneer Valley Advocate,https://valleyadvocate.com,mediascopeAll/Pioneer_Valley_Advocate.png,2026-06-03 20:32:19,USA,HIGH,1,LEFT-CENTER,
Platt County Journal-Republican,https://journal-republican.com,mediascopeAll/Platt_County_Journal-Republican.png,2026-06-03 20:32:18,,HIGH,1,LEAST BIASED,
Platte News,http://plattenews.com,mediascopeAll/Platte_News.png,2026-06-20 20:25:49,USA,MIXED,,RIGHT-CENTER,Questionable Source
Plattsburgh Press-Republican,https://pressrepublican.com,mediascopeAll/Plattsburgh_Press-Republican.png,2026-06-03 20:32:46,USA,HIGH,1,LEFT-CENTER,
Plymouth Reporter,http://plymouthreporter.com,mediascopeAll/Plymouth_Reporter.png,2026-06-20 19:50:52,USA,MIXED,,RIGHT-CENTER,Questionable Source
Pocatello Times,http://pocatellotimes.com,mediascopeAll/Pocatello_Times.png,2026-06-20 21:35:19,USA,MIXED,,RIGHT-CENTER,Questionable Source
Political Animal News,http://politicalanimalnews.com,mediascopeAll/Political_Animal_News.png,2026-06-20 20:13:38,USA,MIXED,,RIGHT,Questionable Source
Political Tribune,https://tribunemag.co.uk/,mediascopeAll/Political_Tribune.png,2026-06-08 21:11:36,USA,MIXED,,LEFT,
Politifact,https://politifact.com,mediascopeAll/Politifact.png,2026-06-03 20:33:12,USA,HIGH,1,LEFT-CENTER,
Polk Times,http://polktimes.com,mediascopeAll/Polk_Times.png,2026-06-20 22:01:54,USA,MIXED,,RIGHT-CENTER,Questionable Source
Polygon,https://polygon.com,mediascopeAll/Polygon.png,2026-06-03 20:32:50,USA,HIGH,1,LEFT-CENTER,
Pomona Valley News,http://pomonavalleynews.com,mediascopeAll/Pomona_Valley_News.png,2026-06-20 19:15:52,USA,MIXED,,RIGHT-CENTER,Questionable Source
Ponoka News,https://ponokanews.com,mediascopeAll/Ponoka_News.png,2026-06-03 20:32:44,,HIGH,1,LEFT-CENTER,
Pontiac Times,https://pontiactimes.com,mediascopeAll/Pontiac_Times.png,2026-06-08 21:11:54,USA,MIXED,,RIGHT-CENTER,
Population Research Institute,http://pop.org,mediascopeAll/Population_Research_Institute.png,2026-06-20 20:38:33,USA,LOW,,EXTREME RIGHT,Questionable Source
Port Clinton News-Herald,https://portclintonnewsherald.com,mediascopeAll/Port_Clinton_News-Herald.png,2026-06-03 23:24:43,USA,HIGH,1,LEFT-CENTER,
Portage Times,http://portagetimes.com,mediascopeAll/Portage_Times.png,2026-06-20 21:38:38,USA,MIXED,,RIGHT-CENTER,Questionable Source
Portland Maine News,http://portlandmainenews.com,mediascopeAll/Portland_Maine_News.png,2026-06-20 20:56:11,USA,MIXED,,RIGHT-CENTER,Questionable Source
Portside,https://portside.org,mediascopeAll/Portside.png,2026-06-08 21:12:39,USA,MOSTLY FACTUAL,,LEFT,
Prairie State Wire,http://prairiestatewire.com,mediascopeAll/Prairie_State_Wire.png,2026-06-20 22:03:02,USA,MIXED,,RIGHT-CENTER,Questionable Source
Prime 9ja Online,https://prime9ja.com.ng,mediascopeAll/Prime_9ja_Online.png,2026-06-08 21:12:54,,MOSTLY FACTUAL,,LEAST BIASED,
Procon.org,https://procon.org,mediascopeAll/Procon.org.png,2026-06-03 20:33:52,USA,HIGH,1,LEAST BIASED,
Progressive Change Campaign Committee,https://boldprogressives.org,mediascopeAll/Progressive_Change_Campaign_Committee.png,2026-06-08 21:13:05,USA,MIXED,,LEFT,
Project Syndicate,https://project-syndicate.org,mediascopeAll/Project_Syndicate.png,2026-06-03 20:34:10,,HIGH,1,LEFT-CENTER,
Project on Government Insight,https://pogo.org,mediascopeAll/Project_on_Government_Insight.png,2026-06-03 20:33:47,,HIGH,1,LEFT-CENTER,
Public Religion Research Institute,https://prri.org,mediascopeAll/Public_Religion_Research_Institute.png,2026-06-04 00:02:56,USA,VERY HIGH,1,LEAST BIASED,
Puebla Post,http://pueblapost.com,mediascopeAll/Puebla_Post.png,2026-06-20 21:38:58,Unknown,MIXED,,LEFT-CENTER,Questionable Source
Pulaski Times,http://pulaskitimes.com,mediascopeAll/Pulaski_Times.png,2026-06-20 19:45:25,USA,MIXED,,RIGHT-CENTER,Questionable Source
Pulse Nigeria,https://pulse.ng,mediascopeAll/Pulse_Nigeria.png,2026-06-08 21:13:57,,MIXED,,LEFT-CENTER,
Punching Bag Post,https://punchingbagpost.com,mediascopeAll/Punching_Bag_Post.png,2026-06-08 21:13:58,USA,MIXED,,RIGHT,
Quartz,https://qz.com,mediascopeAll/Quartz.png,2026-06-03 20:35:12,USA,HIGH,1,LEFT-CENTER,
Queen Creek Tribune,https://queencreektribune.com,mediascopeAll/Queen_Creek_Tribune.png,2026-06-03 20:34:39,USA,HIGH,1,LEAST BIASED,
Quillette,http://quillette.com,mediascopeAll/Quillette.png,2026-06-20 20:07:58,Australia,MIXED,,RIGHT,Questionable Source
Quincy Reporter,http://quincyreporter.com,mediascopeAll/Quincy_Reporter.png,2026-06-20 19:21:37,USA,MIXED,,RIGHT-CENTER,Questionable Source
RAIR Foundation USA,http://rairfoundation.com,mediascopeAll/RAIR_Foundation_USA.png,2026-06-20 20:50:53,USA,LOW,,EXTREME RIGHT,Questionable Source
RT News,http://www.rt.com,mediascopeAll/RT_News.png,2026-06-20 19:25:49,Russia,VERY LOW,,RIGHT-CENTER,Questionable Source
Rabble.ca,https://rabble.ca,mediascopeAll/Rabble.ca.png,2026-06-03 20:35:38,,HIGH,1,LEFT,
Rand Corporation,https://rand.org,mediascopeAll/Rand_Corporation.png,2026-06-03 20:35:37,USA,HIGH,1,LEAST BIASED,
Randolph County News,http://randolphcountynews.com,mediascopeAll/Randolph_County_News.png,2026-06-20 20:11:01,USA,MIXED,,RIGHT-CENTER,Questionable Source
Rapid City Journal,https://rapidcityjournal.com,mediascopeAll/Rapid_City_Journal.png,2026-06-03 20:36:19,,HIGH,1,LEAST BIASED,
Rappanhannock News,https://rappnews.com,mediascopeAll/Rappanhannock_News.png,2026-06-03 20:36:38,,HIGH,1,LEAST BIASED,
Rappler,https://rappler.com,mediascopeAll/Rappler.png,2026-06-03 20:36:48,,HIGH,1,LEFT-CENTER,
Rare News,https://rare.us,mediascopeAll/Rare_News.png,2026-06-08 21:15:28,USA,MIXED,,RIGHT,
Rasmussen Reports,https://rasmussenreports.com,mediascopeAll/Rasmussen_Reports.png,2026-06-08 21:15:50,USA,MOSTLY FACTUAL,,RIGHT-CENTER,
RationalWiki,https://rationalwiki.org,mediascopeAll/RationalWiki.png,2026-06-03 20:36:26,USA,HIGH,1,LEFT-CENTER,
Raw Story,https://rawstory.com,mediascopeAll/Raw_Story.png,2026-06-03 20:37:32,USA,HIGH,1,LEFT,
ReWire News Group,https://rewirenewsgroup.com,mediascopeAll/ReWire_News_Group.png,2026-06-03 20:36:53,USA,HIGH,1,LEFT,
Reading Chronicle,https://readingchronicle.co.uk,mediascopeAll/Reading_Chronicle.png,2026-06-03 20:38:09,,HIGH,1,LEAST BIASED,
Reading the Pictures,https://readingthepictures.org,mediascopeAll/Reading_the_Pictures.png,2026-06-08 21:17:02,USA,MOSTLY FACTUAL,,LEFT,
Real Clear Investigations,https://realclearinvestigations.com,mediascopeAll/Real_Clear_Investigations.png,2026-06-08 21:17:25,USA,MOSTLY FACTUAL,,RIGHT-CENTER,
Real Climate Science,https://realclimatescience.com,mediascopeAll/Real_Climate_Science.png,2026-06-03 20:38:07,USA,LOW,0,RIGHT,
Real News Network,https://therealnews.com,mediascopeAll/Real_News_Network.png,2026-06-03 20:37:02,USA,HIGH,1,LEFT,
RealClearReligion,https://realclearreligion.org,mediascopeAll/RealClearReligion.png,2026-06-08 21:17:53,USA,MOSTLY FACTUAL,,RIGHT-CENTER,
Reclaim the Net,https://reclaimthenet.org,mediascopeAll/Reclaim_the_Net.png,2026-06-08 21:19:01,,MIXED,,RIGHT,
Red Deer Advocate,https://reddeeradvocate.com,mediascopeAll/Red_Deer_Advocate.png,2026-06-03 20:37:38,,HIGH,1,LEFT-CENTER,
Red Ice TV,http://redice.tv,mediascopeAll/Red_Ice_TV.png,2026-06-20 19:29:45,Sweden,LOW,,EXTREME RIGHT,Questionable Source
Red Pepper,https://redpepper.org.uk,mediascopeAll/Red_Pepper.png,2026-06-03 20:38:00,,HIGH,1,LEFT,
Red River Valley News,https://valleynewslive.com,mediascopeAll/Red_River_Valley_News.png,2026-06-04 00:13:54,USA,HIGH,1,LEAST BIASED,
Red State Watcher,http://redstatewatcher.com,mediascopeAll/Red_State_Watcher.png,2026-06-20 21:12:13,USA,LOW,,EXTREME RIGHT,Questionable Source
Redding Today,http://reddingtoday.com,mediascopeAll/Redding_Today.png,2026-06-20 19:15:04,USA,MIXED,,RIGHT-CENTER,Questionable Source
Redoubt News,https://redoubtnews.com,mediascopeAll/Redoubt_News.png,2026-06-08 21:20:57,USA,MIXED,,RIGHT,
Redwood Empire News,http://redwoodempirenews.com,mediascopeAll/Redwood_Empire_News.png,2026-06-20 21:40:12,USA,MIXED,,RIGHT-CENTER,Questionable Source
Reference.com,https://reference.com,mediascopeAll/Reference.com.png,2026-06-03 20:38:20,USA,HIGH,1,LEFT-CENTER,
Regina Leader-Post,https://leaderpost.com,mediascopeAll/Regina_Leader-Post.png,2026-06-03 23:57:21,,HIGH,1,RIGHT-CENTER,
Religion News Service,https://religionnews.com,mediascopeAll/Religion_News_Service.png,2026-06-04 00:04:53,USA,HIGH,1,LEFT-CENTER,
Remington Research Group,https://remingtonresearchgroup.com,mediascopeAll/Remington_Research_Group.png,2026-06-08 21:21:22,USA,MOSTLY FACTUAL,,LEAST BIASED,
Renew America,http://www.renewamerica.com,mediascopeAll/Renew_America.png,2026-06-20 21:41:41,USA,LOW,,EXTREME RIGHT,Questionable Source
RenewedRight.com,http://renewedright.com,mediascopeAll/RenewedRight.com.png,2026-06-20 20:43:52,USA,MIXED,,RIGHT,Questionable Source
Reno Gazette Journal,https://rgj.com,mediascopeAll/Reno_Gazette_Journal.png,2026-06-03 20:40:47,USA,HIGH,1,LEFT-CENTER,
Reno Reporter,http://renoreporter.com,mediascopeAll/Reno_Reporter.png,2026-06-20 22:00:45,USA,MIXED,,RIGHT-CENTER,Questionable Source
Represent.us,https://represent.us,mediascopeAll/Represent.us.png,2026-06-03 20:40:39,,HIGH,1,LEFT-CENTER,
RestaurantDive,https://restaurantdive.com,mediascopeAll/RestaurantDive.png,2026-06-03 20:40:31,USA,HIGH,1,LEAST BIASED,
Restore American Glory,http://restoreamericanglory.com,mediascopeAll/Restore_American_Glory.png,2026-06-20 21:26:26,USA,MIXED,,RIGHT,Questionable Source
RetailDive,https://retaildive.com,mediascopeAll/RetailDive.png,2026-06-03 20:41:41,USA,HIGH,1,LEAST BIASED,
Revcom.us,https://revcom.us,mediascopeAll/Revcom.us.png,2026-06-08 21:22:33,USA,MIXED,,LEFT,
Reveal - Center for Investigative Reporting,https://revealnews.org,mediascopeAll/Reveal_-_Center_for_Investigative_Reporting.png,2026-06-03 20:40:40,USA,HIGH,1,LEFT-CENTER,
Revelstoke Review,https://revelstokereview.com,mediascopeAll/Revelstoke_Review.png,2026-06-03 20:40:57,,HIGH,1,LEFT-CENTER,
Rhino Times,https://rhinotimes.com,mediascopeAll/Rhino_Times.png,2026-06-08 21:23:05,USA,MOSTLY FACTUAL,,RIGHT,
Rhode Island Current,https://rhodeislandcurrent.com,mediascopeAll/Rhode_Island_Current.png,2026-06-03 20:40:57,USA,HIGH,1,LEFT,
Richmond Times-Dispatch,https://richmond.com,mediascopeAll/Richmond_Times-Dispatch.png,2026-06-03 20:41:36,USA,HIGH,1,RIGHT-CENTER,
RichmondSide,https://richmondside.org,mediascopeAll/RichmondSide.png,2026-06-03 20:41:16,USA,HIGH,1,LEFT-CENTER,
Ricochet,https://ricochet.com,mediascopeAll/Ricochet.png,2026-06-08 21:23:07,USA,MIXED,,RIGHT,
Right Wing Watch,https://rightwingwatch.org,mediascopeAll/Right_Wing_Watch.png,2026-06-03 20:41:43,USA,HIGH,1,LEFT,
Rimbey Review,https://rimbeyreview.com,mediascopeAll/Rimbey_Review.png,2026-06-03 20:41:33,,HIGH,1,LEFT-CENTER,
River Bend Times,http://riverbendtimes.com,mediascopeAll/River_Bend_Times.png,2026-06-20 22:06:38,USA,MIXED,,RIGHT-CENTER,Questionable Source
River Parish News,http://riverparishnews.com,mediascopeAll/River_Parish_News.png,2026-06-20 21:03:54,USA,MIXED,,RIGHT-CENTER,Questionable Source
River Region Times,http://riverregiontimes.com,mediascopeAll/River_Region_Times.png,2026-06-20 19:28:57,USA,MIXED,,RIGHT-CENTER,Questionable Source
River Valley Today,http://rivervalleytoday.com,mediascopeAll/River_Valley_Today.png,2026-06-20 20:47:41,USA,MIXED,,RIGHT-CENTER,Questionable Source
Riverdale Press,https://riverdalepress.com,mediascopeAll/Riverdale_Press.png,2026-06-03 20:42:45,USA,HIGH,1,LEAST BIASED,
Roanoke Times,https://roanoke.com,mediascopeAll/Roanoke_Times.png,2026-06-03 20:42:31,USA,HIGH,1,LEAST BIASED,
Rochester Reporter,http://rochesterreporter.com,mediascopeAll/Rochester_Reporter.png,2026-06-20 21:02:13,USA,MIXED,,RIGHT-CENTER,Questionable Source
Rock Island Today,http://rockislandtoday.com,mediascopeAll/Rock_Island_Today.png,2026-06-20 21:39:27,USA,MIXED,,RIGHT-CENTER,Questionable Source
Rockdale Citizen,https://rockdalenewtoncitizen.com,mediascopeAll/Rockdale_Citizen.png,2026-06-03 20:42:52,,HIGH,1,LEAST BIASED,
Rockingham Times,http://rockinghamtimes.com,mediascopeAll/Rockingham_Times.png,2026-06-20 20:33:03,USA,MIXED,,RIGHT-CENTER,Questionable Source
Rockland Reporter,http://rocklandreporter.com,mediascopeAll/Rockland_Reporter.png,2026-06-20 21:14:21,USA,MIXED,,RIGHT-CENTER,Questionable Source
Rocky Mount Telegram,https://rockymounttelegram.com,mediascopeAll/Rocky_Mount_Telegram.png,2026-06-03 23:26:25,USA,HIGH,1,LEFT-CENTER,
Rocky Mount Today,http://rockymounttoday.com,mediascopeAll/Rocky_Mount_Today.png,2026-06-20 22:08:20,USA,MIXED,,RIGHT-CENTER,Questionable Source
Rogersville Review,https://therogersvillereview.com,mediascopeAll/Rogersville_Review.png,2026-06-03 23:29:17,USA,HIGH,1,LEFT-CENTER,
Roll Call,https://rollcall.com,mediascopeAll/Roll_Call.png,2026-06-04 00:05:56,USA,VERY HIGH,1,LEAST BIASED,
Rolling Stone,https://rollingstone.com,mediascopeAll/Rolling_Stone.png,2026-06-03 20:43:31,USA,HIGH,1,LEFT,
Rome News-Tribune,https://northwestgeorgianews.com/rome/,mediascopeAll/Rome_News-Tribune.png,2026-06-03 20:43:44,,HIGH,1,LEAST BIASED,
Rome Reporter,http://romereporter.com,mediascopeAll/Rome_Reporter.png,2026-06-20 21:50:22,USA,MIXED,,RIGHT-CENTER,Questionable Source
Roosevelt Institute,https://rooseveltinstitute.org,mediascopeAll/Roosevelt_Institute.png,2026-06-03 20:43:06,USA,HIGH,1,LEFT-CENTER,
Rossland News,https://rosslandnews.com,mediascopeAll/Rossland_News.png,2026-06-03 20:43:26,,HIGH,1,LEFT-CENTER,
Rowan News,http://rowannews.com,mediascopeAll/Rowan_News.png,2026-06-20 22:20:27,USA,MIXED,,RIGHT-CENTER,Questionable Source
Ruth Institute,http://www.ruthinstitute.org,mediascopeAll/Ruth_Institute.png,2026-06-20 19:41:29,USA,LOW,,EXTREME RIGHT,Questionable Source
SC Minnesota News,http://scminnesotanews.com,mediascopeAll/SC_Minnesota_News.png,2026-06-20 19:27:42,USA,MIXED,,RIGHT-CENTER,Questionable Source
SC Mississippi News,http://SCmissnews.com,mediascopeAll/SC_Mississippi_News.png,2026-06-20 22:30:22,USA,MIXED,,RIGHT-CENTER,Questionable Source
SC Missouri News,http://scmissourinews.com,mediascopeAll/SC_Missouri_News.png,2026-06-20 22:02:25,USA,MIXED,,RIGHT-CENTER,Questionable Source
SC Nebraska News,http://scnebraskanews.com,mediascopeAll/SC_Nebraska_News.png,2026-06-20 19:14:32,USA,MIXED,,RIGHT-CENTER,Questionable Source
SC New York News,http://scnewyorknews.com,mediascopeAll/SC_New_York_News.png,2026-06-20 19:23:39,USA,MIXED,,RIGHT-CENTER,Questionable Source
SC Oklahoma News,http://scoklahomanews.com,mediascopeAll/SC_Oklahoma_News.png,2026-06-20 20:34:52,USA,MIXED,,RIGHT-CENTER,Questionable Source
SCOTUSblog,https://scotusblog.com,mediascopeAll/SCOTUSblog.png,2026-06-03 20:43:42,USA,HIGH,1,LEAST BIASED,
SE Alaska News,http://sealaskanews.com,mediascopeAll/SE_Alaska_News.png,2026-06-20 22:31:13,USA,MIXED,,RIGHT-CENTER,Questionable Source
SE Arizona News,http://searizonanews.com,mediascopeAll/SE_Arizona_News.png,2026-06-20 19:48:37,USA,MIXED,,RIGHT-CENTER,Questionable Source
SE Bluegrass News,http://sebluegrassnews.com,mediascopeAll/SE_Bluegrass_News.png,2026-06-20 20:52:51,USA,MIXED,,RIGHT-CENTER,Questionable Source
SE Colorado News,http://secoloradonews.com,mediascopeAll/SE_Colorado_News.png,2026-06-20 20:37:50,USA,MIXED,,RIGHT-CENTER,Questionable Source
SE Connecticut News,http://seconnnews.com,mediascopeAll/SE_Connecticut_News.png,2026-06-20 20:48:14,USA,MIXED,,RIGHT-CENTER,Questionable Source
SE Denver News,http://sedenvernews.com,mediascopeAll/SE_Denver_News.png,2026-06-20 21:59:11,USA,MIXED,,RIGHT-CENTER,Questionable Source
SE Grand Rapids News,http://segrandrapids.com,mediascopeAll/SE_Grand_Rapids_News.png,2026-06-20 20:17:22,USA,MIXED,,RIGHT-CENTER,Questionable Source
SE Illinois News,http://seillinoisnews.com,mediascopeAll/SE_Illinois_News.png,2026-06-20 19:28:13,USA,MIXED,,RIGHT-CENTER,Questionable Source
SE Indiana News,http://seindiananews.com,mediascopeAll/SE_Indiana_News.png,2026-06-20 22:27:44,USA,MIXED,,RIGHT-CENTER,Questionable Source
SE Iowa News,http://seiowanews.com,mediascopeAll/SE_Iowa_News.png,2026-06-20 19:35:53,USA,MIXED,,RIGHT-CENTER,Questionable Source
SE Kansas City News,http://sekansascitynews.com,mediascopeAll/SE_Kansas_City_News.png,2026-06-20 21:37:54,USA,MIXED,,RIGHT-CENTER,Questionable Source
SE Kansas News,http://sekansasnews.com,mediascopeAll/SE_Kansas_News.png,2026-06-20 21:55:38,USA,MIXED,,RIGHT-CENTER,Questionable Source
SE Kentucky News,http://sekentuckynews.com,mediascopeAll/SE_Kentucky_News.png,2026-06-20 19:54:01,USA,MIXED,,RIGHT-CENTER,Questionable Source
SE LA Times,http://selatimes.com,mediascopeAll/SE_LA_Times.png,2026-06-20 19:49:14,USA,MIXED,,RIGHT-CENTER,Questionable Source
SE Minnesota News,http://seminnesotanews.com,mediascopeAll/SE_Minnesota_News.png,2026-06-20 21:40:59,USA,MIXED,,RIGHT-CENTER,Questionable Source
SE Missouri News,http://semissourinews.com,mediascopeAll/SE_Missouri_News.png,2026-06-20 20:21:10,USA,MIXED,,RIGHT-CENTER,Questionable Source
SE Nebraska News,http://senebraskanews.com,mediascopeAll/SE_Nebraska_News.png,2026-06-20 19:19:31,USA,MIXED,,RIGHT-CENTER,Questionable Source
SE North Carolina News,http://senorthcarolinanews.com,mediascopeAll/SE_North_Carolina_News.png,2026-06-20 19:43:13,USA,MIXED,,RIGHT-CENTER,Questionable Source
SE Oakland News,http://seoaklandnews.com,mediascopeAll/SE_Oakland_News.png,2026-06-20 19:50:11,USA,MIXED,,RIGHT-CENTER,Questionable Source
SE Oklahoma News,http://seoklahomanews.com,mediascopeAll/SE_Oklahoma_News.png,2026-06-20 20:23:37,USA,MIXED,,RIGHT-CENTER,Questionable Source
SE Twin Cities,http://setwincities.com,mediascopeAll/SE_Twin_Cities.png,2026-06-20 20:37:41,USA,MIXED,,RIGHT-CENTER,Questionable Source
SE Vegas News,http://sevegasnews.com,mediascopeAll/SE_Vegas_News.png,2026-06-20 19:38:08,USA,MIXED,,RIGHT-CENTER,Questionable Source
SEO Ohio Times,https://seohiotimes.com,mediascopeAll/SEO_Ohio_Times.png,2026-06-08 21:31:13,USA,MIXED,,RIGHT-CENTER,Questionable Source
SFV Today,http://sfvtoday.com,mediascopeAll/SFV_Today.png,2026-06-20 21:58:35,USA,MIXED,,RIGHT-CENTER,Questionable Source
SGV Standard,http://sgvstandard.com,mediascopeAll/SGV_Standard.png,2026-06-20 21:58:15,USA,MIXED,,RIGHT-CENTER,Questionable Source
SLO Reporter,http://sloreporter.com,mediascopeAll/SLO_Reporter.png,2026-06-20 20:15:58,USA,MIXED,,RIGHT-CENTER,Questionable Source
SW Alaska News,http://swalaskanews.com,mediascopeAll/SW_Alaska_News.png,2026-06-20 20:24:08,USA,MIXED,,RIGHT-CENTER,Questionable Source
SW Arizona News,http://swarizonanews.com,mediascopeAll/SW_Arizona_News.png,2026-06-20 21:27:02,USA,MIXED,,RIGHT-CENTER,Questionable Source
SW Arkansas Times,http://swarkansastimes.com,mediascopeAll/SW_Arkansas_Times.png,2026-06-20 21:56:01,USA,MIXED,,RIGHT-CENTER,Questionable Source
SW Bluegrass News,http://swbluegrassnews.com,mediascopeAll/SW_Bluegrass_News.png,2026-06-20 22:21:47,USA,MIXED,,RIGHT-CENTER,Questionable Source
SW Colorado News,http://swcoloradonews.com,mediascopeAll/SW_Colorado_News.png,2026-06-20 22:04:58,USA,MIXED,,RIGHT-CENTER,Questionable Source
SW Connecticut News,http://swconnnews.com,mediascopeAll/SW_Connecticut_News.png,2026-06-20 19:55:49,USA,MIXED,,RIGHT-CENTER,Questionable Source
SW Georgia News,http://swgeorgianews.com,mediascopeAll/SW_Georgia_News.png,2026-06-20 20:58:03,usa,MIXED,,RIGHT-CENTER,Questionable Source
SW Indiana News,http://swindiananews.com,mediascopeAll/SW_Indiana_News.png,2026-06-20 19:51:51,USA,MIXED,,RIGHT-CENTER,Questionable Source
SW Iowa Times,http://swiowatimes.com,mediascopeAll/SW_Iowa_Times.png,2026-06-20 22:20:31,USA,MIXED,,RIGHT-CENTER,Questionable Source
SW Kansas News,http://swkansasnews.com,mediascopeAll/SW_Kansas_News.png,2026-06-20 19:32:58,USA,MIXED,,RIGHT-CENTER,Questionable Source
SW Louisiana News,http://swlouisiananews.com,mediascopeAll/SW_Louisiana_News.png,2026-06-20 21:37:29,USA,MIXED,,RIGHT-CENTER,Questionable Source
SW Minnesota Today,http://swminnesotatoday.com,mediascopeAll/SW_Minnesota_Today.png,2026-06-20 21:53:47,USA,MIXED,,RIGHT-CENTER,Questionable Source
SW Mississippi News,http://swmissnews.com,mediascopeAll/SW_Mississippi_News.png,2026-06-20 22:22:06,USA,MIXED,,RIGHT-CENTER,Questionable Source
SW Missouri News,https://swmissourinews.com,mediascopeAll/SW_Missouri_News.png,2026-06-08 21:34:14,USA,MIXED,,RIGHT-CENTER,
SW New Hampshire News,http://swnewhampshirenews.com,mediascopeAll/SW_New_Hampshire_News.png,2026-06-20 22:00:43,USA,MIXED,,RIGHT-CENTER,Questionable Source
SW New Mexico News,http://swnewmexiconews.com,mediascopeAll/SW_New_Mexico_News.png,2026-06-20 20:06:38,USA,MIXED,,RIGHT-CENTER,Questionable Source
SW Oklahoma News,http://swoklahomanews.com,mediascopeAll/SW_Oklahoma_News.png,2026-06-20 19:58:42,USA,MIXED,,RIGHT-CENTER,Questionable Source
SW Riverside News,http://swriversidenews.com,mediascopeAll/SW_Riverside_News.png,2026-06-20 20:01:52,USA,MIXED,,RIGHT-CENTER,Questionable Source
SW Valley Times,http://swvalleytimes.com,mediascopeAll/SW_Valley_Times.png,2026-06-20 19:29:04,USA,MIXED,,RIGHT-CENTER,Questionable Source
SW Vegas News,http://swvegasnews.com,mediascopeAll/SW_Vegas_News.png,2026-06-20 20:13:14,USA,MIXED,,RIGHT-CENTER,Questionable Source
Sabah,https://dailysabah.com,mediascopeAll/Sabah.png,2026-06-08 21:35:38,,MIXED,,RIGHT,
Salem News Wire,http://salemnewswire.com,mediascopeAll/Salem_News_Wire.png,2026-06-20 20:06:39,USA,MIXED,,RIGHT-CENTER,Questionable Source
Salem Radio Network News,https://srnnews.com,mediascopeAll/Salem_Radio_Network_News.png,2026-06-08 21:35:59,USA,MOSTLY FACTUAL,,RIGHT-CENTER,
Salmon Arm Observer,https://saobserver.net,mediascopeAll/Salmon_Arm_Observer.png,2026-06-03 20:44:11,,HIGH,1,LEFT-CENTER,
Salon,https://salon.com,mediascopeAll/Salon.png,2026-06-08 21:36:18,USA,MOSTLY FACTUAL,,LEFT,
Salt Lake Tribune,https://sltrib.com,mediascopeAll/Salt_Lake_Tribune.png,2026-06-04 00:09:47,USA,HIGH,1,LEFT-CENTER,
San Angelo Standard-Times,https://gosanangelo.com,mediascopeAll/San_Angelo_Standard-Times.png,2026-06-03 20:45:15,USA,HIGH,1,LEFT-CENTER,
San Antonio Report,https://sanantonioreport.org,mediascopeAll/San_Antonio_Report.png,2026-06-03 20:44:22,USA,HIGH,1,LEFT-CENTER,
San Cristobal Post,http://sancristobalpost.com,mediascopeAll/San_Cristobal_Post.png,2026-06-20 19:36:33,Unknown,MIXED,,LEFT-CENTER,Questionable Source
San Francisco Examiner,https://sfexaminer.com,mediascopeAll/San_Francisco_Examiner.png,2026-06-03 20:46:17,,HIGH,1,LEFT-CENTER,
San Francisco Sun,http://sanfransun.com,mediascopeAll/San_Francisco_Sun.png,2026-06-20 19:45:44,USA,MIXED,,RIGHT-CENTER,Questionable Source
San Joaquin Times,http://sanjoaquintimes.com,mediascopeAll/San_Joaquin_Times.png,2026-06-20 19:11:26,USA,MIXED,,RIGHT-CENTER,Questionable Source
San Jose Mercury News,https://mercurynews.com,mediascopeAll/San_Jose_Mercury_News.png,2026-06-04 00:00:11,USA,HIGH,1,LEFT-CENTER,
San Jose Standard,http://sanjosestandard.com,mediascopeAll/San_Jose_Standard.png,2026-06-20 21:57:51,USA,MIXED,,RIGHT-CENTER,Questionable Source
San Luis Potosi Post,http://sanluispotosipost.com,mediascopeAll/San_Luis_Potosi_Post.png,2026-06-20 21:16:21,Unknown,MIXED,,LEFT-CENTER,Questionable Source
San Marcos Daily Record,https://sanmarcosrecord.com,mediascopeAll/San_Marcos_Daily_Record.png,2026-06-03 23:26:34,,HIGH,1,LEAST BIASED,
San Mateo Sun,http://sanmateosun.com,mediascopeAll/San_Mateo_Sun.png,2026-06-20 20:30:23,USA,MIXED,,RIGHT-CENTER,Questionable Source
San Miguel Post,http://sanmiguelpost.com,mediascopeAll/San_Miguel_Post.png,2026-06-20 22:16:47,Unknown,MIXED,,LEFT-CENTER,Questionable Source
Sandhills Today,http://sandhillstoday.com,mediascopeAll/Sandhills_Today.png,2026-06-20 21:21:26,USA,MIXED,,RIGHT-CENTER,Questionable Source
Sandoval News,http://sandovalnews.com,mediascopeAll/Sandoval_News.png,2026-06-20 20:31:15,USA,MIXED,,RIGHT-CENTER,Questionable Source
Santa Barbara Independent,https://independent.com,mediascopeAll/Santa_Barbara_Independent.png,2026-06-03 23:53:53,USA,HIGH,1,LEFT-CENTER,
Santa Clara Today,http://santaclaratoday.com,mediascopeAll/Santa_Clara_Today.png,2026-06-20 21:37:54,USA,MIXED,,RIGHT-CENTER,Questionable Source
Santa Cruz Standard,http://santacruzstandard.com,mediascopeAll/Santa_Cruz_Standard.png,2026-06-20 20:24:07,USA,MIXED,,RIGHT-CENTER,Questionable Source
Santa Fe Standard,http://santafestandard.com,mediascopeAll/Santa_Fe_Standard.png,2026-06-20 20:58:16,USA,MIXED,,RIGHT-CENTER,Questionable Source
Santa Monica Observer,http://www.smobserved.com,mediascopeAll/Santa_Monica_Observer.png,2026-06-20 21:38:23,USA,LOW,,RIGHT,Questionable Source
Sarasota Herald-Tribune,https://heraldtribune.com,mediascopeAll/Sarasota_Herald-Tribune.png,2026-06-03 20:47:49,USA,HIGH,1,LEAST BIASED,
Sarasota Review,http://sarasotareview.com,mediascopeAll/Sarasota_Review.png,2026-06-20 20:55:54,USA,MIXED,,RIGHT-CENTER,Questionable Source
Saratoga Standard,http://saratogastandard.com,mediascopeAll/Saratoga_Standard.png,2026-06-20 21:21:25,USA,MIXED,,RIGHT-CENTER,Questionable Source
Sarnia Observer,https://theobserver.ca,mediascopeAll/Sarnia_Observer.png,2026-06-03 20:47:16,,HIGH,1,RIGHT-CENTER,
Sarnia This Week,https://sarniathisweek.com,mediascopeAll/Sarnia_This_Week.png,2026-06-03 20:47:31,,HIGH,1,RIGHT-CENTER,
Saskatoon StarPhoenix,https://thestarphoenix.com,mediascopeAll/Saskatoon_StarPhoenix.png,2026-06-03 20:48:13,,HIGH,1,RIGHT-CENTER,
Saudi Gazette,https://saudigazette.com.sa,mediascopeAll/Saudi_Gazette.png,2026-06-08 21:39:31,,MIXED,,LEFT-CENTER,
Sault Star,https://saultstar.com,mediascopeAll/Sault_Star.png,2026-06-03 20:48:00,,HIGH,1,RIGHT-CENTER,
Sault This Week,https://saultthisweek.com,mediascopeAll/Sault_This_Week.png,2026-06-03 20:48:13,,HIGH,1,RIGHT-CENTER,
Savannah Morning News,https://savannahnow.com,mediascopeAll/Savannah_Morning_News.png,2026-06-04 00:08:34,USA,HIGH,1,RIGHT-CENTER,
Save Jersey,https://savejersey.com,mediascopeAll/Save_Jersey.png,2026-06-03 20:48:17,USA,HIGH,1,RIGHT,
Sayfie Review,https://sayfiereview.com,mediascopeAll/Sayfie_Review.png,2026-06-03 20:48:30,USA,HIGH,1,LEAST BIASED,
Scary Mommy,https://scarymommy.com,mediascopeAll/Scary_Mommy.png,2026-06-08 21:39:53,USA,MIXED,,LEFT,
ScienceClowns,https://scienceclowns.com,mediascopeAll/ScienceClowns.png,2026-06-04 00:07:35,USA,VERY LOW,0,RIGHT,
Scroll.in,https://scroll.in,mediascopeAll/Scroll.in.png,2026-06-08 21:40:29,,MOSTLY FACTUAL,,LEFT-CENTER,
Seaforth Huron Expositor,https://seaforthhuronexpositor.com,mediascopeAll/Seaforth_Huron_Expositor.png,2026-06-03 20:49:35,,HIGH,1,RIGHT-CENTER,
Seeking Alpha,https://seekingalpha.com,mediascopeAll/Seeking_Alpha.png,2026-06-03 20:50:20,,HIGH,1,RIGHT-CENTER,
Sentencing Project,https://sentencingproject.org,mediascopeAll/Sentencing_Project.png,2026-06-03 20:49:44,USA,HIGH,1,LEFT-CENTER,
Shelby Review,http://shelbyreview.com,mediascopeAll/Shelby_Review.png,2026-06-20 20:48:03,USA,MIXED,,RIGHT-CENTER,Questionable Source
Shiawassee Times,http://shiawasseetimes.com,mediascopeAll/Shiawassee_Times.png,2026-06-20 22:05:52,USA,MIXED,,RIGHT-CENTER,Questionable Source
Shoals Today,http://shoalstoday.com,mediascopeAll/Shoals_Today.png,2026-06-20 20:23:53,USA,MIXED,,RIGHT-CENTER,Questionable Source
Shondaland,https://shondaland.com,mediascopeAll/Shondaland.png,2026-06-08 21:45:16,USA,MOSTLY FACTUAL,,LEFT,
Shoreline Beacon,https://shorelinebeacon.com,mediascopeAll/Shoreline_Beacon.png,2026-06-03 20:50:41,,HIGH,1,RIGHT-CENTER,
Show-Me State Times,https://showmestatetimes.com,mediascopeAll/Show-Me_State_Times.png,2026-06-08 21:45:33,USA,MIXED,,RIGHT-CENTER,Questionable Source
Shreveport Reporter,http://shreveportreporter.com,mediascopeAll/Shreveport_Reporter.png,2026-06-20 20:39:46,USA,MIXED,,RIGHT-CENTER,Questionable Source
Simcoe Reformer,https://simcoereformer.ca,mediascopeAll/Simcoe_Reformer.png,2026-06-03 20:50:57,,HIGH,1,RIGHT-CENTER,
Similkameen Spotlight,https://similkameenspotlight.com,mediascopeAll/Similkameen_Spotlight.png,2026-06-03 20:50:37,,HIGH,1,LEFT-CENTER,
Sioux City Times,http://siouxcitytimes.com,mediascopeAll/Sioux_City_Times.png,2026-06-20 19:36:50,USA,MIXED,,RIGHT-CENTER,Questionable Source
Slay News,http://slaynews.com,mediascopeAll/Slay_News.png,2026-06-20 21:20:04,USA,VERY LOW,,EXTREME RIGHT,Questionable Source
Sludge,https://readsludge.com,mediascopeAll/Sludge.png,2026-06-03 20:51:06,USA,HIGH,1,LEFT,
SmartCitiesDive,https://smartcitiesdive.com,mediascopeAll/SmartCitiesDive.png,2026-06-03 20:51:38,USA,HIGH,1,LEAST BIASED,
Smartech Daily,https://smartechdaily.com,mediascopeAll/Smartech_Daily.png,2026-06-08 21:46:02,USA,MOSTLY FACTUAL,,LEFT-CENTER,
Snopes,https://snopes.com,mediascopeAll/Snopes.png,2026-06-03 20:51:51,USA,HIGH,1,LEFT-CENTER,
Solano Sun,https://solanosun.com,mediascopeAll/Solano_Sun.png,2026-06-08 21:46:13,USA,MIXED,,RIGHT-CENTER,Questionable Source
Somerset Daily American,https://dailyamerican.com,mediascopeAll/Somerset_Daily_American.png,2026-06-03 20:52:26,USA,HIGH,1,LEFT-CENTER,
Somerset Times,http://somersettimes.com,mediascopeAll/Somerset_Times.png,2026-06-20 21:41:11,USA,MIXED,,RIGHT-CENTER,Questionable Source
Sonora Post,http://thesonorapost.com,mediascopeAll/Sonora_Post.png,2026-06-20 19:48:03,Unknown,MIXED,,LEFT-CENTER,Questionable Source
Sons of 1776,https://sonsof1776.com,mediascopeAll/Sons_of_1776.png,2026-06-08 21:46:43,USA,MIXED,,RIGHT,
Sooner State News,http://soonerstatenews.com,mediascopeAll/Sooner_State_News.png,2026-06-20 21:34:07,USA,MIXED,,RIGHT-CENTER,Questionable Source
South ABQ News,http://southabqnews.com,mediascopeAll/South_ABQ_News.png,2026-06-20 20:11:50,USA,MIXED,,RIGHT-CENTER,Questionable Source
South Africa Today,http://southafricatoday.net,mediascopeAll/South_Africa_Today.png,2026-06-20 19:35:08,USA,MIXED,,RIGHT,Questionable Source
South Alabama Times,http://southalabamatimes.com,mediascopeAll/South_Alabama_Times.png,2026-06-20 20:35:36,USA,MIXED,,RIGHT-CENTER,Questionable Source
South Alameda News,http://southalamedanews.com,mediascopeAll/South_Alameda_News.png,2026-06-20 22:27:42,USA,MIXED,,RIGHT-CENTER,Questionable Source
South Asheville News,http://southashevillenews.com,mediascopeAll/South_Asheville_News.png,2026-06-20 21:04:07,USA,MIXED,,RIGHT-CENTER,Questionable Source
South Atlanta News,http://southatlantanews.com,mediascopeAll/South_Atlanta_News.png,2026-06-20 22:07:48,USA,MIXED,,RIGHT-CENTER,Questionable Source
South Bay Leader,http://southbayleader.com,mediascopeAll/South_Bay_Leader.png,2026-06-20 20:14:04,USA,MIXED,,RIGHT-CENTER,Questionable Source
South Bay SD News,http://southbaysdnews.com,mediascopeAll/South_Bay_SD_News.png,2026-06-20 21:03:53,USA,MIXED,,RIGHT-CENTER,Questionable Source
South Bend Times,http://southbendtimes.com,mediascopeAll/South_Bend_Times.png,2026-06-20 21:40:06,USA,MIXED,,RIGHT-CENTER,Questionable Source
South Bergen News,http://southbergennews.com,mediascopeAll/South_Bergen_News.png,2026-06-20 20:50:07,USA,MIXED,,RIGHT-CENTER,Questionable Source
South Birmingham Times,http://southbirminghamtimes.com,mediascopeAll/South_Birmingham_Times.png,2026-06-20 21:37:38,USA,MIXED,,RIGHT-CENTER,Questionable Source
South Broward News,http://southbrowardnews.com,mediascopeAll/South_Broward_News.png,2026-06-20 21:18:37,USA,MIXED,,RIGHT-CENTER,Questionable Source
South Carolina Daily Gazette,https://scdailygazette.com,mediascopeAll/South_Carolina_Daily_Gazette.png,2026-06-03 20:51:52,USA,HIGH,1,LEFT,
South Central Reporter,http://southcentralreporter.com,mediascopeAll/South_Central_Reporter.png,2026-06-20 19:40:18,USA,MIXED,,RIGHT-CENTER,Questionable Source
South Charlotte Today,http://southcharlottetoday.com,mediascopeAll/South_Charlotte_Today.png,2026-06-20 19:40:33,USA,MIXED,,RIGHT-CENTER,Questionable Source
South Columbus News,http://southcolumbusnews.com,mediascopeAll/South_Columbus_News.png,2026-06-20 20:22:03,USA,MIXED,,RIGHT-CENTER,Questionable Source
South Cook News,http://southcooknews.com,mediascopeAll/South_Cook_News.png,2026-06-20 22:01:46,USA,MIXED,,RIGHT-CENTER,Questionable Source
South Cuyahoga News,http://southcuyahoganews.com,mediascopeAll/South_Cuyahoga_News.png,2026-06-20 20:18:59,USA,MIXED,,RIGHT-CENTER,Questionable Source
South DSM News,http://southdsmnews.com,mediascopeAll/South_DSM_News.png,2026-06-20 20:57:12,USA,MIXED,,RIGHT-CENTER,Questionable Source
South Dayton News,http://southdaytonnews.com,mediascopeAll/South_Dayton_News.png,2026-06-20 20:57:07,USA,MIXED,,RIGHT-CENTER,Questionable Source
South Franklin News,http://southfranklinnews.com,mediascopeAll/South_Franklin_News.png,2026-06-20 21:49:53,USA,MIXED,,RIGHT-CENTER,Questionable Source
South Fulton Today,http://southfultontoday.com,mediascopeAll/South_Fulton_Today.png,2026-06-20 19:57:54,USA,MIXED,,RIGHT-CENTER,Questionable Source
South Georgia Times,http://southgeorgiatimes.com,mediascopeAll/South_Georgia_Times.png,2026-06-20 22:23:50,USA,MIXED,,RIGHT-CENTER,Questionable Source
South Guilford News,http://southguilfordnews.com,mediascopeAll/South_Guilford_News.png,2026-06-20 19:59:57,USA,MIXED,,RIGHT-CENTER,Questionable Source
South Gwinnett News,http://southgwinnettnews.com,mediascopeAll/South_Gwinnett_News.png,2026-06-20 19:17:24,USA,MIXED,,RIGHT-CENTER,Questionable Source
South Hennepin News,http://southhennepinnews.com,mediascopeAll/South_Hennepin_News.png,2026-06-20 20:10:02,USA,MIXED,,RIGHT-CENTER,Questionable Source
South Indy News,http://southindynews.com,mediascopeAll/South_Indy_News.png,2026-06-20 19:33:17,USA,MIXED,,RIGHT-CENTER,Questionable Source
South Iowa News,http://southiowanews.com,mediascopeAll/South_Iowa_News.png,2026-06-20 22:30:37,USA,MIXED,,RIGHT-CENTER,Questionable Source
South Jefferson County News,http://southjeffconews.com,mediascopeAll/South_Jefferson_County_News.png,2026-06-20 19:52:43,USA,MIXED,,RIGHT-CENTER,Questionable Source
South Jersey Sun,http://southjerseysun.com,mediascopeAll/South_Jersey_Sun.png,2026-06-20 21:14:43,USA,MIXED,,RIGHT-CENTER,Questionable Source
South KC News,http://southkcnews.com,mediascopeAll/South_KC_News.png,2026-06-20 20:39:56,USA,MIXED,,RIGHT-CENTER,Questionable Source
South Lake Today,http://southlaketoday.com,mediascopeAll/South_Lake_Today.png,2026-06-20 19:39:50,USA,MIXED,,RIGHT-CENTER,Questionable Source
South Louisiana News,http://southlouisiananews.com,mediascopeAll/South_Louisiana_News.png,2026-06-20 20:30:32,USA,MIXED,,RIGHT-CENTER,Questionable Source
South Maine News,http://southmainenews.com,mediascopeAll/South_Maine_News.png,2026-06-20 21:03:36,USA,MIXED,,RIGHT-CENTER,Questionable Source
South Mecklenburg News,http://southmecklenburgnews.com,mediascopeAll/South_Mecklenburg_News.png,2026-06-20 20:51:54,USA,MIXED,,RIGHT-CENTER,Questionable Source
South Miami-Dade News,https://southmianews.com,mediascopeAll/South_Miami-Dade_News.png,2026-06-08 21:54:01,USA,MIXED,,RIGHT-CENTER,Questionable Source
South Michigan News,http://southmichigannews.com,mediascopeAll/South_Michigan_News.png,2026-06-20 19:36:22,USA,MIXED,,RIGHT-CENTER,Questionable Source
South News Castle News,https://southnewcastlenews.com,mediascopeAll/South_News_Castle_News.png,2026-06-08 21:54:27,USA,MIXED,,RIGHT-CENTER,Questionable Source
South North Carolina News,http://southncnews.com,mediascopeAll/South_North_Carolina_News.png,2026-06-20 22:26:35,USA,MIXED,,RIGHT-CENTER,Questionable Source
South OC Times,http://southoctimes.com,mediascopeAll/South_OC_Times.png,2026-06-20 21:01:49,USA,MIXED,,RIGHT-CENTER,Questionable Source
South OKC News,http://southokcnews.com,mediascopeAll/South_OKC_News.png,2026-06-20 19:55:43,USA,MIXED,,RIGHT-CENTER,Questionable Source
South Ohio News,http://southohionews.com,mediascopeAll/South_Ohio_News.png,2026-06-20 21:55:52,USA,MIXED,,RIGHT-CENTER,Questionable Source
South Omaha Times,http://Southomahatimes.com,mediascopeAll/South_Omaha_Times.png,2026-06-20 20:07:57,USA,MIXED,,RIGHT-CENTER,Questionable Source
South Orlando News,http://southorlandonews.com,mediascopeAll/South_Orlando_News.png,2026-06-20 22:13:59,USA,MIXED,,RIGHT-CENTER,Questionable Source
South Palm Beach Today,http://southpalmbeachtoday.com,mediascopeAll/South_Palm_Beach_Today.png,2026-06-20 20:04:24,USA,MIXED,,RIGHT-CENTER,Questionable Source
South Pima News,http://southpimanews.com,mediascopeAll/South_Pima_News.png,2026-06-20 21:08:11,USA,MIXED,,RIGHT-CENTER,Questionable Source
South Pinellas Times,http://southpinellastimes.com,mediascopeAll/South_Pinellas_Times.png,2026-06-20 20:36:50,USA,MIXED,,RIGHT-CENTER,Questionable Source
South Raleigh News,http://southraleighnews.com,mediascopeAll/South_Raleigh_News.png,2026-06-20 21:39:57,USA,MIXED,,RIGHT-CENTER,Questionable Source
South SF Bay News,http://southsfbaynews.com,mediascopeAll/South_SF_Bay_News.png,2026-06-20 19:13:27,USA,MIXED,,RIGHT-CENTER,Questionable Source
South SFV Today,http://southsfvtoday.com,mediascopeAll/South_SFV_Today.png,2026-06-20 19:51:37,USA,MIXED,,RIGHT-CENTER,Questionable Source
South SGV News,http://southsgvnews.com,mediascopeAll/South_SGV_News.png,2026-06-20 21:45:14,USA,MIXED,,RIGHT-CENTER,Questionable Source
South STL News,http://southstlnews.com,mediascopeAll/South_STL_News.png,2026-06-20 20:03:20,USA,MIXED,,RIGHT-CENTER,Questionable Source
South Sacramento Today,http://southsactoday.com,mediascopeAll/South_Sacramento_Today.png,2026-06-20 21:34:56,USA,MIXED,,RIGHT-CENTER,Questionable Source
South Summit News,http://southsummitnews.com,mediascopeAll/South_Summit_News.png,2026-06-20 22:00:25,USA,MIXED,,RIGHT-CENTER,Questionable Source
South Triangle News,http://southtrianglenews.com,mediascopeAll/South_Triangle_News.png,2026-06-20 21:23:36,USA,MIXED,,RIGHT-CENTER,Questionable Source
South Tulsa Today,http://southtulsatoday.com,mediascopeAll/South_Tulsa_Today.png,2026-06-20 21:42:09,USA,MIXED,,RIGHT-CENTER,Questionable Source
South West Illinois News,http://swillinoisnews.com,mediascopeAll/South_West_Illinois_News.png,2026-06-20 22:20:11,USA,MIXED,,RIGHT-CENTER,Questionable Source
South Whidbey Record,https://southwhidbeyrecord.com,mediascopeAll/South_Whidbey_Record.png,2026-06-03 20:52:48,USA,HIGH,1,LEAST BIASED,
South Wichita News,http://southwichitanews.com,mediascopeAll/South_Wichita_News.png,2026-06-20 20:31:33,USA,MIXED,,RIGHT-CENTER,Questionable Source
South Winston-Salem News,http://southwinstonsalemnews.com,mediascopeAll/South_Winston-Salem_News.png,2026-06-20 20:34:10,USA,MIXED,,RIGHT-CENTER,Questionable Source
Southeast Montana News,http://semontananews.com,mediascopeAll/Southeast_Montana_News.png,2026-06-20 19:43:51,USA,MIXED,,RIGHT-CENTER,Questionable Source
Southern Indiana Today,http://southernindianatoday.com,mediascopeAll/Southern_Indiana_Today.png,2026-06-20 21:07:43,USA,MIXED,,RIGHT-CENTER,Questionable Source
Southwest Montana News,http://swmontanatimes.com,mediascopeAll/Southwest_Montana_News.png,2026-06-20 20:17:44,USA,MIXED,,RIGHT-CENTER,Questionable Source
Southwest Orange Observer,https://orangeobserver.com/southwest-orange,mediascopeAll/Southwest_Orange_Observer.png,2026-06-03 20:52:18,USA,HIGH,1,LEAST BIASED,
Spartanburg Herald-Journal,https://goupstate.com,mediascopeAll/Spartanburg_Herald-Journal.png,2026-06-03 20:53:36,USA,HIGH,1,LEFT-CENTER,
Spotlight Delaware,https://spotlightdelaware.org,mediascopeAll/Spotlight_Delaware.png,2026-06-03 20:52:25,USA,HIGH,1,LEFT,
Spring Times,http://springstimes.com,mediascopeAll/Spring_Times.png,2026-06-20 22:11:38,USA,MIXED,,RIGHT-CENTER,Questionable Source
Springfield Standard,http://springfieldstandard.com,mediascopeAll/Springfield_Standard.png,2026-06-20 21:25:37,USA,MIXED,,RIGHT-CENTER,Questionable Source
Springfield Sun,https://pmg-ky2.com/springfield/,mediascopeAll/Springfield_Sun.png,2026-06-03 23:23:57,USA,HIGH,1,RIGHT-CENTER,
Sputnik,http://sputniknews.com,mediascopeAll/Sputnik.png,2026-06-20 19:57:35,Russia,VERY LOW,,RIGHT-CENTER,Questionable Source
St. Albert Gazette,https://stalbertgazette.com,mediascopeAll/St._Albert_Gazette.png,2026-06-03 20:53:34,,HIGH,1,LEFT-CENTER,
St. Charles Times,http://stcharlestimes.com,mediascopeAll/St._Charles_Times.png,2026-06-20 20:56:32,USA,MIXED,,RIGHT-CENTER,Questionable Source
St. Clair Today,http://stclairtoday.com,mediascopeAll/St._Clair_Today.png,2026-06-20 21:06:00,USA,MIXED,,RIGHT-CENTER,Questionable Source
St. Cloud Sun,http://stcloudsun.com,mediascopeAll/St._Cloud_Sun.png,2026-06-20 19:36:52,USA,MIXED,,RIGHT-CENTER,Questionable Source
St. George Spectrum,https://thespectrum.com,mediascopeAll/St._George_Spectrum.png,2026-06-03 20:54:09,USA,HIGH,1,LEFT-CENTER,
St. Joe-Benton Harbor News,http://stjoebentonharbor.com,mediascopeAll/St._Joe-Benton_Harbor_News.png,2026-06-20 20:01:19,USA,MIXED,,RIGHT-CENTER,Questionable Source
St. John's Telegram,https://saltwire.com/newfoundland-labrador/,mediascopeAll/St._John_s_Telegram.png,2026-06-03 20:53:59,,HIGH,1,RIGHT-CENTER,
St. Louis Record,https://stlrecord.com,mediascopeAll/St._Louis_Record.png,2026-06-08 22:00:08,USA,MIXED,,RIGHT-CENTER,Questionable Source
St. Pete Standard,http://stpetestandard.com,mediascopeAll/St._Pete_Standard.png,2026-06-20 20:46:44,USA,MIXED,,RIGHT-CENTER,Questionable Source
St. Thomas Times-Journal,https://stthomastimesjournal.com,mediascopeAll/St._Thomas_Times-Journal.png,2026-06-03 20:54:13,,HIGH,1,RIGHT-CENTER,
Stanislaus News,http://stanislausnews.com,mediascopeAll/Stanislaus_News.png,2026-06-20 21:14:54,USA,MIXED,,RIGHT-CENTER,Questionable Source
Star News Network,http://thestarnewsnetwork.com,mediascopeAll/Star_News_Network.png,2026-06-20 19:34:30,USA,MIXED,,RIGHT,Questionable Source
State of the Planet,https://news.climate.columbia.edu/,mediascopeAll/State_of_the_Planet.png,2026-06-03 20:53:59,USA,HIGH,1,LEFT-CENTER,
StateScoop,https://statescoop.com,mediascopeAll/StateScoop.png,2026-06-03 20:54:31,USA,HIGH,1,LEAST BIASED,
Stateline,https://stateline.org,mediascopeAll/Stateline.png,2026-06-03 20:54:15,USA,HIGH,1,LEFT,
Stettler Independent,https://stettlerindependent.com,mediascopeAll/Stettler_Independent.png,2026-06-03 20:54:23,,HIGH,1,LEFT-CENTER,
Strafford News,http://straffordnews.com,mediascopeAll/Strafford_News.png,2026-06-20 19:15:10,USA,MIXED,,RIGHT-CENTER,Questionable Source
Stratford Beacon-Herald,https://stratfordbeaconherald.com,mediascopeAll/Stratford_Beacon-Herald.png,2026-06-03 20:55:05,,HIGH,1,RIGHT-CENTER,
Strathroy Age Dispatch,https://strathroyagedispatch.com,mediascopeAll/Strathroy_Age_Dispatch.png,2026-06-03 20:55:14,,HIGH,1,RIGHT-CENTER,
Sturgis-Coldwater News,http://sturgiscoldwaternews.com,mediascopeAll/Sturgis-Coldwater_News.png,2026-06-20 21:56:48,USA,MIXED,,RIGHT-CENTER,Questionable Source
Sudbury Star,https://thesudburystar.com,mediascopeAll/Sudbury_Star.png,2026-06-03 20:55:13,,HIGH,1,RIGHT-CENTER,
Suffolk Reporter,http://suffolkreporter.com,mediascopeAll/Suffolk_Reporter.png,2026-06-20 19:36:09,USA,MIXED,,RIGHT-CENTER,Questionable Source
Summerland Review,https://summerlandreview.com,mediascopeAll/Summerland_Review.png,2026-06-03 20:54:46,,HIGH,1,LEFT-CENTER,
Sumter Times,http://sumtertimes.com,mediascopeAll/Sumter_Times.png,2026-06-20 20:05:38,USA,MIXED,,RIGHT-CENTER,Questionable Source
Sunflower State News,http://sunflowerstatenews.com,mediascopeAll/Sunflower_State_News.png,2026-06-20 21:32:38,USA,MIXED,,RIGHT-CENTER,Questionable Source
Sunrise Movement,https://sunrisemovement.org,mediascopeAll/Sunrise_Movement.png,2026-06-08 22:01:53,USA,MIXED,,LEFT,
Sunshine Sentinel,http://sunshinesentinel.com,mediascopeAll/Sunshine_Sentinel.png,2026-06-20 19:41:17,USA,MIXED,,RIGHT-CENTER,Questionable Source
SupplyChainDive,https://supplychaindive.com,mediascopeAll/SupplyChainDive.png,2026-06-03 20:55:36,USA,HIGH,1,LEAST BIASED,
Survival.News,https://survival.news,mediascopeAll/Survival.News_1.png,2026-06-04 00:09:12,USA,VERY LOW,0,RIGHT,
Survive The News,http://survivethenews.com,mediascopeAll/Survive_The_News.png,2026-06-20 19:58:24,USA,LOW,,EXTREME RIGHT,Questionable Source
Sussex Review,http://sussexreview.com,mediascopeAll/Sussex_Review.png,2026-06-20 22:28:06,USA,MIXED,,RIGHT-CENTER,Questionable Source
Sweetwater Advocate & Democrat,https://advocateanddemocrat.com,mediascopeAll/Sweetwater_Advocate_Democrat.png,2026-06-03 23:09:49,USA,HIGH,1,LEFT-CENTER,
Sylvan Lake News,https://sylvanlakenews.com,mediascopeAll/Sylvan_Lake_News.png,2026-06-03 20:55:37,,HIGH,1,LEFT-CENTER,
Syracuse Sun,http://syracusesun.com,mediascopeAll/Syracuse_Sun.png,2026-06-20 20:00:05,USA,MIXED,,RIGHT-CENTER,Questionable Source
TFPP Wire,https://tfppwire.com,mediascopeAll/TFPP_Wire.png,2026-06-08 22:02:50,USA,MIXED,,RIGHT,
TMZ,https://tmz.com,mediascopeAll/TMZ.png,2026-06-08 22:02:53,USA,MIXED,,RIGHT-CENTER,
TRT Afrika,https://trtafrika.com,mediascopeAll/TRT_Afrika.png,2026-06-08 22:03:07,,MIXED,,RIGHT-CENTER,
TV Tropes,https://tvtropes.org,mediascopeAll/TV_Tropes.png,2026-06-08 22:03:28,USA,MIXED,,LEAST BIASED,
Tabasco Post,http://tabascopost.com,mediascopeAll/Tabasco_Post.png,2026-06-20 20:53:24,Unknown,MIXED,,LEFT-CENTER,Questionable Source
Tallahassee Sun,http://tallahasseesun.com,mediascopeAll/Tallahassee_Sun.png,2026-06-20 19:31:06,USA,MIXED,,RIGHT-CENTER,Questionable Source
Tamaulipas Post,http://tamaulipaspost.com,mediascopeAll/Tamaulipas_Post.png,2026-06-20 21:56:09,Unknown,MIXED,,LEFT-CENTER,Questionable Source
Tampa Republic,http://tamparepublic.com,mediascopeAll/Tampa_Republic.png,2026-06-20 19:48:26,USA,MIXED,,RIGHT-CENTER,Questionable Source
Tax Foundation,https://taxfoundation.org,mediascopeAll/Tax_Foundation.png,2026-06-03 20:56:00,USA,HIGH,1,RIGHT-CENTER,
TechGiants.News,https://techgiants.news,mediascopeAll/TechGiants.News_1.png,2026-06-04 00:09:39,USA,VERY LOW,0,RIGHT,
TechStartups,http://techstartups.com,mediascopeAll/TechStartups.png,2026-06-20 21:08:41,USA,MIXED,,RIGHT-CENTER,Questionable Source
Technocrats.News,https://technocrats.news,mediascopeAll/Technocrats.News_1.png,2026-06-04 00:09:52,USA,VERY LOW,0,RIGHT,
Telesur,http://www.telesurtv.net,mediascopeAll/Telesur.png,2026-06-20 21:49:03,Venezuela,MIXED,,LEFT,Questionable Source
Tellico Village Connection,https://tellicovillageconnection.com,mediascopeAll/Tellico_Village_Connection.png,2026-06-04 00:11:45,USA,HIGH,1,LEFT-CENTER,
Tenth Amendment Center,https://tenthamendmentcenter.com,mediascopeAll/Tenth_Amendment_Center.png,2026-06-08 22:05:26,USA,MIXED,,RIGHT,
Tharawat Magazine,https://tharawat-magazine.com,mediascopeAll/Tharawat_Magazine.png,2026-06-03 20:56:52,,HIGH,1,RIGHT-CENTER,
The Athens News,https://athensnews.com,mediascopeAll/The_Athens_News.png,2026-06-03 23:10:32,USA,HIGH,1,LEFT-CENTER,
The Australian Financial Review,https://afr.com,mediascopeAll/The_Australian_Financial_Review.png,2026-06-03 20:58:16,,HIGH,1,RIGHT-CENTER,
The Bearded Patriot,http://thebeardedpatriot.com,mediascopeAll/The_Bearded_Patriot.png,2026-06-20 19:46:28,USA,LOW,,RIGHT,Questionable Source
The Beltway Report,http://thebeltwayreport.com/,mediascopeAll/The_Beltway_Report.png,2026-06-20 19:54:50,USA,MIXED,,EXTREME RIGHT,Questionable Source
The Bureau of Investigative Journalism,https://thebureauinvestigates.com,mediascopeAll/The_Bureau_of_Investigative_Journalism.png,2026-06-03 20:57:34,,HIGH,1,LEFT-CENTER,
The Canadian Press,https://thecanadianpress.com,mediascopeAll/The_Canadian_Press.png,2026-06-03 20:57:09,,HIGH,1,LEAST BIASED,
The Citizen,https://www.citizen.co.za/,mediascopeAll/The_Citizen.png,2026-06-03 20:57:37,,HIGH,1,RIGHT-CENTER,
The Colorado Herald,http://thecoloradoherald.com,mediascopeAll/The_Colorado_Herald.png,2026-06-20 21:44:01,Unknown,LOW,,RIGHT,Questionable Source
The Colorado Sun,https://coloradosun.com,mediascopeAll/The_Colorado_Sun.png,2026-06-03 20:58:01,USA,HIGH,1,LEFT-CENTER,
The Dispatch,https://thedispatch.com,mediascopeAll/The_Dispatch.png,2026-06-03 20:58:45,USA,HIGH,1,RIGHT-CENTER,
The Epoch Times,https://theepochtimes.com,mediascopeAll/The_Epoch_Times.png,2026-06-08 22:07:17,USA,MOSTLY FACTUAL,,RIGHT-CENTER,
The Federation for American Immigration Reform,http://www.fairus.org,mediascopeAll/The_Federation_for_American_Immigration_Reform.png,2026-06-20 21:54:29,USA,LOW,,EXTREME RIGHT,Questionable Source
The Free Press,https://www.thefp.com/,mediascopeAll/The_Free_Press.png,2026-06-03 20:58:53,USA,MIXED,1,RIGHT-CENTER,
The Gateway Pundit,http://www.thegatewaypundit.com,mediascopeAll/The_Gateway_Pundit.png,2026-06-20 21:18:24,USA,VERY LOW,,EXTREME RIGHT,Questionable Source
The Guardian,https://theguardian.com,mediascopeAll/The_Guardian.png,2026-06-08 22:08:31,,HIGH,,LEFT-CENTER,
The Independent Institute,https://independent.org,mediascopeAll/The_Independent_Institute.png,2026-06-08 22:08:56,USA,MOSTLY FACTUAL,,RIGHT-CENTER,
The Irish News,https://irishnews.com,mediascopeAll/The_Irish_News.png,2026-06-03 23:54:02,,HIGH,1,LEFT-CENTER,
The Jerusalem Report,https://jpost.com/jerusalem-report,mediascopeAll/The_Jerusalem_Report.png,2026-06-03 20:59:40,,HIGH,1,RIGHT-CENTER,
The Jewish Press,https://jewishpress.com,mediascopeAll/The_Jewish_Press.png,2026-06-03 21:00:30,USA,HIGH,1,RIGHT-CENTER,
The Kentucky Standard,https://pmg-ky2.com/kystandard/,mediascopeAll/The_Kentucky_Standard.png,2026-06-03 21:00:39,USA,HIGH,1,RIGHT-CENTER,
The Last American Vagabond,http://thelastamericanvagabond.com,mediascopeAll/The_Last_American_Vagabond.png,2026-06-20 21:56:42,USA,LOW,,RIGHT,Questionable Source
The List,https://thelist.com,mediascopeAll/The_List.png,2026-06-08 22:09:24,USA,MOSTLY FACTUAL,,LEFT-CENTER,
The Logic of Science,https://thelogicofscience.com,mediascopeAll/The_Logic_of_Science.png,2026-06-03 20:59:49,USA,HIGH,1,LEAST BIASED,
The MacArthur Foundation,https://macfound.org,mediascopeAll/The_MacArthur_Foundation.png,2026-06-03 23:58:28,USA,HIGH,1,LEFT-CENTER,
The Majalla,http://eng.majalla.com,mediascopeAll/The_Majalla.png,2026-06-20 19:45:49,Saudi Arabia,MIXED,,RIGHT-CENTER,Questionable Source
The Michigan Independent,https://michiganindependent.com/,mediascopeAll/The_Michigan_Independent.png,2026-06-20 20:26:10,USA,MIXED,,LEFT,Questionable Source
The Most Important News,http://themostimportantnews.com,mediascopeAll/The_Most_Important_News.png,2026-06-20 22:18:31,USA,LOW,,RIGHT,Questionable Source
The New European,https://theneweuropean.co.uk,mediascopeAll/The_New_European.png,2026-06-08 22:13:55,,MOSTLY FACTUAL,,LEFT,
The New Inquiry,https://thenewinquiry.com,mediascopeAll/The_New_Inquiry.png,2026-06-08 22:14:26,USA,MIXED,,LEFT,
The Ohio Star,http://theohiostar.com,mediascopeAll/The_Ohio_Star.png,2026-06-20 20:19:37,USA,MIXED,,RIGHT,Questionable Source
The Organic Prepper,https://theorganicprepper.com,mediascopeAll/The_Organic_Prepper.png,2026-06-08 22:14:41,USA,MIXED,,RIGHT,
The Palestine Chronicle,https://palestinechronicle.com,mediascopeAll/The_Palestine_Chronicle.png,2026-06-08 22:15:00,USA,MOSTLY FACTUAL,,LEFT,
The Palm Beach Post,https://palmbeachpost.com,mediascopeAll/The_Palm_Beach_Post.png,2026-06-03 21:02:01,USA,HIGH,1,LEFT-CENTER,
The Patriotic Times,https://thepatriotictimes.com,mediascopeAll/The_Patriotic_Times.png,2026-06-03 21:02:00,USA,LOW,0,EXTREME RIGHT,Questionable Source
The Perspective,https://theperspective.com,mediascopeAll/The_Perspective.png,2026-06-03 21:01:43,,HIGH,1,LEAST BIASED,
The Phaser,https://thephaser.com,mediascopeAll/The_Phaser.png,2026-06-03 21:02:01,USA,VERY LOW,0,RIGHT,
The Post-Journal,https://www.post-journal.com/,mediascopeAll/The_Post-Journal.png,2026-06-03 21:02:17,USA,HIGH,1,RIGHT-CENTER,
The Postil Magazine,https://thepostil.com,mediascopeAll/The_Postil_Magazine.png,2026-06-08 22:15:18,USA,MIXED,,RIGHT,
The Prepared,https://theprepared.com,mediascopeAll/The_Prepared.png,2026-06-03 21:02:42,USA,HIGH,1,LEAST BIASED,
The Province,https://theprovince.com,mediascopeAll/The_Province.png,2026-06-04 00:12:05,,HIGH,1,RIGHT-CENTER,
The Recount,https://therecount.com,mediascopeAll/The_Recount.png,2026-06-03 21:02:25,,HIGH,1,LEAST BIASED,
The Region News,http://theregionnews.com,mediascopeAll/The_Region_News.png,2026-06-20 21:27:07,USA,MIXED,,RIGHT-CENTER,Questionable Source
The Solutions Project,https://thesolutionsproject.org,mediascopeAll/The_Solutions_Project.png,2026-06-03 21:03:25,USA,HIGH,1,LEFT,
The South African,https://thesouthafrican.com,mediascopeAll/The_South_African.png,2026-06-03 21:03:29,,HIGH,1,LEFT-CENTER,
The Spectator,https://www.spectator.co.uk/,mediascopeAll/The_Spectator.png,2026-06-08 22:15:54,,MOSTLY FACTUAL,,RIGHT-CENTER,
The Spinoff,https://thespinoff.co.nz,mediascopeAll/The_Spinoff.png,2026-06-03 21:03:50,,HIGH,1,LEFT-CENTER,
The Tennessee Star,http://tennesseestar.com,mediascopeAll/The_Tennessee_Star.png,2026-06-20 19:19:15,USA,MIXED,,RIGHT,Questionable Source
The Thinking Conservative,http://thethinkingconservative.com,mediascopeAll/The_Thinking_Conservative.png,2026-06-20 22:24:02,USA,LOW,,EXTREME RIGHT,Questionable Source
The Varsity,https://thevarsity.ca,mediascopeAll/The_Varsity.png,2026-06-03 21:03:48,,HIGH,1,LEFT-CENTER,
The Vindicator,https://vindy.com,mediascopeAll/The_Vindicator.png,2026-06-03 21:04:25,USA,HIGH,1,LEAST BIASED,
The Voice,https://thevoice.us,mediascopeAll/The_Voice.png,2026-06-03 21:04:40,,HIGH,1,LEAST BIASED,
The Warren Sun,http://warrensun.com,mediascopeAll/The_Warren_Sun.png,2026-06-20 20:31:02,USA,MIXED,,RIGHT-CENTER,Questionable Source
The Washington Spectator,https://washingtonspectator.org,mediascopeAll/The_Washington_Spectator.png,2026-06-04 00:13:56,USA,HIGH,1,LEFT,
The Watson Center,https://cnu.edu/wasoncenter/,mediascopeAll/The_Watson_Center.png,2026-06-03 23:44:40,USA,HIGH,1,LEFT-CENTER,
The Wellness Company,https://twc.health,mediascopeAll/The_Wellness_Company.png,2026-06-04 00:13:38,USA,LOW,0,RIGHT,
The Wisconsin Independent,http://wisconsinindependent.com,mediascopeAll/The_Wisconsin_Independent.png,2026-06-20 21:54:51,USA,MIXED,,LEFT,Questionable Source
TheJournal.ie,https://thejournal.ie,mediascopeAll/TheJournal.ie.png,2026-06-03 21:05:22,,HIGH,1,LEFT-CENTER,
TheRighting,https://therighting.com,mediascopeAll/TheRighting.png,2026-06-03 21:05:31,USA,HIGH,1,LEFT-CENTER,
TheSpectator.info,https://thespectator.info,mediascopeAll/TheSpectator.info_1.png,2026-06-04 00:11:59,USA,VERY LOW,0,EXTREME RIGHT,Questionable Source
Them.us,https://them.us,mediascopeAll/Them.us_1.png,2026-06-04 00:12:17,USA,HIGH,1,LEFT,
ThinkPol,https://thinkpol.ca,mediascopeAll/ThinkPol.png,2026-06-03 21:06:08,,HIGH,1,LEFT,
This Day Live,https://thisdaylive.com,mediascopeAll/This_Day_Live.png,2026-06-08 22:17:01,,MOSTLY FACTUAL,,RIGHT-CENTER,
Thomasville Times,https://hpenews.com/thomasville_times/,mediascopeAll/Thomasville_Times.png,2026-06-03 23:19:06,USA,HIGH,1,RIGHT-CENTER,
ThoughtCo,https://thoughtco.com,mediascopeAll/ThoughtCo.png,2026-06-03 21:06:04,USA,VERY HIGH,1,LEAST BIASED,
Thumb Reporter,http://thumbreporter.com,mediascopeAll/Thumb_Reporter.png,2026-06-20 21:39:09,USA,MIXED,,RIGHT-CENTER,Questionable Source
Times Now News,https://timesnownews.com,mediascopeAll/Times_Now_News.png,2026-06-08 22:17:34,,MIXED,,RIGHT,
Timmins Press,https://timminspress.com,mediascopeAll/Timmins_Press.png,2026-06-03 21:06:38,,HIGH,1,RIGHT-CENTER,
Timmins Times,https://timminstimes.com,mediascopeAll/Timmins_Times.png,2026-06-03 21:06:47,,HIGH,1,RIGHT-CENTER,
Tobacco News Wire,http://tobacconewswire.com,mediascopeAll/Tobacco_News_Wire.png,2026-06-20 19:45:45,USA,MIXED,,RIGHT-CENTER,Questionable Source
Today Singapore,https://todayonline.com,mediascopeAll/Today_Singapore.png,2026-06-08 22:18:23,,MOSTLY FACTUAL,,RIGHT-CENTER,
Toledo Reporter,https://toledoreporter.com,mediascopeAll/Toledo_Reporter.png,2026-06-08 22:18:26,USA,MIXED,,RIGHT-CENTER,
TooFab,http://toofab.com,mediascopeAll/TooFab.png,2026-06-20 20:04:48,USA,MIXED,,LEFT,Questionable Source
Topeka Sun,http://topekasun.com,mediascopeAll/Topeka_Sun.png,2026-06-20 21:20:09,USA,MIXED,,RIGHT-CENTER,Questionable Source
TorrentFreak,https://torrentfreak.com,mediascopeAll/TorrentFreak.png,2026-06-03 21:06:20,,HIGH,1,LEAST BIASED,
Totality of Evidence,https://totalityofevidence.com,mediascopeAll/Totality_of_Evidence.png,2026-06-03 21:06:47,,VERY LOW,0,RIGHT,
Town & Country Magazine,https://townandcountrymag.com,mediascopeAll/Town_Country_Magazine.png,2026-06-08 22:19:54,USA,MOSTLY FACTUAL,,LEFT-CENTER,
Trading Economics,https://tradingeconomics.com,mediascopeAll/Trading_Economics.png,2026-06-03 21:06:38,,HIGH,1,LEAST BIASED,
Trail Times,https://trailtimes.ca,mediascopeAll/Trail_Times.png,2026-06-03 21:07:00,,HIGH,1,LEFT-CENTER,
Transit Tomorrow,https://transittomorrow.com,mediascopeAll/Transit_Tomorrow.png,2026-06-08 22:20:30,USA,MOSTLY FACTUAL,,LEFT-CENTER,
Transylvania Times,https://transylvaniatimes.com,mediascopeAll/Transylvania_Times.png,2026-06-03 23:29:36,USA,HIGH,1,LEFT-CENTER,
Treasure Coast Sun,http://treasurecoastsun.com,mediascopeAll/Treasure_Coast_Sun.png,2026-06-20 19:31:58,USA,MIXED,,RIGHT-CENTER,Questionable Source
Treasure Valley Times,http://treasurevalleytimes.com,mediascopeAll/Treasure_Valley_Times.png,2026-06-20 22:19:30,USA,MIXED,,RIGHT-CENTER,Questionable Source
Trending Politics,http://trendingpolitics.com,mediascopeAll/Trending_Politics.png,2026-06-20 20:08:24,USA,LOW,,RIGHT,Questionable Source
Trentonian,https://trentonian.ca,mediascopeAll/Trentonian.png,2026-06-04 00:12:42,,HIGH,1,RIGHT-CENTER,
Tri County News,http://triconews.com,mediascopeAll/Tri_County_News.png,2026-06-20 22:15:42,USA,MIXED,,RIGHT-CENTER,Questionable Source
Tri-City News,https://tricitynews.com,mediascopeAll/Tri-City_News.png,2026-06-03 21:07:44,,HIGH,1,LEFT-CENTER,
Tri-City Sun,http://tricitysun.com,mediascopeAll/Tri-City_Sun.png,2026-06-20 22:15:32,USA,MIXED,,RIGHT-CENTER,Questionable Source
Tri-County Independent,https://tricountyindependent.com,mediascopeAll/Tri-County_Independent.png,2026-06-03 21:08:25,USA,HIGH,1,LEFT-CENTER,
TruckingDive,https://truckingdive.com,mediascopeAll/TruckingDive.png,2026-06-03 21:08:06,USA,HIGH,1,LEAST BIASED,
Trumball News,http://trumballnews.com,mediascopeAll/Trumball_News.png,2026-06-20 20:02:32,USA,MIXED,,RIGHT-CENTER,Questionable Source
Truth for Health Foundation,https://truthforhealth.org,mediascopeAll/Truth_for_Health_Foundation.png,2026-06-03 21:08:53,USA,VERY LOW,0,RIGHT,
TruthorFiction.com,https://truthorfiction.com,mediascopeAll/TruthorFiction.com.png,2026-06-03 21:08:34,USA,VERY HIGH,1,LEAST BIASED,
Tsarizm,http://tsarizm.com,mediascopeAll/Tsarizm.png,2026-06-21 17:53:20,USA,LOW,,EXTREME RIGHT,Questionable Source
Tsionizm,http://tsionizm.com,mediascopeAll/Tsionizm.png,2026-06-20 21:18:47,USA,LOW,,EXTREME RIGHT,Questionable Source
Tucson Standard,http://tucsonstandard.com,mediascopeAll/Tucson_Standard.png,2026-06-20 21:54:02,USA,MIXED,,RIGHT-CENTER,Questionable Source
Tulare Times,http://tularetimes.com,mediascopeAll/Tulare_Times.png,2026-06-20 21:26:02,USA,MIXED,,RIGHT-CENTER,Questionable Source
Tulsa Standard,http://tulsastandard.com,mediascopeAll/Tulsa_Standard.png,2026-06-20 20:24:33,USA,MIXED,,RIGHT-CENTER,Questionable Source
Turley Talks,http://turleytalks.com,mediascopeAll/Turley_Talks.png,2026-06-20 19:09:23,USA,LOW,,EXTREME RIGHT,Questionable Source
Tuscaloosa Leader,http://tuscaloosaleader.com,mediascopeAll/Tuscaloosa_Leader.png,2026-06-20 19:11:55,USA,MIXED,,RIGHT-CENTER,Questionable Source
Tyranny.News,https://tyranny.news,mediascopeAll/Tyranny.News_1.png,2026-06-04 00:12:22,USA,VERY LOW,0,RIGHT,
U.S. Right to Know,https://usrtk.org,mediascopeAll/U.S._Right_to_Know.png,2026-06-08 22:22:21,USA,MOSTLY FACTUAL,,LEFT,
UP Gazette,http://upgazette.com,mediascopeAll/UP_Gazette.png,2026-06-20 20:41:35,USA,MIXED,,RIGHT-CENTER,Questionable Source
US Backlash,http://usbacklash.org,mediascopeAll/US_Backlash.png,2026-06-20 21:21:13,USA,VERY LOW,,EXTREME RIGHT,Questionable Source
USA Today,https://usatoday.com,mediascopeAll/USA_Today.png,2026-06-08 22:22:39,USA,MOSTLY FACTUAL,,LEFT-CENTER,
USHistory.org,https://ushistory.org,mediascopeAll/USHistory.org.png,2026-06-03 21:09:31,USA,HIGH,1,LEAST BIASED,
USNI News,https://news.usni.org,mediascopeAll/USNI_News.png,2026-06-03 21:09:53,USA,HIGH,1,LEAST BIASED,
Uncommon Ground Media,https://uncommongroundmedia.com,mediascopeAll/Uncommon_Ground_Media.png,2026-06-08 22:22:52,,MIXED,,RIGHT-CENTER,
Union County Review,http://unioncountyreview.com,mediascopeAll/Union_County_Review.png,2026-06-20 20:12:52,USA,MIXED,,RIGHT-CENTER,Questionable Source
United Federation of Teachers,https://uft.org,mediascopeAll/United_Federation_of_Teachers.png,2026-06-03 21:10:07,USA,HIGH,1,LEFT-CENTER,
United States Institute of Peace,https://www.usip.org,mediascopeAll/United_States_Institute_of_Peace.png,2026-06-03 21:10:19,,HIGH,1,LEAST BIASED,
United Voice,http://unitedvoice.com,mediascopeAll/United_Voice.png,2026-06-20 20:37:57,USA,MIXED,,RIGHT,Questionable Source
Unlimited Hangout,https://unlimitedhangout.com,mediascopeAll/Unlimited_Hangout.png,2026-06-08 22:23:47,USA,MIXED,,RIGHT,
Unmuzzled News,http://unmuzzlednews.com,mediascopeAll/Unmuzzled_News.png,2026-06-20 21:46:50,USA,MIXED,,RIGHT,Questionable Source
Up North News,http://upnorthnewswi.com,mediascopeAll/Up_North_News.png,2026-06-20 20:00:36,USA,MIXED,,LEFT-CENTER,Questionable Source
Upper Delta News,http://upperdeltanews.com,mediascopeAll/Upper_Delta_News.png,2026-06-20 21:03:38,USA,MIXED,,RIGHT-CENTER,Questionable Source
Upward News,https://upward.news,mediascopeAll/Upward_News.png,2026-06-08 22:24:50,USA,MOSTLY FACTUAL,,RIGHT-CENTER,
Utah News Dispatch,https://utahnewsdispatch.com,mediascopeAll/Utah_News_Dispatch.png,2026-06-03 21:10:07,USA,HIGH,1,LEFT,
Utica Observer-Dispatch,https://uticaod.com,mediascopeAll/Utica_Observer-Dispatch.png,2026-06-03 21:10:59,USA,HIGH,1,LEFT-CENTER,
UtilityDive,https://utilitydive.com,mediascopeAll/UtilityDive.png,2026-06-03 21:10:46,USA,HIGH,1,LEAST BIASED,
Vaccine Impact,https://vaccineimpact.com,mediascopeAll/Vaccine_Impact.png,2026-06-03 21:10:32,USA,VERY LOW,0,RIGHT,
VaccineDamage.News,https://vaccinedamage.news,mediascopeAll/VaccineDamage.News.png,2026-06-03 21:11:26,USA,VERY LOW,0,RIGHT,
VaccineInjuryNews,https://vaccineinjurynews.com,mediascopeAll/VaccineInjuryNews.png,2026-06-03 21:10:45,USA,VERY LOW,0,RIGHT,
Vaccines and Christianity,https://vaccinesandchristianity.org,mediascopeAll/Vaccines_and_Christianity.png,2026-06-03 21:11:10,USA,VERY LOW,0,RIGHT,
Vanity Fair,https://vanityfair.com,mediascopeAll/Vanity_Fair.png,2026-06-08 22:25:17,USA,MOSTLY FACTUAL,,LEFT,
Variety Magazine,https://variety.com,mediascopeAll/Variety_Magazine.png,2026-06-04 00:13:58,USA,HIGH,1,LEFT-CENTER,
Vaxxter,https://vaxxter.com,mediascopeAll/Vaxxter.png,2026-06-03 21:11:16,USA,LOW,0,RIGHT,
Vegan Society,https://vegansociety.com,mediascopeAll/Vegan_Society.png,2026-06-03 21:11:25,,HIGH,1,LEFT,
Vera Files,https://verafiles.org,mediascopeAll/Vera_Files.png,2026-06-03 21:11:40,,HIGH,1,LEFT-CENTER,
Veracruz Daily Post,http://veracruzdailypost.com,mediascopeAll/Veracruz_Daily_Post.png,2026-06-20 22:27:19,Unknown,MIXED,,LEFT-CENTER,Questionable Source
Verdugos News,http://verdugosnews.com,mediascopeAll/Verdugos_News.png,2026-06-20 21:51:45,USA,MIXED,,RIGHT-CENTER,Questionable Source
Verify Fact Check,https://verifythis.com,mediascopeAll/Verify_Fact_Check.png,2026-06-03 21:11:34,USA,HIGH,1,LEAST BIASED,
Victor Valley Times,http://victorvalleytimes.com,mediascopeAll/Victor_Valley_Times.png,2026-06-20 21:12:11,USA,MIXED,,RIGHT-CENTER,Questionable Source
Victoria Advocate,https://victoriaadvocate.com,mediascopeAll/Victoria_Advocate.png,2026-06-03 21:11:51,USA,HIGH,1,LEFT-CENTER,
Vigilante.TV,https://vigilante.TV,mediascopeAll/Vigilante.TV.png,2026-06-03 21:12:05,,VERY LOW,0,RIGHT,
Vinton County Courier,https://vintonjacksoncourier.com,mediascopeAll/Vinton_County_Courier.png,2026-06-03 23:29:36,USA,HIGH,1,LEFT-CENTER,
Virginia Dogwood,http://vadogwood.com,mediascopeAll/Virginia_Dogwood.png,2026-06-20 21:59:38,USA,MIXED,,LEFT-CENTER,Questionable Source
Virginia Star,http://thevirginiastar.com,mediascopeAll/Virginia_Star.png,2026-06-20 20:25:19,USA,MIXED,,RIGHT,Questionable Source
Visual Capitalist,https://visualcapitalist.com,mediascopeAll/Visual_Capitalist.png,2026-06-03 21:12:55,,HIGH,1,LEAST BIASED,
Voice of America,https://voanews.com,mediascopeAll/Voice_of_America.png,2026-06-03 21:12:15,USA,HIGH,1,LEAST BIASED,
WAAV - 980 AM - Wilmington,https://980waav.com,mediascopeAll/WAAV_-_980_AM_-_Wilmington.png,2026-06-08 22:27:08,USA,MIXED,,RIGHT,
WBAP - 820AM - Dallas,https://wbap.com,mediascopeAll/WBAP_-_820AM_-_Dallas.png,2026-06-08 22:27:39,USA,MIXED,,RIGHT,
WBEZ - NPR - Chicago,https://wbez.org,mediascopeAll/WBEZ_-_NPR_-_Chicago.png,2026-06-03 21:13:27,USA,HIGH,1,LEFT-CENTER,
WBND - South Bend News,https://abc57.com,mediascopeAll/WBND_-_South_Bend_News.png,2026-06-03 21:13:02,USA,HIGH,1,LEFT-CENTER,
WBST - NPR - Muncie,https://indianapublicradio.org,mediascopeAll/WBST_-_NPR_-_Muncie.png,2026-06-03 21:13:49,USA,HIGH,1,LEFT-CENTER,
WC Georgia News,http://wcgeorgianews.com,mediascopeAll/WC_Georgia_News.png,2026-06-20 21:25:50,USA,MIXED,,RIGHT-CENTER,Questionable Source
WC Indiana News,http://wcindiananews.com,mediascopeAll/WC_Indiana_News.png,2026-06-20 20:58:06,USA,MIXED,,RIGHT-CENTER,Questionable Source
WC Iowa News,http://wciowanews.com,mediascopeAll/WC_Iowa_News.png,2026-06-20 20:08:41,USA,MIXED,,RIGHT-CENTER,Questionable Source
WC Minnesota Newsa,https://www.cbsnews.com/minnesota/,mediascopeAll/WC_Minnesota_Newsa.png,2026-06-08 22:28:18,USA,MIXED,,RIGHT-CENTER,
WC Mississippi News,http://wcmissnews.com,mediascopeAll/WC_Mississippi_News.png,2026-06-20 20:01:13,USA,MIXED,,RIGHT-CENTER,Questionable Source
WC Missouri News,http://wcmissourinews.com,mediascopeAll/WC_Missouri_News.png,2026-06-20 19:42:18,USA,MIXED,,RIGHT-CENTER,Questionable Source
WC New Mexico News –,http://wcnewmexiconews.com,mediascopeAll/WC_New_Mexico_News.png,2026-06-20 20:27:04,USA,MIXED,,RIGHT-CENTER,Questionable Source
WDJT - CBS - Milwaukee,https://cbs58.com,mediascopeAll/WDJT_-_CBS_-_Milwaukee.png,2026-06-03 21:13:32,USA,HIGH,1,LEFT-CENTER,
WFNC - 640 AM  - Fayetteville,https://wfnc640am.com,mediascopeAll/WFNC_-_640_AM_-_Fayetteville.png,2026-06-08 22:29:28,USA,MIXED,,RIGHT,
WFSU - NPR - Tallahassee,https://wfsu.org,mediascopeAll/WFSU_-_NPR_-_Tallahassee.png,2026-06-03 21:14:29,USA,HIGH,1,LEFT-CENTER,
WFYI - NPR - Indianapolis,https://wfyi.org,mediascopeAll/WFYI_-_NPR_-_Indianapolis.png,2026-06-03 21:14:04,USA,HIGH,1,LEFT-CENTER,
WGOW - 1150AM - Chattanooga,https://wgowam.com,mediascopeAll/WGOW_-_1150AM_-_Chattanooga.png,2026-06-08 22:29:33,USA,MIXED,,RIGHT,
WGPB - Georgia Public Broadcasting,https://gpb.org,mediascopeAll/WGPB_-_Georgia_Public_Broadcasting.png,2026-06-03 21:14:45,USA,HIGH,1,LEFT-CENTER,
WJBC - 1230AM - Bloomington,https://wjbc.com,mediascopeAll/WJBC_-_1230AM_-_Bloomington.png,2026-06-03 21:14:23,USA,MOSTLY FACTUAL,1,RIGHT-CENTER,
WJCT - NPR - Jacksonville,https://news.wjct.org,mediascopeAll/WJCT_-_NPR_-_Jacksonville.png,2026-06-03 21:14:42,USA,HIGH,1,LEFT-CENTER,
WJCW - 910 AM - Tri-Cities,https://wjcw.com,mediascopeAll/WJCW_-_910_AM_-_Tri-Cities.png,2026-06-08 22:29:45,USA,MIXED,,RIGHT,
WLPR - NPR - Lowell,https://lakeshorepublicmedia.org,mediascopeAll/WLPR_-_NPR_-_Lowell.png,2026-06-03 21:14:42,USA,HIGH,1,LEFT-CENTER,
WLS - 890AM - Chicago,https://wlsam.com,mediascopeAll/WLS_-_890AM_-_Chicago.png,2026-06-08 22:29:52,USA,MIXED,,RIGHT,
WLT Report,http://wltreport.com,mediascopeAll/WLT_Report.png,2026-06-20 22:05:00,USA,LOW,,EXTREME RIGHT,Questionable Source
WMAL - 105.9 FM - WMAL,https://wmal.com,mediascopeAll/WMAL_-_105.9_FM_-_WMAL.png,2026-06-08 22:30:05,USA,MIXED,,RIGHT,
WMNF - NPR - Tampa,https://wmnf.org,mediascopeAll/WMNF_-_NPR_-_Tampa.png,2026-06-03 21:15:41,USA,HIGH,1,LEFT-CENTER,
WNPR - Connecticut Public Radio - Hartford,https://ctpublic.org,mediascopeAll/WNPR_-_Connecticut_Public_Radio_-_Hartford.png,2026-06-03 21:15:04,USA,HIGH,1,LEFT-CENTER,
WOFL Fox 35 Orlando,https://fox35orlando.com,mediascopeAll/WOFL_Fox_35_Orlando.png,2026-06-03 21:16:17,USA,HIGH,1,LEAST BIASED,
WOKI - 98.7 - Knoxville,https://newstalk987.com,mediascopeAll/WOKI_-_98.7_-_Knoxville.png,2026-06-08 22:30:19,USA,MIXED,,RIGHT,
WPEC - CBS12.com,https://cbs12.com,mediascopeAll/WPEC_-_CBS12.com.png,2026-06-03 21:16:17,USA,HIGH,1,RIGHT-CENTER,
WPIC - 790 AM - Youngstown,https://790wpic.com,mediascopeAll/WPIC_-_790_AM_-_Youngstown.png,2026-06-08 22:30:30,USA,MIXED,,RIGHT,
WPNM - Leipsic News,https://hometownstations.com,mediascopeAll/WPNM_-_Leipsic_News.png,2026-06-03 21:16:46,USA,HIGH,1,LEAST BIASED,
WPRO - 99.7 FM - Providence,https://997wpro.com,mediascopeAll/WPRO_-_99.7_FM_-_Providence.png,2026-06-08 22:30:43,USA,MOSTLY FACTUAL,,RIGHT-CENTER,
WPSD - Paducah News,https://wpsdlocal6.com,mediascopeAll/WPSD_-_Paducah_News.png,2026-06-03 21:16:20,USA,HIGH,1,RIGHT-CENTER,
WSAZ News Channel,https://wsaz.com,mediascopeAll/WSAZ_News_Channel.png,2026-06-04 00:17:48,USA,HIGH,1,LEAST BIASED,
WSBA - 93.5 FM - York,https://newstalkwsba.com,mediascopeAll/WSBA_-_93.5_FM_-_York.png,2026-06-08 22:30:53,USA,MOSTLY FACTUAL,,RIGHT-CENTER,
WSIU - NPR - Carbondale,https://wsiu.org,mediascopeAll/WSIU_-_NPR_-_Carbondale.png,2026-06-03 21:16:58,USA,HIGH,1,LEFT-CENTER,
WSVN,https://wsvn.com,mediascopeAll/WSVN.png,2026-06-04 00:16:48,USA,HIGH,1,LEFT-CENTER,
WTMA - 1250AM - Charleston,https://wtma.com,mediascopeAll/WTMA_-_1250AM_-_Charleston.png,2026-06-08 22:31:14,USA,MIXED,,RIGHT,
WTXF-TV Fox 29,https://fox29.com,mediascopeAll/WTXF-TV_Fox_29.png,2026-06-03 21:18:38,USA,HIGH,1,LEAST BIASED,
WUCR - NPR - Orlando,https://wucf.org,mediascopeAll/WUCR_-_NPR_-_Orlando.png,2026-06-03 21:18:07,USA,HIGH,1,LEFT-CENTER,
WUSF - NPR - Tampa,https://wusf.org,mediascopeAll/WUSF_-_NPR_-_Tampa.png,2026-06-03 21:18:02,USA,HIGH,1,LEFT-CENTER,
WVLK - 590 AM - Lexington,https://wvlkam.com,mediascopeAll/WVLK_-_590_AM_-_Lexington.png,2026-06-08 22:31:16,USA,MIXED,,RIGHT,
WWTN - 99.7 FM - Nashville,https://997wtn.com,mediascopeAll/WWTN_-_99.7_FM_-_Nashville.png,2026-06-08 22:31:36,USA,MIXED,,RIGHT,
WalesOnline,https://walesonline.co.uk,mediascopeAll/WalesOnline.png,2026-06-03 21:18:34,,HIGH,1,LEFT-CENTER,
Wallaceburg Courier Press,https://wallaceburgcourierpress.com,mediascopeAll/Wallaceburg_Courier_Press.png,2026-06-03 21:18:53,,HIGH,1,RIGHT-CENTER,
Walton Family Foundation,https://waltonfamilyfoundation.org,mediascopeAll/Walton_Family_Foundation.png,2026-06-03 21:18:26,USA,HIGH,1,LEAST BIASED,
Warner Robins Today,http://warnerrobinstoday.com,mediascopeAll/Warner_Robins_Today.png,2026-06-20 19:11:28,USA,MIXED,,RIGHT-CENTER,Questionable Source
Warren-Clinton News,http://warrenclintonnews.com,mediascopeAll/Warren-Clinton_News.png,2026-06-20 21:33:50,USA,MIXED,,RIGHT-CENTER,Questionable Source
Washington Monthly,https://washingtonmonthly.com,mediascopeAll/Washington_Monthly.png,2026-06-03 21:18:33,USA,HIGH,1,LEFT-CENTER,
Washington Stand,http://washingtonstand.com,mediascopeAll/Washington_Stand.png,2026-06-20 21:12:29,USA,LOW,,EXTREME RIGHT,Questionable Source
Washington State Standard,https://washingtonstatestandard.com,mediascopeAll/Washington_State_Standard.png,2026-06-03 21:18:47,USA,HIGH,1,LEFT,Questionable Source
Washoe News,http://washoenews.com,mediascopeAll/Washoe_News.png,2026-06-20 19:49:12,USA,MIXED,,RIGHT-CENTER,Questionable Source
Watauga Democrat,https://wataugademocrat.com,mediascopeAll/Watauga_Democrat.png,2026-06-04 00:16:01,USA,HIGH,1,LEFT-CENTER,
Waterford Today,http://waterfordtoday.com,mediascopeAll/Waterford_Today.png,2026-06-20 20:04:52,USA,MIXED,,RIGHT-CENTER,Questionable Source
Waterloo Times,http://waterlootimes.com,mediascopeAll/Waterloo_Times.png,2026-06-20 19:20:07,USA,MIXED,,RIGHT-CENTER,Questionable Source
Watertown Public Opinion,https://thepublicopinion.com,mediascopeAll/Watertown_Public_Opinion.png,2026-06-03 21:19:52,USA,HIGH,1,LEFT-CENTER,
Waynesboro Record-Herald,https://therecordherald.com,mediascopeAll/Waynesboro_Record-Herald.png,2026-06-03 21:20:16,USA,HIGH,1,LEFT-CENTER,
We Got This Covered,https://wegotthiscovered.com,mediascopeAll/We_Got_This_Covered.png,2026-06-08 22:32:38,,MOSTLY FACTUAL,,LEAST BIASED,
We Hunted the Mammoth,https://wehuntedthemammoth.com,mediascopeAll/We_Hunted_the_Mammoth.png,2026-06-03 21:19:19,USA,HIGH,1,LEFT,
We The People Daily,http://wethepeopledaily.com,mediascopeAll/We_The_People_Daily.png,2026-06-20 19:46:31,USA,LOW,,EXTREME RIGHT,Questionable Source
Weatherford Democrat,https://weatherforddemocrat.com,mediascopeAll/Weatherford_Democrat.png,2026-06-03 21:21:24,USA,HIGH,1,LEFT-CENTER,
Well+Good,https://wellandgood.com,mediascopeAll/Well_Good.png,2026-06-08 22:32:54,USA,MIXED,,LEFT,
Wellington Advertiser,https://wellingtonadvertiser.com,mediascopeAll/Wellington_Advertiser.png,2026-06-08 22:33:43,,MOSTLY FACTUAL,,LEAST BIASED,
West Atlanta News,http://westatlantanews.com,mediascopeAll/West_Atlanta_News.png,2026-06-20 20:19:09,USA,MIXED,,RIGHT-CENTER,Questionable Source
West Central Alabama News,http://wcalabamanews.com,mediascopeAll/West_Central_Alabama_News.png,2026-06-20 20:33:56,USA,MIXED,,RIGHT-CENTER,Questionable Source
West Central Michigan News,http://wcmichigannews.com,mediascopeAll/West_Central_Michigan_News.png,2026-06-20 22:07:08,USA,MIXED,,RIGHT-CENTER,Questionable Source
West Central Reporter,http://westcentralreporter.com,mediascopeAll/West_Central_Reporter.png,2026-06-20 20:42:03,USA,MIXED,,RIGHT-CENTER,Questionable Source
West Cleveland News,http://westclevelandnews.com,mediascopeAll/West_Cleveland_News.png,2026-06-20 20:49:20,USA,MIXED,,RIGHT-CENTER,Questionable Source
West Contra Costa News,http://westcontracostanews.com,mediascopeAll/West_Contra_Costa_News.png,2026-06-20 19:37:45,USA,MIXED,,RIGHT-CENTER,Questionable Source
West Cook News,http://westcooknews.com,mediascopeAll/West_Cook_News.png,2026-06-20 21:22:59,USA,MIXED,,RIGHT-CENTER,Questionable Source
West DSM News,http://westdsmnews.com,mediascopeAll/West_DSM_News.png,2026-06-20 20:54:44,USA,MIXED,,RIGHT-CENTER,Questionable Source
West El Dorado News,http://westeldoradonews.com,mediascopeAll/West_El_Dorado_News.png,2026-06-20 20:52:22,USA,MIXED,,RIGHT-CENTER,Questionable Source
West Elgin Chronicle,https://thechronicle-online.com,mediascopeAll/West_Elgin_Chronicle.png,2026-06-03 21:20:37,,HIGH,1,RIGHT-CENTER,
West Essex News,http://westessexnews.com,mediascopeAll/West_Essex_News.png,2026-06-20 22:01:09,USA,MIXED,,RIGHT-CENTER,Questionable Source
West Florida News,http://westflnews.com,mediascopeAll/West_Florida_News.png,2026-06-20 21:56:42,USA,MIXED,,RIGHT-CENTER,Questionable Source
West Hamilton News,http://westhamiltonnews.com,mediascopeAll/West_Hamilton_News.png,2026-06-20 20:41:42,USA,MIXED,,RIGHT-CENTER,Questionable Source
West Hudson Valley News,http://westhudvalleynews.com,mediascopeAll/West_Hudson_Valley_News.png,2026-06-20 19:12:50,USA,MIXED,,RIGHT-CENTER,Questionable Source
West Indy News,http://westindynews.com,mediascopeAll/West_Indy_News.png,2026-06-20 21:06:46,USA,MIXED,,RIGHT-CENTER,Questionable Source
West K News,https://westknews.com,mediascopeAll/West_K_News.png,2026-06-03 21:20:35,,HIGH,1,LEFT-CENTER,
West LA Times,http://westlatimes.com,mediascopeAll/West_LA_Times.png,2026-06-20 20:44:13,USA,MIXED,,RIGHT-CENTER,Questionable Source
West Lake Norman News,http://westlakenormannews.com,mediascopeAll/West_Lake_Norman_News.png,2026-06-20 20:17:51,USA,MIXED,,RIGHT-CENTER,Questionable Source
West Lucas News,http://westlucasnews.com,mediascopeAll/West_Lucas_News.png,2026-06-20 20:51:40,USA,MIXED,,RIGHT-CENTER,Questionable Source
West Massachusetts News,http://westmassnews.com,mediascopeAll/West_Massachusetts_News.png,2026-06-20 19:38:58,USA,MIXED,,RIGHT-CENTER,Questionable Source
West NY News,http://westnynews.com,mediascopeAll/West_NY_News.png,2026-06-20 19:42:51,USA,MIXED,,RIGHT-CENTER,Questionable Source
West OC Times,http://westoctimes.com,mediascopeAll/West_OC_Times.png,2026-06-20 20:03:53,USA,MIXED,,RIGHT-CENTER,Questionable Source
West Pennyroyal News,http://westpennyroyalnews.com,mediascopeAll/West_Pennyroyal_News.png,2026-06-20 21:27:39,USA,MIXED,,RIGHT-CENTER,Questionable Source
West SBV Times,http://westsbvtimes.com,mediascopeAll/West_SBV_Times.png,2026-06-20 22:27:47,USA,MIXED,,RIGHT-CENTER,Questionable Source
West SFV Today,http://westsfvtoday.com,mediascopeAll/West_SFV_Today.png,2026-06-20 19:46:07,USA,MIXED,,RIGHT-CENTER,Questionable Source
West SGV News,http://westsgvnews.com,mediascopeAll/West_SGV_News.png,2026-06-20 20:12:01,USA,MIXED,,RIGHT-CENTER,Questionable Source
West STL News,http://stlwestnews.com,mediascopeAll/West_STL_News.png,2026-06-20 20:51:35,USA,MIXED,,RIGHT-CENTER,Questionable Source
West Twin Cities,http://westtwincities.com,mediascopeAll/West_Twin_Cities.png,2026-06-20 20:52:08,USA,MIXED,,RIGHT-CENTER,Questionable Source
West Ventura News,http://westventuranews.com,mediascopeAll/West_Ventura_News.png,2026-06-20 19:43:56,USA,MIXED,,RIGHT-CENTER,Questionable Source
West Virginia Public Broadcasting,https://wvpublic.org,mediascopeAll/West_Virginia_Public_Broadcasting.png,2026-06-03 21:21:03,USA,HIGH,1,LEAST BIASED,
West Virginia Watch,https://westvirginiawatch.com/,mediascopeAll/West_Virginia_Watch.png,2026-06-03 21:20:52,USA,HIGH,1,LEFT,
West Volusia News,http://westvolusianews.com,mediascopeAll/West_Volusia_News.png,2026-06-20 20:37:28,USA,MIXED,,RIGHT-CENTER,Questionable Source
West Wake News,http://westwakenews.com,mediascopeAll/West_Wake_News.png,2026-06-20 21:53:03,USA,MIXED,,RIGHT-CENTER,Questionable Source
Westbank Louisiana News,http://westbanklanews.com,mediascopeAll/Westbank_Louisiana_News.png,2026-06-20 20:18:19,USA,MIXED,,RIGHT-CENTER,Questionable Source
Westchester Reporter,http://westchesterreporter.com,mediascopeAll/Westchester_Reporter.png,2026-06-20 22:31:17,USA,MIXED,,RIGHT-CENTER,Questionable Source
Western Mass News,https://westernmassnews.com,mediascopeAll/Western_Mass_News.png,2026-06-04 00:16:05,USA,HIGH,1,LEAST BIASED,
Western ND News,http://westernndnews.com,mediascopeAll/Western_ND_News.png,2026-06-20 20:58:09,USA,MIXED,,RIGHT-CENTER,Questionable Source
Western Wayne Today,http://westernwaynetoday.com,mediascopeAll/Western_Wayne_Today.png,2026-06-20 21:57:33,USA,MIXED,,RIGHT-CENTER,Questionable Source
Wetaskiwin Pipestone Flyer,https://pipestoneflyer.ca,mediascopeAll/Wetaskiwin_Pipestone_Flyer.png,2026-06-03 21:21:07,,HIGH,1,LEFT-CENTER,
Whidbey News-Times,https://whidbeynewstimes.com,mediascopeAll/Whidbey_News-Times.png,2026-06-03 21:21:46,USA,HIGH,1,LEAST BIASED,
Whitefish Pilot,https://whitefishpilot.com,mediascopeAll/Whitefish_Pilot.png,2026-06-03 21:21:45,USA,HIGH,1,LEAST BIASED,
Wiarton Echo,https://wiartonecho.com,mediascopeAll/Wiarton_Echo.png,2026-06-03 21:22:08,,HIGH,1,RIGHT-CENTER,
Wichita Times Record-News,https://timesrecordnews.com,mediascopeAll/Wichita_Times_Record-News.png,2026-06-03 21:23:00,USA,HIGH,1,LEFT-CENTER,
Wilkes Journal-Patriot,https://journalpatriot.com,mediascopeAll/Wilkes_Journal-Patriot.png,2026-06-03 21:22:59,USA,HIGH,1,RIGHT-CENTER,
Will County Gazette,http://willcountygazette.com,mediascopeAll/Will_County_Gazette.png,2026-06-20 20:10:07,USA,MIXED,,RIGHT-CENTER,Questionable Source
Willoughby News-Herald,https://news-herald.com,mediascopeAll/Willoughby_News-Herald.png,2026-06-03 21:22:54,USA,HIGH,1,RIGHT-CENTER,
Wiltshire Gazette & Herald,https://gazetteandherald.co.uk,mediascopeAll/Wiltshire_Gazette_Herald.png,2026-06-03 21:23:09,,HIGH,1,LEAST BIASED,
Wine Country Times,http://winecountrytimes.com,mediascopeAll/Wine_Country_Times.png,2026-06-20 20:03:18,USA,MIXED,,RIGHT-CENTER,Questionable Source
Winston Salem Times,http://winstonsalemtimes.com,mediascopeAll/Winston_Salem_Times.png,2026-06-20 21:41:05,USA,MIXED,,RIGHT-CENTER,Questionable Source
Wiregrass Times,http://wiregrasstimes.com,mediascopeAll/Wiregrass_Times.png,2026-06-20 21:15:04,USA,MIXED,,RIGHT-CENTER,Questionable Source
Wisconsin Daily Star,http://wisconsindailystar.com,mediascopeAll/Wisconsin_Daily_Star.png,2026-06-20 21:39:32,USA,MIXED,,RIGHT,Questionable Source
Wolf Street,https://wolfstreet.com,mediascopeAll/Wolf_Street.png,2026-06-03 21:23:12,USA,HIGH,1,LEAST BIASED,
Woodstock Sentinel-Review,https://woodstocksentinelreview.com,mediascopeAll/Woodstock_Sentinel-Review.png,2026-06-03 21:23:44,,HIGH,1,RIGHT-CENTER,
WorkScoop,https://workscoop.com,mediascopeAll/WorkScoop.png,2026-06-03 21:23:17,USA,HIGH,1,LEAST BIASED,
World Affairs Blog,https://worldaffairs.blog,mediascopeAll/World_Affairs_Blog.png,2026-06-08 22:41:16,USA,MIXED,,RIGHT,
World Israel News,https://worldisraelnews.com,mediascopeAll/World_Israel_News.png,2026-06-08 22:41:17,,MOSTLY FACTUAL,,RIGHT,
World Population Review,https://worldpopulationreview.com,mediascopeAll/World_Population_Review.png,2026-06-08 22:41:22,USA,MOSTLY FACTUAL,,LEAST BIASED,
World Wide Fund for Nature,https://wwf.panda.org,mediascopeAll/World_Wide_Fund_for_Nature.png,2026-06-03 21:23:26,,HIGH,1,LEFT-CENTER,
World of Buzz,http://worldofbuzz.com,mediascopeAll/World_of_Buzz.png,2026-06-20 20:25:11,Malaysia,MIXED,,LEAST BIASED,Questionable Source
WorldNewsERA,http://worldnewsera.com,mediascopeAll/WorldNewsERA.png,2026-06-20 21:59:54,Unknown,MIXED,,LEFT-CENTER,Questionable Source
WorldTimeTodays,http://worldtimetodays.com,mediascopeAll/WorldTimeTodays.png,2026-06-20 20:59:30,USA,MIXED,,LEAST BIASED,Questionable Source
Wyandotte Times,http://wyandottetimes.com,mediascopeAll/Wyandotte_Times.png,2026-06-20 21:19:57,USA,MIXED,,RIGHT-CENTER,Questionable Source
Wyofile,https://wyofile.com,mediascopeAll/Wyofile.png,2026-06-03 21:23:22,USA,HIGH,1,LEFT,
X Strategies,http://xstrategies.com,mediascopeAll/X_Strategies.png,2026-06-20 20:40:03,USA,LOW,,EXTREME RIGHT,Questionable Source
XYZ.net.au,https://xyz.net.au,mediascopeAll/XYZ.net.au.png,2026-06-03 21:24:26,,LOW,0,EXTREME RIGHT,Questionable Source
Yadkin Ripple,https://yadkinripple.com,mediascopeAll/Yadkin_Ripple.png,2026-06-03 23:32:06,USA,HIGH,1,LEFT-CENTER,
Yadkin Valley News,http://yadkinvalleynews.com,mediascopeAll/Yadkin_Valley_News.png,2026-06-20 21:37:40,USA,MIXED,,RIGHT-CENTER,Questionable Source
Yahoo News,https://news.yahoo.com,mediascopeAll/Yahoo_News.png,2026-06-04 00:02:16,USA,HIGH,1,LEFT-CENTER,
Yankee Institute for Public Policy,https://yankeeinstitute.org,mediascopeAll/Yankee_Institute_for_Public_Policy.png,2026-06-03 21:24:12,USA,HIGH,1,RIGHT-CENTER,
Yavapai News,http://yavapainews.com,mediascopeAll/Yavapai_News.png,2026-06-20 20:53:01,USA,MIXED,,RIGHT-CENTER,Questionable Source
Yellow Hammer News,https://yellowhammernews.com,mediascopeAll/Yellow_Hammer_News.png,2026-06-03 21:24:47,USA,HIGH,1,RIGHT,
Yellowhammer Times,http://yellowhammertimes.com,mediascopeAll/Yellowhammer_Times.png,2026-06-20 19:38:07,USA,MIXED,,RIGHT-CENTER,Questionable Source
Yellowstone Times,http://yellowstonetimes.com,mediascopeAll/Yellowstone_Times.png,2026-06-20 19:23:02,USA,MIXED,,RIGHT-CENTER,Questionable Source
York Daily Record,https://ydr.com,mediascopeAll/York_Daily_Record.png,2026-06-03 21:26:12,USA,HIGH,1,LEFT-CENTER,
York Dispatch,https://yorkdispatch.com,mediascopeAll/York_Dispatch.png,2026-06-03 21:26:03,USA,HIGH,1,LEFT-CENTER,
Yorkshire Post,https://yorkshirepost.co.uk,mediascopeAll/Yorkshire_Post.png,2026-06-04 00:18:14,,HIGH,1,LEAST BIASED,
Young Turks,https://tyt.com,mediascopeAll/Young_Turks.png,2026-06-08 22:43:57,USA,MIXED,,LEFT,
Youngstown Times,http://youngstowntimes.com,mediascopeAll/Youngstown_Times.png,2026-06-20 20:17:36,USA,MIXED,,RIGHT-CENTER,Questionable Source
Yuba-Sutter Times,http://yubasuttertimes.com,mediascopeAll/Yuba-Sutter_Times.png,2026-06-20 21:31:49,USA,MIXED,,RIGHT-CENTER,Questionable Source
Yucatan Post,http://theyucatanpost.com,mediascopeAll/Yucatan_Post.png,2026-06-20 21:55:12,Unknown,MIXED,,LEFT-CENTER,Questionable Source
Yucatan Times,https://theyucatantimes.com,mediascopeAll/Yucatan_Times.png,2026-06-08 22:46:01,,MIXED,,RIGHT-CENTER,
Yukon News,https://yukon-news.com,mediascopeAll/Yukon_News.png,2026-06-03 21:25:28,,HIGH,1,LEFT-CENTER,
ZDNet,https://zdnet.com,mediascopeAll/ZDNet.png,2026-06-03 21:26:39,USA,HIGH,1,LEAST BIASED,
Zacatecas Post,http://zacatecaspost.com,mediascopeAll/Zacatecas_Post.png,2026-06-20 19:25:22,Unknown,MIXED,,LEFT-CENTER,Questionable Source
Zanesville Times-Recorder,https://zanesvilletimesrecorder.com,mediascopeAll/Zanesville_Times-Recorder.png,2026-06-03 21:27:15,USA,HIGH,1,LEFT-CENTER,
Zebra Fact Check,https://zebrafactcheck.com,mediascopeAll/Zebra_Fact_Check.png,2026-06-03 21:26:19,USA,HIGH,1,RIGHT-CENTER,
Zerohedge,https://zerohedge.com,mediascopeAll/Zerohedge.png,2026-06-03 21:27:11,,LOW,0,RIGHT,
azfamily.com,https://azfamily.com,mediascopeAll/azfamily.com.png,2026-06-03 21:27:50,USA,HIGH,1,LEAST BIASED,
24Jours,http://24Jours.com,mediascopeAll/24Jours.png,2026-06-20 20:18:31,Cameroon,LOW,,RIGHT-CENTER,Questionable Source
9GAG,http://9GAG.com,mediascopeAll/9GAG.png,2026-06-20 19:40:58,Hong Kong,MIXED,,LEAST BIASED,Questionable Source
ACT for America,http://actforamerica.org,mediascopeAll/ACT_for_America.png,2026-06-20 20:37:13,USA,LOW,,EXTREME RIGHT,Questionable Source
AF Post,http://afpost.news,mediascopeAll/AF_Post.png,2026-06-20 19:14:05,USA,LOW,,EXTREME RIGHT,Questionable Source
AM Daily News,http://amdailynews.com,mediascopeAll/AM_Daily_News.png,2026-06-20 18:56:41,Unknown,VERY LOW,,LEAST BIASED,Questionable Source
Abakan News,http://abakan-news.net,mediascopeAll/Abakan_News.png,2026-06-20 21:38:38,Russia,VERY LOW,,RIGHT,Questionable Source
Abilene Times,http://abilenetimes.com,mediascopeAll/Abilene_Times.png,2026-06-20 21:40:28,USA,MIXED,,RIGHT-CENTER,Questionable Source
Aguascalientes Daily Post,http://aguascalientesdailypost.com,mediascopeAll/Aguascalientes_Daily_Post.png,2026-06-20 18:56:37,Unknown,MIXED,,LEFT-CENTER,Questionable Source
Aiken Times,http://aikentimes.com,mediascopeAll/Aiken_Times.png,2026-06-20 22:15:28,USA,MIXED,,RIGHT-CENTER,Questionable Source
Al Youm Al Sabea,http://youm7.com,mediascopeAll/Al_Youm_Al_Sabea.png,2026-06-20 19:25:44,Egypt,MIXED,,RIGHT-CENTER,Questionable Source
Alaska Business Daily,https://businessdailynetwork.com/states/ak,mediascopeAll/Alaska_Business_Daily.png,2026-06-20 22:24:55,USA,MIXED,,RIGHT-CENTER,Questionable Source
Alchevsk News,http://alchevsk-news.ru,mediascopeAll/Alchevsk_News.png,2026-06-20 20:33:34,Russia,VERY LOW,,RIGHT,Questionable Source
Altoona Times,http://altoonatimes.com,mediascopeAll/Altoona_Times.png,2026-06-20 21:54:12,USA,MIXED,,RIGHT-CENTER,Questionable Source
Amarillo Gazette,http://amarillogazette.com,mediascopeAll/Amarillo_Gazette.png,2026-06-20 19:12:29,USA,MIXED,,RIGHT-CENTER,Questionable Source
American Catholic Tribune,http://americancatholictribune.com,mediascopeAll/American_Catholic_Tribune.png,2026-06-20 18:56:44,USA,MIXED,,RIGHT-CENTER,Questionable Source
American College of Pediatricians,http://www.acpeds.org,mediascopeAll/American_College_of_Pediatricians.png,2026-06-20 20:05:06,USA,LOW,,RIGHT,Questionable Source
American Conservative Movement,http://americanconservativemovement.com,mediascopeAll/American_Conservative_Movement.png,2026-06-20 20:54:02,USA,LOW,,RIGHT,Questionable Source
American Faith,http://americanfaith.com,mediascopeAll/American_Faith.png,2026-06-20 19:47:31,USA,MIXED,,RIGHT,Questionable Source
American Family Association,http://www.afa.net,mediascopeAll/American_Family_Association.png,2026-06-20 20:46:13,USA,LOW,,EXTREME RIGHT,Questionable Source
American Family News,http://afn.net,mediascopeAll/American_Family_News.png,2026-06-20 18:56:53,USA,LOW,,RIGHT,Questionable Source
American Gulag,http://americangulag.org,mediascopeAll/American_Gulag.png,2026-06-20 20:30:22,USA,VERY LOW,,EXTREME RIGHT,Questionable Source
American Lookout,http://americanlookout.com,mediascopeAll/American_Lookout.png,2026-06-20 22:14:51,USA,LOW,,EXTREME RIGHT,Questionable Source
American Partisan,http://americanpartisan.org,mediascopeAll/American_Partisan.png,2026-06-20 22:28:23,USA,LOW,,RIGHT,Questionable Source
American Patriot Daily,http://www.americanpatriotdaily.com,mediascopeAll/American_Patriot_Daily.png,2026-06-20 19:48:01,USA,LOW,,EXTREME RIGHT,Questionable Source
American Principles Project,http://americanprinciplesproject.org,mediascopeAll/American_Principles_Project.png,2026-06-20 21:20:26,USA,LOW,,EXTREME RIGHT,Questionable Source
Amerika,http://Amerika.org,mediascopeAll/Amerika.png,2026-06-20 19:57:16,USA,LOW,,EXTREME RIGHT,Questionable Source
Amic,http://Amic.ru,mediascopeAll/Amic.png,2026-06-20 19:54:15,Russia,MIXED,,RIGHT-CENTER,Questionable Source
Amur News,http://amur-news.net,mediascopeAll/Amur_News.png,2026-06-20 21:45:41,Russia,VERY LOW,,RIGHT,Questionable Source
Anonymous News,http://anonymousnews.org,mediascopeAll/Anonymous_News.png,2026-06-20 20:00:36,Czech Republic,LOW,,EXTREME RIGHT,Questionable Source
Arab News,http://www.arabnews.com,mediascopeAll/Arab_News.png,2026-06-20 21:29:11,Saudi Arabia,MIXED,,RIGHT-CENTER,Questionable Source
Archaeology World,http://archaeology-world.com,mediascopeAll/Archaeology_World.png,2026-06-20 18:57:00,Unknown,MIXED,,UNRATED,Questionable Source
Arizona Business Daily,https://businessdailynetwork.com/states/az,mediascopeAll/Arizona_Business_Daily.png,2026-06-20 22:07:23,USA,MIXED,,RIGHT-CENTER,Questionable Source
Arizona Independent,http://arizonaindependent.com,mediascopeAll/Arizona_Independent.png,2026-06-20 18:57:08,USA,MIXED,,LEFT,Questionable Source
Association of American Physicians and Surgeons (AAPS),http://aapsonline.org,mediascopeAll/Association_of_American_Physicians_and_Surgeons_AAPS.png,2026-06-20 22:06:53,,LOW,,EXTREME RIGHT,Questionable Source
Astrakhan News,http://astrakhan-news.net,mediascopeAll/Astrakhan_News.png,2026-06-20 21:16:29,Russia,VERY LOW,,RIGHT,Questionable Source
Auf1,http://auf1.tv,mediascopeAll/Auf1.png,2026-06-20 18:57:23,Austria,LOW,,EXTREME RIGHT,Questionable Source
Austin News,http://austintxnews.com,mediascopeAll/Austin_News.png,2026-06-20 19:46:48,USA,MIXED,,RIGHT-CENTER,Questionable Source
AustraliaOne,http://australiaoneparty.com,mediascopeAll/AustraliaOne.png,2026-06-20 21:21:08,Australia,LOW,,EXTREME RIGHT,Questionable Source
Autulu,http://Autulu.com,mediascopeAll/Autulu.png,2026-06-20 18:57:25,Unknown,VERY LOW,,LEAST BIASED,Questionable Source
Badlands Media,http://badlandsmedia.tv,mediascopeAll/Badlands_Media.png,2026-06-20 20:51:54,USA,MIXED,,RIGHT,Questionable Source
Baikal News,http://baikal-news.net,mediascopeAll/Baikal_News.png,2026-06-20 22:24:46,Russia,VERY LOW,,RIGHT,Questionable Source
Barnaul News,http://barnaul-news.net,mediascopeAll/Barnaul_News.png,2026-06-20 21:54:34,Russia,VERY LOW,,RIGHT,Questionable Source
Bay State News,http://baystatenews.com,mediascopeAll/Bay_State_News.png,2026-06-20 20:27:44,USA,MIXED,,RIGHT-CENTER,Questionable Source
Beach Broadcast News,http://beachbroadcastnews.com,mediascopeAll/Beach_Broadcast_News.png,2026-06-20 21:04:27,USA,VERY LOW,,EXTREME RIGHT,Questionable Source
Bean Town Times,http://beantowntimes.com,mediascopeAll/Bean_Town_Times.png,2026-06-20 20:23:30,USA,MIXED,,RIGHT-CENTER,Questionable Source
Beaver County News,http://beaverconews.com,mediascopeAll/Beaver_County_News.png,2026-06-20 20:30:09,USA,MIXED,,RIGHT-CENTER,Questionable Source
Beehive State News,http://beehivestatenews.com,mediascopeAll/Beehive_State_News.png,2026-06-20 21:51:05,USA,MIXED,,RIGHT-CENTER,Questionable Source
Beijing Review,http://www.bjreview.com,mediascopeAll/Beijing_Review.png,2026-06-20 19:27:12,China,MIXED,,LEFT-CENTER,Questionable Source
Belgorod News,http://belgorod-news.net,mediascopeAll/Belgorod_News.png,2026-06-20 20:48:58,Russia,VERY LOW,,RIGHT,Questionable Source
Bend Daily News,http://benddailynews.com,mediascopeAll/Bend_Daily_News.png,2026-06-20 21:59:41,USA,MIXED,,LEAST BIASED,Questionable Source
Berdyansk News,http://berdyansk-news.ru,mediascopeAll/Berdyansk_News.png,2026-06-20 22:20:56,Russia,VERY LOW,,RIGHT,Questionable Source
Berkeley Leader,http://Berkeleyleader.com,mediascopeAll/Berkeley_Leader.png,2026-06-20 22:01:26,USA,MIXED,,RIGHT-CENTER,Questionable Source
Berks County News,http://berksconews.com,mediascopeAll/Berks_County_News.png,2026-06-20 19:40:43,USA,MIXED,,RIGHT-CENTER,Questionable Source
Big Sky Times,http://bigskytimes.com,mediascopeAll/Big_Sky_Times.png,2026-06-20 19:22:04,USA,MIXED,,RIGHT-CENTER,Questionable Source
Birobidzhan-news,http://Birobidzhan-news.net,mediascopeAll/Birobidzhan-news.png,2026-06-20 20:01:28,Russia,VERY LOW,,RIGHT,Questionable Source
Black Eye Politics,https://blackeyepolitics.com,mediascopeAll/Black_Eye_Politics.png,2026-06-20 21:14:09,USA,LOW,,EXTREME RIGHT,Questionable Source
Blacknews,http://Blacknews.com,mediascopeAll/Blacknews.png,2026-06-20 18:58:20,USA,MIXED,,LEFT,Questionable Source
Blue State Blues News,http://bluestatebluesnews.com,mediascopeAll/Blue_State_Blues_News.png,2026-06-20 20:09:12,USA,MIXED,,RIGHT,Questionable Source
Blunt Force Truth,http://bluntforcetruth.com,mediascopeAll/Blunt_Force_Truth.png,2026-06-20 18:58:23,USA,LOW,,EXTREME RIGHT,Questionable Source
Bongino,http://Bongino.com,mediascopeAll/Bongino.png,2026-06-20 18:58:26,USA,MIXED,,RIGHT,Questionable Source
Bossip,http://bossip.com,mediascopeAll/Bossip.png,2026-06-20 18:58:36,USA,MIXED,,EXTREME LEFT,Questionable Source
Boston Broadside,http://bostonbroadside.com,mediascopeAll/Boston_Broadside.png,2026-06-20 21:54:39,USA,MIXED,,RIGHT,Questionable Source
Breaking Christian News,http://breakingchristiannews.com,mediascopeAll/Breaking_Christian_News.png,2026-06-20 22:04:37,USA,LOW,,EXTREME RIGHT,Questionable Source
Breakingnews60s,http://Breakingnews60s.com,mediascopeAll/Breakingnews60s.png,2026-06-20 18:58:50,Unknown,VERY LOW,,LEAST BIASED,Questionable Source
Brian Tyler Cohen,http://briantylercohen.com,mediascopeAll/Brian_Tyler_Cohen.png,2026-06-20 18:59:03,USA,MIXED,,LEFT,Questionable Source
Bryansk-news,http://Bryansk-news.net,mediascopeAll/Bryansk-news.png,2026-06-20 21:42:50,Russia,VERY LOW,,RIGHT,Questionable Source
Butler County News,http://butlerconews.com,mediascopeAll/Butler_County_News.png,2026-06-20 21:49:17,USA,MIXED,,RIGHT-CENTER,Questionable Source
C19VitaminD,http://C19VitaminD.com,mediascopeAll/C19VitaminD.png,2026-06-20 18:59:37,Unknown,MIXED,,RIGHT,Questionable Source
C19hcq,http://C19hcq.com,mediascopeAll/C19hcq.png,2026-06-21 17:42:29,Unknown,MIXED,,RIGHT,Questionable Source
C19ivermectin,http://C19ivermectin.com,mediascopeAll/C19ivermectin.png,2026-06-20 18:59:23,Unknown,MIXED,,RIGHT,Questionable Source
CCTV International (CCTV-9),http://english.cctv.com,mediascopeAll/CCTV_International_CCTV-9.png,2026-06-20 21:53:01,China,MIXED,,LEFT-CENTER,Questionable Source
Cairns News,http://cairnsnews.org,mediascopeAll/Cairns_News.png,2026-06-20 20:04:17,Australia,LOW,,EXTREME RIGHT,Questionable Source
Caixin Global,http://caixinglobal.com,mediascopeAll/Caixin_Global.png,2026-06-21 18:02:33,China,MIXED,,RIGHT-CENTER,Questionable Source
Caldron Pool,http://caldronpool.com,mediascopeAll/Caldron_Pool.png,2026-06-20 21:02:50,Australia,MIXED,,EXTREME RIGHT,Questionable Source
Cambria Times,http://cambriatimes.com,mediascopeAll/Cambria_Times.png,2026-06-20 22:12:29,USA,MIXED,,RIGHT-CENTER,Questionable Source
Canada Free Press,http://canadafreepress.com,mediascopeAll/Canada_Free_Press.png,2026-06-20 21:56:29,Canada,LOW,,EXTREME RIGHT,Questionable Source
Canary Mission,http://canarymission.org,mediascopeAll/Canary_Mission.png,2026-06-20 21:10:48,USA,MIXED,,RIGHT,Questionable Source
CancelThisCompany,http://CancelThisCompany.com,mediascopeAll/CancelThisCompany.png,2026-06-20 19:23:50,USA,VERY LOW,,EXTREME RIGHT,Questionable Source
Cape News,http://capemonews.com,mediascopeAll/Cape_News.png,2026-06-20 19:28:31,USA,MIXED,,RIGHT-CENTER,Questionable Source
Capstone Report,http://capstonereport.com,mediascopeAll/Capstone_Report.png,2026-06-20 20:02:20,USA,LOW,,EXTREME RIGHT,Questionable Source
Catholic Tribune – Arizona,http://azcatholictribune.com,mediascopeAll/Catholic_Tribune_Arizona.png,2026-06-20 20:51:07,USA,MIXED,,RIGHT-CENTER,Questionable Source
Catholic Tribune – Florida,http://flcatholictribune.com,mediascopeAll/Catholic_Tribune_Florida.png,2026-06-20 19:51:21,USA,MIXED,,RIGHT-CENTER,Questionable Source
Catholic Tribune – Michigan,http://micatholictribune.com,mediascopeAll/Catholic_Tribune_Michigan.png,2026-06-20 19:30:15,USA,MIXED,,RIGHT-CENTER,Questionable Source
Catholic Tribune – Minnesota,http://mncatholictribune.com,mediascopeAll/Catholic_Tribune_Minnesota.png,2026-06-20 20:04:17,USA,MIXED,,RIGHT-CENTER,Questionable Source
Catholic Tribune – Pennsylvania,http://pacatholictribune.com,mediascopeAll/Catholic_Tribune_Pennsylvania.png,2026-06-20 20:42:44,USA,MIXED,,RIGHT-CENTER,Questionable Source
Catholic Tribune – Wisconsin,http://wicatholictribune.com,mediascopeAll/Catholic_Tribune_Wisconsin.png,2026-06-20 20:26:37,USA,MIXED,,RIGHT-CENTER,Questionable Source
Centers for Disease Control (CDC),http://www.cdc.gov,mediascopeAll/Centers_for_Disease_Control_CDC.png,2026-06-20 21:11:36,USA,MIXED,,RIGHT,Questionable Source
Central Bucks Today,http://centralbuckstoday.com,mediascopeAll/Central_Bucks_Today.png,2026-06-20 19:43:28,USA,MIXED,,RIGHT-CENTER,Questionable Source
Central Chester Today,http://centralchestertoday.com,mediascopeAll/Central_Chester_Today.png,2026-06-20 22:15:21,USA,MIXED,,RIGHT-CENTER,Questionable Source
Central Florida Post,http://centralfloridapost.com,mediascopeAll/Central_Florida_Post.png,2026-06-20 19:15:40,USA,LOW,,RIGHT,Questionable Source
Central Idaho Times,http://centralidahotimes.com,mediascopeAll/Central_Idaho_Times.png,2026-06-20 19:30:20,USA,MIXED,,RIGHT-CENTER,Questionable Source
Central PA News,http://centralpanews.com,mediascopeAll/Central_PA_News.png,2026-06-20 20:57:40,USA,MIXED,,RIGHT-CENTER,Questionable Source
Central South Dakota News,http://centralsdnews.com,mediascopeAll/Central_South_Dakota_News.png,2026-06-20 22:11:19,USA,MIXED,,RIGHT-CENTER,Questionable Source
Central Texas News,http://centraltxnews.com,mediascopeAll/Central_Texas_News.png,2026-06-20 22:19:06,USA,MIXED,,RIGHT-CENTER,Questionable Source
Central Utah News,http://centralutahnews.com,mediascopeAll/Central_Utah_News.png,2026-06-20 22:18:36,USA,MIXED,,RIGHT-CENTER,Questionable Source
Centre for Migration Control,http://centreformigrationcontrol.com,mediascopeAll/Centre_for_Migration_Control.png,2026-06-20 20:28:43,United Kingdom,MIXED,,RIGHT,Questionable Source
Channel One Russia,http://1tv.ru,mediascopeAll/Channel_One_Russia.png,2026-06-20 21:39:40,Russia,MIXED,,RIGHT-CENTER,Questionable Source
Charleston Morning News,http://charlestonmorning.com,mediascopeAll/Charleston_Morning_News.png,2026-06-20 22:23:36,USA,MIXED,,LEAST BIASED,Questionable Source
Charleston Reporter,http://charlestonreporter.com,mediascopeAll/Charleston_Reporter.png,2026-06-20 20:34:45,USA,MIXED,,RIGHT-CENTER,Questionable Source
Cheb News,http://cheb-news.net,mediascopeAll/Cheb_News.png,2026-06-20 22:03:59,Russia,VERY LOW,,RIGHT,Questionable Source
Chelyabinsk-news,http://Chelyabinsk-news.net,mediascopeAll/Chelyabinsk-news.png,2026-06-20 20:44:22,Russia,VERY LOW,,RIGHT,Questionable Source
Cherkassy-news,http://Cherkassy-news.ru,mediascopeAll/Cherkassy-news.png,2026-06-20 22:21:42,Russia,VERY LOW,,RIGHT,Questionable Source
Cherkessk-news,http://Cherkessk-news.net,mediascopeAll/Cherkessk-news.png,2026-06-20 20:26:05,Russia,VERY LOW,,RIGHT,Questionable Source
China Global Television Network,http://america.cgtn.com/,mediascopeAll/China_Global_Television_Network.png,2026-06-20 20:53:21,China,MIXED,,LEFT-CENTER,Questionable Source
Chita News,http://chita-news.net,mediascopeAll/Chita_News.png,2026-06-20 21:17:30,Russia,VERY LOW,,RIGHT,Questionable Source
Christian Action Network,http://christianaction.org,mediascopeAll/Christian_Action_Network.png,2026-06-20 22:17:52,USA,LOW,,EXTREME RIGHT,Questionable Source
Christianity Daily,http://christianitydaily.com,mediascopeAll/Christianity_Daily.png,2026-06-20 20:14:30,USA,MIXED,,RIGHT,Questionable Source
ChristopherRufo,http://ChristopherRufo.com,mediascopeAll/ChristopherRufo.png,2026-06-20 22:02:52,USA,MIXED,,RIGHT,Questionable Source
Chukotka-News,http://Chukotka-News.net,mediascopeAll/Chukotka-News.png,2026-06-20 20:07:47,Russia,VERY LOW,,RIGHT,Questionable Source
Citizen Watch Report,http://citizenwatchreport.com,mediascopeAll/Citizen_Watch_Report.png,2026-06-20 19:46:38,USA,MIXED,,RIGHT,Questionable Source
Citizens’ Council for Health Freedom,http://cchfreedom.org,mediascopeAll/Citizens_Council_for_Health_Freedom.png,2026-06-20 20:19:23,USA,MIXED,,RIGHT,Questionable Source
Clarion Project,http://clarionproject.org,mediascopeAll/Clarion_Project.png,2026-06-20 19:59:14,USA,LOW,,EXTREME RIGHT,Questionable Source
Clarksville Times,http://clarksvilletimes.com,mediascopeAll/Clarksville_Times.png,2026-06-20 20:22:42,USA,MIXED,,RIGHT-CENTER,Questionable Source
Clash Daily,http://clashdaily.com,mediascopeAll/Clash_Daily.png,2026-06-20 22:31:36,USA,LOW,,EXTREME RIGHT,Questionable Source
ClayandBuck,http://ClayandBuck.com,mediascopeAll/ClayandBuck.png,2026-06-20 19:33:13,USA,MIXED,,RIGHT,Questionable Source
Climate Realism,http://climaterealism.com,mediascopeAll/Climate_Realism.png,2026-06-20 20:47:31,USA,LOW,,RIGHT,Questionable Source
Co2 Coalition,http://co2coalition.org,mediascopeAll/Co2_Coalition.png,2026-06-20 19:51:44,USA,LOW,,RIGHT,Questionable Source
Coal Region News,http://coalregionnews.com,mediascopeAll/Coal_Region_News.png,2026-06-20 19:26:49,USA,MIXED,,RIGHT-CENTER,Questionable Source
Collin Times,http://collintimes.com,mediascopeAll/Collin_Times.png,2026-06-20 20:21:04,USA,MIXED,,RIGHT-CENTER,Questionable Source
Colorado Business Daily,https://businessdailynetwork.com/states/co,mediascopeAll/Colorado_Business_Daily.png,2026-06-20 19:38:09,USA,MIXED,,RIGHT-CENTER,Questionable Source
Columbia Standard,http://columbiastandard.com,mediascopeAll/Columbia_Standard.png,2026-06-20 21:42:54,USA,MIXED,,RIGHT-CENTER,Questionable Source
Competitive Enterprise Institute,http://cei.org,mediascopeAll/Competitive_Enterprise_Institute.png,2026-06-20 19:00:53,USA,LOW,,RIGHT,Questionable Source
Concho Valley News,http://conchovalleynews.com,mediascopeAll/Concho_Valley_News.png,2026-06-20 20:08:46,USA,MIXED,,RIGHT-CENTER,Questionable Source
Conservative Ammo,http://conservativeammo.com/,mediascopeAll/Conservative_Ammo.png,2026-06-20 19:44:39,USA,LOW,,EXTREME RIGHT,Questionable Source
Conservative Beaver,http://conservativebeaver.com,mediascopeAll/Conservative_Beaver.png,2026-06-20 21:16:47,Canada,VERY LOW,,EXTREME RIGHT,Questionable Source
Conservative Firing Line,http://conservativefiringline.com,mediascopeAll/Conservative_Firing_Line.png,2026-06-20 20:00:21,USA,VERY LOW,,EXTREME RIGHT,Questionable Source
Conservative Playlist,http://conservativeplaylist.com,mediascopeAll/Conservative_Playlist.png,2026-06-20 21:16:35,USA,LOW,,EXTREME RIGHT,Questionable Source
Conservative Political Action Conference,http://cpac.org,mediascopeAll/Conservative_Political_Action_Conference.png,2026-06-20 21:42:52,USA,LOW,,RIGHT,Questionable Source
Conservative Politics Today,http://facebook.com/conservativepoliticstoday,mediascopeAll/Conservative_Politics_Today.png,2026-06-20 21:30:25,USA,LOW,,EXTREME RIGHT,Questionable Source
Conservative Underground News,http://conservativeundergroundnews.com,mediascopeAll/Conservative_Underground_News.png,2026-06-20 21:53:04,USA,MIXED,,RIGHT,Questionable Source
Constative,http://Constative.com,mediascopeAll/Constative.png,2026-06-20 19:01:05,Unknown,MIXED,,RIGHT-CENTER,Questionable Source
Corona Transition,http://corona-transition.org,mediascopeAll/Corona_Transition.png,2026-06-20 19:01:09,Switzerland,LOW,,RIGHT,Questionable Source
Corpus Christi Sun,http://corpuschristisun.com,mediascopeAll/Corpus_Christi_Sun.png,2026-06-20 19:37:10,USA,MIXED,,RIGHT-CENTER,Questionable Source
Council for American-Islamic Relations (CAIR),http://www.cair.com,mediascopeAll/Council_for_American-Islamic_Relations_CAIR.png,2026-06-20 19:39:44,USA,MIXED,,RIGHT-CENTER,Questionable Source
Council for the National Interest,http://www.councilforthenationalinterest.org,mediascopeAll/Council_for_the_National_Interest.png,2026-06-20 20:14:34,USA,MIXED,,LEFT-CENTER,Questionable Source
Courier Newsroom,http://couriernewsroom.com,mediascopeAll/Courier_Newsroom.png,2026-06-20 19:01:11,USA,MIXED,,LEFT-CENTER,Questionable Source
CovertAction Magazine,http://covertactionmagazine.com,mediascopeAll/CovertAction_Magazine.png,2026-06-20 19:01:24,USA,MIXED,,LEFT,Questionable Source
Covid.gov,http://whitehouse.gov/lab-leak-true-origins-of-covid-19,mediascopeAll/Covid.gov.png,2026-06-20 20:50:17,USA,LOW,,RIGHT,Questionable Source
CovidAnalysis Network,http://c19early.com,mediascopeAll/CovidAnalysis_Network.png,2026-06-20 19:01:38,Unknown,MIXED,,RIGHT,Questionable Source
Cowards of Canada,http://cowards.ca,mediascopeAll/Cowards_of_Canada.png,2026-06-20 21:04:16,Canada,MIXED,,RIGHT,Questionable Source
Crawford Times,http://crawfordtimes.com,mediascopeAll/Crawford_Times.png,2026-06-20 21:09:28,USA,MIXED,,RIGHT-CENTER,Questionable Source
Creative Destruction Media – CD Media,http://creativedestructionmedia.com,mediascopeAll/Creative_Destruction_Media_CD_Media.png,2026-06-20 22:03:51,USA,LOW,,EXTREME RIGHT,Questionable Source
Crimea News,http://crimea-news.com,mediascopeAll/Crimea_News.png,2026-06-20 19:55:42,Russia,VERY LOW,,RIGHT,Questionable Source
Cumberland Valley News,http://cumberlandvalleynews.com,mediascopeAll/Cumberland_Valley_News.png,2026-06-20 20:17:47,USA,MIXED,,RIGHT-CENTER,Questionable Source
DC Weekly,http://dcweekly.org,mediascopeAll/DC_Weekly.png,2026-06-20 19:31:30,Russia,LOW,,EXTREME RIGHT,Questionable Source
DNR-news,http://DNR-news.ru,mediascopeAll/DNR-news.png,2026-06-20 21:13:15,Russia,VERY LOW,,RIGHT,Questionable Source
Dagestan News,http://dagestan-news.net,mediascopeAll/Dagestan_News.png,2026-06-20 19:27:58,Russia,VERY LOW,,RIGHT,Questionable Source
Dagospia,http://dagospia.com,mediascopeAll/Dagospia.png,2026-06-20 20:31:38,Italy,LOW,,RIGHT,Questionable Source
DailyJournal24hr,http://DailyJournal24hr.com,mediascopeAll/DailyJournal24hr.png,2026-06-20 19:02:17,Unknown,LOW,,LEAST BIASED,Questionable Source
Daily Auburn,http://dailyauburn.com,mediascopeAll/Daily_Auburn.png,2026-06-20 22:23:46,USA,MIXED,,LEAST BIASED,Questionable Source
Daily Bellingham,http://dailybellingham.com,mediascopeAll/Daily_Bellingham.png,2026-06-20 20:05:52,USA,MIXED,,LEAST BIASED,Questionable Source
Daily Blacksburg,http://dailyblacksburg.com,mediascopeAll/Daily_Blacksburg.png,2026-06-20 19:18:06,USA,MIXED,,LEAST BIASED,Questionable Source
Daily Burlington,http://dailyburlingtonnews.com,mediascopeAll/Daily_Burlington.png,2026-06-20 19:28:48,USA,MIXED,,LEAST BIASED,Questionable Source
Daily Buzz Live,http://dailybuzzlive.com,mediascopeAll/Daily_Buzz_Live.png,2026-06-20 19:01:43,USA,VERY LOW,,UNRATED,Questionable Source
Daily Cedar Park,http://dailycedarpark.com,mediascopeAll/Daily_Cedar_Park.png,2026-06-20 20:22:05,USA,MIXED,,LEAST BIASED,Questionable Source
Daily Chesapeake,http://dailychesapeake.com,mediascopeAll/Daily_Chesapeake.png,2026-06-20 19:01:47,USA,MIXED,,LEAST BIASED,Questionable Source
Daily Citizen,http://dailycitizen.focusonthefamily.com,mediascopeAll/Daily_Citizen.png,2026-06-20 19:16:15,USA,LOW,,EXTREME RIGHT,Questionable Source
Daily Clarksville,http://dailyclarksville.com,mediascopeAll/Daily_Clarksville.png,2026-06-20 21:13:34,USA,MIXED,,LEAST BIASED,Questionable Source
Daily College Station,http://dailycollegestation.com,mediascopeAll/Daily_College_Station.png,2026-06-20 21:38:10,USA,MIXED,,LEAST BIASED,Questionable Source
Daily Denton,http://dailydenton.com,mediascopeAll/Daily_Denton.png,2026-06-20 20:58:01,USA,MIXED,,LEAST BIASED,Questionable Source
Daily Everett,http://dailyeverett.com,mediascopeAll/Daily_Everett.png,2026-06-20 21:55:04,USA,MIXED,,LEAST BIASED,Questionable Source
Daily Flower Mound,http://dailyflowermound.com,mediascopeAll/Daily_Flower_Mound.png,2026-06-20 22:19:18,USA,MIXED,,LEAST BIASED,Questionable Source
Daily Fond du Lac,http://dailyfonddulac.com,mediascopeAll/Daily_Fond_du_Lac.png,2026-06-20 20:41:03,USA,MIXED,,LEAST BIASED,Questionable Source
Daily Frederick,http://dailyfrederick.com,mediascopeAll/Daily_Frederick.png,2026-06-20 19:33:31,USA,MIXED,,LEAST BIASED,Questionable Source
Daily Green Bay,http://dailygreenbay.com,mediascopeAll/Daily_Green_Bay.png,2026-06-20 20:23:34,USA,MIXED,,LEAST BIASED,Questionable Source
Daily Janesville,http://dailyjanesville.com,mediascopeAll/Daily_Janesville.png,2026-06-20 21:00:44,USA,MIXED,,LEAST BIASED,Questionable Source
Daily Johnson City,http://dailyjohnsoncity.com,mediascopeAll/Daily_Johnson_City.png,2026-06-20 21:26:16,USA,MIXED,,LEAST BIASED,Questionable Source
Daily Kennewick,http://dailykennewick.com,mediascopeAll/Daily_Kennewick.png,2026-06-20 20:41:50,USA,MIXED,,LEAST BIASED,Questionable Source
Daily Kenosha,http://dailykenosha.com,mediascopeAll/Daily_Kenosha.png,2026-06-20 20:40:53,USA,MIXED,,LEAST BIASED,Questionable Source
Daily League City,http://dailyleaguecity.com,mediascopeAll/Daily_League_City.png,2026-06-20 20:20:24,USA,MIXED,,LEAST BIASED,Questionable Source
Daily Longview,http://dailylongview.com,mediascopeAll/Daily_Longview.png,2026-06-20 21:49:41,USA,MIXED,,LEAST BIASED,Questionable Source
Daily Lubbock,http://dailylubbock.com,mediascopeAll/Daily_Lubbock.png,2026-06-20 22:24:06,USA,MIXED,,LEAST BIASED,Questionable Source
Daily Lynchburg,http://dailylynchburg.com,mediascopeAll/Daily_Lynchburg.png,2026-06-20 19:53:08,USA,MIXED,,LEAST BIASED,Questionable Source
Daily Marysville,http://dailymarysville.com,mediascopeAll/Daily_Marysville.png,2026-06-20 21:54:05,USA,MIXED,,LEAST BIASED,Questionable Source
Daily McAllen,http://dailymcallen.com,mediascopeAll/Daily_McAllen.png,2026-06-20 19:36:27,USA,MIXED,,LEAST BIASED,Questionable Source
Daily McKinney,http://dailymckinney.com,mediascopeAll/Daily_McKinney.png,2026-06-20 21:03:26,USA,MIXED,,LEAST BIASED,Questionable Source
Daily New Braunfels,http://dailynewbraunfels.com,mediascopeAll/Daily_New_Braunfels.png,2026-06-20 19:12:41,USA,MIXED,,LEAST BIASED,Questionable Source
Daily Newport News,http://dailynewportnews.com,mediascopeAll/Daily_Newport_News.png,2026-06-20 20:06:30,USA,MIXED,,LEAST BIASED,Questionable Source
Daily Ogden,http://dailyogden.com,mediascopeAll/Daily_Ogden.png,2026-06-20 19:41:53,USA,MIXED,,LEAST BIASED,Questionable Source
Daily Olympia,http://dailyolympia.com,mediascopeAll/Daily_Olympia.png,2026-06-20 20:14:45,USA,MIXED,,LEAST BIASED,Questionable Source
Daily Orem,http://dailyorem.com,mediascopeAll/Daily_Orem.png,2026-06-20 21:56:17,USA,MIXED,,LEAST BIASED,Questionable Source
Daily Provo,http://dailyprovo.com,mediascopeAll/Daily_Provo.png,2026-06-20 21:11:43,USA,MIXED,,LEAST BIASED,Questionable Source
Daily Puyallup,http://dailypuyallup.com,mediascopeAll/Daily_Puyallup.png,2026-06-20 19:31:51,USA,MIXED,,LEAST BIASED,Questionable Source
Daily Racine,http://dailyracine.com,mediascopeAll/Daily_Racine.png,2026-06-20 22:01:20,USA,MIXED,,LEAST BIASED,Questionable Source
Daily Richmond,http://dailyrichmondnews.com,mediascopeAll/Daily_Richmond.png,2026-06-20 20:42:57,USA,MIXED,,LEAST BIASED,Questionable Source
Daily Roanoke,http://dailyroanoke.com,mediascopeAll/Daily_Roanoke.png,2026-06-20 20:36:37,USA,MIXED,,LEAST BIASED,Questionable Source
Daily Round Rock,http://dailyroundrock.com,mediascopeAll/Daily_Round_Rock.png,2026-06-20 19:58:11,USA,MIXED,,LEAST BIASED,Questionable Source
Daily Spokane,http://dailyspokanenews.com,mediascopeAll/Daily_Spokane.png,2026-06-20 21:41:53,USA,MIXED,,LEAST BIASED,Questionable Source
Daily Spokane Valley,http://dailyspokanevalley.com,mediascopeAll/Daily_Spokane_Valley.png,2026-06-20 19:12:03,USA,MIXED,,LEAST BIASED,Questionable Source
Daily Tacoma,http://dailytacoma.com,mediascopeAll/Daily_Tacoma.png,2026-06-20 20:33:28,USA,MIXED,,LEAST BIASED,Questionable Source
Daily Waco,http://dailywaco.com,mediascopeAll/Daily_Waco.png,2026-06-20 21:19:06,USA,MIXED,,LEAST BIASED,Questionable Source
Daily Yakima,http://dailyyakima.com,mediascopeAll/Daily_Yakima.png,2026-06-20 21:24:30,USA,MIXED,,LEAST BIASED,Questionable Source
Dakota Times,http://dakotatimes.com,mediascopeAll/Dakota_Times.png,2026-06-20 19:33:45,USA,MIXED,,RIGHT-CENTER,Questionable Source
Dallas City Wire,http://dallascitywire.com,mediascopeAll/Dallas_City_Wire.png,2026-06-20 20:28:07,USA,MIXED,,RIGHT-CENTER,Questionable Source
Dauphin News,http://dauphinnews.com,mediascopeAll/Dauphin_News.png,2026-06-20 19:30:30,USA,MIXED,,RIGHT-CENTER,Questionable Source
DavidHarrisJr,http://DavidHarrisJr.com,mediascopeAll/DavidHarrisJr.png,2026-06-20 19:16:52,USA,LOW,,EXTREME RIGHT,Questionable Source
Davis Times,http://davistimes.com,mediascopeAll/Davis_Times.png,2026-06-20 19:46:08,USA,MIXED,,RIGHT-CENTER,Questionable Source
DeKalb GA News,http://dekalbganews.com,mediascopeAll/DeKalb_GA_News.png,2026-06-20 21:24:42,USA,MIXED,,RIGHT-CENTER,Questionable Source
DeSantis Daily,http://desantisdaily.com,mediascopeAll/DeSantis_Daily.png,2026-06-20 22:12:01,USA,MIXED,,RIGHT,Questionable Source
Declassified with Julie Kelly,http://declassified.live,mediascopeAll/Declassified_with_Julie_Kelly.png,2026-06-20 22:11:12,USA,LOW,,RIGHT,Questionable Source
Deep State Watch,http://deepstatewatch.com,mediascopeAll/Deep_State_Watch.png,2026-06-20 19:50:26,USA,LOW,,EXTREME RIGHT,Questionable Source
Def-Con News,http://defconnews.com,mediascopeAll/Def-Con_News.png,2026-06-20 22:08:20,USA,LOW,,RIGHT,Questionable Source
Defending The Republic,http://defendingtherepublic.org,mediascopeAll/Defending_The_Republic.png,2026-06-20 21:38:12,USA,VERY LOW,,EXTREME RIGHT,Questionable Source
Defiant America,http://defiantamerica.com,mediascopeAll/Defiant_America.png,2026-06-20 21:11:16,USA,LOW,,EXTREME RIGHT,Questionable Source
DemState,http://Demstate.com,mediascopeAll/DemState.png,2026-06-20 19:02:22,Unknown,LOW,,RIGHT-CENTER,Questionable Source
Democratic National Committee (DNC),http://democrats.org,mediascopeAll/Democratic_National_Committee_DNC.png,2026-06-20 19:13:49,USA,MIXED,,LEFT,Questionable Source
DennisPrager,http://DennisPrager.com,mediascopeAll/DennisPrager.png,2026-06-20 19:44:20,USA,LOW,,RIGHT,Questionable Source
Department of Homeland Security,http://dhs.gov,mediascopeAll/Department_of_Homeland_Security.png,2026-06-20 21:27:53,USA,LOW,,RIGHT,Questionable Source
Der Status,http://derstatus.at,mediascopeAll/Der_Status.png,2026-06-20 19:02:34,Austria,LOW,,EXTREME RIGHT,Questionable Source
DiamondandSilkinc,http://DiamondandSilkinc.com,mediascopeAll/DiamondandSilkinc.png,2026-06-20 21:06:40,USA,LOW,,RIGHT,Questionable Source
Discover the Networks,http://www.discoverthenetworks.org,mediascopeAll/Discover_the_Networks.png,2026-06-20 20:34:00,USA,LOW,,RIGHT,Questionable Source
Disinformation Social Media Alliance,http://disa.org,mediascopeAll/Disinformation_Social_Media_Alliance.png,2026-06-20 19:02:38,Unknown,MIXED,,LEAST BIASED,Questionable Source
Disntr,http://disntr.com,mediascopeAll/Disntr.png,2026-06-20 21:24:49,USA,MIXED,,RIGHT,Questionable Source
Dnepr-news,http://Dnepr-news.ru,mediascopeAll/Dnepr-news.png,2026-06-20 20:54:45,Russia,VERY LOW,,RIGHT,Questionable Source
Dneprodzerzhinsk-News,http://Dneprodzerzhinsk-News.ru,mediascopeAll/Dneprodzerzhinsk-News.png,2026-06-20 19:10:54,Russia,VERY LOW,,RIGHT,Questionable Source
Donbass Center,http://donbass.center,mediascopeAll/Donbass_Center.png,2026-06-20 20:31:02,Russia,VERY LOW,,RIGHT,Questionable Source
Donetsk-News,http://Donetsk-News.ru,mediascopeAll/Donetsk-News.png,2026-06-20 19:28:04,Russia,VERY LOW,,RIGHT,Questionable Source
Dorchester Today,http://dorchestertoday.com,mediascopeAll/Dorchester_Today.png,2026-06-20 22:26:17,USA,MIXED,,RIGHT-CENTER,Questionable Source
Download,http://Download.News,mediascopeAll/Download.png,2026-06-20 22:12:02,USA,VERY LOW,,EXTREME RIGHT,Questionable Source
Druthers,http://druthers.net,mediascopeAll/Druthers.png,2026-06-20 21:51:12,Canada,LOW,,EXTREME RIGHT,Questionable Source
Dzen,http://Dzen.ru,mediascopeAll/Dzen.png,2026-06-20 22:05:49,Russia,MIXED,,RIGHT-CENTER,Questionable Source
EC Mississippi News,http://ecmissnews.com,mediascopeAll/EC_Mississippi_News.png,2026-06-20 19:10:05,USA,MIXED,,RIGHT-CENTER,Questionable Source
East Alameda News,http://eastalamedanews.com,mediascopeAll/East_Alameda_News.png,2026-06-20 21:15:26,USA,MIXED,,RIGHT-CENTER,Questionable Source
East Central Texas News,http://ectexasnews.com,mediascopeAll/East_Central_Texas_News.png,2026-06-20 19:18:24,USA,MIXED,,RIGHT-CENTER,Questionable Source
East DFW News,http://eastdfwnews.com,mediascopeAll/East_DFW_News.png,2026-06-20 20:05:54,USA,MIXED,,RIGHT-CENTER,Questionable Source
East Houston News,http://easthoustonnews.com,mediascopeAll/East_Houston_News.png,2026-06-20 22:28:11,USA,MIXED,,RIGHT-CENTER,Questionable Source
East Iowa News,http://eciowanews.com,mediascopeAll/East_Iowa_News.png,2026-06-20 20:25:16,USA,MIXED,,RIGHT-CENTER,Questionable Source
East RGV News,http://eastrgvnews.com,mediascopeAll/East_RGV_News.png,2026-06-20 21:08:15,USA,MIXED,,RIGHT-CENTER,Questionable Source
East SLC News,http://eastslcnews.com,mediascopeAll/East_SLC_News.png,2026-06-20 21:31:33,USA,MIXED,,RIGHT-CENTER,Questionable Source
East Ventura News,http://eastventuranews.com,mediascopeAll/East_Ventura_News.png,2026-06-20 19:38:48,USA,MIXED,,RIGHT-CENTER,Questionable Source
El Paso Standard,http://elpasostandard.com,mediascopeAll/El_Paso_Standard.png,2026-06-20 21:26:28,USA,MIXED,,RIGHT-CENTER,Questionable Source
En-volve,http://en-volve.com,mediascopeAll/En-volve.png,2026-06-20 20:55:58,USA,VERY,,EXTREME RIGHT,Questionable Source
End the Fed,http://endthefed.org,mediascopeAll/End_the_Fed.png,2026-06-20 21:06:05,USA,LOW,,RIGHT,Questionable Source
Erie County Times,http://eriecotimes.com,mediascopeAll/Erie_County_Times.png,2026-06-20 19:17:28,USA,MIXED,,RIGHT-CENTER,Questionable Source
Evie Magazine,http://eviemagazine.com,mediascopeAll/Evie_Magazine.png,2026-06-20 21:59:53,USA,LOW,,EXTREME RIGHT,Questionable Source
Evil,http://Evil.News,mediascopeAll/Evil.png,2026-06-20 20:43:46,USA,LOW,,EXTREME RIGHT,Questionable Source
FDA Health News,http://fdahealthnews.com,mediascopeAll/FDA_Health_News.png,2026-06-20 21:44:03,USA,MIXED,,RIGHT-CENTER,Questionable Source
FT Wayne Times,http://ftwaynetimes.com,mediascopeAll/FT_Wayne_Times.png,2026-06-20 21:22:47,USA,MIXED,,RIGHT-CENTER,Questionable Source
Facts,http://Facts.Net,mediascopeAll/Facts.png,2026-06-20 19:03:08,Unknown,MIXED,,LEAST BIASED,Questionable Source
Family Policy Alliance,http://familypolicyalliance.com,mediascopeAll/Family_Policy_Alliance.png,2026-06-20 20:01:50,USA,LOW,,EXTREME RIGHT,Questionable Source
Family Research Council,http://www.frc.org,mediascopeAll/Family_Research_Council.png,2026-06-20 21:15:55,USA,LOW,,EXTREME RIGHT,Questionable Source
Fars News Agency,http://farsnews.ir,mediascopeAll/Fars_News_Agency.png,2026-06-20 21:57:01,Iran,MIXED,,LEFT-CENTER,Questionable Source
Fdesouche,http://fdesouche.com,mediascopeAll/Fdesouche.png,2026-06-20 20:35:51,France,MIXED,,RIGHT,Questionable Source
Federal Newswire,http://thefederalnewswire.com,mediascopeAll/Federal_Newswire.png,2026-06-20 19:59:51,USA,MIXED,,RIGHT-CENTER,Questionable Source
Filming Cops,http://filmingcops.com,mediascopeAll/Filming_Cops.png,2026-06-20 21:20:11,USA,MIXED,,LEFT,Questionable Source
First in Freedom Daily,http://firstinfreedomdaily.com,mediascopeAll/First_in_Freedom_Daily.png,2026-06-21 17:46:11,USA,MIXED,,RIGHT,Questionable Source
Five Nation,http://fivenation.com,mediascopeAll/Five_Nation.png,2026-06-20 19:37:43,USA,LOW,,RIGHT,Questionable Source
Forbidden News Network,http://bannedbook.org,mediascopeAll/Forbidden_News_Network.png,2026-06-20 19:03:50,Unknown,MIXED,,RIGHT,Questionable Source
Foreign Policy Initiative,http://www.foreignpolicyi.org,mediascopeAll/Foreign_Policy_Initiative.png,2026-06-20 20:57:24,,,,UNRATED,Questionable Source
Foundation for Freedom Online,http://foundationforfreedomonline.com,mediascopeAll/Foundation_for_Freedom_Online.png,2026-06-20 20:29:30,USA,MIXED,,RIGHT,Questionable Source
Fox News,http://www.foxnews.com,mediascopeAll/Fox_News.png,2026-06-20 20:55:00,USA,LOW,,RIGHT,Questionable Source
Frank Speech,http://frankspeech.com,mediascopeAll/Frank_Speech.png,2026-06-20 20:04:19,USA,VERY LOW,,RIGHT,Questionable Source
Franklin Daily News,http://franklindailynews.com,mediascopeAll/Franklin_Daily_News.png,2026-06-20 20:08:17,USA,MIXED,,LEAST BIASED,Questionable Source
Free West Media,http://freewestmedia.com,mediascopeAll/Free_West_Media.png,2026-06-20 20:40:38,Sweden,MIXED,,RIGHT,Questionable Source
Fria Tider (Free Times),http://friatider.se,mediascopeAll/Fria_Tider_Free_Times.png,2026-06-20 21:11:56,Sweden,LOW,,EXTREME RIGHT,Questionable Source
FrontPage Magazine,http://www.frontpagemag.com,mediascopeAll/FrontPage_Magazine.png,2026-06-20 22:13:24,USA,LOW,,EXTREME RIGHT,Questionable Source
GAB News,http://news.gab.com,mediascopeAll/GAB_News.png,2026-06-20 19:50:57,USA,LOW,,EXTREME RIGHT,Questionable Source
GB News UK,http://gbnews.uk,mediascopeAll/GB_News_UK.png,2026-06-20 19:47:12,United Kingdom,MIXED,,RIGHT,Questionable Source
GOPUSA,http://www.gopusa.com,mediascopeAll/GOPUSA.png,2026-06-20 20:26:22,USA,MIXED,,RIGHT,Questionable Source
GOP Daily Brief,http://gopdailybrief.com,mediascopeAll/GOP_Daily_Brief.png,2026-06-20 19:43:30,USA,MIXED,,RIGHT,Questionable Source
Gays Against Groomers,http://gaysagainstgroomers.com,mediascopeAll/Gays_Against_Groomers.png,2026-06-20 21:52:23,USA,LOW,,EXTREME RIGHT,Questionable Source
Gazeta,http://Gazeta.ru,mediascopeAll/Gazeta.png,2026-06-20 22:08:45,Russia,MIXED,,RIGHT-CENTER,Questionable Source
Geller Report,http://pamelageller.com,mediascopeAll/Geller_Report.png,2026-06-20 22:00:41,USA,LOW,,EXTREME RIGHT,Questionable Source
Georgia Record,http://georgiarecord.com,mediascopeAll/Georgia_Record.png,2026-06-20 19:33:55,USA,LOW,,EXTREME RIGHT,Questionable Source
Ghost,http://Ghost.Report,mediascopeAll/Ghost.png,2026-06-20 21:45:16,USA,MIXED,,RIGHT,Questionable Source
Global Fact Checking Network,http://globalfactchecking.com,mediascopeAll/Global_Fact_Checking_Network.png,2026-06-20 22:03:41,Russia,MIXED,,RIGHT-CENTER,Questionable Source
Good Day Amarillo,http://gooddayamarillo.com,mediascopeAll/Good_Day_Amarillo.png,2026-06-20 20:33:26,USA,MIXED,,LEAST BIASED,Questionable Source
Good Day Appleton,http://gooddayappleton.com,mediascopeAll/Good_Day_Appleton.png,2026-06-20 20:39:10,USA,MIXED,,LEAST BIASED,Questionable Source
Good Day Beaumont,http://gooddaybeaumont.com,mediascopeAll/Good_Day_Beaumont.png,2026-06-20 19:49:26,USA,MIXED,,LEAST BIASED,Questionable Source
Good Day Billings,http://gooddaybillings.com,mediascopeAll/Good_Day_Billings.png,2026-06-20 22:03:31,USA,MIXED,,LEAST BIASED,Questionable Source
Good Day Brownsville,http://gooddaybrownsville.com,mediascopeAll/Good_Day_Brownsville.png,2026-06-20 21:02:51,USA,MIXED,,LEAST BIASED,Questionable Source
Good Day Bryan,http://gooddaybryan.com,mediascopeAll/Good_Day_Bryan.png,2026-06-20 20:21:47,USA,MIXED,,LEAST BIASED,Questionable Source
Good Day Casper,http://gooddaycasper.com,mediascopeAll/Good_Day_Casper.png,2026-06-20 20:05:59,USA,MIXED,,LEAST BIASED,Questionable Source
Good Day Cheyenne,http://gooddaycheyenne.com,mediascopeAll/Good_Day_Cheyenne.png,2026-06-20 19:18:10,USA,MIXED,,LEAST BIASED,Questionable Source
Good Day Conroe,http://gooddayconroe.com,mediascopeAll/Good_Day_Conroe.png,2026-06-20 22:02:39,USA,MIXED,,LEAST BIASED,Questionable Source
Good Day Corpus Christi,http://gooddaycorpuschristi.com,mediascopeAll/Good_Day_Corpus_Christi.png,2026-06-20 21:38:26,USA,MIXED,,LEAST BIASED,Questionable Source
Good Day Eau Claire,http://gooddayeauclaire.com,mediascopeAll/Good_Day_Eau_Claire.png,2026-06-20 20:22:58,USA,MIXED,,LEAST BIASED,Questionable Source
Good Day Edinburg,http://gooddayedinburg.com,mediascopeAll/Good_Day_Edinburg.png,2026-06-20 20:08:29,USA,MIXED,,LEAST BIASED,Questionable Source
Good Day Fort Collins,http://gooddayfortcollins.com,mediascopeAll/Good_Day_Fort_Collins.png,2026-06-20 20:26:18,USA,MIXED,,LEAST BIASED,Questionable Source
Good Day Georgetown,http://gooddaygeorgetown.com,mediascopeAll/Good_Day_Georgetown.png,2026-06-20 19:52:33,USA,MIXED,,LEAST BIASED,Questionable Source
Good Day Gillette,http://gooddaygillette.com,mediascopeAll/Good_Day_Gillette.png,2026-06-20 19:12:15,USA,MIXED,,LEAST BIASED,Questionable Source
Good Day Killeen,http://gooddaykilleen.com,mediascopeAll/Good_Day_Killeen.png,2026-06-20 22:27:26,USA,MIXED,,LEAST BIASED,Questionable Source
Good Day La Crosse,http://gooddaylacrosse.com,mediascopeAll/Good_Day_La_Crosse.png,2026-06-20 20:38:54,USA,MIXED,,LEAST BIASED,Questionable Source
Good Day Laramie,http://gooddaylaramie.com,mediascopeAll/Good_Day_Laramie.png,2026-06-20 20:04:32,USA,MIXED,,LEAST BIASED,Questionable Source
Good Day Longview,http://gooddaylongview.com,mediascopeAll/Good_Day_Longview.png,2026-06-20 19:42:39,USA,MIXED,,LEAST BIASED,Questionable Source
Good Day Midland,http://gooddaymidland.com,mediascopeAll/Good_Day_Midland.png,2026-06-20 20:03:06,USA,MIXED,,LEAST BIASED,Questionable Source
Good Day Mission,http://gooddaymission.com,mediascopeAll/Good_Day_Mission.png,2026-06-20 21:30:34,USA,MIXED,,LEAST BIASED,Questionable Source
Good Day Odessa,http://gooddayodessa.com,mediascopeAll/Good_Day_Odessa.png,2026-06-20 19:57:29,USA,MIXED,,LEAST BIASED,Questionable Source
Good Day Oshkosh,http://gooddayoshkosh.com,mediascopeAll/Good_Day_Oshkosh.png,2026-06-20 21:23:06,USA,MIXED,,LEAST BIASED,Questionable Source
Good Day Pasco,http://gooddaypasco.com,mediascopeAll/Good_Day_Pasco.png,2026-06-20 20:21:59,USA,MIXED,,LEAST BIASED,Questionable Source
Good Day Port Angeles,http://gooddayportangeles.com,mediascopeAll/Good_Day_Port_Angeles.png,2026-06-20 19:37:33,USA,MIXED,,LEAST BIASED,Questionable Source
Good Day Pullman,http://gooddaypullman.com,mediascopeAll/Good_Day_Pullman.png,2026-06-20 19:15:28,USA,MIXED,,LEAST BIASED,Questionable Source
Good Day Richland,http://gooddayrichland.com,mediascopeAll/Good_Day_Richland.png,2026-06-20 20:24:59,USA,MIXED,,LEAST BIASED,Questionable Source
Good Day Rock Springs,http://gooddayrocksprings.com,mediascopeAll/Good_Day_Rock_Springs.png,2026-06-20 22:30:50,USA,MIXED,,LEAST BIASED,Questionable Source
Good Day Sheridan,http://gooddaysheridan.com,mediascopeAll/Good_Day_Sheridan.png,2026-06-20 21:28:15,USA,MIXED,,LEAST BIASED,Questionable Source
Good Day Temple,http://gooddaytemple.com,mediascopeAll/Good_Day_Temple.png,2026-06-20 19:34:13,USA,MIXED,,LEAST BIASED,Questionable Source
Good Day Tyler,http://gooddaytyler.com,mediascopeAll/Good_Day_Tyler.png,2026-06-20 19:53:46,USA,MIXED,,LEAST BIASED,Questionable Source
Good Day Vancouver,http://gooddayvancouver.com,mediascopeAll/Good_Day_Vancouver.png,2026-06-20 21:39:24,USA,MIXED,,LEAST BIASED,Questionable Source
Good Day Walla Walla,http://gooddaywallawalla.com,mediascopeAll/Good_Day_Walla_Walla.png,2026-06-20 22:19:59,USA,MIXED,,LEAST BIASED,Questionable Source
Good Day Waukesha,http://gooddaywaukesha.com,mediascopeAll/Good_Day_Waukesha.png,2026-06-20 20:09:44,USA,MIXED,,LEAST BIASED,Questionable Source
Good Day Wenatchee,http://gooddaywenatchee.com,mediascopeAll/Good_Day_Wenatchee.png,2026-06-20 21:16:35,USA,MIXED,,LEAST BIASED,Questionable Source
Good Day Wichita Falls,http://gooddaywichitafalls.com,mediascopeAll/Good_Day_Wichita_Falls.png,2026-06-20 21:54:26,USA,MIXED,,LEAST BIASED,Questionable Source
Gop.gov House Republicans,http://gop.gov,mediascopeAll/Gop.gov_House_Republicans.png,2026-06-20 19:41:03,USA,MIXED,,RIGHT,Questionable Source
Greenville Leader,http://greenvilleleader.com,mediascopeAll/Greenville_Leader.png,2026-06-20 19:20:43,USA,MIXED,,RIGHT-CENTER,Questionable Source
Gript,http://Gript.ie,mediascopeAll/Gript.png,2026-06-20 21:59:03,Ireland,MIXED,,RIGHT,Questionable Source
Grozny News,http://grozny-news.net,mediascopeAll/Grozny_News.png,2026-06-20 20:26:41,Russia,VERY LOW,,RIGHT,Questionable Source
Grunge,http://Grunge.com,mediascopeAll/Grunge.png,2026-06-20 21:32:48,USA,MIXED,,LEFT-CENTER,Questionable Source
Gulf News,http://gulfnews.com,mediascopeAll/Gulf_News.png,2026-06-20 21:27:34,United Arab Emirates,MIXED,,RIGHT,Questionable Source
Hagmann Report,http://hagmannreport.com,mediascopeAll/Hagmann_Report.png,2026-06-20 20:53:46,USA,LOW,,EXTREME RIGHT,Questionable Source
Hal Turner Radio Show,http://halturnerradioshow.com,mediascopeAll/Hal_Turner_Radio_Show.png,2026-06-20 21:59:34,USA,VERY LOW,,EXTREME RIGHT,Questionable Source
Hamilton Reporter,http://hamiltonreporter.com,mediascopeAll/Hamilton_Reporter.png,2026-06-20 19:40:49,USA,MIXED,,RIGHT-CENTER,Questionable Source
Hampton Morning News,http://hamptonmorningnews.com,mediascopeAll/Hampton_Morning_News.png,2026-06-20 22:31:24,USA,MIXED,,LEAST BIASED,Questionable Source
Hannity,http://Hannity.com,mediascopeAll/Hannity.png,2026-06-20 19:24:48,USA,LOW,,EXTREME RIGHT,Questionable Source
Happy Valley Times,http://happyvalleytimes.com,mediascopeAll/Happy_Valley_Times.png,2026-06-20 20:41:21,USA,MIXED,,RIGHT-CENTER,Questionable Source
Harbingers Daily,http://harbingersdaily.com,mediascopeAll/Harbingers_Daily.png,2026-06-20 19:47:11,USA,LOW,,EXTREME RIGHT,Questionable Source
Head Topics,http://headtopics.com,mediascopeAll/Head_Topics.png,2026-06-20 19:04:59,Unknown,MIXED,,LEFT-CENTER,Questionable Source
Headline USA,http://headlineusa.com,mediascopeAll/Headline_USA.png,2026-06-20 21:40:44,USA,MIXED,,RIGHT,Questionable Source
Health Insider,http://healthinsider.news,mediascopeAll/Health_Insider.png,2026-06-20 21:52:09,USA,MIXED,,LEAST BIASED,Questionable Source
Here is the Evidence,http://hereistheevidence.com,mediascopeAll/Here_is_the_Evidence.png,2026-06-20 19:15:59,United Kingdom,LOW,,RIGHT,Questionable Source
Hidalgo Daily Post,http://hidalgodailypost.com,mediascopeAll/Hidalgo_Daily_Post.png,2026-06-20 19:05:02,Unknown,MIXED,,LEFT-CENTER,Questionable Source
Hogg Watch,http://www.hoggwatch.com,mediascopeAll/Hogg_Watch.png,2026-06-20 20:38:24,USA,LOW,,EXTREME RIGHT,Questionable Source
Holland Reporter,http://hollandreporter.com,mediascopeAll/Holland_Reporter.png,2026-06-20 20:26:52,USA,MIXED,,RIGHT-CENTER,Questionable Source
Hopkinsville Times,http://hopkinsvilletimes.com,mediascopeAll/Hopkinsville_Times.png,2026-06-20 21:15:14,USA,MIXED,,RIGHT-CENTER,Questionable Source
Huckabee Post,http://huckabeepost.substack.com,mediascopeAll/Huckabee_Post.png,2026-06-20 21:00:57,USA,LOW,,RIGHT,Questionable Source
I Hate the Media,http://www.ihatethemedia.com,mediascopeAll/I_Hate_the_Media.png,2026-06-20 19:05:48,USA,LOW,,RIGHT,Questionable Source
Il Primato Nazionale,http://ilprimatonazionale.it,mediascopeAll/Il_Primato_Nazionale.png,2026-06-20 21:41:32,Italy,MIXED,,RIGHT,Questionable Source
Illegal Alien Crime Report,http://www.illegalaliencrimereport.com,mediascopeAll/Illegal_Alien_Crime_Report.png,2026-06-20 22:08:46,USA,MIXED,,EXTREME RIGHT,Questionable Source
Independent Minute,http://independentminute.com,mediascopeAll/Independent_Minute.png,2026-06-20 19:35:08,,,,RIGHT,Questionable Source
Independent Sentinel,http://www.independentsentinel.com,mediascopeAll/Independent_Sentinel.png,2026-06-20 19:13:23,USA,LOW,,RIGHT,Questionable Source
InfoGalactic,http://infogalactic.com,mediascopeAll/InfoGalactic.png,2026-06-21 17:43:52,Switzerland,LOW,,EXTREME RIGHT,Questionable Source
Information Liberation,http://www.informationliberation.com,mediascopeAll/Information_Liberation.png,2026-06-20 19:57:54,USA,LOW,,EXTREME RIGHT,Questionable Source
Informer – Serbia,http://informer.rs,mediascopeAll/Informer_Serbia.png,2026-06-20 20:28:04,Serbia,MIXED,,RIGHT,Questionable Source
Ingushetiya News,http://ingushetiya-news.net,mediascopeAll/Ingushetiya_News.png,2026-06-20 20:33:40,Russia,VERY LOW,,RIGHT,Questionable Source
Inland NW Report,http://inlandnwreport.com,mediascopeAll/Inland_NW_Report.png,2026-06-20 20:38:49,USA,VERY LOW,,EXTREME RIGHT,Questionable Source
Inner Strength Zone,http://innerstrength.zone,mediascopeAll/Inner_Strength_Zone.png,2026-06-20 20:10:20,Canada,MIXED,,UNRATED,Questionable Source
Instapundit,http://instapundit.com,mediascopeAll/Instapundit.png,2026-06-20 20:41:27,USA,MIXED,,RIGHT,Questionable Source
Institute for Historical Review (IHR),http://ihr.org,mediascopeAll/Institute_for_Historical_Review_IHR.png,2026-06-20 20:35:03,USA,VERY LOW,,EXTREME RIGHT,Questionable Source
Intelli,http://Intelli.News,mediascopeAll/Intelli.png,2026-06-20 19:06:19,Unknown,MIXED,,LEAST BIASED,Questionable Source
International Organization for the Family (IOF),http://profam.org,mediascopeAll/International_Organization_for_the_Family_IOF.png,2026-06-20 20:46:23,USA,LOW,,EXTREME RIGHT,Questionable Source
Iowa Star,http://theiowastar.com,mediascopeAll/Iowa_Star.png,2026-06-20 20:16:40,USA,MIXED,,RIGHT,Questionable Source
Irkutsk News,http://irkutsk-news.net,mediascopeAll/Irkutsk_News.png,2026-06-20 21:42:24,Russia,VERY LOW,,RIGHT,Questionable Source
Israel War Room,http://israelwarroom.com,mediascopeAll/Israel_War_Room.png,2026-06-20 19:34:48,USA,MIXED,,RIGHT,Questionable Source
Ivano-Frankivsk News,http://if-news.ru,mediascopeAll/Ivano-Frankivsk_News.png,2026-06-20 20:09:46,Russia,VERY LOW,,RIGHT,Questionable Source
Ivanovo News,http://ivanovo-news.net,mediascopeAll/Ivanovo_News.png,2026-06-20 22:05:21,Russia,VERY LOW,,RIGHT,Questionable Source
Ivermectin for Covid-19,http://ivmmeta.com,mediascopeAll/Ivermectin_for_Covid-19.png,2026-06-20 19:06:28,Unknown,MIXED,,RIGHT,Questionable Source
Izhevsk News,http://izhevsk-news.net,mediascopeAll/Izhevsk_News.png,2026-06-20 22:04:37,Russia,VERY LOW,,RIGHT,Questionable Source
JeffTiedrich,http://JeffTiedrich.com,mediascopeAll/JeffTiedrich.png,2026-06-20 19:06:44,USA,MIXED,,LEFT,Questionable Source
Joco Today,http://jocotoday.com,mediascopeAll/Joco_Today.png,2026-06-20 20:06:11,USA,MIXED,,RIGHT-CENTER,Questionable Source
JoeHoft,http://JoeHoft.com,mediascopeAll/JoeHoft.png,2026-06-20 21:36:19,USA,VERY LOW,,EXTREME RIGHT,Questionable Source
Johnson City Times,http://johnsoncitytimes.com,mediascopeAll/Johnson_City_Times.png,2026-06-20 21:37:45,USA,MIXED,,RIGHT-CENTER,Questionable Source
JordanBPeterson,http://JordanBPeterson.com,mediascopeAll/JordanBPeterson.png,2026-06-20 19:24:02,USA,MIXED,,RIGHT,Questionable Source
Just the News,http://justthenews.com,mediascopeAll/Just_the_News.png,2026-06-20 21:09:01,USA,MIXED,,RIGHT,Questionable Source
Kaliningrad News,http://kaliningrad-news.net,mediascopeAll/Kaliningrad_News.png,2026-06-20 20:09:15,Russia,VERY LOW,,RIGHT,Questionable Source
Kalmykia News,http://kalmykia-news.net,mediascopeAll/Kalmykia_News.png,2026-06-20 22:14:07,Russia,VERY LOW,,RIGHT,Questionable Source
Kaluga News,http://kaluga-news.net,mediascopeAll/Kaluga_News.png,2026-06-20 21:18:54,Russia,VERY LOW,,RIGHT,Questionable Source
Kamchatka News,http://kamchatka-news.net,mediascopeAll/Kamchatka_News.png,2026-06-20 20:12:37,Russia,VERY LOW,,RIGHT,Questionable Source
Karelia News,http://karelia-news.net,mediascopeAll/Karelia_News.png,2026-06-20 22:24:39,Russia,VERY LOW,,RIGHT,Questionable Source
Katehon,http://Katehon.com,mediascopeAll/Katehon.png,2026-06-20 21:29:52,Russia,LOW,,RIGHT,Questionable Source
Kazan News,http://kazan-news.net,mediascopeAll/Kazan_News.png,2026-06-20 21:57:31,Russia,VERY LOW,,RIGHT,Questionable Source
Kemerovo News,http://kemerovo-news.net,mediascopeAll/Kemerovo_News.png,2026-06-20 22:25:14,Russia,VERY LOW,,RIGHT,Questionable Source
Kent County Times,http://kentcotimes.com,mediascopeAll/Kent_County_Times.png,2026-06-20 19:49:39,USA,MIXED,,RIGHT-CENTER,Questionable Source
Kern County Times,http://kerncountytimes.com,mediascopeAll/Kern_County_Times.png,2026-06-20 22:14:31,USA,MIXED,,RIGHT-CENTER,Questionable Source
Keystone Today,http://keystonetoday.com,mediascopeAll/Keystone_Today.png,2026-06-20 19:15:12,USA,MIXED,,RIGHT-CENTER,Questionable Source
Khabarovsk News,http://khabarovsk-news.net,mediascopeAll/Khabarovsk_News.png,2026-06-20 21:12:43,Russia,VERY LOW,,RIGHT,Questionable Source
Kharkov News,http://news-kharkov.ru,mediascopeAll/Kharkov_News.png,2026-06-20 22:02:36,Russia,VERY LOW,,RIGHT,Questionable Source
Kherson-News,http://Kherson-News.ru,mediascopeAll/Kherson-News.png,2026-06-20 22:31:28,Russia,VERY LOW,,RIGHT,Questionable Source
Khmelnitskiy-News,http://Khmelnitskiy-News.ru,mediascopeAll/Khmelnitskiy-News.png,2026-06-20 21:03:42,Russia,VERY LOW,,RIGHT,Questionable Source
Kingsport Reporter,http://kingsportreporter.com,mediascopeAll/Kingsport_Reporter.png,2026-06-20 20:25:52,USA,MIXED,,RIGHT-CENTER,Questionable Source
Kirov News,http://kirov-news.net,mediascopeAll/Kirov_News.png,2026-06-20 19:10:42,Russia,VERY LOW,,RIGHT,Questionable Source
Knights Templar International,http://knightstemplarinternational.com,mediascopeAll/Knights_Templar_International.png,2026-06-20 19:52:16,USA,LOW,,RIGHT,Questionable Source
Knowhere,http://knowherenews.com,mediascopeAll/Knowhere.png,2026-06-20 20:18:42,USA,MIXED,,LEAST BIASED,Questionable Source
Knox Times,http://knoxtimes.com,mediascopeAll/Knox_Times.png,2026-06-20 21:52:09,USA,MIXED,,RIGHT-CENTER,Questionable Source
Komi News,http://komi-news.net,mediascopeAll/Komi_News.png,2026-06-20 20:51:40,Russia,VERY LOW,,RIGHT,Questionable Source
Komsomolskaya Pravda (K.P.),http://kp.ru,mediascopeAll/Komsomolskaya_Pravda_K.P..png,2026-06-21 18:01:53,Russia,MIXED,,RIGHT-CENTER,Questionable Source
Kostroma News,http://kostroma-news.net,mediascopeAll/Kostroma_News.png,2026-06-20 19:45:31,Russia,VERY LOW,,RIGHT,Questionable Source
Krasnodar News,http://krasnodar-news.net,mediascopeAll/Krasnodar_News.png,2026-06-20 21:34:30,Russia,VERY LOW,,RIGHT,Questionable Source
Krasnoyark News,http://krasnoyarsk-news.net,mediascopeAll/Krasnoyark_News.png,2026-06-20 21:08:08,Russia,VERY LOW,,RIGHT,Questionable Source
Kremenchug News,http://kremenchug-news.ru,mediascopeAll/Kremenchug_News.png,2026-06-20 21:23:19,Russia,VERY LOW,,RIGHT,Questionable Source
Kremlin,http://Kremlin.ru,mediascopeAll/Kremlin.png,2026-06-20 19:23:18,Russia,MIXED,,RIGHT-CENTER,Questionable Source
Krivoy Rog News,http://krivoy-rog-news.ru,mediascopeAll/Krivoy_Rog_News.png,2026-06-20 20:12:18,Russia,VERY LOW,,RIGHT,Questionable Source
Kunstler,http://Kunstler.com,mediascopeAll/Kunstler.png,2026-06-20 22:00:24,USA,LOW,,EXTREME RIGHT,Questionable Source
Kurgan News,http://kurgan-news.net,mediascopeAll/Kurgan_News.png,2026-06-20 20:21:27,Russia,VERY LOW,,RIGHT,Questionable Source
Kyiv Insider,http://kyivinsider.com,mediascopeAll/Kyiv_Insider.png,2026-06-20 19:55:07,Ukraine,MIXED,,RIGHT-CENTER,Questionable Source
LNR News,http://lnr-news.ru,mediascopeAll/LNR_News.png,2026-06-20 21:37:58,Russia,VERY LOW,,RIGHT,Questionable Source
La Verita,http://laverita.info,mediascopeAll/La_Verita.png,2026-06-20 19:28:46,Italy,MIXED,,RIGHT,Questionable Source
Lane County News,http://laneconews.com,mediascopeAll/Lane_County_News.png,2026-06-20 22:20:07,USA,MIXED,,RIGHT-CENTER,Questionable Source
Laredo Today,http://laredotodaynews.com,mediascopeAll/Laredo_Today.png,2026-06-20 21:22:27,USA,MIXED,,LEAST BIASED,Questionable Source
Laurel Highlands Today,http://laurelhighlandstoday.com,mediascopeAll/Laurel_Highlands_Today.png,2026-06-20 20:10:35,USA,MIXED,,RIGHT-CENTER,Questionable Source
Lawrence Times,http://lawrencetimes.com,mediascopeAll/Lawrence_Times.png,2026-06-20 21:52:42,USA,MIXED,,RIGHT-CENTER,Questionable Source
Leading Report,http://theleadingreport.com,mediascopeAll/Leading_Report.png,2026-06-20 22:19:28,USA,VERY LOW,,EXTREME RIGHT,Questionable Source
Lebanon PA News,http://lebanonpanews.com,mediascopeAll/Lebanon_PA_News.png,2026-06-20 21:17:15,USA,MIXED,,RIGHT-CENTER,Questionable Source
Leesburg Today,http://leesburgtodaynews.com,mediascopeAll/Leesburg_Today.png,2026-06-20 20:06:25,USA,MIXED,,LEAST BIASED,Questionable Source
Left Action,http://leftaction.com,mediascopeAll/Left_Action.png,2026-06-20 19:06:53,USA,LOW,,EXTREME LEFT,Questionable Source
Lehigh Times,http://lehightimes.com,mediascopeAll/Lehigh_Times.png,2026-06-20 22:22:42,USA,MIXED,,RIGHT-CENTER,Questionable Source
Lenta,http://Lenta.ru,mediascopeAll/Lenta.png,2026-06-20 19:20:46,Russia,MIXED,,RIGHT-CENTER,Questionable Source
Lew Rockwell,http://www.lewrockwell.com,mediascopeAll/Lew_Rockwell.png,2026-06-20 21:49:45,USA,LOW,,EXTREME RIGHT,Questionable Source
Liberty Counsel,http://lc.org,mediascopeAll/Liberty_Counsel.png,2026-06-21 17:48:04,USA,LOW,,RIGHT,Questionable Source
Liberty Hangout,http://libertyhangout.org,mediascopeAll/Liberty_Hangout.png,2026-06-20 22:12:51,USA,LOW,,EXTREME RIGHT,Questionable Source
Liberty News,http://libertynews.com,mediascopeAll/Liberty_News.png,2026-06-20 21:23:21,USA,LOW,,RIGHT,Questionable Source
Liberty Talk.fm,http://libertytalk.fm,mediascopeAll/Liberty_Talk.fm.png,2026-06-20 21:07:03,USA,MIXED,,RIGHT,Questionable Source
Libs of TikTok,http://libsoftiktok.com,mediascopeAll/Libs_of_TikTok.png,2026-06-20 20:20:00,USA,LOW,,EXTREME RIGHT,Questionable Source
Life News,http://www.lifenews.com,mediascopeAll/Life_News.png,2026-06-20 19:45:24,USA,LOW,,RIGHT,Questionable Source
Lifezette,http://www.lifezette.com,mediascopeAll/Lifezette.png,2026-06-20 21:10:15,USA,MIXED,,RIGHT,Questionable Source
Lindell TV,http://lindelltv.com,mediascopeAll/Lindell_TV.png,2026-06-20 20:14:26,USA,VERY LOW,,RIGHT,Questionable Source
Lipetsk News,http://lipetsk-news.net,mediascopeAll/Lipetsk_News.png,2026-06-20 19:26:21,Russia,VERY LOW,,RIGHT,Questionable Source
Logan Morning News,http://loganmorningnews.com,mediascopeAll/Logan_Morning_News.png,2026-06-20 20:55:09,USA,MIXED,,LEAST BIASED,Questionable Source
Look Ahead America,http://lookaheadamerica.org,mediascopeAll/Look_Ahead_America.png,2026-06-20 21:13:35,USA,LOW,,RIGHT,Questionable Source
Loomered,http://Loomered.com,mediascopeAll/Loomered.png,2026-06-20 21:05:48,USA,LOW,,RIGHT,Questionable Source
Louder with Crowder,http://louderwithcrowder.com,mediascopeAll/Louder_with_Crowder.png,2026-06-20 22:01:38,USA,MIXED,,RIGHT,Questionable Source
Lower Bucks Today,http://lowerbuckstoday.com,mediascopeAll/Lower_Bucks_Today.png,2026-06-20 20:24:54,USA,MIXED,,RIGHT-CENTER,Questionable Source
Lower West SC News,http://lowerwestscnews.com,mediascopeAll/Lower_West_SC_News.png,2026-06-20 21:22:55,USA,MIXED,,RIGHT-CENTER,Questionable Source
Lucianne.com,https://www.lucianne.com,mediascopeAll/Lucianne.com.png,2026-06-21 17:44:46,USA,MIXED,,RIGHT,Questionable Source
Lugansk News,http://lugansk-news.ru,mediascopeAll/Lugansk_News.png,2026-06-20 20:47:10,Russia,VERY LOW,,RIGHT,Questionable Source
Luzerne Times,http://luzernetimes.com,mediascopeAll/Luzerne_Times.png,2026-06-20 22:31:30,USA,MIXED,,RIGHT-CENTER,Questionable Source
Lycoming News,http://lycomingnews.com,mediascopeAll/Lycoming_News.png,2026-06-20 19:27:11,USA,MIXED,,RIGHT-CENTER,Questionable Source
MSK News,http://msk-news.net,mediascopeAll/MSK_News.png,2026-06-21 17:48:01,Russia,VERY LOW,,RIGHT,Questionable Source
MTO News,http://mtonews.com,mediascopeAll/MTO_News.png,2026-06-20 21:47:26,USA,LOW,,LEFT-CENTER,Questionable Source
Magadan News,http://magadan-news.net,mediascopeAll/Magadan_News.png,2026-06-20 20:29:51,Russia,VERY LOW,,RIGHT,Questionable Source
Mainstream Fake Media,http://mainstreamfakemedia.com,mediascopeAll/Mainstream_Fake_Media.png,2026-06-20 20:55:20,USA,LOW,,RIGHT,Questionable Source
Make America Great Again (MAGA Inc),http://Magapac.com,mediascopeAll/Make_America_Great_Again_MAGA_Inc.png,2026-06-20 22:22:27,USA,LOW,,RIGHT,Questionable Source
Manhattan Times,http://mhtntimes.com,mediascopeAll/Manhattan_Times.png,2026-06-20 19:07:04,Unknown,LOW,,LEFT,Questionable Source
Mariel News,http://mariel-news.net,mediascopeAll/Mariel_News.png,2026-06-20 20:17:12,Russia,VERY LOW,,RIGHT,Questionable Source
Mariupol News,http://mariupol-news.ru,mediascopeAll/Mariupol_News.png,2026-06-20 20:59:08,Russia,VERY LOW,,RIGHT,Questionable Source
Maryland Business Daily,http://mdbusinessdaily.com,mediascopeAll/Maryland_Business_Daily.png,2026-06-20 20:51:22,USA,MIXED,,RIGHT-CENTER,Questionable Source
Mass Daily News,http://massdailynews.com,mediascopeAll/Mass_Daily_News.png,2026-06-20 20:43:51,USA,MIXED,,RIGHT,Questionable Source
Massachusetts Business Daily,http://mabusinessdaily.com,mediascopeAll/Massachusetts_Business_Daily.png,2026-06-20 22:04:32,USA,MIXED,,RIGHT-CENTER,Questionable Source
Mat-Su,http://matsutimes.com,mediascopeAll/Mat-Su.png,2026-06-20 19:11:06,USA,MIXED,,RIGHT-CENTER,Questionable Source
Mehr News Agency,http://en.mehrnews.com,mediascopeAll/Mehr_News_Agency.png,2026-06-20 20:18:36,Iran,MIXED,,RIGHT,Questionable Source
Melitopol News,http://melitopol-news.ru,mediascopeAll/Melitopol_News.png,2026-06-20 20:20:54,Russia,VERY LOW,,RIGHT,Questionable Source
Memphis Standard,http://memphisstandard.com,mediascopeAll/Memphis_Standard.png,2026-06-20 19:36:30,USA,MIXED,,RIGHT-CENTER,Questionable Source
Mercopress,http://en.mercopress.com,mediascopeAll/Mercopress.png,2026-06-20 19:07:12,Uruguay,MIXED,,LEFT-CENTER,Questionable Source
Metric Media,http://metricmedianews.com,mediascopeAll/Metric_Media.png,2026-06-20 20:12:49,USA,MIXED,,RIGHT-CENTER,Questionable Source
Miami Standard,http://miamistandard.news,mediascopeAll/Miami_Standard.png,2026-06-20 22:19:00,USA,MIXED,,RIGHT,Questionable Source
Michigan Business Daily,http://mibusinessdaily.com,mediascopeAll/Michigan_Business_Daily.png,2026-06-20 20:10:11,USA,MIXED,,RIGHT-CENTER,Questionable Source
Mid Coast Times,http://midcoasttimes.com,mediascopeAll/Mid_Coast_Times.png,2026-06-20 21:02:12,USA,MIXED,,RIGHT-CENTER,Questionable Source
Mid Valley Reporter,http://midvalleyreporter.com,mediascopeAll/Mid_Valley_Reporter.png,2026-06-20 20:14:58,USA,MIXED,,RIGHT-CENTER,Questionable Source
Middle East Media Research Institute (Memri),http://www.memri.org,mediascopeAll/Middle_East_Media_Research_Institute_Memri.png,2026-06-20 20:38:44,USA,MIXED,,RIGHT,Questionable Source
Middle East News Agency,http://mena.org.eg/en,mediascopeAll/Middle_East_News_Agency.png,2026-06-21 17:46:40,Egypt,MIXED,,RIGHT-CENTER,Questionable Source
Military Review,http://topwar.ru,mediascopeAll/Military_Review.png,2026-06-20 22:23:04,Russia,MIXED,,RIGHT,Questionable Source
Military Watch Magazine,http://militarywatchmagazine.com,mediascopeAll/Military_Watch_Magazine.png,2026-06-20 22:07:34,Unknown,MIXED,,RIGHT-CENTER,Questionable Source
Minnesota Business Daily,http://mnbusinessdaily.com,mediascopeAll/Minnesota_Business_Daily.png,2026-06-20 21:56:15,USA,MIXED,,RIGHT-CENTER,Questionable Source
Mint Press News,http://www.mintpressnews.com,mediascopeAll/Mint_Press_News.png,2026-06-20 22:29:55,USA,LOW,,LEFT,Questionable Source
Mision Verdad,http://misionverdad.com,mediascopeAll/Mision_Verdad.png,2026-06-20 20:24:46,Venezuela,MIXED,,LEFT,Questionable Source
Mississippi Business Daily,http://msbusinessdaily.com,mediascopeAll/Mississippi_Business_Daily.png,2026-06-20 21:33:22,USA,MIXED,,RIGHT-CENTER,Questionable Source
Missouri Business Daily,http://mobusinessdaily.com,mediascopeAll/Missouri_Business_Daily.png,2026-06-20 22:03:18,USA,MIXED,,RIGHT-CENTER,Questionable Source
Moldova-News,http://Moldova-News.com,mediascopeAll/Moldova-News.png,2026-06-20 20:56:33,Russia,VERY LOW,,RIGHT,Questionable Source
Monroe County News,http://monroeconews.com,mediascopeAll/Monroe_County_News.png,2026-06-20 21:55:06,USA,MIXED,,RIGHT-CENTER,Questionable Source
Montgomery News,http://montgomerymdnews.com,mediascopeAll/Montgomery_News.png,2026-06-20 19:13:03,USA,MIXED,,RIGHT-CENTER,Questionable Source
MoonBattery,http://moonbattery.com,mediascopeAll/MoonBattery.png,2026-06-20 21:41:14,USA,LOW,,EXTREME RIGHT,Questionable Source
Moon of Alabama,http://www.moonofalabama.org,mediascopeAll/Moon_of_Alabama.png,2026-06-20 22:03:43,USA,LOW,,LEFT,Questionable Source
Morgantown Daily News,http://morgantowndailynews.com,mediascopeAll/Morgantown_Daily_News.png,2026-06-20 20:42:31,USA,MIXED,,LEAST BIASED,Questionable Source
Morning Murfreesboro,http://morningmurfreesboro.com,mediascopeAll/Morning_Murfreesboro.png,2026-06-20 21:26:04,USA,MIXED,,LEAST BIASED,Questionable Source
Morristown Times,http://morristowntimes.com,mediascopeAll/Morristown_Times.png,2026-06-20 20:24:54,USA,MIXED,,RIGHT-CENTER,Questionable Source
Moskva News,http://moskva-news.com,mediascopeAll/Moskva_News.png,2026-06-20 19:22:37,Russia,VERY LOW,,RIGHT,Questionable Source
Muncie Reporter,http://munciereporter.com,mediascopeAll/Muncie_Reporter.png,2026-06-20 22:23:58,USA,MIXED,,RIGHT-CENTER,Questionable Source
Murmansk News,http://murmansk-news.net,mediascopeAll/Murmansk_News.png,2026-06-20 21:39:10,Russia,VERY LOW,,RIGHT,Questionable Source
Muskegon Sun,http://Muskegonsun.com,mediascopeAll/Muskegon_Sun.png,2026-06-20 20:53:07,USA,MIXED,,RIGHT-CENTER,Questionable Source
Mutembei TV –,http://mutembeitv.com,mediascopeAll/Mutembei_TV.png,2026-06-20 21:40:36,Kenya,MIXED,,RIGHT-CENTER,Questionable Source
Myrtle Beach Leader,http://myrtlebeachleader.com,mediascopeAll/Myrtle_Beach_Leader.png,2026-06-20 19:25:09,USA,MIXED,,RIGHT-CENTER,Questionable Source
NAO News,http://nao-news.net,mediascopeAll/NAO_News.png,2026-06-20 20:32:21,Russia,VERY LOW,,RIGHT,Questionable Source
NC Business Daily,http://ncbusinessdaily.com,mediascopeAll/NC_Business_Daily.png,2026-06-20 20:53:58,USA,MIXED,,RIGHT-CENTER,Questionable Source
NC Indiana News,http://ncindiananews.com,mediascopeAll/NC_Indiana_News.png,2026-06-20 19:21:53,USA,MIXED,,RIGHT-CENTER,Questionable Source
NC South Carolina Times,http://ncsctimes.com,mediascopeAll/NC_South_Carolina_Times.png,2026-06-20 20:13:14,USA,MIXED,,RIGHT-CENTER,Questionable Source
NC Tennessee News,http://nctennnews.com,mediascopeAll/NC_Tennessee_News.png,2026-06-20 21:15:19,USA,MIXED,,RIGHT-CENTER,Questionable Source
NE Alabama News,http://nealabamanews.com,mediascopeAll/NE_Alabama_News.png,2026-06-20 22:14:56,USA,MIXED,,RIGHT-CENTER,Questionable Source
NE Colorado News,http://necoloradonews.com,mediascopeAll/NE_Colorado_News.png,2026-06-20 20:15:22,USA,MIXED,,RIGHT-CENTER,Questionable Source
NE Mississippi News,http://nemissnews.com,mediascopeAll/NE_Mississippi_News.png,2026-06-20 19:11:52,USA,MIXED,,RIGHT-CENTER,Questionable Source
NE Nashville News,http://nenashvillenews.com,mediascopeAll/NE_Nashville_News.png,2026-06-20 21:03:17,USA,MIXED,,RIGHT-CENTER,Questionable Source
NK News,http://nk-news.ru,mediascopeAll/NK_News.png,2026-06-20 22:13:00,Russia,VERY LOW,,RIGHT,Questionable Source
NTD.TV (New Tang Dynasty),http://www.ntd.tv,mediascopeAll/NTD.TV_New_Tang_Dynasty.png,2026-06-20 19:48:40,USA,MIXED,,RIGHT,Questionable Source
Nabchelny News,http://nabchelny-news.ru,mediascopeAll/Nabchelny_News.png,2026-06-20 20:55:03,Russia,VERY LOW,,RIGHT,Questionable Source
Nalchik News,http://nalchik-news.net,mediascopeAll/Nalchik_News.png,2026-06-20 19:49:54,Russia,VERY LOW,,RIGHT,Questionable Source
Nashville Standard,http://nashvillestandard.com,mediascopeAll/Nashville_Standard.png,2026-06-20 21:13:08,USA,MIXED,,RIGHT-CENTER,Questionable Source
National Insiders,http://nationalinsiders.com,mediascopeAll/National_Insiders.png,2026-06-20 22:16:48,USA,LOW,,RIGHT,Questionable Source
National Rifle Association,http://home.nra.org,mediascopeAll/National_Rifle_Association.png,2026-06-20 21:15:56,USA,MIXED,,RIGHT,Questionable Source
National Right to Life Committee,http://nrlc.org,mediascopeAll/National_Right_to_Life_Committee.png,2026-06-20 20:51:50,USA,MIXED,,EXTREME RIGHT,Questionable Source
National Vanguard,http://nationalvanguard.org,mediascopeAll/National_Vanguard.png,2026-06-20 21:24:13,USA,VERY LOW,,EXTREME RIGHT,Questionable Source
National Zero,http://nationalzero.com,mediascopeAll/National_Zero.png,2026-06-20 21:29:08,USA,MIXED,,LEFT,Questionable Source
Naugatuck Times,http://naugatucktimes.com,mediascopeAll/Naugatuck_Times.png,2026-06-20 21:50:49,USA,MIXED,,RIGHT-CENTER,Questionable Source
Nebraska Business Daily,http://nebraskabusinessdaily.com,mediascopeAll/Nebraska_Business_Daily.png,2026-06-20 21:56:15,USA,MIXED,,RIGHT-CENTER,Questionable Source
NetEase,http://163.com,mediascopeAll/NetEase.png,2026-06-20 22:05:21,China,MIXED,,LEFT-CENTER,Questionable Source
Net Zero Watch,http://netzerowatch.com,mediascopeAll/Net_Zero_Watch.png,2026-06-20 20:26:28,United Kingdom,LOW,,RIGHT,Questionable Source
Nevada Business Daily,http://nvbusinessdaily.com,mediascopeAll/Nevada_Business_Daily.png,2026-06-20 19:11:41,,MIXED,,RIGHT-CENTER,Questionable Source
New Jersey Business Daily,http://njbusinessdaily.com,mediascopeAll/New_Jersey_Business_Daily.png,2026-06-20 21:51:30,USA,MIXED,,RIGHT-CENTER,Questionable Source
New Mexico Business Daily –,http://nmbusinessdaily.com,mediascopeAll/New_Mexico_Business_Daily.png,2026-06-20 22:27:15,USA,MIXED,,RIGHT-CENTER,Questionable Source
Newark Reporter,http://newarkreporter.com,mediascopeAll/Newark_Reporter.png,2026-06-20 19:38:31,USA,MIXED,,RIGHT-CENTER,Questionable Source
News-Kiev,http://News-Kiev.ru,mediascopeAll/News-Kiev.png,2026-06-20 21:13:47,Russia,VERY LOW,,RIGHT,Questionable Source
NewsAmmo,http://newsammo.com,mediascopeAll/NewsAmmo.png,2026-06-20 21:15:50,USA,MIXED,,RIGHT,Questionable Source
NewsReady,http://newsready.com,mediascopeAll/NewsReady.png,2026-06-20 19:42:18,USA,MIXED,,EXTREME RIGHT,Questionable Source
News Blaze,http://newsblaze.com,mediascopeAll/News_Blaze.png,2026-06-20 19:32:03,Australia,MIXED,,EXTREME RIGHT,Questionable Source
News Global,http://newsglobal.com,mediascopeAll/News_Global.png,2026-06-20 21:28:44,USA,LOW,,RIGHT,Questionable Source
News Hour First,http://newshourfirst.com,mediascopeAll/News_Hour_First.png,2026-06-20 20:27:25,USA,LOW,,RIGHT,Questionable Source
News with Views,http://www.newswithviews.com,mediascopeAll/News_with_Views.png,2026-06-20 22:20:45,USA,LOW,,RIGHT,Questionable Source
Newsmax,http://www.newsmax.com,mediascopeAll/Newsmax.png,2026-06-20 22:09:40,USA,LOW,,RIGHT,Questionable Source
Newsner,http://en.newsner.com,mediascopeAll/Newsner.png,2026-06-20 21:47:19,Sweden,VERY LOW,,UNRATED,Questionable Source
Newsrael,http://newsrael.com,mediascopeAll/Newsrael.png,2026-06-20 21:01:32,Israel,MIXED,,RIGHT,Questionable Source
Nikolaev News,http://nikolaev-news.ru,mediascopeAll/Nikolaev_News.png,2026-06-20 20:34:28,Russia,VERY LOW,,RIGHT,Questionable Source
Nikopol News,http://nikopol-news.ru,mediascopeAll/Nikopol_News.png,2026-06-20 21:01:27,Russia,VERY LOW,,RIGHT,Questionable Source
Nine for News,http://ninefornews.nl,mediascopeAll/Nine_for_News.png,2026-06-20 21:55:34,Netherlands,LOW,,EXTREME RIGHT,Questionable Source
Nola Reporter,http://nolareporter.com,mediascopeAll/Nola_Reporter.png,2026-06-20 20:36:48,USA,MIXED,,RIGHT-CENTER,Questionable Source
Nordic Monitor,http://nordicmonitor.com,mediascopeAll/Nordic_Monitor.png,2026-06-20 22:03:45,Sweden,MIXED,,LEFT-CENTER,Questionable Source
Norilsk News,http://norilsk-news.ru,mediascopeAll/Norilsk_News.png,2026-06-20 22:25:12,Russia,VERY LOW,,RIGHT,Questionable Source
North Allegheny News,http://northalleghenynews.com,mediascopeAll/North_Allegheny_News.png,2026-06-20 19:54:48,USA,MIXED,,RIGHT-CENTER,Questionable Source
North Bluegrass News,http://northbluegrassnews.com,mediascopeAll/North_Bluegrass_News.png,2026-06-20 19:13:52,USA,MIXED,,RIGHT-CENTER,Questionable Source
North Central PA Times,http://ncpatimes.com,mediascopeAll/North_Central_PA_Times.png,2026-06-20 19:29:28,USA,MIXED,,RIGHT-CENTER,Questionable Source
North Chester Today,http://northchestertoday.com,mediascopeAll/North_Chester_Today.png,2026-06-20 22:23:23,USA,MIXED,,RIGHT-CENTER,Questionable Source
North Coast Today,http://northcoasttoday.com,mediascopeAll/North_Coast_Today.png,2026-06-20 20:37:03,USA,MIXED,,RIGHT-CENTER,Questionable Source
North Dakota Business Daily,http://ndbusinessdaily.com,mediascopeAll/North_Dakota_Business_Daily.png,2026-06-20 21:59:00,USA,MIXED,,RIGHT-CENTER,Questionable Source
North Delco News,http://northdelconews.com,mediascopeAll/North_Delco_News.png,2026-06-20 20:55:36,USA,MIXED,,RIGHT-CENTER,Questionable Source
North Knoxville News,http://northknoxnews.com,mediascopeAll/North_Knoxville_News.png,2026-06-20 21:23:49,USA,MIXED,,RIGHT-CENTER,Questionable Source
North Lancaster News,http://northlancasternews.com,mediascopeAll/North_Lancaster_News.png,2026-06-20 20:26:40,USA,MIXED,,RIGHT-CENTER,Questionable Source
North Mecklenburg News,http://northmecklenburgnews.com,mediascopeAll/North_Mecklenburg_News.png,2026-06-20 19:56:29,USA,MIXED,,RIGHT-CENTER,Questionable Source
North Pocono News,http://northpocononews.com,mediascopeAll/North_Pocono_News.png,2026-06-20 21:59:18,USA,MIXED,,RIGHT-CENTER,Questionable Source
North Utah News,http://northutahnews.com,mediascopeAll/North_Utah_News.png,2026-06-20 20:27:40,,MIXED,,RIGHT-CENTER,Questionable Source
Northeast Montana News,http://nemontananews.com,mediascopeAll/Northeast_Montana_News.png,2026-06-20 19:23:03,USA,MIXED,,RIGHT-CENTER,Questionable Source
Northeast South Dakota News,http://nesdnews.com,mediascopeAll/Northeast_South_Dakota_News.png,2026-06-20 20:39:32,USA,MIXED,,RIGHT-CENTER,Questionable Source
Northern Tier News,http://northerntiernews.com,mediascopeAll/Northern_Tier_News.png,2026-06-20 20:19:49,USA,MIXED,,RIGHT-CENTER,Questionable Source
Northhampton News,http://northhamptonnews.com,mediascopeAll/Northhampton_News.png,2026-06-20 21:55:16,USA,MIXED,,RIGHT-CENTER,Questionable Source
Northwest PA News,http://nwpanews.com,mediascopeAll/Northwest_PA_News.png,2026-06-20 21:17:15,USA,MIXED,,RIGHT-CENTER,Questionable Source
Not the Bee,http://notthebee.com,mediascopeAll/Not_the_Bee.png,2026-06-20 20:13:07,USA,MIXED,,RIGHT,Questionable Source
Nour News,http://nournews.ir,mediascopeAll/Nour_News.png,2026-06-20 20:35:13,,MIXED,,RIGHT,Questionable Source
Novosibirsk News,http://novosibirsk-news.net,mediascopeAll/Novosibirsk_News.png,2026-06-20 21:01:07,Russia,VERY LOW,,RIGHT,Questionable Source
Now8News,http://now8news.com,mediascopeAll/Now8News.png,2026-06-20 21:12:23,USA,VERY LOW,,UNRATED,Questionable Source
Nw Iowa News,http://nwiowanews.com,mediascopeAll/Nw_Iowa_News.png,2026-06-20 20:36:48,USA,MIXED,,RIGHT-CENTER,Questionable Source
OKdiario,http://okdiario.com,mediascopeAll/OKdiario.png,2026-06-20 21:47:19,Spain,MIXED,,RIGHT,Questionable Source
O’Keefe Media Group,http://okeefemediagroup.com,mediascopeAll/O_Keefe_Media_Group.png,2026-06-20 19:24:57,USA,MIXED,,RIGHT,Questionable Source
Objectivist,http://objectivist.co,mediascopeAll/Objectivist.png,2026-06-20 21:02:39,USA,MIXED,,RIGHT,Questionable Source
Occidental Dissent,http://occidentaldissent.com,mediascopeAll/Occidental_Dissent.png,2026-06-20 21:20:22,USA,LOW,,EXTREME RIGHT,Questionable Source
Ocean State Today,http://oceanstatetoday.com,mediascopeAll/Ocean_State_Today.png,2026-06-20 20:44:33,USA,MIXED,,RIGHT-CENTER,Questionable Source
Odessa News,http://news-odessa.ru,mediascopeAll/Odessa_News.png,2026-06-20 21:04:21,Russia,VERY LOW,,RIGHT,Questionable Source
Oregon Business Daily,http://businessdailynetwork.com/states/or/,mediascopeAll/Oregon_Business_Daily.png,2026-06-20 20:49:35,USA,MIXED,,RIGHT-CENTER,Questionable Source
Origo,http://origo.hu,mediascopeAll/Origo.png,2026-06-20 20:41:58,Hungary,MIXED,,RIGHT,Questionable Source
Orinoco Tribune,http://orinocotribune.com,mediascopeAll/Orinoco_Tribune.png,2026-06-20 19:22:52,Venezuela,LOW,,LEFT,Questionable Source
Pacific Pundit,http://www.pacificpundit.com,mediascopeAll/Pacific_Pundit.png,2026-06-20 20:55:50,USA,LOW,,EXTREME RIGHT,Questionable Source
Palmetto State News,http://palmettostatenews.com,mediascopeAll/Palmetto_State_News.png,2026-06-20 21:51:45,USA,MIXED,,RIGHT-CENTER,Questionable Source
Parler,http://parler.com,mediascopeAll/Parler.png,2026-06-20 21:30:46,USA,LOW,,EXTREME RIGHT,Questionable Source
Patriot,http://Patriot.Win,mediascopeAll/Patriot.png,2026-06-20 19:15:37,USA,LOW,,RIGHT,Questionable Source
Patriot Chronicles,http://thepatriotchronicles.com,mediascopeAll/Patriot_Chronicles.png,2026-06-20 19:23:27,USA,MIXED,,RIGHT,Questionable Source
Patriot Fetch,http://patriotfetch.com,mediascopeAll/Patriot_Fetch.png,2026-06-20 20:03:35,USA,LOW,,EXTREME RIGHT,Questionable Source
Patriot Journal,http://patriotjournal.org,mediascopeAll/Patriot_Journal.png,2026-06-20 21:17:38,USA,MIXED,,RIGHT,Questionable Source
Patriot Newsfeed,http://patriotnewsfeed.com,mediascopeAll/Patriot_Newsfeed.png,2026-06-20 22:30:57,USA,MIXED,,RIGHT,Questionable Source
Patriot Pulse,http://patriotpulse.net,mediascopeAll/Patriot_Pulse.png,2026-06-20 22:17:22,USA,MIXED,,RIGHT,Questionable Source
Patriotic Post,http://patrioticpost.com,mediascopeAll/Patriotic_Post.png,2026-06-20 22:02:25,USA,LOW,,RIGHT,Questionable Source
Patriotic Viral News,http://patrioticviralnews.com,mediascopeAll/Patriotic_Viral_News.png,2026-06-20 19:22:39,USA,LOW,,EXTREME RIGHT,Questionable Source
Pee Dee News,http://peedeenews.com,mediascopeAll/Pee_Dee_News.png,2026-06-20 21:52:10,USA,MIXED,,RIGHT-CENTER,Questionable Source
Pennsylvania Business Daily,http://businessdailynetwork.com/states/pa/,mediascopeAll/Pennsylvania_Business_Daily.png,2026-06-20 20:11:10,USA,MIXED,,RIGHT-CENTER,Questionable Source
Pennsylvania Daily Star,http://pennsylvaniadailystar.com,mediascopeAll/Pennsylvania_Daily_Star.png,2026-06-20 20:58:38,USA,MIXED,,RIGHT,Questionable Source
Pennsylvania Record,http://pennrecord.com,mediascopeAll/Pennsylvania_Record.png,2026-06-20 20:04:32,USA,MIXED,,RIGHT-CENTER,Questionable Source
Perez Hilton,http://perezhilton.com,mediascopeAll/Perez_Hilton.png,2026-06-20 20:51:33,USA,MIXED,,LEFT,Questionable Source
Philly Leader,http://phillyleader.com,mediascopeAll/Philly_Leader.png,2026-06-20 20:31:50,USA,MIXED,,RIGHT-CENTER,Questionable Source
Pinal Today,http://pinaltoday.com,mediascopeAll/Pinal_Today.png,2026-06-20 20:40:31,USA,MIXED,,RIGHT-CENTER,Questionable Source
Pine Belt Times,http://pinebelttimes.com,mediascopeAll/Pine_Belt_Times.png,2026-06-20 20:35:56,USA,MIXED,,RIGHT-CENTER,Questionable Source
Pine State News,http://pinestatenews.com,mediascopeAll/Pine_State_News.png,2026-06-20 20:34:10,USA,MIXED,,RIGHT-CENTER,Questionable Source
Pittsburgh Review,http://pittreview.com,mediascopeAll/Pittsburgh_Review.png,2026-06-20 21:32:26,USA,MIXED,,RIGHT-CENTER,Questionable Source
Point Report,http://pointreport.org,mediascopeAll/Point_Report.png,2026-06-20 20:37:56,USA,LOW,,EXTREME RIGHT,Questionable Source
Political Insider,http://www.thepoliticalinsider.com,mediascopeAll/Political_Insider.png,2026-06-20 20:47:36,USA,LOW,,EXTREME RIGHT,Questionable Source
Politifact News,http://www.politifact.news,mediascopeAll/Politifact_News.png,2026-06-20 20:23:23,,,,EXTREME RIGHT,Questionable Source
Populist Wire,http://populistwire.com,mediascopeAll/Populist_Wire.png,2026-06-20 19:23:57,USA,LOW,,RIGHT,Questionable Source
Portland Courant,http://portlandcourant.com,mediascopeAll/Portland_Courant.png,2026-06-20 19:39:38,USA,MIXED,,RIGHT-CENTER,Questionable Source
PragerU,http://www.prageru.com,mediascopeAll/PragerU.png,2026-06-20 19:43:58,USA,LOW,,RIGHT,Questionable Source
Pravda Australia,http://au.news-pravda.com,mediascopeAll/Pravda_Australia.png,2026-06-20 21:11:17,Russia,VERY LOW,,RIGHT,Questionable Source
Pravda Canada,http://canada.news-pravda.com,mediascopeAll/Pravda_Canada.png,2026-06-20 20:17:35,Russia,VERY LOW,,RIGHT,Questionable Source
Pravda DE,http://deutsch.news-pravda.com,mediascopeAll/Pravda_DE.png,2026-06-20 21:19:23,Russia,VERY LOW,,RIGHT,Questionable Source
Pravda Danmark,http://denmark.news-pravda.com,mediascopeAll/Pravda_Danmark.png,2026-06-20 19:32:27,Russia,VERY LOW,,RIGHT,Questionable Source
Pravda Deutschland,http://germany.news-pravda.com,mediascopeAll/Pravda_Deutschland.png,2026-06-20 19:31:59,Russia,VERY LOW,,RIGHT,Questionable Source
Pravda EN,http://news-pravda.com,mediascopeAll/Pravda_EN.png,2026-06-20 21:45:47,Russia,VERY LOW,,RIGHT,Questionable Source
Pravda ES,http://spanish.news-pravda.com,mediascopeAll/Pravda_ES.png,2026-06-20 20:58:46,Russia,VERY LOW,,RIGHT,Questionable Source
Pravda EU,http://eu.news-pravda.com,mediascopeAll/Pravda_EU.png,2026-06-20 22:25:41,Russia,VERY LOW,,RIGHT,Questionable Source
Pravda FR,http://francais.news-pravda.com,mediascopeAll/Pravda_FR.png,2026-06-20 19:36:45,Russia,VERY LOW,,RIGHT,Questionable Source
Pravda France,http://france.news-pravda.com,mediascopeAll/Pravda_France.png,2026-06-20 22:29:04,Russia,VERY LOW,,RIGHT,Questionable Source
Pravda Hungary,http://hungary.news-pravda.com,mediascopeAll/Pravda_Hungary.png,2026-06-20 22:15:57,Russia,VERY LOW,,RIGHT,Questionable Source
Pravda Italia,http://italy.news-pravda.com,mediascopeAll/Pravda_Italia.png,2026-06-20 21:20:58,Russia,VERY LOW,,RIGHT,Questionable Source
Pravda Japan,http://japan.news-pravda.com,mediascopeAll/Pravda_Japan.png,2026-06-20 21:22:19,Russia,VERY LOW,,RIGHT,Questionable Source
Pravda Nato,http://nato.news-pravda.com,mediascopeAll/Pravda_Nato.png,2026-06-20 20:19:16,Russia,VERY LOW,,RIGHT,Questionable Source
Pravda Polska,http://poland.news-pravda.com,mediascopeAll/Pravda_Polska.png,2026-06-20 20:14:57,Russia,VERY LOW,,RIGHT,Questionable Source
Pravda Report,http://pravdareport.com,mediascopeAll/Pravda_Report.png,2026-06-20 19:50:17,Russia,VERY LOW,,RIGHT,Questionable Source
Pravda Romania,http://romania.news-pravda.com,mediascopeAll/Pravda_Romania.png,2026-06-21 18:00:03,Russia,VERY LOW,,RIGHT,Questionable Source
Pravda Spain,http://spain.news-pravda.com,mediascopeAll/Pravda_Spain.png,2026-06-20 19:14:34,Russia,VERY LOW,,RIGHT,Questionable Source
Pravda Trump,http://trump.news-pravda.com,mediascopeAll/Pravda_Trump.png,2026-06-20 21:35:43,Russia,VERY LOW,,RIGHT,Questionable Source
Pravda USA,http://usa.news-pravda.com,mediascopeAll/Pravda_USA.png,2026-06-20 19:11:08,Russia,VERY LOW,,RIGHT,Questionable Source
Pravda Ukraine,http://ua.news-pravda.com,mediascopeAll/Pravda_Ukraine.png,2026-06-20 22:29:14,Russia,VERY LOW,,RIGHT,Questionable Source
Presidential Hill,http://presidentialhill.com,mediascopeAll/Presidential_Hill.png,2026-06-20 22:13:36,USA,LOW,,RIGHT,Questionable Source
Press California,http://presscalifornia.com,mediascopeAll/Press_California.png,2026-06-20 19:21:53,USA,VERY LOW,,EXTREME RIGHT,Questionable Source
Press Corp,http://presscorp.org,mediascopeAll/Press_Corp.png,2026-06-20 21:19:24,USA,MIXED,,RIGHT,Questionable Source
Pro-America News,http://proamericanews.com,mediascopeAll/Pro-America_News.png,2026-06-20 19:35:36,USA,LOW,,RIGHT,Questionable Source
Pro Trump News,http://protrumpnews.com/,mediascopeAll/Pro_Trump_News.png,2026-06-20 21:43:10,Unknown,LOW,,EXTREME RIGHT,Questionable Source
Project Veritas,http://projectveritas.com,mediascopeAll/Project_Veritas.png,2026-06-20 20:21:46,USA,MIXED,,RIGHT,Questionable Source
Promethean Action,http://prometheanaction.com,mediascopeAll/Promethean_Action.png,2026-06-20 20:22:42,USA,LOW,,EXTREME RIGHT,Questionable Source
Proto Thema,http://en.protothema.gr,mediascopeAll/Proto_Thema.png,2026-06-20 20:53:59,Greece,MIXED,,RIGHT,Questionable Source
Providence Reporter,http://providencereporter.com,mediascopeAll/Providence_Reporter.png,2026-06-20 20:03:13,USA,MIXED,,RIGHT-CENTER,Questionable Source
Quds News Network,http://qudsnen.co,mediascopeAll/Quds_News_Network.png,2026-06-20 19:40:21,Palestine,LOW,,LEFT-CENTER,Questionable Source
Queretaro Post,http://thequeretaropost.com,mediascopeAll/Queretaro_Post.png,2026-06-20 20:17:32,Unknown,MIXED,,LEFT-CENTER,Questionable Source
RIA Novosti,http://ria.ru,mediascopeAll/RIA_Novosti.png,2026-06-20 20:38:14,Russia,LOW,,RIGHT-CENTER,Questionable Source
RT DE (RT News Germany),http://de.rt.com,mediascopeAll/RT_DE_RT_News_Germany.png,2026-06-20 19:24:24,Russia,VERY LOW,,RIGHT-CENTER,Questionable Source
Radar,http://radaronline.com,mediascopeAll/Radar.png,2026-06-20 19:55:53,USA,LOW,,LEAST BIASED,Questionable Source
Radar (GaysAgainstGroomers),http://radar.gaysagainstgroomers.com,mediascopeAll/Radar_GaysAgainstGroomers.png,2026-06-20 20:18:50,USA,LOW,,EXTREME RIGHT,Questionable Source
Rational Ground,http://rationalground.com,mediascopeAll/Rational_Ground.png,2026-06-20 19:22:38,USA,MIXED,,RIGHT,Questionable Source
Real News Now,http://realnewsnow.com,mediascopeAll/Real_News_Now.png,2026-06-20 20:08:56,USA,LOW,,EXTREME RIGHT,Questionable Source
Real Science,http://goodsciencing.com,mediascopeAll/Real_Science.png,2026-06-20 20:42:42,Unknown,VERY LOW,,EXTREME RIGHT,Questionable Source
Realitatea,http://Realitatea.net,mediascopeAll/Realitatea.png,2026-06-20 20:45:27,Romania,MIXED,,RIGHT,Questionable Source
Red Orbit,http://www.redorbit.com,mediascopeAll/Red_Orbit.png,2026-06-20 21:10:17,USA,MIXED,,UNRATED,Questionable Source
Red Right Daily,http://redrightdaily.com,mediascopeAll/Red_Right_Daily.png,2026-06-20 20:12:51,USA,MIXED,,RIGHT,Questionable Source
Red Right Patriot,http://redrightpatriot.com,mediascopeAll/Red_Right_Patriot.png,2026-06-20 21:56:59,USA,MIXED,,RIGHT,Questionable Source
Red State Nation,http://redstatenation.com,mediascopeAll/Red_State_Nation.png,2026-06-20 20:59:25,USA,LOW,,RIGHT,Questionable Source
Redacted,http://redacted.inc,mediascopeAll/Redacted.png,2026-06-20 21:34:57,Portugal,MIXED,,RIGHT,Questionable Source
Reduxx,http://reduxx.info,mediascopeAll/Reduxx.png,2026-06-20 21:58:51,Canada,MIXED,,RIGHT,Questionable Source
Report24,http://report24.news,mediascopeAll/Report24.png,2026-06-20 21:53:22,Austria,VERY LOW,,EXTREME RIGHT,Questionable Source
Republic Broadcasting Network,http://republicbroadcasting.org,mediascopeAll/Republic_Broadcasting_Network.png,2026-06-20 20:50:28,USA,LOW,,EXTREME RIGHT,Questionable Source
Republican Daily,http://republicandaily.net,mediascopeAll/Republican_Daily.png,2026-06-20 21:53:44,USA,MIXED,,RIGHT,Questionable Source
Restricted Republic,http://restrictedrepublic.com,mediascopeAll/Restricted_Republic.png,2026-06-20 21:08:37,USA,LOW,,EXTREME RIGHT,Questionable Source
Revolver,http://Revolver.News,mediascopeAll/Revolver.png,2026-06-20 22:27:27,Unknown,MIXED,,RIGHT,Questionable Source
Rhode Island Business Daily,http://businessdailynetwork.com/states/ri,mediascopeAll/Rhode_Island_Business_Daily.png,2026-06-20 20:46:02,USA,MIXED,,RIGHT-CENTER,Questionable Source
Right News Wire,http://rightnewswire.com,mediascopeAll/Right_News_Wire.png,2026-06-20 20:07:05,USA,MIXED,,RIGHT,Questionable Source
Right Side Broadcasting Network,http://rsbnetwork.com,mediascopeAll/Right_Side_Broadcasting_Network.png,2026-06-20 21:06:14,USA,LOW,,RIGHT,Questionable Source
Riposte Laique,http://ripostelaique.com,mediascopeAll/Riposte_Laique.png,2026-06-20 22:04:31,France,VERY LOW,,EXTREME RIGHT,Questionable Source
Rockford Sun,http://rockfordsun.com,mediascopeAll/Rockford_Sun.png,2026-06-20 21:03:27,USA,MIXED,,RIGHT-CENTER,Questionable Source
Rudaw,http://rudaw.net,mediascopeAll/Rudaw.png,2026-06-20 20:16:22,Iraq,MIXED,,LEFT-CENTER,Questionable Source
RushLimbaugh,http://RushLimbaugh.com,mediascopeAll/RushLimbaugh.png,2026-06-20 21:55:28,USA,VERY LOW,,RIGHT,Questionable Source
Rushmore State News,http://rushmorestatenews.com,mediascopeAll/Rushmore_State_News.png,2026-06-20 19:55:17,USA,MIXED,,RIGHT-CENTER,Questionable Source
Russia Insider,http://russia-insider.com,mediascopeAll/Russia_Insider.png,2026-06-20 19:24:44,Russia,LOW,,EXTREME RIGHT,Questionable Source
Russia News Agency-TASS,http://tass.com,mediascopeAll/Russia_News_Agency-TASS.png,2026-06-20 21:50:16,Russia,MIXED,,RIGHT-CENTER,Questionable Source
Rutherford Times,http://rutherfordtimes.com,mediascopeAll/Rutherford_Times.png,2026-06-20 20:27:38,USA,MIXED,,RIGHT-CENTER,Questionable Source
SC Alaska News,http://scalaskanews.com,mediascopeAll/SC_Alaska_News.png,2026-06-20 21:56:01,USA,MIXED,,RIGHT-CENTER,Questionable Source
SC Connecticut News,http://scconnnews.com,mediascopeAll/SC_Connecticut_News.png,2026-06-20 22:02:08,USA,MIXED,,RIGHT-CENTER,Questionable Source
SC Kansas News,http://sckansasnews.com,mediascopeAll/SC_Kansas_News.png,2026-06-20 22:26:48,USA,MIXED,,RIGHT-CENTER,Questionable Source
SC Midland News,http://scmidlandnews.com,mediascopeAll/SC_Midland_News.png,2026-06-20 19:58:29,USA,MIXED,,RIGHT-CENTER,Questionable Source
SC Tennessee News,http://sctennnews.com,mediascopeAll/SC_Tennessee_News.png,2026-06-20 21:00:08,USA,MIXED,,RIGHT-CENTER,Questionable Source
SE Atlanta News,http://seatlantanews.com,mediascopeAll/SE_Atlanta_News.png,2026-06-20 21:12:29,USA,MIXED,,RIGHT-CENTER,Questionable Source
SE Georgia News,http://segeorgianews.com,mediascopeAll/SE_Georgia_News.png,2026-06-20 19:19:18,USA,MIXED,,RIGHT-CENTER,Questionable Source
SE Ohio Times,http://seohiotimes.com,mediascopeAll/SE_Ohio_Times.png,2026-06-20 22:18:22,USA,MIXED,,RIGHT-CENTER,Questionable Source
SE Tennessee News,http://setennnews.com,mediascopeAll/SE_Tennessee_News.png,2026-06-20 20:18:27,USA,MIXED,,RIGHT-CENTER,Questionable Source
SHTFplan.com,http://www.shtfplan.com,mediascopeAll/SHTFplan.com.png,2026-06-20 19:22:58,USA,LOW,,EXTREME RIGHT,Questionable Source
SW Tennessee News,http://swtennnews.com,mediascopeAll/SW_Tennessee_News.png,2026-06-20 21:36:15,USA,MIXED,,RIGHT-CENTER,Questionable Source
Sacramento Standard,http://sacramentostandard.com,mediascopeAll/Sacramento_Standard.png,2026-06-20 19:08:31,USA,MIXED,,RIGHT-CENTER,Questionable Source
Samnytt,http://samnytt.se,mediascopeAll/Samnytt.png,2026-06-20 19:08:34,Sweden,LOW,,EXTREME RIGHT,Questionable Source
Samtiden,http://samtiden.nu,mediascopeAll/Samtiden.png,2026-06-20 19:08:43,Sweden,LOW,,EXTREME RIGHT,Questionable Source
San Diego City Wire,http://sandiegocitywire.com,mediascopeAll/San_Diego_City_Wire.png,2026-06-20 22:04:13,USA,MIXED,,RIGHT-CENTER,Questionable Source
Sangamon Sun,http://sangamonsun.com,mediascopeAll/Sangamon_Sun.png,2026-06-20 19:32:49,USA,MIXED,,RIGHT-CENTER,Questionable Source
Savannah Standard,http://savannahstandard.com,mediascopeAll/Savannah_Standard.png,2026-06-20 20:54:37,USA,MIXED,,RIGHT-CENTER,Questionable Source
Save Us Now,http://saveusnow.org.uk,mediascopeAll/Save_Us_Now.png,2026-06-20 20:16:40,United Kingdom,LOW,,RIGHT,Questionable Source
Scranton Reporter,http://scrantonreporter.com,mediascopeAll/Scranton_Reporter.png,2026-06-20 21:52:14,USA,MIXED,,RIGHT-CENTER,Questionable Source
SebGorka,http://SebGorka.com,mediascopeAll/SebGorka.png,2026-06-20 21:16:58,USA,LOW,,EXTREME RIGHT,Questionable Source
Secure America Now,http://www.secureamericanow.org,mediascopeAll/Secure_America_Now.png,2026-06-20 21:27:26,USA,MIXED,,RIGHT,Questionable Source
Seekr,http://seekr.com,mediascopeAll/Seekr.png,2026-06-20 21:41:44,USA,MIXED,,LEAST BIASED,Questionable Source
Shelby Reporter,http://shelbyreporter.com,mediascopeAll/Shelby_Reporter.png,2026-06-20 19:32:14,USA,MIXED,,RIGHT-CENTER,Questionable Source
Shenango Valley News,http://shenangovalleynews.com,mediascopeAll/Shenango_Valley_News.png,2026-06-20 21:18:02,USA,MIXED,,RIGHT-CENTER,Questionable Source
Shockya News,http://shockya.com,mediascopeAll/Shockya_News.png,2026-06-20 20:55:06,USA,LOW,,RIGHT,Questionable Source
Show-Me States Times,http://showmestatetimes.com,mediascopeAll/Show-Me_States_Times.png,2026-06-20 21:01:36,USA,MIXED,,RIGHT-CENTER,Questionable Source
Sick Chirpse,http://www.sickchirpse.com,mediascopeAll/Sick_Chirpse.png,2026-06-20 20:11:13,United Kingdom,VERY LOW,,UNRATED,Questionable Source
Silver State Times,http://silverstatetimes.com,mediascopeAll/Silver_State_Times.png,2026-06-20 19:40:01,USA,MIXED,,RIGHT-CENTER,Questionable Source
Sioux Empire Today,http://siouxempiretoday.com,mediascopeAll/Sioux_Empire_Today.png,2026-06-20 22:03:03,USA,MIXED,,RIGHT-CENTER,Questionable Source
Sixth Tone,http://sixthtone.com,mediascopeAll/Sixth_Tone.png,2026-06-20 21:52:35,China,MIXED,,LEFT,Questionable Source
SkepticInk,http://www.skepticink.com,mediascopeAll/SkepticInk.png,2026-06-20 19:44:14,Unknown,MIXED,,UNRATED,Questionable Source
Smoky Mountain Today,http://smokymountaintoday.com,mediascopeAll/Smoky_Mountain_Today.png,2026-06-20 19:19:22,USA,MIXED,,RIGHT-CENTER,Questionable Source
Solono Sun,http://solanosun.com,mediascopeAll/Solono_Sun.png,2026-06-20 22:26:30,USA,MIXED,,RIGHT-CENTER,Questionable Source
South Carolina Business Daily,http://businessdailynetwork.com/states/sc,mediascopeAll/South_Carolina_Business_Daily.png,2026-06-20 21:06:34,USA,MIXED,,RIGHT-CENTER,Questionable Source
South Central PA News,http://scpanews.com,mediascopeAll/South_Central_PA_News.png,2026-06-20 20:46:37,USA,MIXED,,RIGHT-CENTER,Questionable Source
South Chester Today,http://southchestertoday.com,mediascopeAll/South_Chester_Today.png,2026-06-20 21:55:40,USA,MIXED,,RIGHT-CENTER,Questionable Source
South Coast Times,http://southcoasttimes.com,mediascopeAll/South_Coast_Times.png,2026-06-20 20:59:07,USA,MIXED,,RIGHT-CENTER,Questionable Source
South County Times,http://southcotimes.com,mediascopeAll/South_County_Times.png,2026-06-20 22:19:38,USA,MIXED,,RIGHT-CENTER,Questionable Source
South Cumberland News,http://southcumberlandnews.com,mediascopeAll/South_Cumberland_News.png,2026-06-20 20:20:02,USA,MIXED,,RIGHT-CENTER,Questionable Source
South Dakota Business Daily,http://businessdailynetwork.com/states/sd,mediascopeAll/South_Dakota_Business_Daily.png,2026-06-20 21:42:19,USA,MIXED,,RIGHT-CENTER,Questionable Source
South Delco News,http://southdelconews.com,mediascopeAll/South_Delco_News.png,2026-06-20 22:02:30,USA,MIXED,,RIGHT-CENTER,Questionable Source
South Kent News,http://southkentnews.com,mediascopeAll/South_Kent_News.png,2026-06-20 20:31:19,USA,MIXED,,RIGHT-CENTER,Questionable Source
South Knoxville News,http://southknoxnews.com,mediascopeAll/South_Knoxville_News.png,2026-06-20 22:04:46,USA,MIXED,,RIGHT-CENTER,Questionable Source
South Miami Dade News,http://southmianews.com,mediascopeAll/South_Miami_Dade_News.png,2026-06-20 22:23:08,USA,MIXED,,RIGHT-CENTER,Questionable Source
South New Castle News,http://southnewcastlenews.com,mediascopeAll/South_New_Castle_News.png,2026-06-20 21:50:48,USA,MIXED,,RIGHT-CENTER,Questionable Source
South Oregon News,http://southoregonnews.com,mediascopeAll/South_Oregon_News.png,2026-06-20 21:46:42,USA,MIXED,,RIGHT-CENTER,Questionable Source
Southeast South Dakota News,http://sesdnews.com,mediascopeAll/Southeast_South_Dakota_News.png,2026-06-20 21:31:07,USA,MIXED,,RIGHT-CENTER,Questionable Source
Southern Illinois News,http://silnews.com,mediascopeAll/Southern_Illinois_News.png,2026-06-20 19:19:02,USA,MIXED,,RIGHT-CENTER,Questionable Source
Southwest PA news,http://swpanews.com,mediascopeAll/Southwest_PA_news.png,2026-06-20 21:06:18,USA,MIXED,,RIGHT-CENTER,Questionable Source
Spartanburg Reporter,http://spartanburgreporter.com,mediascopeAll/Spartanburg_Reporter.png,2026-06-20 22:18:52,USA,MIXED,,RIGHT-CENTER,Questionable Source
Springfield City Wire,http://springfieldcitywire.com,mediascopeAll/Springfield_City_Wire.png,2026-06-20 21:55:47,USA,MIXED,,RIGHT-CENTER,Questionable Source
Sputnik News Agency,http://sputniknews.in,mediascopeAll/Sputnik_News_Agency.png,2026-06-20 20:07:01,Russia,VERY LOW,,RIGHT-CENTER,Questionable Source
Sputnik News Agency – France,http://fr.sputniknews.com,mediascopeAll/Sputnik_News_Agency_France.png,2026-06-20 19:38:22,Russia,VERY LOW,,RIGHT-CENTER,Questionable Source
Sputnik News Agency – Serbia,http://sputnikportal.rs,mediascopeAll/Sputnik_News_Agency_Serbia.png,2026-06-20 20:51:03,Russia,VERY LOW,,RIGHT,Questionable Source
St. Paul Reporter,http://stpaulreporter.com,mediascopeAll/St._Paul_Reporter.png,2026-06-20 21:01:56,USA,MIXED,,RIGHT-CENTER,Questionable Source
Stand for Health Freedom,http://standforhealthfreedom.com,mediascopeAll/Stand_for_Health_Freedom.png,2026-06-20 21:25:15,USA,MIXED,,RIGHT,Questionable Source
Stares at the World,http://www.staresattheworld.com,mediascopeAll/Stares_at_the_World.png,2026-06-20 20:03:02,Canada,LOW,,EXTREME RIGHT,Questionable Source
State of the Nation,http://stateofthenation.co,mediascopeAll/State_of_the_Nation.png,2026-06-20 21:42:32,USA,LOW,,EXTREME RIGHT,Questionable Source
Staten Island Reporter,http://statenislandreporter.com,mediascopeAll/Staten_Island_Reporter.png,2026-06-20 21:53:22,USA,MIXED,,RIGHT-CENTER,Questionable Source
Steadfast Daily,http://steadfastdaily.com,mediascopeAll/Steadfast_Daily.png,2026-06-20 21:05:33,USA,MIXED,,RIGHT,Questionable Source
Steadfast and Loyal,http://steadfastandloyal.com,mediascopeAll/Steadfast_and_Loyal.png,2026-06-20 20:50:38,USA,MIXED,,RIGHT,Questionable Source
StopAntisemitism,http://stopantisemitism.org,mediascopeAll/StopAntisemitism.png,2026-06-20 20:03:22,USA,MIXED,,RIGHT,Questionable Source
Stop These Things,http://stopthesethings.com,mediascopeAll/Stop_These_Things.png,2026-06-20 19:31:44,Australia,LOW,,RIGHT,Questionable Source
Stopping Socialism,http://stoppingsocialism.com,mediascopeAll/Stopping_Socialism.png,2026-06-20 20:28:54,USA,MIXED,,RIGHT,Questionable Source
Surgut News,http://news-surgut.ru,mediascopeAll/Surgut_News.png,2026-06-20 19:25:32,Russia,VERY LOW,,RIGHT,Questionable Source
SurvivalBlog.com,https://survivalblog.com/,mediascopeAll/SurvivalBlog.com.png,2026-06-20 21:39:36,USA,LOW,,EXTREME RIGHT,Questionable Source
Swamp Monsters,http://swampmonsters.news,mediascopeAll/Swamp_Monsters.png,2026-06-20 20:18:08,USA,MIXED,,RIGHT,Questionable Source
Swarajya,http://swarajyamag.com,mediascopeAll/Swarajya.png,2026-06-20 21:40:42,India,LOW,,RIGHT,Questionable Source
Syrian Arab News Agency,http://sana.sy,mediascopeAll/Syrian_Arab_News_Agency.png,2026-06-20 21:46:17,Syria,MIXED,,LEFT,Questionable Source
TB Daily News,http://tbdailynews.com,mediascopeAll/TB_Daily_News.png,2026-06-20 21:36:32,USA,MIXED,,RIGHT,Questionable Source
Taki’s Magazine,http://takimag.com,mediascopeAll/Taki_s_Magazine.png,2026-06-20 19:58:08,USA,LOW,,EXTREME RIGHT,Questionable Source
Tap Haps,http://taphaps.com,mediascopeAll/Tap_Haps.png,2026-06-20 20:40:32,USA,MIXED,,RIGHT,Questionable Source
Tea Party Patriots,http://www.teapartypatriots.org,mediascopeAll/Tea_Party_Patriots.png,2026-06-20 22:13:10,USA,MIXED,,RIGHT,Questionable Source
Teddy Stick,http://teddystick.com,mediascopeAll/Teddy_Stick.png,2026-06-20 22:04:22,,,,EXTREME RIGHT,Questionable Source
Tennessee Business Daily,http://businessdailynetwork.com/states/tn,mediascopeAll/Tennessee_Business_Daily.png,2026-06-20 21:51:05,USA,MIXED,,RIGHT-CENTER,Questionable Source
TheSpectator,http://TheSpectator.info,mediascopeAll/TheSpectator.png,2026-06-20 19:24:12,USA,VERY LOW,,EXTREME RIGHT,Questionable Source
The African Exponent,https://www.africanexponent.com/,mediascopeAll/The_African_Exponent.png,2026-06-20 21:24:30,Tanzania,MIXED,,LEFT,Questionable Source
The American Mirror,http://theamericanmirror.com,mediascopeAll/The_American_Mirror.png,2026-06-20 20:39:48,USA,LOW,,EXTREME RIGHT,Questionable Source
The Blacksphere,http://theblacksphere.net,mediascopeAll/The_Blacksphere.png,2026-06-20 20:23:58,USA,MIXED,,RIGHT,Questionable Source
The Blaze,http://www.theblaze.com,mediascopeAll/The_Blaze.png,2026-06-20 19:12:41,USA,MIXED,,RIGHT,Questionable Source
The Boston Globe,https://www.bostonglobe.com/,mediascopeAll/The_Boston_Globe.png,2026-06-20 19:09:51,,,,LEFT-CENTER,Questionable Source
The Buffalo Chronicle,https://buffalochronicle.com/,mediascopeAll/The_Buffalo_Chronicle.png,2026-06-20 21:37:53,USA,MIXED,,RIGHT,Questionable Source
The Burning Platform,http://theburningplatform.com,mediascopeAll/The_Burning_Platform.png,2026-06-20 21:01:04,USA,LOW,,EXTREME RIGHT,Questionable Source
The Commune,http://thecommunemag.com,mediascopeAll/The_Commune.png,2026-06-20 21:12:35,India,MIXED,,RIGHT,Questionable Source
The Conservative Brief,http://www.theconservativebrief.com,mediascopeAll/The_Conservative_Brief.png,2026-06-20 21:24:57,USA,MIXED,,RIGHT,Questionable Source
The Counter Signal,http://thecountersignal.com,mediascopeAll/The_Counter_Signal.png,2026-06-20 20:09:22,Canada,MIXED,,RIGHT,Questionable Source
The DC Patriot,http://thedcpatriot.com,mediascopeAll/The_DC_Patriot.png,2026-06-20 22:05:42,USA,LOW,,EXTREME RIGHT,Questionable Source
The Daily Adda,http://thedailyadda.com,mediascopeAll/The_Daily_Adda.png,2026-06-20 20:55:21,Unknown,MIXED,,LEFT-CENTER,Questionable Source
The Daily Bell,http://www.thedailybell.com,mediascopeAll/The_Daily_Bell.png,2026-06-20 21:54:17,USA,LOW,,RIGHT,Questionable Source
The Daily Boulder,http://DailyBoulder.com,mediascopeAll/The_Daily_Boulder.png,2026-06-20 20:10:17,USA,MIXED,,LEFT,Questionable Source
The Duran,http://theduran.com,mediascopeAll/The_Duran.png,2026-06-20 19:33:45,Cyprus,LOW,,RIGHT,Questionable Source
The Economic Times,http://economictimes.indiatimes.com,mediascopeAll/The_Economic_Times.png,2026-06-20 21:23:14,India,MIXED,,RIGHT-CENTER,Questionable Source
The Federalist,http://thefederalist.com,mediascopeAll/The_Federalist.png,2026-06-20 20:20:12,USA,MIXED,,RIGHT,Questionable Source
The Freedom Times,http://thefreedomtimes.com,mediascopeAll/The_Freedom_Times.png,2026-06-20 20:04:58,USA,VERY LOW,,EXTREME RIGHT,Questionable Source
The Frisky,http://www.thefrisky.com,mediascopeAll/The_Frisky.png,2026-06-20 19:12:16,Serbia,MIXED,,LEFT-CENTER,Questionable Source
The Goldwater,http://thegoldwater.com,mediascopeAll/The_Goldwater.png,2026-06-20 20:02:24,USA,LOW,,EXTREME RIGHT,Questionable Source
The Grayzone,http://thegrayzone.com,mediascopeAll/The_Grayzone.png,2026-06-20 22:22:21,USA,MIXED,,LEFT,Questionable Source
The Hayride,http://thehayride.com,mediascopeAll/The_Hayride.png,2026-06-20 19:42:31,USA,LOW,,EXTREME RIGHT,Questionable Source
The Horn,http://thehornnews.com,mediascopeAll/The_Horn.png,2026-06-20 21:01:12,USA,LOW,,RIGHT,Questionable Source
The Jewish Voice,http://thejewishvoice.com,mediascopeAll/The_Jewish_Voice.png,2026-06-20 20:44:00,USA,MIXED,,RIGHT,Questionable Source
The Joe Rogan Experience,http://joerogan.com,mediascopeAll/The_Joe_Rogan_Experience.png,2026-06-20 20:12:58,USA,MIXED,,RIGHT-CENTER,Questionable Source
The Keystone,http://keystonenewsroom.com,mediascopeAll/The_Keystone.png,2026-06-21 17:44:59,USA,MIXED,,LEFT-CENTER,Questionable Source
The Last Refuge,http://theconservativetreehouse.com,mediascopeAll/The_Last_Refuge.png,2026-06-20 21:03:58,USA,LOW,,EXTREME RIGHT,Questionable Source
The Last Resistance,http://lastresistance.com,mediascopeAll/The_Last_Resistance.png,2026-06-20 19:29:50,,,,RIGHT,Questionable Source
The Laugh Club,http://thelaughclub.net,mediascopeAll/The_Laugh_Club.png,2026-06-20 20:55:27,Sweden,LOW,,UNRATED,Questionable Source
The Liberal (Ireland),http://theliberal.ie,mediascopeAll/The_Liberal_Ireland.png,2026-06-20 20:50:32,Ireland,LOW,,RIGHT,Questionable Source
The Liberty Daily,http://thelibertydaily.com,mediascopeAll/The_Liberty_Daily.png,2026-06-20 20:30:55,USA,MIXED,,RIGHT,Questionable Source
The Liberty Revolution,http://thelibertyrevolution.com,mediascopeAll/The_Liberty_Revolution.png,2026-06-20 20:36:27,USA,LOW,,RIGHT,Questionable Source
The Maine Wire,http://themainewire.com,mediascopeAll/The_Maine_Wire.png,2026-06-20 20:49:03,USA,MIXED,,RIGHT,Questionable Source
The Manhattan,http://themanhattan.press,mediascopeAll/The_Manhattan.png,2026-06-20 22:28:56,USA,LOW,,EXTREME RIGHT,Questionable Source
The Millennium Report,http://themillenniumreport.com,mediascopeAll/The_Millennium_Report.png,2026-06-20 21:44:22,USA,LOW,,EXTREME RIGHT,Questionable Source
The National Patriot,http://www.thenationalpatriot.com,mediascopeAll/The_National_Patriot.png,2026-06-20 19:17:07,USA,LOW,,EXTREME RIGHT,Questionable Source
The National Pulse,http://thenationalpulse.com,mediascopeAll/The_National_Pulse.png,2026-06-20 22:17:53,,,,UNRATED,Questionable Source
The National (UAE),http://www.thenational.ae,mediascopeAll/The_National_UAE.png,2026-06-20 22:02:51,United Arab Emirates,MIXED,,RIGHT-CENTER,Questionable Source
The Nevadan,http://thenevadannews.com,mediascopeAll/The_Nevadan.png,2026-06-20 19:16:18,USA,MIXED,,LEFT-CENTER,Questionable Source
The New Region,http://thenewregion.com,mediascopeAll/The_New_Region.png,2026-06-20 21:39:37,Unknown,MIXED,,LEFT,Questionable Source
The Noticer,http://noticer.news,mediascopeAll/The_Noticer.png,2026-06-20 22:11:23,Australia,LOW,,EXTREME RIGHT,Questionable Source
The Ohio Independent,http://ohioindependent.com,mediascopeAll/The_Ohio_Independent.png,2026-06-20 19:40:06,USA,MIXED,,LEFT,Questionable Source
The Other 98%,http://other98.com,mediascopeAll/The_Other_98.png,2026-06-20 21:20:40,USA,LOW,,EXTREME LEFT,Questionable Source
The Patriot Nation,http://thepatriotnation.net,mediascopeAll/The_Patriot_Nation.png,2026-06-20 21:34:34,USA,LOW,,EXTREME RIGHT,Questionable Source
The Patriot Nurse,http://thepatriotnurse.com,mediascopeAll/The_Patriot_Nurse.png,2026-06-20 20:50:05,USA,MIXED,,RIGHT,Questionable Source
The Patriot Post,http://patriotpost.us,mediascopeAll/The_Patriot_Post.png,2026-06-20 22:28:33,USA,MIXED,,RIGHT,Questionable Source
The Post & Email,http://www.thepostemail.com,mediascopeAll/The_Post_Email.png,2026-06-20 21:39:31,USA,MIXED,,RIGHT,Questionable Source
The Quartering,http://thequartering.com,mediascopeAll/The_Quartering.png,2026-06-20 20:53:07,USA,LOW,,RIGHT,Questionable Source
The Rebel News,http://rebelnews.com,mediascopeAll/The_Rebel_News.png,2026-06-20 20:39:46,Canada,MIXED,,RIGHT,Questionable Source
The Remnant Newspaper,http://remnantnewspaper.com,mediascopeAll/The_Remnant_Newspaper.png,2026-06-20 19:43:03,USA,LOW,,EXTREME RIGHT,Questionable Source
The Right Scoop,http://therightscoop.com,mediascopeAll/The_Right_Scoop.png,2026-06-20 19:51:14,Canada,MIXED,,RIGHT,Questionable Source
The Right Stuff,http://therightstuff.biz,mediascopeAll/The_Right_Stuff.png,2026-06-20 20:01:42,USA,VERY LOW,,EXTREME RIGHT,Questionable Source
The Ron Paul Institute,http://www.ronpaulinstitute.org,mediascopeAll/The_Ron_Paul_Institute.png,2026-06-20 21:12:51,,MIXED,,RIGHT,Questionable Source
The Sarkari Form,http://thesarkariform.com,mediascopeAll/The_Sarkari_Form.png,2026-06-20 20:50:33,USA,MIXED,,LEFT,Questionable Source
The Science Times,http://sciencetimes.com,mediascopeAll/The_Science_Times.png,2026-06-20 20:56:32,USA,MIXED,,RIGHT-CENTER,Questionable Source
The Scoop,http://thescoop.us,mediascopeAll/The_Scoop.png,2026-06-20 19:38:54,USA,MIXED,,RIGHT,Questionable Source
The Tehran Times,http://www.tehrantimes.com,mediascopeAll/The_Tehran_Times.png,2026-06-20 21:46:29,Iran,MIXED,,RIGHT,Questionable Source
The Times of America,http://www.digifection.com,mediascopeAll/The_Times_of_America.png,2026-06-20 21:19:18,Unknown,VERY LOW,,EXTREME RIGHT,Questionable Source
The Union Journal,http://theunionjournal.com,mediascopeAll/The_Union_Journal.png,2026-06-20 19:08:56,Unknown,LOW,,UNRATED,Questionable Source
The Unz Review,http://www.unz.com,mediascopeAll/The_Unz_Review.png,2026-06-20 20:23:09,USA,LOW,,EXTREME RIGHT,Questionable Source
Thejeffreylord,http://Thejeffreylord.com,mediascopeAll/Thejeffreylord.png,2026-06-20 22:11:02,USA,MIXED,,RIGHT,Questionable Source
Today In Huntington,http://todayinhuntington.com,mediascopeAll/Today_In_Huntington.png,2026-06-20 21:34:16,USA,MIXED,,LEAST BIASED,Questionable Source
Today in Norfolk,http://todayinnorfolk.com,mediascopeAll/Today_in_Norfolk.png,2026-06-20 21:34:30,USA,MIXED,,LEAST BIASED,Questionable Source
Today in Virginia Beach,http://todayinvirginiabeach.com,mediascopeAll/Today_in_Virginia_Beach.png,2026-06-20 20:47:18,USA,MIXED,,LEAST BIASED,Questionable Source
Today is America,http://todayisamerica.com,mediascopeAll/Today_is_America.png,2026-06-20 19:50:34,USA,MIXED,,RIGHT,Questionable Source
ToddStarnes,http://ToddStarnes.com,mediascopeAll/ToddStarnes.png,2026-06-20 19:30:33,USA,MIXED,,EXTREME RIGHT,Questionable Source
Torreon Post,http://thetorreonpost.com,mediascopeAll/Torreon_Post.png,2026-06-20 22:07:12,Unknown,MIXED,,LEFT-CENTER,Questionable Source
Toutiao,http://toutiao.com,mediascopeAll/Toutiao.png,2026-06-20 20:45:21,China,MIXED,,LEFT-CENTER,Questionable Source
Transgender Trend,http://transgendertrend.com,mediascopeAll/Transgender_Trend.png,2026-06-20 20:45:00,United Kingdom,LOW,,RIGHT,Questionable Source
TrendingPoliticsNews,http://TrendingPoliticsNews.com,mediascopeAll/TrendingPoliticsNews.png,2026-06-20 19:54:20,USA,MIXED,,RIGHT,Questionable Source
Trump.News,http://trump.news,mediascopeAll/Trump.News.png,2026-06-20 22:03:56,USA,VERY LOW,,EXTREME RIGHT,Questionable Source
TrumpArea,http://trumparea.com,mediascopeAll/TrumpArea.png,2026-06-20 20:12:25,USA,LOW,,EXTREME RIGHT,Questionable Source
Trump Train News,http://trumptrainnews.com,mediascopeAll/Trump_Train_News.png,2026-06-20 22:28:14,USA,MIXED,,EXTREME RIGHT,Questionable Source
Truth Based Media,http://truthbasedmedia.com,mediascopeAll/Truth_Based_Media.png,2026-06-20 20:49:49,Unknown,VERY LOW,,EXTREME RIGHT,Questionable Source
Truth and Action,http://www.truthandaction.org,mediascopeAll/Truth_and_Action.png,2026-06-20 20:57:32,USA,LOW,,EXTREME RIGHT,Questionable Source
Tsargrad TV,http://tsargrad.tv,mediascopeAll/Tsargrad_TV.png,2026-06-20 21:58:48,Russia,MIXED,,RIGHT-CENTER,Questionable Source
Turkmenistan Free Press,http://turkmenistanfreepress.com,mediascopeAll/Turkmenistan_Free_Press.png,2026-06-20 19:08:57,United States,MIXED,,LEFT,Questionable Source
Turning Point USA,http://www.tpusa.com,mediascopeAll/Turning_Point_USA.png,2026-06-20 22:26:54,USA,LOW,,RIGHT,Questionable Source
Turning Point USA Faith,http://tpusafaith.com,mediascopeAll/Turning_Point_USA_Faith.png,2026-06-20 21:24:51,USA,LOW,,RIGHT,Questionable Source
USA Supreme,http://www.usasupreme.com,mediascopeAll/USA_Supreme.png,2026-06-20 21:13:09,Unknown,VERY LOW,,EXTREME RIGHT,Questionable Source
USAmidia,http://usamidia.com,mediascopeAll/USAmidia.png,2026-06-20 20:50:42,Unknown,VERY LOW,,RIGHT,Questionable Source
USNN –,http://usnn.com,mediascopeAll/USNN.png,2026-06-21 17:45:50,USA,MIXED,,LEAST BIASED,Questionable Source
US Daily Report,http://usdailyreport.com,mediascopeAll/US_Daily_Report.png,2026-06-20 21:02:36,Unknown,LOW,,RIGHT,Questionable Source
Ukraina,http://Ukraina.ru,mediascopeAll/Ukraina.png,2026-06-20 21:35:42,Russia,MIXED,,RIGHT-CENTER,Questionable Source
UncoverDC,http://UncoverDC.com,mediascopeAll/UncoverDC.png,2026-06-20 21:57:48,USA,LOW,,EXTREME RIGHT,Questionable Source
Unite America First,http://uniteamericafirst.com,mediascopeAll/Unite_America_First.png,2026-06-20 19:13:27,USA,LOW,,EXTREME RIGHT,Questionable Source
Upper Cumberland Times,http://uppercumberlandtimes.com,mediascopeAll/Upper_Cumberland_Times.png,2026-06-20 20:27:08,USA,MIXED,,RIGHT-CENTER,Questionable Source
Upper West SC News,http://upperwestscnews.com,mediascopeAll/Upper_West_SC_News.png,2026-06-20 20:17:51,USA,MIXED,,RIGHT-CENTER,Questionable Source
Upstate SC News,http://upstatescnews.com,mediascopeAll/Upstate_SC_News.png,2026-06-20 19:29:15,USA,MIXED,,RIGHT-CENTER,Questionable Source
Urban Scoop,http://urbanscoop.news,mediascopeAll/Urban_Scoop.png,2026-06-21 17:44:28,United Kingdom,MIXED,,RIGHT,Questionable Source
Urdupoint,http://urdupoint.com,mediascopeAll/Urdupoint.png,2026-06-20 20:36:50,Pakistan,MIXED,,RIGHT-CENTER,Questionable Source
Utah Business Daily,http://businessdailynetwork.com/states/ut,mediascopeAll/Utah_Business_Daily.png,2026-06-20 20:40:21,USA,MIXED,,RIGHT-CENTER,Questionable Source
Utah Standard News,http://utahstandardnews.com,mediascopeAll/Utah_Standard_News.png,2026-06-20 20:54:13,USA,LOW,,RIGHT,Questionable Source
Utah Valley Times,http://utahvalleytimes.com,mediascopeAll/Utah_Valley_Times.png,2026-06-20 19:15:54,USA,MIXED,,RIGHT-CENTER,Questionable Source
VZ,http://VZ.ru,mediascopeAll/VZ.png,2026-06-20 20:34:27,Russia,MIXED,,RIGHT-CENTER,Questionable Source
Vacationland Times,http://vacationlandtimes.com,mediascopeAll/Vacationland_Times.png,2026-06-20 19:13:51,USA,MIXED,,RIGHT-CENTER,Questionable Source
Valeurs Actuelles,http://ValeursActuelles.com,mediascopeAll/Valeurs_Actuelles.png,2026-06-20 19:27:11,France,MIXED,,RIGHT,Questionable Source
Vdare,http://www.vdare.com,mediascopeAll/Vdare.png,2026-06-20 19:45:58,USA,LOW,,EXTREME RIGHT,Questionable Source
Vidmax,http://vidmax.com,mediascopeAll/Vidmax.png,2026-06-20 19:18:53,Cyprus,LOW,,EXTREME RIGHT,Questionable Source
Vision Times,http://visiontimes.com,mediascopeAll/Vision_Times.png,2026-06-20 21:07:01,USA,MIXED,,RIGHT,Questionable Source
Voice of Rural America,http://voiceofruralamerica.com,mediascopeAll/Voice_of_Rural_America.png,2026-06-20 19:59:01,USA,LOW,,EXTREME RIGHT,Questionable Source
Volunteer State News,http://volunteerstatenews.com,mediascopeAll/Volunteer_State_News.png,2026-06-20 20:18:05,USA,MIXED,,RIGHT-CENTER,Questionable Source
WC Minnesota News,http://wcminnesotanews.com,mediascopeAll/WC_Minnesota_News.png,2026-06-20 19:39:21,USA,MIXED,,RIGHT-CENTER,Questionable Source
WND News Center,http://wndnewscenter.org,mediascopeAll/WND_News_Center.png,2026-06-20 19:51:38,USA,LOW,,EXTREME RIGHT,Questionable Source
WTF Detective,http://wtfdetective.blog,mediascopeAll/WTF_Detective.png,2026-06-20 21:43:55,Unknown,MIXED,,LEFT-CENTER,Questionable Source
WallBuilders,http://wallbuilders.com,mediascopeAll/WallBuilders.png,2026-06-20 19:27:03,USA,LOW,,EXTREME RIGHT,Questionable Source
Washington Times,http://www.washingtontimes.com,mediascopeAll/Washington_Times.png,2026-06-21 17:44:21,USA,MIXED,,RIGHT-CENTER,Questionable Source
Wastach News,http://wastachnews.com,mediascopeAll/Wastach_News.png,2026-06-20 20:35:24,USA,MIXED,,RIGHT-CENTER,Questionable Source
Wausau Today –,http://wausautoday.com,mediascopeAll/Wausau_Today.png,2026-06-20 20:39:19,USA,MIXED,,LEAST BIASED,Questionable Source
Wayne County Today,http://waynecountytoday.com,mediascopeAll/Wayne_County_Today.png,2026-06-20 20:54:44,USA,MIXED,,RIGHT-CENTER,Questionable Source
WeChat,http://mp.weixin.qq.com,mediascopeAll/WeChat.png,2026-06-20 22:20:28,China,MIXED,,LEFT,Questionable Source
Wealth Management Wire,http://wealthmanagementwire.com,mediascopeAll/Wealth_Management_Wire.png,2026-06-20 19:48:58,USA,MIXED,,RIGHT-CENTER,Questionable Source
Weber Times,http://webertimes.com,mediascopeAll/Weber_Times.png,2026-06-20 20:38:00,USA,MIXED,,RIGHT-CENTER,Questionable Source
Weibo (Weibo.com,https://weibo.com,mediascopeAll/Weibo_Weibo.com.png,2026-06-20 22:25:07,China,MIXED,,LEFT,Questionable Source
West Central PA News,http://wcpanews.com,mediascopeAll/West_Central_PA_News.png,2026-06-20 22:00:59,USA,MIXED,,RIGHT-CENTER,Questionable Source
West Hillsborough News,http://westhillsboroughnews.com,mediascopeAll/West_Hillsborough_News.png,2026-06-20 20:09:58,USA,MIXED,,RIGHT-CENTER,Questionable Source
West Montgomery Times,http://westmonttimes.com,mediascopeAll/West_Montgomery_Times.png,2026-06-20 20:40:53,USA,MIXED,,RIGHT-CENTER,Questionable Source
West PDX Today,http://westpdxtoday.com,mediascopeAll/West_PDX_Today.png,2026-06-20 19:30:05,USA,MIXED,,RIGHT-CENTER,Questionable Source
West SLC News,http://westslcnews.com,mediascopeAll/West_SLC_News.png,2026-06-20 20:36:03,USA,MIXED,,RIGHT-CENTER,Questionable Source
West Stark News,http://weststarknews.com,mediascopeAll/West_Stark_News.png,2026-06-20 19:36:35,USA,MIXED,,RIGHT-CENTER,Questionable Source
Western South Dakota News,http://westernsdnews.com,mediascopeAll/Western_South_Dakota_News.png,2026-06-20 19:46:56,USA,MIXED,,RIGHT-CENTER,Questionable Source
Westmoreland Review,http://westmorelandreview.com,mediascopeAll/Westmoreland_Review.png,2026-06-20 21:21:48,USA,MIXED,,RIGHT-CENTER,Questionable Source
What’s the Harm,http://whatstheharm.net,mediascopeAll/What_s_the_Harm.png,2026-06-20 20:19:51,Unknown,MIXED,,UNRATED,Questionable Source
Whatfinger,http://www.whatfinger.com,mediascopeAll/Whatfinger.png,2026-06-20 19:38:17,USA,LOW,,EXTREME RIGHT,Questionable Source
White House Wire,http://whitehouse.gov/wire,mediascopeAll/White_House_Wire.png,2026-06-20 19:12:53,USA,MIXED,,RIGHT,Questionable Source
White Papers Policy Institute,http://whitepaperspolicy.org,mediascopeAll/White_Papers_Policy_Institute.png,2026-06-20 19:22:51,USA,LOW,,EXTREME RIGHT,Questionable Source
Whitehouse,http://Whitehouse.gov,mediascopeAll/Whitehouse.png,2026-06-20 19:54:39,USA,MIXED,,RIGHT,Questionable Source
Wichita Standard,http://wichitastandard.com,mediascopeAll/Wichita_Standard.png,2026-06-20 21:20:33,USA,MIXED,,RIGHT-CENTER,Questionable Source
Williamson News,http://williamsonnews.com,mediascopeAll/Williamson_News.png,2026-06-20 20:27:24,USA,MIXED,,RIGHT-CENTER,Questionable Source
WiseVoter,http://Wisevoter.com,mediascopeAll/WiseVoter.png,2026-06-20 19:30:30,USA,MIXED,,LEFT-CENTER,Questionable Source
Witherspoon Institute,http://www.thepublicdiscourse.com,mediascopeAll/Witherspoon_Institute.png,2026-06-20 20:58:23,USA,LOW,,EXTREME RIGHT,Questionable Source
WorldStarHipHop,http://worldstarhiphop.com,mediascopeAll/WorldStarHipHop.png,2026-06-20 21:45:38,USA,MIXED,,LEFT,Questionable Source
World Net Daily,http://www.wnd.com,mediascopeAll/World_Net_Daily.png,2026-06-20 20:29:07,USA,LOW,,EXTREME RIGHT,Questionable Source
World News,http://wn.com,mediascopeAll/World_News.png,2026-06-20 22:29:50,USA,MIXED,,LEAST BIASED,Questionable Source
World Tribune,http://worldtribune.com,mediascopeAll/World_Tribune.png,2026-06-20 19:26:17,USA,LOW,,RIGHT,Questionable Source
Xinhua English,http://News.cn,mediascopeAll/Xinhua_English.png,2026-06-20 20:02:16,China,MIXED,,LEFT,Questionable Source
Xinhua News Agency,http://xinhuanet.com,mediascopeAll/Xinhua_News_Agency.png,2026-06-20 21:44:28,China,MIXED,,LEFT,Questionable Source
York County News,http://yorkconews.com,mediascopeAll/York_County_News.png,2026-06-20 20:34:05,USA,MIXED,,RIGHT-CENTER,Questionable Source
Young Americans for Liberty,http://yaliberty.org,mediascopeAll/Young_Americans_for_Liberty.png,2026-06-20 20:29:51,USA,LOW,,RIGHT,Questionable Source
Young Conservatives,http://analyzingamerica.org/youngconservatives,mediascopeAll/Young_Conservatives.png,2026-06-20 19:20:20,USA,MIXED,,EXTREME RIGHT,Questionable Source
Z3 News,http://z3news.com,mediascopeAll/Z3_News.png,2026-06-20 20:37:07,USA,VERY LOW,,EXTREME RIGHT,Questionable Source
iHarare,http://iharare.com,mediascopeAll/iHarare.png,2026-06-20 19:05:29,Zimbabwe,MIXED,,LEFT,Questionable Source
xyz.net,http://xyz.net.au,mediascopeAll/xyz.net.png,2026-06-20 21:09:48,Australia,LOW,,EXTREME RIGHT,Questionable Source
