model,key,truth,pred
majority,100fedup,right,right-center
majority,404media,left-center,right-center
majority,7news,right-center,right-center
majority,972magazine,left-center,right-center
majority,abc11eyewitnessnews,left-center,right-center
majority,aptnnationalnews,left-center,right-center
majority,adfontesmedia,center,right-center
majority,adareporter,right-center,right-center
majority,adamsnews,right,right-center
majority,airdriecityview,left-center,right-center
majority,akronreporter,right-center,right-center
majority,albuquerquejournal,right-center,right-center
majority,alohastatenews,right-center,right-center
majority,amandla,left,right-center
majority,americanaffairsjournal,right-center,right-center
majority,americancenterforlawjustice,right,right-center
majority,americansunitedforseparationofchurchandstate,left,right-center
majority,amnestyinternational,left-center,right-center
majority,analyticsindiamagazine,right-center,right-center
majority,annarbortimes,right-center,right-center
majority,anokatimes,right-center,right-center
majority,arizonacapitoltimes,left-center,right-center
majority,arizonarepublic,left-center,right-center
majority,arlingtonheightsdailyherald,right-center,right-center
majority,armedforcespress,right,right-center
majority,armstrongeconomics,right,right-center
majority,armytimes,center,right-center
majority,ashevillereporter,right-center,right-center
majority,asiatimes,center,right-center
majority,atlantablackstar,left-center,right-center
majority,atlantic,left-center,right-center
majority,atlasintel,center,right-center
majority,automotivedive,center,right-center
majority,bdnews24,left-center,right-center
majority,bajacaliforniapost,left-center,right-center
majority,baldwintimes,right-center,right-center
majority,banburyguardian,center,right-center
majority,bartlesvilleexaminerenterprise,left-center,right-center
majority,belfercenterforscienceandinternationalaffairs,left-center,right-center
majority,biasednews,right,right-center
majority,bignewsnetwork,center,right-center
majority,billmoyerscom,left,right-center
majority,billtrack50,center,right-center
majority,bipartisanpolicycenter,right-center,right-center
majority,birminghamworld,center,right-center
majority,bloomingtonheraldtimes,left-center,right-center
majority,bloomingtonleader,right-center,right-center
majority,boisecitywire,right-center,right-center
majority,borgenmagazine,left-center,right-center
majority,borgenproject,left-center,right-center
majority,bostonglobe,left-center,right-center
majority,bothellreporter,center,right-center
majority,brevardsun,right-center,right-center
majority,buckeyereporter,right-center,right-center
majority,buckscountycouriertimes,left-center,right-center
majority,bucyrustelegraphforum,left-center,right-center
majority,burlingtonreporter,right-center,right-center
majority,cstoredive,center,right-center
majority,cctvinternational,left-center,right-center
majority,cabarrustoday,right-center,right-center
majority,calgarysun,right-center,right-center
majority,californiapoliticalreview,right-center,right-center
majority,californiacollapsenews,right,right-center
majority,campechepost,left-center,right-center
majority,cantonrepository,left-center,right-center
majority,castoradvance,left-center,right-center
majority,catholictribunemichigan,right-center,right-center
majority,catholictribuneminnesota,right-center,right-center
majority,censortrack,right,right-center
majority,centerforamericanprogress,left,right-center
majority,centerforsecuritypolicy,right,right-center
majority,chambanasun,right-center,right-center
majority,changeresearch,left,right-center
majority,checkyourfact,right-center,right-center
majority,cheddar,left-center,right-center
majority,chinadaily,left,right-center
majority,ciodive,center,right-center
majority,citizentruth,left-center,right-center
majority,citynewstoronto,center,right-center
majority,clarionledger,left-center,right-center
majority,clarkforkvalleypress,center,right-center
majority,clayreporter,right-center,right-center
majority,cleantechnica,left-center,right-center
majority,climatesciencepolicywatch,left-center,right-center
majority,coconinonews,right-center,right-center
majority,codastory,left,right-center
majority,coloradofreepress,right,right-center
majority,columbiajournalismreview,left-center,right-center
majority,comicsands,left,right-center
majority,commentarymagazine,right,right-center
majority,concernedwomenforamerica,right,right-center
majority,concordledger,right-center,right-center
majority,conservativeopinion,right,right-center
majority,constructiondive,center,right-center
majority,countercurrentsorg,left,right-center
majority,creationministriesinternational,right,right-center
majority,creationevolutionheadlines,right,right-center
majority,crossexaminedorg,right,right-center
majority,cursor,left-center,right-center
majority,cygnalpolling,right-center,right-center
majority,dailydot,left,right-center
majority,dailykos,left,right-center
majority,dailypress,right-center,right-center
majority,dailytorch,right,right-center
majority,dailyveracity,right,right-center
majority,dailyo,right-center,right-center
majority,dartmouthtimes,right-center,right-center
majority,daventryexpress,center,right-center
majority,defector,left-center,right-center
majority,defenddemocracypress,left,right-center
majority,defenseworldnet,center,right-center
majority,dekalbdailychronicle,center,right-center
majority,delawareonlinethenewsjournal,left-center,right-center
majority,democracyfundvoice,left-center,right-center
majority,democratandchronicle,left-center,right-center
majority,desmoinessun,right-center,right-center
majority,deseretnews,right-center,right-center
majority,digg,left-center,right-center
majority,digitimesasia,center,right-center
majority,discoveryinstitute,right,right-center
majority,dissentmagazine,left,right-center
majority,doctorswithoutborders,center,right-center
majority,downsizingthefederalgovernment,right-center,right-center
majority,dubuquetimes,right-center,right-center
majority,duluthnewstribune,center,right-center
majority,enews,center,right-center
majority,ecoklahomanews,right-center,right-center
majority,euvsdisinfo,left-center,right-center
majority,earthorg,left-center,right-center
majority,eastcentralreporter,right-center,right-center
majority,eastlondonandwestessexguardian,center,right-center
majority,eastpanhandlenews,right-center,right-center
majority,eastsandiegonews,right-center,right-center
majority,eastwaketimes,right-center,right-center
majority,ecowatch,left,right-center
majority,educationdailywire,right-center,right-center
majority,egyptianstreets,left-center,right-center
majority,electronicintifada,left,right-center
majority,elkodailyfreepress,center,right-center
majority,ellwoodcityledger,left-center,right-center
majority,emirates247,right-center,right-center
majority,enchantmentstatenews,right-center,right-center
majority,entertainmentweekly,left-center,right-center
majority,esquiremagazine,left,right-center
majority,facilitiesdive,center,right-center
majority,factcheckni,center,right-center
majority,factsnet,center,right-center
majority,faithfreedomcoalition,right,right-center
majority,fargostandard,right-center,right-center
majority,financialtechtimes,left-center,right-center
majority,focusonthefamily,right,right-center
majority,fortsmithtimes,right-center,right-center
majority,fostersdailydemocrat,center,right-center
majority,freedomfromreligionfoundation,left,right-center
majority,fremontnewsmessenger,left-center,right-center
majority,freshoffthepress,right,right-center
majority,frontpagenewspaper,right-center,right-center
majority,gzeromedia,left-center,right-center
majority,geopoliticalintelligenceservices,right-center,right-center
majority,georgiamountainnews,right-center,right-center
majority,glasgowtimes,center,right-center
majority,goderichsignalstar,right-center,right-center
majority,grandjunctiontimes,right-center,right-center
majority,granitegrok,right,right-center
majority,greenevillesun,left-center,right-center
majority,greenlininginstitute,left,right-center
majority,grundyreporter,right-center,right-center
majority,hrdive,center,right-center
majority,heartlandinstitute,right,right-center
majority,helensburghadvertiser,center,right-center
majority,herbsnews,right,right-center
majority,heritagefoundation,right,right-center
majority,hongkongfreepress,left-center,right-center
majority,hopekinsvilletimes,right-center,right-center
majority,hudsontoday,right-center,right-center
majority,huntsvilleleader,right-center,right-center
majority,ipmnewsroom,left-center,right-center
majority,imperialcanews,right-center,right-center
majority,indexmundi,center,right-center
majority,infoplease,left-center,right-center
majority,instituteforthestudyofglobalizationandcovertpolitics,right,right-center
majority,intellectualtakeout,right,right-center
majority,investigatewest,left-center,right-center
majority,iowacitytoday,right-center,right-center
majority,jeffersoncitynews,right-center,right-center
majority,kait8tv,center,right-center
majority,kbutnprcrestedbutte,left-center,right-center
majority,kcfcnprboulder,left-center,right-center
majority,kkat860amsaltlakecity,right,right-center
majority,kkoh780amreno,right,right-center
majority,krccnprcoloradosprings,left-center,right-center
majority,kvaleugenenews,right-center,right-center
majority,kankakeetimes,right-center,right-center
majority,kauaisun,right-center,right-center
majority,keighleynews,center,right-center
majority,kerncountrytimes,right-center,right-center
majority,kirklandlakenorthernnews,right-center,right-center
majority,lagrangedailynews,right-center,right-center
majority,laborpains,right,right-center
majority,laphamsquarterly,left-center,right-center
majority,lawrencereporter,right-center,right-center
majority,leighjournal,center,right-center
majority,lifewire,center,right-center
majority,limareporter,right-center,right-center
majority,livingstontoday,right-center,right-center
majority,logically,center,right-center
majority,louisvillecitywire,right-center,right-center
majority,ludlowadvertiser,center,right-center
majority,magicvalleytimes,right-center,right-center
majority,magnoliastatenews,right-center,right-center
majority,manilabusinessdaily,right-center,right-center
majority,mauireporter,right-center,right-center
majority,mazatlanpost,left-center,right-center
majority,mediamatters,left,right-center
majority,merrimackvalleynews,right-center,right-center
majority,metroweekly,left,right-center
majority,midcoasttoday,right-center,right-center
majority,midnorthmonitor,right-center,right-center
majority,middleeastinstitute,center,right-center
majority,minnesotasun,right,right-center
majority,mitchelladvocate,right-center,right-center
majority,mohawkvalleytimes,right-center,right-center
majority,monmouthtimes,right-center,right-center
majority,monterreydailypost,left-center,right-center
majority,morrisleader,right-center,right-center
majority,moveon,left,right-center
majority,muslimskeptic,right,right-center
majority,ncmississippinews,right-center,right-center
majority,neatlantanews,right-center,right-center
majority,necalinews,right-center,right-center
majority,nelouisiananews,right-center,right-center
majority,nepiedmontnews,right-center,right-center
majority,nwillinoisnews,right-center,right-center
majority,nwkentuckynews,right-center,right-center
majority,nwlatimes,right-center,right-center
majority,nwminnesotanews,right-center,right-center
majority,nwvalleytimes,right-center,right-center
majority,nationalassociationofscholars,right,right-center
majority,nationalcenterforpublicpolicyresearch,right,right-center
majority,naturalresourcegovernanceinstitute,left-center,right-center
majority,northbirminghamtimes,right-center,right-center
majority,northcolumbusnews,right-center,right-center
majority,northcooknews,right-center,right-center
majority,northessexnews,right-center,right-center
majority,northindynews,right-center,right-center
majority,northkentuckynews,right-center,right-center
majority,northoctimes,right-center,right-center
majority,northpalmbeachtoday,right-center,right-center
majority,nunavutnews,left-center,right-center
majority,oceancountyleader,right-center,right-center
majority,offthepress,right,right-center
majority,offthegridnews,right,right-center
majority,ohmymag,center,right-center
majority,outerbankstimes,right-center,right-center
majority,pamedia,center,right-center
majority,panamacityreporter,right-center,right-center
majority,parentsdefendingeducation,right,right-center
majority,pascoreporter,right-center,right-center
majority,passaictoday,right-center,right-center
majority,peacegardennews,right-center,right-center
majority,peoriajournalstar,center,right-center
majority,pharmavoice,center,right-center
majority,pinehursttoday,right-center,right-center
majority,pioneervalleyadvocate,left-center,right-center
majority,politicalanimalnews,right,right-center
majority,portagetimes,right-center,right-center
majority,prairiestatewire,right-center,right-center
majority,pueblapost,left-center,right-center
majority,punchingbagpost,right,right-center
majority,rabbleca,left,right-center
majority,randcorporation,center,right-center
majority,rapidcityjournal,center,right-center
majority,rationalwiki,left-center,right-center
majority,rawstory,left,right-center
majority,readingchronicle,center,right-center
majority,realnewsnetwork,left,right-center
majority,reclaimthenet,right,right-center
majority,redicetv,right,right-center
majority,redoubtnews,right,right-center
majority,redwoodempirenews,right-center,right-center
majority,remingtonresearchgroup,center,right-center
majority,renogazettejournal,left-center,right-center
majority,renoreporter,right-center,right-center
majority,restaurantdive,center,right-center
majority,restoreamericanglory,right,right-center
majority,revcomus,left,right-center
majority,richmondside,left-center,right-center
majority,ricochet,right,right-center
majority,rivervalleytoday,right-center,right-center
majority,riverdalepress,center,right-center
majority,rockymounttelegram,left-center,right-center
majority,scotusblog,center,right-center
majority,sealaskanews,right-center,right-center
majority,sebluegrassnews,right-center,right-center
majority,seconnecticutnews,right-center,right-center
majority,segrandrapidsnews,right-center,right-center
majority,sekansascitynews,right-center,right-center
majority,sekansasnews,right-center,right-center
majority,sekentuckynews,right-center,right-center
majority,senorthcarolinanews,right-center,right-center
majority,sevegasnews,right-center,right-center
majority,swalaskanews,right-center,right-center
majority,swcoloradonews,right-center,right-center
majority,swmissourinews,right-center,right-center
majority,swoklahomanews,right-center,right-center
majority,swriversidenews,right-center,right-center
majority,salemradionetworknews,right-center,right-center
majority,sandhillstoday,right-center,right-center
majority,saultthisweek,right-center,right-center
majority,savannahmorningnews,right-center,right-center
majority,savejersey,right,right-center
majority,showmestatetimes,right-center,right-center
majority,shreveportreporter,right-center,right-center
majority,sludge,left,right-center
majority,somersettimes,right-center,right-center
majority,sonsof1776,right,right-center
majority,southafricatoday,right,right-center
majority,southcharlottetoday,right-center,right-center
majority,southcolumbusnews,right-center,right-center
majority,southcooknews,right-center,right-center
majority,southfranklinnews,right-center,right-center
majority,southfultontoday,right-center,right-center
majority,southiowanews,right-center,right-center
majority,southlouisiananews,right-center,right-center
majority,southsummitnews,right-center,right-center
majority,southtulsatoday,right-center,right-center
majority,southwichitanews,right-center,right-center
majority,southernindianatoday,right-center,right-center
majority,southwestmontananews,right-center,right-center
majority,southwestorangeobserver,center,right-center
majority,springtimes,right-center,right-center
majority,stjoebentonharbornews,right-center,right-center
majority,stjohnstelegram,right-center,right-center
majority,stanislausnews,right-center,right-center
majority,stateline,left,right-center
majority,sturgiscoldwaternews,right-center,right-center
majority,supplychaindive,center,right-center
majority,survivalnews1,right,right-center
majority,tfppwire,right,right-center
majority,tmz,right-center,right-center
majority,techstartups,right-center,right-center
majority,tenthamendmentcenter,right,right-center
majority,tharawatmagazine,right-center,right-center
majority,thedispatch,right-center,right-center
majority,thefreepress,right-center,right-center
majority,thepalestinechronicle,left,right-center
majority,thesolutionsproject,left,right-center
majority,thesouthafrican,left-center,right-center
majority,thespinoff,left-center,right-center
majority,thewisconsinindependent,left,right-center
majority,thisdaylive,right-center,right-center
majority,tobacconewswire,right-center,right-center
majority,toofab,left,right-center
majority,towncountrymagazine,left-center,right-center
majority,tradingeconomics,center,right-center
majority,trendingpolitics,right,right-center
majority,truthforhealthfoundation,right,right-center
majority,tulsastandard,right-center,right-center
majority,tuscaloosaleader,right-center,right-center
majority,usatoday,left-center,right-center
majority,vaccineimpact,right,right-center
majority,vaccineinjurynews,right,right-center
majority,vanityfair,left,right-center
majority,vintoncountycourier,left-center,right-center
majority,voiceofamerica,center,right-center
majority,wltreport,right,right-center
majority,woflfox35orlando,center,right-center
majority,wpnmleipsicnews,center,right-center
majority,wwtn997fmnashville,right,right-center
majority,waltonfamilyfoundation,center,right-center
majority,warnerrobinstoday,right-center,right-center
majority,washingtonmonthly,left-center,right-center
majority,wataugademocrat,left-center,right-center
majority,weatherforddemocrat,left-center,right-center
majority,westatlantanews,right-center,right-center
majority,westcentralreporter,right-center,right-center
majority,westlatimes,right-center,right-center
majority,westnynews,right-center,right-center
majority,westoctimes,right-center,right-center
majority,westwakenews,right-center,right-center
majority,westchesterreporter,right-center,right-center
majority,westernmassnews,center,right-center
majority,westernndnews,right-center,right-center
majority,wiartonecho,right-center,right-center
majority,wiregrasstimes,right-center,right-center
majority,woodstocksentinelreview,right-center,right-center
majority,yadkinripple,left-center,right-center
majority,yankeeinstituteforpublicpolicy,right-center,right-center
majority,yukonnews,left-center,right-center
majority,actforamerica,right,right-center
majority,abakannews,right,right-center
majority,americangulag,right,right-center
majority,americanpatriotdaily,right,right-center
majority,autulu,center,right-center
majority,beehivestatenews,right-center,right-center
majority,berdyansknews,right,right-center
majority,berkscountynews,right-center,right-center
majority,blacknews,left,right-center
majority,bongino,right,right-center
majority,c19ivermectin,right,right-center
majority,cambriatimes,right-center,right-center
majority,centralchestertoday,right-center,right-center
majority,centralidahotimes,right-center,right-center
majority,climaterealism,right,right-center
majority,co2coalition,right,right-center
majority,coalregionnews,right-center,right-center
majority,collintimes,right-center,right-center
majority,conchovalleynews,right-center,right-center
majority,conservativefiringline,right,right-center
majority,conservativeplaylist,right,right-center
majority,conservativeundergroundnews,right,right-center
majority,crawfordtimes,right-center,right-center
majority,dagestannews,right,right-center
majority,dailyburlington,center,right-center
majority,dailyflowermound,center,right-center
majority,dailyjanesville,center,right-center
majority,dailymcallen,center,right-center
majority,dailynewbraunfels,center,right-center
majority,dailyroundrock,center,right-center
majority,dailyspokanevalley,center,right-center
majority,dailytacoma,center,right-center
majority,dauphinnews,right-center,right-center
majority,davistimes,right-center,right-center
majority,desantisdaily,right,right-center
majority,demstate,right-center,right-center
majority,derstatus,right,right-center
majority,donbasscenter,right,right-center
majority,download,right,right-center
majority,druthers,right,right-center
majority,dzen,right-center,right-center
majority,ecmississippinews,right-center,right-center
majority,endthefed,right,right-center
majority,eviemagazine,right,right-center
majority,farsnewsagency,left-center,right-center
majority,fdesouche,right,right-center
majority,fivenation,right,right-center
majority,frankspeech,right,right-center
majority,friatiderfreetimes,right,right-center
majority,frontpagemagazine,right,right-center
majority,gbnewsuk,right,right-center
majority,gopusa,right,right-center
majority,gaysagainstgroomers,right,right-center
majority,gellerreport,right,right-center
majority,georgiarecord,right,right-center
majority,ghost,right,right-center
majority,gooddaybrownsville,center,right-center
majority,gooddayportangeles,center,right-center
majority,gooddayvancouver,center,right-center
majority,happyvalleytimes,right-center,right-center
majority,headlineusa,right,right-center
majority,hopkinsvilletimes,right-center,right-center
majority,illegalaliencrimereport,right,right-center
majority,informationliberation,right,right-center
majority,ingushetiyanews,right,right-center
majority,intelli,center,right-center
majority,irkutsknews,right,right-center
majority,ivermectinforcovid19,right,right-center
majority,joehoft,right,right-center
majority,kentcountytimes,right-center,right-center
majority,kerncountytimes,right-center,right-center
majority,kirovnews,right,right-center
majority,kremlin,right-center,right-center
majority,lnrnews,right,right-center
majority,laredotoday,center,right-center
majority,lebanonpanews,right-center,right-center
majority,leftaction,left,right-center
majority,libsoftiktok,right,right-center
majority,lifenews,right,right-center
majority,lugansknews,right,right-center
majority,magadannews,right,right-center
majority,marylandbusinessdaily,right-center,right-center
majority,metricmedia,right-center,right-center
majority,miamistandard,right,right-center
majority,middleeastmediaresearchinstitutememri,right,right-center
majority,middleeastnewsagency,right-center,right-center
majority,minnesotabusinessdaily,right-center,right-center
majority,misionverdad,left,right-center
majority,moldovanews,right,right-center
majority,monroecountynews,right-center,right-center
majority,morningmurfreesboro,center,right-center
majority,moskvanews,right,right-center
majority,myrtlebeachleader,right-center,right-center
majority,ncbusinessdaily,right-center,right-center
majority,nealabamanews,right-center,right-center
majority,nashvillestandard,right-center,right-center
majority,nikopolnews,right,right-center
majority,ninefornews,right,right-center
majority,northdakotabusinessdaily,right-center,right-center
majority,novosibirsknews,right,right-center
majority,odessanews,right,right-center
majority,origo,right,right-center
majority,orinocotribune,left,right-center
majority,pacificpundit,right,right-center
majority,palmettostatenews,right-center,right-center
majority,patriotfetch,right,right-center
majority,portlandcourant,right-center,right-center
majority,pravdacanada,right,right-center
majority,pravdaitalia,right,right-center
majority,pravdanato,right,right-center
majority,presidentialhill,right,right-center
majority,projectveritas,right,right-center
majority,providencereporter,right-center,right-center
majority,rianovosti,right-center,right-center
majority,radar,center,right-center
majority,rationalground,right,right-center
majority,realnewsnow,right,right-center
majority,republicandaily,right,right-center
majority,revolver,right,right-center
majority,rightnewswire,right,right-center
majority,russiainsider,right,right-center
majority,scalaskanews,right-center,right-center
majority,scmidlandnews,right-center,right-center
majority,seatlantanews,right-center,right-center
majority,shtfplancom,right,right-center
majority,silverstatetimes,right-center,right-center
majority,smokymountaintoday,right-center,right-center
majority,southcentralpanews,right-center,right-center
majority,southkentnews,right-center,right-center
majority,southknoxvillenews,right-center,right-center
majority,southernillinoisnews,right-center,right-center
majority,southwestpanews,right-center,right-center
majority,staresattheworld,right,right-center
majority,steadfastandloyal,right,right-center
majority,stopthesethings,right,right-center
majority,surgutnews,right,right-center
majority,theblacksphere,right,right-center
majority,theconservativebrief,right,right-center
majority,thedailyadda,left-center,right-center
majority,thefreedomtimes,right,right-center
majority,thegoldwater,right,right-center
majority,thejoeroganexperience,right-center,right-center
majority,theliberalireland,right,right-center
majority,thelibertydaily,right,right-center
majority,thenationaluae,right-center,right-center
majority,thenevadan,left-center,right-center
majority,thepatriotnurse,right,right-center
majority,thequartering,right,right-center
majority,therightscoop,right,right-center
majority,thesarkariform,left,right-center
majority,thescoop,right,right-center
majority,torreonpost,left-center,right-center
majority,transgendertrend,right,right-center
majority,trumptrainnews,right,right-center
majority,turningpointusafaith,right,right-center
majority,valeursactuelles,right,right-center
majority,wcminnesotanews,right-center,right-center
majority,webertimes,right-center,right-center
majority,westcentralpanews,right-center,right-center
majority,westpdxtoday,right-center,right-center
majority,westslcnews,right-center,right-center
majority,williamsonnews,right-center,right-center
majority,witherspooninstitute,right,right-center
majority,worldnetdaily,right,right-center
majority,xinhuaenglish,left,right-center
majority,z3news,right,right-center
full,100fedup,right,right
full,404media,left-center,left
full,7news,right-center,left-center
full,972magazine,left-center,left
full,abc11eyewitnessnews,left-center,left-center
full,aptnnationalnews,left-center,left-center
full,adfontesmedia,center,center
full,adareporter,right-center,right-center
full,adamsnews,right,right
full,airdriecityview,left-center,left-center
full,akronreporter,right-center,right-center
full,albuquerquejournal,right-center,center
full,alohastatenews,right-center,right-center
full,amandla,left,left
full,americanaffairsjournal,right-center,left
full,americancenterforlawjustice,right,right
full,americansunitedforseparationofchurchandstate,left,right
full,amnestyinternational,left-center,left
full,analyticsindiamagazine,right-center,center
full,annarbortimes,right-center,right-center
full,anokatimes,right-center,right-center
full,arizonacapitoltimes,left-center,left-center
full,arizonarepublic,left-center,left-center
full,arlingtonheightsdailyherald,right-center,center
full,armedforcespress,right,right
full,armstrongeconomics,right,center
full,armytimes,center,center
full,ashevillereporter,right-center,right-center
full,asiatimes,center,left
full,atlantablackstar,left-center,left
full,atlantic,left-center,left
full,atlasintel,center,center
full,automotivedive,center,center
full,bdnews24,left-center,center
full,bajacaliforniapost,left-center,left-center
full,baldwintimes,right-center,right-center
full,banburyguardian,center,center
full,bartlesvilleexaminerenterprise,left-center,left-center
full,belfercenterforscienceandinternationalaffairs,left-center,left-center
full,biasednews,right,right
full,bignewsnetwork,center,right
full,billmoyerscom,left,left-center
full,billtrack50,center,left-center
full,bipartisanpolicycenter,right-center,left-center
full,birminghamworld,center,center
full,bloomingtonheraldtimes,left-center,left-center
full,bloomingtonleader,right-center,right-center
full,boisecitywire,right-center,right-center
full,borgenmagazine,left-center,left
full,borgenproject,left-center,left-center
full,bostonglobe,left-center,left-center
full,bothellreporter,center,center
full,brevardsun,right-center,right-center
full,buckeyereporter,right-center,right-center
full,buckscountycouriertimes,left-center,center
full,bucyrustelegraphforum,left-center,left-center
full,burlingtonreporter,right-center,right-center
full,cstoredive,center,center
full,cctvinternational,left-center,right
full,cabarrustoday,right-center,right-center
full,calgarysun,right-center,right-center
full,californiapoliticalreview,right-center,left
full,californiacollapsenews,right,right
full,campechepost,left-center,left-center
full,cantonrepository,left-center,left-center
full,castoradvance,left-center,left-center
full,catholictribunemichigan,right-center,right-center
full,catholictribuneminnesota,right-center,right-center
full,censortrack,right,right
full,centerforamericanprogress,left,left
full,centerforsecuritypolicy,right,left-center
full,chambanasun,right-center,right-center
full,changeresearch,left,left-center
full,checkyourfact,right-center,left-center
full,cheddar,left-center,center
full,chinadaily,left,left-center
full,ciodive,center,center
full,citizentruth,left-center,right
full,citynewstoronto,center,left-center
full,clarionledger,left-center,left-center
full,clarkforkvalleypress,center,center
full,clayreporter,right-center,right-center
full,cleantechnica,left-center,left
full,climatesciencepolicywatch,left-center,left
full,coconinonews,right-center,right-center
full,codastory,left,left
full,coloradofreepress,right,right
full,columbiajournalismreview,left-center,left
full,comicsands,left,left
full,commentarymagazine,right,left
full,concernedwomenforamerica,right,right
full,concordledger,right-center,right-center
full,conservativeopinion,right,right
full,constructiondive,center,center
full,countercurrentsorg,left,left
full,creationministriesinternational,right,right
full,creationevolutionheadlines,right,right
full,crossexaminedorg,right,right
full,cursor,left-center,center
full,cygnalpolling,right-center,left
full,dailydot,left,left
full,dailykos,left,left
full,dailypress,right-center,left-center
full,dailytorch,right,right
full,dailyveracity,right,right
full,dailyo,right-center,left-center
full,dartmouthtimes,right-center,right-center
full,daventryexpress,center,center
full,defector,left-center,left-center
full,defenddemocracypress,left,left
full,defenseworldnet,center,center
full,dekalbdailychronicle,center,center
full,delawareonlinethenewsjournal,left-center,left-center
full,democracyfundvoice,left-center,left
full,democratandchronicle,left-center,left-center
full,desmoinessun,right-center,right-center
full,deseretnews,right-center,left-center
full,digg,left-center,center
full,digitimesasia,center,center
full,discoveryinstitute,right,right
full,dissentmagazine,left,right
full,doctorswithoutborders,center,left-center
full,downsizingthefederalgovernment,right-center,left
full,dubuquetimes,right-center,right-center
full,duluthnewstribune,center,center
full,enews,center,left
full,ecoklahomanews,right-center,right-center
full,euvsdisinfo,left-center,left-center
full,earthorg,left-center,left-center
full,eastcentralreporter,right-center,right-center
full,eastlondonandwestessexguardian,center,center
full,eastpanhandlenews,right-center,right-center
full,eastsandiegonews,right-center,right-center
full,eastwaketimes,right-center,right-center
full,ecowatch,left,left-center
full,educationdailywire,right-center,right-center
full,egyptianstreets,left-center,left
full,electronicintifada,left,left
full,elkodailyfreepress,center,center
full,ellwoodcityledger,left-center,left-center
full,emirates247,right-center,left-center
full,enchantmentstatenews,right-center,right-center
full,entertainmentweekly,left-center,left-center
full,esquiremagazine,left,left
full,facilitiesdive,center,center
full,factcheckni,center,left-center
full,factsnet,center,center
full,faithfreedomcoalition,right,right
full,fargostandard,right-center,right-center
full,financialtechtimes,left-center,center
full,focusonthefamily,right,left
full,fortsmithtimes,right-center,right-center
full,fostersdailydemocrat,center,left-center
full,freedomfromreligionfoundation,left,right
full,fremontnewsmessenger,left-center,left-center
full,freshoffthepress,right,right
full,frontpagenewspaper,right-center,right
full,gzeromedia,left-center,center
full,geopoliticalintelligenceservices,right-center,left-center
full,georgiamountainnews,right-center,right-center
full,glasgowtimes,center,center
full,goderichsignalstar,right-center,right-center
full,grandjunctiontimes,right-center,right-center
full,granitegrok,right,right
full,greenevillesun,left-center,left-center
full,greenlininginstitute,left,left
full,grundyreporter,right-center,right-center
full,hrdive,center,center
full,heartlandinstitute,right,left
full,helensburghadvertiser,center,center
full,herbsnews,right,right
full,heritagefoundation,right,left
full,hongkongfreepress,left-center,left-center
full,hopekinsvilletimes,right-center,right-center
full,hudsontoday,right-center,right-center
full,huntsvilleleader,right-center,right-center
full,ipmnewsroom,left-center,left-center
full,imperialcanews,right-center,right-center
full,indexmundi,center,center
full,infoplease,left-center,left-center
full,instituteforthestudyofglobalizationandcovertpolitics,right,right
full,intellectualtakeout,right,right
full,investigatewest,left-center,left
full,iowacitytoday,right-center,right-center
full,jeffersoncitynews,right-center,right-center
full,kait8tv,center,center
full,kbutnprcrestedbutte,left-center,left
full,kcfcnprboulder,left-center,left-center
full,kkat860amsaltlakecity,right,right
full,kkoh780amreno,right,right
full,krccnprcoloradosprings,left-center,left-center
full,kvaleugenenews,right-center,center
full,kankakeetimes,right-center,right-center
full,kauaisun,right-center,right-center
full,keighleynews,center,center
full,kerncountrytimes,right-center,right-center
full,kirklandlakenorthernnews,right-center,right-center
full,lagrangedailynews,right-center,left-center
full,laborpains,right,right
full,laphamsquarterly,left-center,left
full,lawrencereporter,right-center,right-center
full,leighjournal,center,center
full,lifewire,center,left-center
full,limareporter,right-center,right-center
full,livingstontoday,right-center,right-center
full,logically,center,left-center
full,louisvillecitywire,right-center,right-center
full,ludlowadvertiser,center,center
full,magicvalleytimes,right-center,right-center
full,magnoliastatenews,right-center,right-center
full,manilabusinessdaily,right-center,right-center
full,mauireporter,right-center,right-center
full,mazatlanpost,left-center,left-center
full,mediamatters,left,left
full,merrimackvalleynews,right-center,right-center
full,metroweekly,left,left
full,midcoasttoday,right-center,right-center
full,midnorthmonitor,right-center,right-center
full,middleeastinstitute,center,left-center
full,minnesotasun,right,right
full,mitchelladvocate,right-center,right-center
full,mohawkvalleytimes,right-center,right-center
full,monmouthtimes,right-center,right-center
full,monterreydailypost,left-center,left-center
full,morrisleader,right-center,right-center
full,moveon,left,left
full,muslimskeptic,right,right
full,ncmississippinews,right-center,right-center
full,neatlantanews,right-center,right-center
full,necalinews,right-center,right-center
full,nelouisiananews,right-center,right-center
full,nepiedmontnews,right-center,right-center
full,nwillinoisnews,right-center,right-center
full,nwkentuckynews,right-center,right-center
full,nwlatimes,right-center,right-center
full,nwminnesotanews,right-center,right-center
full,nwvalleytimes,right-center,right-center
full,nationalassociationofscholars,right,right
full,nationalcenterforpublicpolicyresearch,right,left
full,naturalresourcegovernanceinstitute,left-center,center
full,northbirminghamtimes,right-center,right-center
full,northcolumbusnews,right-center,right-center
full,northcooknews,right-center,right-center
full,northessexnews,right-center,right-center
full,northindynews,right-center,right-center
full,northkentuckynews,right-center,right-center
full,northoctimes,right-center,right-center
full,northpalmbeachtoday,right-center,right-center
full,nunavutnews,left-center,left-center
full,oceancountyleader,right-center,right-center
full,offthepress,right,left
full,offthegridnews,right,right
full,ohmymag,center,center
full,outerbankstimes,right-center,right-center
full,pamedia,center,center
full,panamacityreporter,right-center,right-center
full,parentsdefendingeducation,right,left
full,pascoreporter,right-center,right-center
full,passaictoday,right-center,right-center
full,peacegardennews,right-center,right-center
full,peoriajournalstar,center,left-center
full,pharmavoice,center,center
full,pinehursttoday,right-center,right-center
full,pioneervalleyadvocate,left-center,left-center
full,politicalanimalnews,right,right
full,portagetimes,right-center,right-center
full,prairiestatewire,right-center,right-center
full,pueblapost,left-center,left-center
full,punchingbagpost,right,right
full,rabbleca,left,left-center
full,randcorporation,center,left-center
full,rapidcityjournal,center,center
full,rationalwiki,left-center,left-center
full,rawstory,left,left
full,readingchronicle,center,center
full,realnewsnetwork,left,left
full,reclaimthenet,right,right
full,redicetv,right,right
full,redoubtnews,right,right
full,redwoodempirenews,right-center,right-center
full,remingtonresearchgroup,center,right
full,renogazettejournal,left-center,left-center
full,renoreporter,right-center,right-center
full,restaurantdive,center,center
full,restoreamericanglory,right,right
full,revcomus,left,left
full,richmondside,left-center,left-center
full,ricochet,right,left
full,rivervalleytoday,right-center,right-center
full,riverdalepress,center,left-center
full,rockymounttelegram,left-center,left-center
full,scotusblog,center,left
full,sealaskanews,right-center,right-center
full,sebluegrassnews,right-center,right-center
full,seconnecticutnews,right-center,right-center
full,segrandrapidsnews,right-center,right-center
full,sekansascitynews,right-center,right-center
full,sekansasnews,right-center,right-center
full,sekentuckynews,right-center,right-center
full,senorthcarolinanews,right-center,right-center
full,sevegasnews,right-center,right-center
full,swalaskanews,right-center,right-center
full,swcoloradonews,right-center,right-center
full,swmissourinews,right-center,right-center
full,swoklahomanews,right-center,right-center
full,swriversidenews,right-center,right-center
full,salemradionetworknews,right-center,left-center
full,sandhillstoday,right-center,right-center
full,saultthisweek,right-center,right-center
full,savannahmorningnews,right-center,left-center
full,savejersey,right,right
full,showmestatetimes,right-center,right-center
full,shreveportreporter,right-center,right-center
full,sludge,left,right
full,somersettimes,right-center,right-center
full,sonsof1776,right,right
full,southafricatoday,right,left-center
full,southcharlottetoday,right-center,right-center
full,southcolumbusnews,right-center,right-center
full,southcooknews,right-center,right-center
full,southfranklinnews,right-center,right-center
full,southfultontoday,right-center,right-center
full,southiowanews,right-center,right-center
full,southlouisiananews,right-center,right-center
full,southsummitnews,right-center,right-center
full,southtulsatoday,right-center,right-center
full,southwichitanews,right-center,right-center
full,southernindianatoday,right-center,right-center
full,southwestmontananews,right-center,right-center
full,southwestorangeobserver,center,left-center
full,springtimes,right-center,right-center
full,stjoebentonharbornews,right-center,right-center
full,stjohnstelegram,right-center,right-center
full,stanislausnews,right-center,right-center
full,stateline,left,left
full,sturgiscoldwaternews,right-center,right-center
full,supplychaindive,center,center
full,survivalnews1,right,right
full,tfppwire,right,right
full,tmz,right-center,left
full,techstartups,right-center,right
full,tenthamendmentcenter,right,right
full,tharawatmagazine,right-center,center
full,thedispatch,right-center,left
full,thefreepress,right-center,left
full,thepalestinechronicle,left,left
full,thesolutionsproject,left,left
full,thesouthafrican,left-center,left-center
full,thespinoff,left-center,left
full,thewisconsinindependent,left,left
full,thisdaylive,right-center,center
full,tobacconewswire,right-center,right-center
full,toofab,left,left
full,towncountrymagazine,left-center,left-center
full,tradingeconomics,center,center
full,trendingpolitics,right,right
full,truthforhealthfoundation,right,right
full,tulsastandard,right-center,right-center
full,tuscaloosaleader,right-center,right-center
full,usatoday,left-center,left-center
full,vaccineimpact,right,right
full,vaccineinjurynews,right,right
full,vanityfair,left,left-center
full,vintoncountycourier,left-center,left-center
full,voiceofamerica,center,left
full,wltreport,right,right
full,woflfox35orlando,center,center
full,wpnmleipsicnews,center,right-center
full,wwtn997fmnashville,right,right
full,waltonfamilyfoundation,center,left-center
full,warnerrobinstoday,right-center,right-center
full,washingtonmonthly,left-center,left
full,wataugademocrat,left-center,left-center
full,weatherforddemocrat,left-center,left-center
full,westatlantanews,right-center,right-center
full,westcentralreporter,right-center,right-center
full,westlatimes,right-center,right-center
full,westnynews,right-center,right-center
full,westoctimes,right-center,right-center
full,westwakenews,right-center,right-center
full,westchesterreporter,right-center,right-center
full,westernmassnews,center,center
full,westernndnews,right-center,right-center
full,wiartonecho,right-center,right-center
full,wiregrasstimes,right-center,right-center
full,woodstocksentinelreview,right-center,right-center
full,yadkinripple,left-center,left-center
full,yankeeinstituteforpublicpolicy,right-center,right
full,yukonnews,left-center,left-center
full,actforamerica,right,right
full,abakannews,right,right
full,americangulag,right,right
full,americanpatriotdaily,right,right
full,autulu,center,center
full,beehivestatenews,right-center,right-center
full,berdyansknews,right,right
full,berkscountynews,right-center,right-center
full,blacknews,left,center
full,bongino,right,right
full,c19ivermectin,right,right
full,cambriatimes,right-center,right-center
full,centralchestertoday,right-center,right-center
full,centralidahotimes,right-center,right-center
full,climaterealism,right,right
full,co2coalition,right,left-center
full,coalregionnews,right-center,right-center
full,collintimes,right-center,right-center
full,conchovalleynews,right-center,right-center
full,conservativefiringline,right,right
full,conservativeplaylist,right,left
full,conservativeundergroundnews,right,right
full,crawfordtimes,right-center,right-center
full,dagestannews,right,right
full,dailyburlington,center,center
full,dailyflowermound,center,center
full,dailyjanesville,center,center
full,dailymcallen,center,center
full,dailynewbraunfels,center,center
full,dailyroundrock,center,center
full,dailyspokanevalley,center,center
full,dailytacoma,center,center
full,dauphinnews,right-center,right-center
full,davistimes,right-center,right-center
full,desantisdaily,right,right
full,demstate,right-center,left-center
full,derstatus,right,right
full,donbasscenter,right,right
full,download,right,right
full,druthers,right,right
full,dzen,right-center,right
full,ecmississippinews,right-center,right-center
full,endthefed,right,right
full,eviemagazine,right,left
full,farsnewsagency,left-center,left
full,fdesouche,right,right
full,fivenation,right,right
full,frankspeech,right,right
full,friatiderfreetimes,right,right
full,frontpagemagazine,right,right
full,gbnewsuk,right,center
full,gopusa,right,left
full,gaysagainstgroomers,right,left
full,gellerreport,right,right
full,georgiarecord,right,right
full,ghost,right,left
full,gooddaybrownsville,center,center
full,gooddayportangeles,center,center
full,gooddayvancouver,center,center
full,happyvalleytimes,right-center,right-center
full,headlineusa,right,right
full,hopkinsvilletimes,right-center,right-center
full,illegalaliencrimereport,right,right
full,informationliberation,right,right
full,ingushetiyanews,right,right
full,intelli,center,right
full,irkutsknews,right,right
full,ivermectinforcovid19,right,right
full,joehoft,right,right
full,kentcountytimes,right-center,right-center
full,kerncountytimes,right-center,right-center
full,kirovnews,right,right
full,kremlin,right-center,left
full,lnrnews,right,right
full,laredotoday,center,center
full,lebanonpanews,right-center,right-center
full,leftaction,left,left
full,libsoftiktok,right,right
full,lifenews,right,left
full,lugansknews,right,right
full,magadannews,right,right
full,marylandbusinessdaily,right-center,right-center
full,metricmedia,right-center,right
full,miamistandard,right,left-center
full,middleeastmediaresearchinstitutememri,right,right
full,middleeastnewsagency,right-center,left-center
full,minnesotabusinessdaily,right-center,right-center
full,misionverdad,left,left
full,moldovanews,right,right
full,monroecountynews,right-center,right-center
full,morningmurfreesboro,center,center
full,moskvanews,right,right-center
full,myrtlebeachleader,right-center,right-center
full,ncbusinessdaily,right-center,right-center
full,nealabamanews,right-center,right-center
full,nashvillestandard,right-center,right-center
full,nikopolnews,right,right
full,ninefornews,right,right
full,northdakotabusinessdaily,right-center,right-center
full,novosibirsknews,right,right
full,odessanews,right,right
full,origo,right,center
full,orinocotribune,left,left
full,pacificpundit,right,right
full,palmettostatenews,right-center,right-center
full,patriotfetch,right,right
full,portlandcourant,right-center,right-center
full,pravdacanada,right,right
full,pravdaitalia,right,right
full,pravdanato,right,right
full,presidentialhill,right,right
full,projectveritas,right,right
full,providencereporter,right-center,right-center
full,rianovosti,right-center,right
full,radar,center,left-center
full,rationalground,right,right
full,realnewsnow,right,right
full,republicandaily,right,right
full,revolver,right,right
full,rightnewswire,right,right
full,russiainsider,right,right
full,scalaskanews,right-center,right-center
full,scmidlandnews,right-center,right-center
full,seatlantanews,right-center,right-center
full,shtfplancom,right,right
full,silverstatetimes,right-center,right-center
full,smokymountaintoday,right-center,right-center
full,southcentralpanews,right-center,right-center
full,southkentnews,right-center,right-center
full,southknoxvillenews,right-center,right-center
full,southernillinoisnews,right-center,right-center
full,southwestpanews,right-center,right-center
full,staresattheworld,right,left
full,steadfastandloyal,right,right
full,stopthesethings,right,left
full,surgutnews,right,right
full,theblacksphere,right,right
full,theconservativebrief,right,right
full,thedailyadda,left-center,left
full,thefreedomtimes,right,center
full,thegoldwater,right,right
full,thejoeroganexperience,right-center,left
full,theliberalireland,right,right
full,thelibertydaily,right,right
full,thenationaluae,right-center,left-center
full,thenevadan,left-center,left-center
full,thepatriotnurse,right,left
full,thequartering,right,right
full,therightscoop,right,right
full,thesarkariform,left,left
full,thescoop,right,right
full,torreonpost,left-center,left-center
full,transgendertrend,right,right
full,trumptrainnews,right,right
full,turningpointusafaith,right,right
full,valeursactuelles,right,right
full,wcminnesotanews,right-center,right-center
full,webertimes,right-center,right-center
full,westcentralpanews,right-center,right-center
full,westpdxtoday,right-center,right-center
full,westslcnews,right-center,right-center
full,williamsonnews,right-center,right-center
full,witherspooninstitute,right,right
full,worldnetdaily,right,right
full,xinhuaenglish,left,left
full,z3news,right,right
no_ocr,100fedup,right,right
no_ocr,404media,left-center,left
no_ocr,7news,right-center,left-center
no_ocr,972magazine,left-center,left
no_ocr,abc11eyewitnessnews,left-center,left-center
no_ocr,aptnnationalnews,left-center,left-center
no_ocr,adfontesmedia,center,left-center
no_ocr,adareporter,right-center,right-center
no_ocr,adamsnews,right,right
no_ocr,airdriecityview,left-center,left-center
no_ocr,akronreporter,right-center,right-center
no_ocr,albuquerquejournal,right-center,center
no_ocr,alohastatenews,right-center,right-center
no_ocr,amandla,left,left
no_ocr,americanaffairsjournal,right-center,left
no_ocr,americancenterforlawjustice,right,right
no_ocr,americansunitedforseparationofchurchandstate,left,left
no_ocr,amnestyinternational,left-center,right
no_ocr,analyticsindiamagazine,right-center,center
no_ocr,annarbortimes,right-center,right-center
no_ocr,anokatimes,right-center,right-center
no_ocr,arizonacapitoltimes,left-center,left-center
no_ocr,arizonarepublic,left-center,left-center
no_ocr,arlingtonheightsdailyherald,right-center,left-center
no_ocr,armedforcespress,right,right
no_ocr,armstrongeconomics,right,left-center
no_ocr,armytimes,center,center
no_ocr,ashevillereporter,right-center,right-center
no_ocr,asiatimes,center,left
no_ocr,atlantablackstar,left-center,left
no_ocr,atlantic,left-center,right
no_ocr,atlasintel,center,left
no_ocr,automotivedive,center,center
no_ocr,bdnews24,left-center,left-center
no_ocr,bajacaliforniapost,left-center,left-center
no_ocr,baldwintimes,right-center,right-center
no_ocr,banburyguardian,center,center
no_ocr,bartlesvilleexaminerenterprise,left-center,left-center
no_ocr,belfercenterforscienceandinternationalaffairs,left-center,left-center
no_ocr,biasednews,right,right
no_ocr,bignewsnetwork,center,right
no_ocr,billmoyerscom,left,right
no_ocr,billtrack50,center,left-center
no_ocr,bipartisanpolicycenter,right-center,left-center
no_ocr,birminghamworld,center,center
no_ocr,bloomingtonheraldtimes,left-center,left-center
no_ocr,bloomingtonleader,right-center,right-center
no_ocr,boisecitywire,right-center,right-center
no_ocr,borgenmagazine,left-center,left
no_ocr,borgenproject,left-center,left-center
no_ocr,bostonglobe,left-center,left
no_ocr,bothellreporter,center,left-center
no_ocr,brevardsun,right-center,right-center
no_ocr,buckeyereporter,right-center,right-center
no_ocr,buckscountycouriertimes,left-center,center
no_ocr,bucyrustelegraphforum,left-center,left-center
no_ocr,burlingtonreporter,right-center,right-center
no_ocr,cstoredive,center,center
no_ocr,cctvinternational,left-center,left-center
no_ocr,cabarrustoday,right-center,right-center
no_ocr,calgarysun,right-center,right-center
no_ocr,californiapoliticalreview,right-center,left
no_ocr,californiacollapsenews,right,right
no_ocr,campechepost,left-center,left-center
no_ocr,cantonrepository,left-center,left-center
no_ocr,castoradvance,left-center,left-center
no_ocr,catholictribunemichigan,right-center,right-center
no_ocr,catholictribuneminnesota,right-center,right-center
no_ocr,censortrack,right,right
no_ocr,centerforamericanprogress,left,left
no_ocr,centerforsecuritypolicy,right,right
no_ocr,chambanasun,right-center,right-center
no_ocr,changeresearch,left,left-center
no_ocr,checkyourfact,right-center,left
no_ocr,cheddar,left-center,left
no_ocr,chinadaily,left,center
no_ocr,ciodive,center,center
no_ocr,citizentruth,left-center,left
no_ocr,citynewstoronto,center,left-center
no_ocr,clarionledger,left-center,left-center
no_ocr,clarkforkvalleypress,center,center
no_ocr,clayreporter,right-center,right-center
no_ocr,cleantechnica,left-center,left-center
no_ocr,climatesciencepolicywatch,left-center,right
no_ocr,coconinonews,right-center,right-center
no_ocr,codastory,left,right
no_ocr,coloradofreepress,right,center
no_ocr,columbiajournalismreview,left-center,right
no_ocr,comicsands,left,left
no_ocr,commentarymagazine,right,left
no_ocr,concernedwomenforamerica,right,left-center
no_ocr,concordledger,right-center,right-center
no_ocr,conservativeopinion,right,right
no_ocr,constructiondive,center,center
no_ocr,countercurrentsorg,left,right
no_ocr,creationministriesinternational,right,left-center
no_ocr,creationevolutionheadlines,right,left-center
no_ocr,crossexaminedorg,right,left
no_ocr,cursor,left-center,left
no_ocr,cygnalpolling,right-center,left-center
no_ocr,dailydot,left,left-center
no_ocr,dailykos,left,right
no_ocr,dailypress,right-center,left-center
no_ocr,dailytorch,right,right
no_ocr,dailyveracity,right,left
no_ocr,dailyo,right-center,left
no_ocr,dartmouthtimes,right-center,right-center
no_ocr,daventryexpress,center,center
no_ocr,defector,left-center,left
no_ocr,defenddemocracypress,left,right
no_ocr,defenseworldnet,center,right
no_ocr,dekalbdailychronicle,center,center
no_ocr,delawareonlinethenewsjournal,left-center,left-center
no_ocr,democracyfundvoice,left-center,left
no_ocr,democratandchronicle,left-center,left-center
no_ocr,desmoinessun,right-center,right-center
no_ocr,deseretnews,right-center,left-center
no_ocr,digg,left-center,right
no_ocr,digitimesasia,center,left-center
no_ocr,discoveryinstitute,right,left-center
no_ocr,dissentmagazine,left,left
no_ocr,doctorswithoutborders,center,left
no_ocr,downsizingthefederalgovernment,right-center,left
no_ocr,dubuquetimes,right-center,right-center
no_ocr,duluthnewstribune,center,left-center
no_ocr,enews,center,left
no_ocr,ecoklahomanews,right-center,right-center
no_ocr,euvsdisinfo,left-center,right
no_ocr,earthorg,left-center,left-center
no_ocr,eastcentralreporter,right-center,right-center
no_ocr,eastlondonandwestessexguardian,center,center
no_ocr,eastpanhandlenews,right-center,right-center
no_ocr,eastsandiegonews,right-center,right-center
no_ocr,eastwaketimes,right-center,right-center
no_ocr,ecowatch,left,left-center
no_ocr,educationdailywire,right-center,right-center
no_ocr,egyptianstreets,left-center,center
no_ocr,electronicintifada,left,left
no_ocr,elkodailyfreepress,center,center
no_ocr,ellwoodcityledger,left-center,left-center
no_ocr,emirates247,right-center,left-center
no_ocr,enchantmentstatenews,right-center,right-center
no_ocr,entertainmentweekly,left-center,left
no_ocr,esquiremagazine,left,left-center
no_ocr,facilitiesdive,center,center
no_ocr,factcheckni,center,left
no_ocr,factsnet,center,left-center
no_ocr,faithfreedomcoalition,right,right
no_ocr,fargostandard,right-center,right-center
no_ocr,financialtechtimes,left-center,left-center
no_ocr,focusonthefamily,right,left-center
no_ocr,fortsmithtimes,right-center,right-center
no_ocr,fostersdailydemocrat,center,left-center
no_ocr,freedomfromreligionfoundation,left,left
no_ocr,fremontnewsmessenger,left-center,left-center
no_ocr,freshoffthepress,right,center
no_ocr,frontpagenewspaper,right-center,left
no_ocr,gzeromedia,left-center,right
no_ocr,geopoliticalintelligenceservices,right-center,left-center
no_ocr,georgiamountainnews,right-center,right-center
no_ocr,glasgowtimes,center,center
no_ocr,goderichsignalstar,right-center,right-center
no_ocr,grandjunctiontimes,right-center,right-center
no_ocr,granitegrok,right,right
no_ocr,greenevillesun,left-center,left-center
no_ocr,greenlininginstitute,left,left
no_ocr,grundyreporter,right-center,right-center
no_ocr,hrdive,center,center
no_ocr,heartlandinstitute,right,right
no_ocr,helensburghadvertiser,center,center
no_ocr,herbsnews,right,right
no_ocr,heritagefoundation,right,right
no_ocr,hongkongfreepress,left-center,center
no_ocr,hopekinsvilletimes,right-center,right-center
no_ocr,hudsontoday,right-center,right-center
no_ocr,huntsvilleleader,right-center,right-center
no_ocr,ipmnewsroom,left-center,left-center
no_ocr,imperialcanews,right-center,right-center
no_ocr,indexmundi,center,right
no_ocr,infoplease,left-center,left-center
no_ocr,instituteforthestudyofglobalizationandcovertpolitics,right,right
no_ocr,intellectualtakeout,right,left
no_ocr,investigatewest,left-center,left-center
no_ocr,iowacitytoday,right-center,right-center
no_ocr,jeffersoncitynews,right-center,right-center
no_ocr,kait8tv,center,center
no_ocr,kbutnprcrestedbutte,left-center,left
no_ocr,kcfcnprboulder,left-center,left-center
no_ocr,kkat860amsaltlakecity,right,right
no_ocr,kkoh780amreno,right,right
no_ocr,krccnprcoloradosprings,left-center,left-center
no_ocr,kvaleugenenews,right-center,center
no_ocr,kankakeetimes,right-center,right-center
no_ocr,kauaisun,right-center,right-center
no_ocr,keighleynews,center,center
no_ocr,kerncountrytimes,right-center,right-center
no_ocr,kirklandlakenorthernnews,right-center,right-center
no_ocr,lagrangedailynews,right-center,left-center
no_ocr,laborpains,right,left
no_ocr,laphamsquarterly,left-center,right
no_ocr,lawrencereporter,right-center,right-center
no_ocr,leighjournal,center,center
no_ocr,lifewire,center,left-center
no_ocr,limareporter,right-center,right-center
no_ocr,livingstontoday,right-center,right-center
no_ocr,logically,center,center
no_ocr,louisvillecitywire,right-center,right-center
no_ocr,ludlowadvertiser,center,center
no_ocr,magicvalleytimes,right-center,right-center
no_ocr,magnoliastatenews,right-center,right-center
no_ocr,manilabusinessdaily,right-center,right-center
no_ocr,mauireporter,right-center,right-center
no_ocr,mazatlanpost,left-center,left-center
no_ocr,mediamatters,left,right
no_ocr,merrimackvalleynews,right-center,right-center
no_ocr,metroweekly,left,right
no_ocr,midcoasttoday,right-center,right-center
no_ocr,midnorthmonitor,right-center,right-center
no_ocr,middleeastinstitute,center,left-center
no_ocr,minnesotasun,right,right
no_ocr,mitchelladvocate,right-center,right-center
no_ocr,mohawkvalleytimes,right-center,right-center
no_ocr,monmouthtimes,right-center,right-center
no_ocr,monterreydailypost,left-center,left-center
no_ocr,morrisleader,right-center,right-center
no_ocr,moveon,left,left
no_ocr,muslimskeptic,right,left
no_ocr,ncmississippinews,right-center,right-center
no_ocr,neatlantanews,right-center,right-center
no_ocr,necalinews,right-center,right-center
no_ocr,nelouisiananews,right-center,right-center
no_ocr,nepiedmontnews,right-center,right-center
no_ocr,nwillinoisnews,right-center,right-center
no_ocr,nwkentuckynews,right-center,right-center
no_ocr,nwlatimes,right-center,right-center
no_ocr,nwminnesotanews,right-center,right-center
no_ocr,nwvalleytimes,right-center,right-center
no_ocr,nationalassociationofscholars,right,right
no_ocr,nationalcenterforpublicpolicyresearch,right,right
no_ocr,naturalresourcegovernanceinstitute,left-center,left
no_ocr,northbirminghamtimes,right-center,right-center
no_ocr,northcolumbusnews,right-center,right-center
no_ocr,northcooknews,right-center,right-center
no_ocr,northessexnews,right-center,right-center
no_ocr,northindynews,right-center,right-center
no_ocr,northkentuckynews,right-center,right-center
no_ocr,northoctimes,right-center,right-center
no_ocr,northpalmbeachtoday,right-center,right-center
no_ocr,nunavutnews,left-center,left-center
no_ocr,oceancountyleader,right-center,right-center
no_ocr,offthepress,right,left
no_ocr,offthegridnews,right,right
no_ocr,ohmymag,center,left
no_ocr,outerbankstimes,right-center,right-center
no_ocr,pamedia,center,left
no_ocr,panamacityreporter,right-center,right-center
no_ocr,parentsdefendingeducation,right,left-center
no_ocr,pascoreporter,right-center,right-center
no_ocr,passaictoday,right-center,right-center
no_ocr,peacegardennews,right-center,right-center
no_ocr,peoriajournalstar,center,left-center
no_ocr,pharmavoice,center,center
no_ocr,pinehursttoday,right-center,right-center
no_ocr,pioneervalleyadvocate,left-center,left-center
no_ocr,politicalanimalnews,right,left
no_ocr,portagetimes,right-center,right-center
no_ocr,prairiestatewire,right-center,right-center
no_ocr,pueblapost,left-center,left-center
no_ocr,punchingbagpost,right,right
no_ocr,rabbleca,left,left-center
no_ocr,randcorporation,center,center
no_ocr,rapidcityjournal,center,center
no_ocr,rationalwiki,left-center,right
no_ocr,rawstory,left,right
no_ocr,readingchronicle,center,center
no_ocr,realnewsnetwork,left,left-center
no_ocr,reclaimthenet,right,right
no_ocr,redicetv,right,right
no_ocr,redoubtnews,right,right
no_ocr,redwoodempirenews,right-center,right-center
no_ocr,remingtonresearchgroup,center,right
no_ocr,renogazettejournal,left-center,left-center
no_ocr,renoreporter,right-center,right-center
no_ocr,restaurantdive,center,center
no_ocr,restoreamericanglory,right,left
no_ocr,revcomus,left,right
no_ocr,richmondside,left-center,center
no_ocr,ricochet,right,left-center
no_ocr,rivervalleytoday,right-center,right-center
no_ocr,riverdalepress,center,left-center
no_ocr,rockymounttelegram,left-center,center
no_ocr,scotusblog,center,left
no_ocr,sealaskanews,right-center,right-center
no_ocr,sebluegrassnews,right-center,right-center
no_ocr,seconnecticutnews,right-center,right-center
no_ocr,segrandrapidsnews,right-center,right-center
no_ocr,sekansascitynews,right-center,right-center
no_ocr,sekansasnews,right-center,right-center
no_ocr,sekentuckynews,right-center,right-center
no_ocr,senorthcarolinanews,right-center,right-center
no_ocr,sevegasnews,right-center,right-center
no_ocr,swalaskanews,right-center,right-center
no_ocr,swcoloradonews,right-center,right-center
no_ocr,swmissourinews,right-center,right-center
no_ocr,swoklahomanews,right-center,right-center
no_ocr,swriversidenews,right-center,right-center
no_ocr,salemradionetworknews,right-center,right
no_ocr,sandhillstoday,right-center,right-center
no_ocr,saultthisweek,right-center,right-center
no_ocr,savannahmorningnews,right-center,left-center
no_ocr,savejersey,right,left
no_ocr,showmestatetimes,right-center,right-center
no_ocr,shreveportreporter,right-center,right-center
no_ocr,sludge,left,right
no_ocr,somersettimes,right-center,right-center
no_ocr,sonsof1776,right,right
no_ocr,southafricatoday,right,right
no_ocr,southcharlottetoday,right-center,right-center
no_ocr,southcolumbusnews,right-center,right-center
no_ocr,southcooknews,right-center,right-center
no_ocr,southfranklinnews,right-center,right-center
no_ocr,southfultontoday,right-center,right-center
no_ocr,southiowanews,right-center,right-center
no_ocr,southlouisiananews,right-center,right-center
no_ocr,southsummitnews,right-center,right-center
no_ocr,southtulsatoday,right-center,right-center
no_ocr,southwichitanews,right-center,right-center
no_ocr,southernindianatoday,right-center,right-center
no_ocr,southwestmontananews,right-center,right-center
no_ocr,southwestorangeobserver,center,left-center
no_ocr,springtimes,right-center,right-center
no_ocr,stjoebentonharbornews,right-center,right-center
no_ocr,stjohnstelegram,right-center,left
no_ocr,stanislausnews,right-center,right-center
no_ocr,stateline,left,left
no_ocr,sturgiscoldwaternews,right-center,right-center
no_ocr,supplychaindive,center,center
no_ocr,survivalnews1,right,right
no_ocr,tfppwire,right,left
no_ocr,tmz,right-center,left
no_ocr,techstartups,right-center,left-center
no_ocr,tenthamendmentcenter,right,right
no_ocr,tharawatmagazine,right-center,left-center
no_ocr,thedispatch,right-center,left-center
no_ocr,thefreepress,right-center,left
no_ocr,thepalestinechronicle,left,left
no_ocr,thesolutionsproject,left,left
no_ocr,thesouthafrican,left-center,left-center
no_ocr,thespinoff,left-center,left
no_ocr,thewisconsinindependent,left,center
no_ocr,thisdaylive,right-center,left
no_ocr,tobacconewswire,right-center,right-center
no_ocr,toofab,left,left
no_ocr,towncountrymagazine,left-center,left-center
no_ocr,tradingeconomics,center,left
no_ocr,trendingpolitics,right,right
no_ocr,truthforhealthfoundation,right,right
no_ocr,tulsastandard,right-center,right-center
no_ocr,tuscaloosaleader,right-center,right-center
no_ocr,usatoday,left-center,left-center
no_ocr,vaccineimpact,right,right
no_ocr,vaccineinjurynews,right,right
no_ocr,vanityfair,left,left-center
no_ocr,vintoncountycourier,left-center,left-center
no_ocr,voiceofamerica,center,left
no_ocr,wltreport,right,right
no_ocr,woflfox35orlando,center,center
no_ocr,wpnmleipsicnews,center,center
no_ocr,wwtn997fmnashville,right,right
no_ocr,waltonfamilyfoundation,center,left
no_ocr,warnerrobinstoday,right-center,right-center
no_ocr,washingtonmonthly,left-center,left-center
no_ocr,wataugademocrat,left-center,left-center
no_ocr,weatherforddemocrat,left-center,left-center
no_ocr,westatlantanews,right-center,right-center
no_ocr,westcentralreporter,right-center,right-center
no_ocr,westlatimes,right-center,right-center
no_ocr,westnynews,right-center,right-center
no_ocr,westoctimes,right-center,right-center
no_ocr,westwakenews,right-center,right-center
no_ocr,westchesterreporter,right-center,right-center
no_ocr,westernmassnews,center,center
no_ocr,westernndnews,right-center,right-center
no_ocr,wiartonecho,right-center,right-center
no_ocr,wiregrasstimes,right-center,right-center
no_ocr,woodstocksentinelreview,right-center,right-center
no_ocr,yadkinripple,left-center,left-center
no_ocr,yankeeinstituteforpublicpolicy,right-center,left
no_ocr,yukonnews,left-center,left-center
no_ocr,actforamerica,right,right
no_ocr,abakannews,right,right
no_ocr,americangulag,right,left
no_ocr,americanpatriotdaily,right,left
no_ocr,autulu,center,center
no_ocr,beehivestatenews,right-center,right-center
no_ocr,berdyansknews,right,right
no_ocr,berkscountynews,right-center,right-center
no_ocr,blacknews,left,center
no_ocr,bongino,right,right
no_ocr,c19ivermectin,right,right
no_ocr,cambriatimes,right-center,right-center
no_ocr,centralchestertoday,right-center,right-center
no_ocr,centralidahotimes,right-center,right-center
no_ocr,climaterealism,right,right
no_ocr,co2coalition,right,left-center
no_ocr,coalregionnews,right-center,right-center
no_ocr,collintimes,right-center,right-center
no_ocr,conchovalleynews,right-center,right-center
no_ocr,conservativefiringline,right,right
no_ocr,conservativeplaylist,right,right
no_ocr,conservativeundergroundnews,right,right
no_ocr,crawfordtimes,right-center,right-center
no_ocr,dagestannews,right,right
no_ocr,dailyburlington,center,center
no_ocr,dailyflowermound,center,center
no_ocr,dailyjanesville,center,center
no_ocr,dailymcallen,center,center
no_ocr,dailynewbraunfels,center,center
no_ocr,dailyroundrock,center,center
no_ocr,dailyspokanevalley,center,center
no_ocr,dailytacoma,center,center
no_ocr,dauphinnews,right-center,right-center
no_ocr,davistimes,right-center,right-center
no_ocr,desantisdaily,right,left
no_ocr,demstate,right-center,right
no_ocr,derstatus,right,left
no_ocr,donbasscenter,right,right
no_ocr,download,right,right
no_ocr,druthers,right,left
no_ocr,dzen,right-center,right
no_ocr,ecmississippinews,right-center,right-center
no_ocr,endthefed,right,right
no_ocr,eviemagazine,right,left
no_ocr,farsnewsagency,left-center,left
no_ocr,fdesouche,right,right
no_ocr,fivenation,right,right
no_ocr,frankspeech,right,right
no_ocr,friatiderfreetimes,right,right
no_ocr,frontpagemagazine,right,right
no_ocr,gbnewsuk,right,center
no_ocr,gopusa,right,left
no_ocr,gaysagainstgroomers,right,right
no_ocr,gellerreport,right,left
no_ocr,georgiarecord,right,left
no_ocr,ghost,right,right
no_ocr,gooddaybrownsville,center,center
no_ocr,gooddayportangeles,center,center
no_ocr,gooddayvancouver,center,center
no_ocr,happyvalleytimes,right-center,right-center
no_ocr,headlineusa,right,right
no_ocr,hopkinsvilletimes,right-center,right-center
no_ocr,illegalaliencrimereport,right,right
no_ocr,informationliberation,right,right
no_ocr,ingushetiyanews,right,right
no_ocr,intelli,center,right
no_ocr,irkutsknews,right,right
no_ocr,ivermectinforcovid19,right,left
no_ocr,joehoft,right,right
no_ocr,kentcountytimes,right-center,right-center
no_ocr,kerncountytimes,right-center,right-center
no_ocr,kirovnews,right,right
no_ocr,kremlin,right-center,left
no_ocr,lnrnews,right,right
no_ocr,laredotoday,center,center
no_ocr,lebanonpanews,right-center,right-center
no_ocr,leftaction,left,right
no_ocr,libsoftiktok,right,right
no_ocr,lifenews,right,right
no_ocr,lugansknews,right,right
no_ocr,magadannews,right,right
no_ocr,marylandbusinessdaily,right-center,right-center
no_ocr,metricmedia,right-center,right
no_ocr,miamistandard,right,left-center
no_ocr,middleeastmediaresearchinstitutememri,right,left
no_ocr,middleeastnewsagency,right-center,left
no_ocr,minnesotabusinessdaily,right-center,right-center
no_ocr,misionverdad,left,right
no_ocr,moldovanews,right,right
no_ocr,monroecountynews,right-center,right-center
no_ocr,morningmurfreesboro,center,center
no_ocr,moskvanews,right,left
no_ocr,myrtlebeachleader,right-center,right-center
no_ocr,ncbusinessdaily,right-center,right-center
no_ocr,nealabamanews,right-center,right-center
no_ocr,nashvillestandard,right-center,right-center
no_ocr,nikopolnews,right,right
no_ocr,ninefornews,right,right
no_ocr,northdakotabusinessdaily,right-center,right-center
no_ocr,novosibirsknews,right,right
no_ocr,odessanews,right,right
no_ocr,origo,right,right
no_ocr,orinocotribune,left,left
no_ocr,pacificpundit,right,left
no_ocr,palmettostatenews,right-center,right-center
no_ocr,patriotfetch,right,right
no_ocr,portlandcourant,right-center,right-center
no_ocr,pravdacanada,right,right
no_ocr,pravdaitalia,right,right
no_ocr,pravdanato,right,right
no_ocr,presidentialhill,right,right
no_ocr,projectveritas,right,right
no_ocr,providencereporter,right-center,right-center
no_ocr,rianovosti,right-center,right
no_ocr,radar,center,right
no_ocr,rationalground,right,right
no_ocr,realnewsnow,right,left
no_ocr,republicandaily,right,right
no_ocr,revolver,right,right
no_ocr,rightnewswire,right,left
no_ocr,russiainsider,right,right
no_ocr,scalaskanews,right-center,right-center
no_ocr,scmidlandnews,right-center,right-center
no_ocr,seatlantanews,right-center,right-center
no_ocr,shtfplancom,right,left
no_ocr,silverstatetimes,right-center,right-center
no_ocr,smokymountaintoday,right-center,right-center
no_ocr,southcentralpanews,right-center,right-center
no_ocr,southkentnews,right-center,right-center
no_ocr,southknoxvillenews,right-center,right-center
no_ocr,southernillinoisnews,right-center,right-center
no_ocr,southwestpanews,right-center,right-center
no_ocr,staresattheworld,right,right
no_ocr,steadfastandloyal,right,right
no_ocr,stopthesethings,right,left
no_ocr,surgutnews,right,right
no_ocr,theblacksphere,right,right
no_ocr,theconservativebrief,right,right
no_ocr,thedailyadda,left-center,right
no_ocr,thefreedomtimes,right,left-center
no_ocr,thegoldwater,right,left
no_ocr,thejoeroganexperience,right-center,left
no_ocr,theliberalireland,right,left-center
no_ocr,thelibertydaily,right,left
no_ocr,thenationaluae,right-center,left-center
no_ocr,thenevadan,left-center,left-center
no_ocr,thepatriotnurse,right,right
no_ocr,thequartering,right,right
no_ocr,therightscoop,right,right
no_ocr,thesarkariform,left,left
no_ocr,thescoop,right,right
no_ocr,torreonpost,left-center,left-center
no_ocr,transgendertrend,right,left
no_ocr,trumptrainnews,right,left
no_ocr,turningpointusafaith,right,right
no_ocr,valeursactuelles,right,right
no_ocr,wcminnesotanews,right-center,right-center
no_ocr,webertimes,right-center,right-center
no_ocr,westcentralpanews,right-center,right-center
no_ocr,westpdxtoday,right-center,right-center
no_ocr,westslcnews,right-center,right-center
no_ocr,williamsonnews,right-center,right-center
no_ocr,witherspooninstitute,right,left
no_ocr,worldnetdaily,right,right
no_ocr,xinhuaenglish,left,left
no_ocr,z3news,right,left
no_features,100fedup,right,right
no_features,404media,left-center,left
no_features,7news,right-center,left-center
no_features,972magazine,left-center,left
no_features,abc11eyewitnessnews,left-center,left-center
no_features,aptnnationalnews,left-center,left-center
no_features,adfontesmedia,center,center
no_features,adareporter,right-center,right-center
no_features,adamsnews,right,right
no_features,airdriecityview,left-center,left-center
no_features,akronreporter,right-center,right-center
no_features,albuquerquejournal,right-center,center
no_features,alohastatenews,right-center,right-center
no_features,amandla,left,left
no_features,americanaffairsjournal,right-center,left
no_features,americancenterforlawjustice,right,right
no_features,americansunitedforseparationofchurchandstate,left,right
no_features,amnestyinternational,left-center,left-center
no_features,analyticsindiamagazine,right-center,center
no_features,annarbortimes,right-center,right-center
no_features,anokatimes,right-center,right-center
no_features,arizonacapitoltimes,left-center,left-center
no_features,arizonarepublic,left-center,left-center
no_features,arlingtonheightsdailyherald,right-center,center
no_features,armedforcespress,right,right
no_features,armstrongeconomics,right,left
no_features,armytimes,center,center
no_features,ashevillereporter,right-center,right-center
no_features,asiatimes,center,left
no_features,atlantablackstar,left-center,left
no_features,atlantic,left-center,left
no_features,atlasintel,center,center
no_features,automotivedive,center,center
no_features,bdnews24,left-center,center
no_features,bajacaliforniapost,left-center,left-center
no_features,baldwintimes,right-center,right-center
no_features,banburyguardian,center,center
no_features,bartlesvilleexaminerenterprise,left-center,left-center
no_features,belfercenterforscienceandinternationalaffairs,left-center,left-center
no_features,biasednews,right,right
no_features,bignewsnetwork,center,right-center
no_features,billmoyerscom,left,left-center
no_features,billtrack50,center,left-center
no_features,bipartisanpolicycenter,right-center,left-center
no_features,birminghamworld,center,center
no_features,bloomingtonheraldtimes,left-center,left-center
no_features,bloomingtonleader,right-center,right-center
no_features,boisecitywire,right-center,right-center
no_features,borgenmagazine,left-center,left-center
no_features,borgenproject,left-center,left
no_features,bostonglobe,left-center,left-center
no_features,bothellreporter,center,center
no_features,brevardsun,right-center,right-center
no_features,buckeyereporter,right-center,right-center
no_features,buckscountycouriertimes,left-center,center
no_features,bucyrustelegraphforum,left-center,left-center
no_features,burlingtonreporter,right-center,right-center
no_features,cstoredive,center,center
no_features,cctvinternational,left-center,right
no_features,cabarrustoday,right-center,right-center
no_features,calgarysun,right-center,right-center
no_features,californiapoliticalreview,right-center,left
no_features,californiacollapsenews,right,right
no_features,campechepost,left-center,left-center
no_features,cantonrepository,left-center,left-center
no_features,castoradvance,left-center,left-center
no_features,catholictribunemichigan,right-center,right-center
no_features,catholictribuneminnesota,right-center,right-center
no_features,censortrack,right,right
no_features,centerforamericanprogress,left,left
no_features,centerforsecuritypolicy,right,left-center
no_features,chambanasun,right-center,right-center
no_features,changeresearch,left,left-center
no_features,checkyourfact,right-center,center
no_features,cheddar,left-center,center
no_features,chinadaily,left,left-center
no_features,ciodive,center,center
no_features,citizentruth,left-center,right
no_features,citynewstoronto,center,left-center
no_features,clarionledger,left-center,left-center
no_features,clarkforkvalleypress,center,center
no_features,clayreporter,right-center,right-center
no_features,cleantechnica,left-center,left
no_features,climatesciencepolicywatch,left-center,left
no_features,coconinonews,right-center,right-center
no_features,codastory,left,left
no_features,coloradofreepress,right,right
no_features,columbiajournalismreview,left-center,left
no_features,comicsands,left,left
no_features,commentarymagazine,right,left
no_features,concernedwomenforamerica,right,right
no_features,concordledger,right-center,right-center
no_features,conservativeopinion,right,right
no_features,constructiondive,center,center
no_features,countercurrentsorg,left,left
no_features,creationministriesinternational,right,right
no_features,creationevolutionheadlines,right,right
no_features,crossexaminedorg,right,right
no_features,cursor,left-center,center
no_features,cygnalpolling,right-center,left
no_features,dailydot,left,left
no_features,dailykos,left,left-center
no_features,dailypress,right-center,left-center
no_features,dailytorch,right,right
no_features,dailyveracity,right,right
no_features,dailyo,right-center,left-center
no_features,dartmouthtimes,right-center,right-center
no_features,daventryexpress,center,center
no_features,defector,left-center,left-center
no_features,defenddemocracypress,left,left
no_features,defenseworldnet,center,center
no_features,dekalbdailychronicle,center,left-center
no_features,delawareonlinethenewsjournal,left-center,left-center
no_features,democracyfundvoice,left-center,left
no_features,democratandchronicle,left-center,left-center
no_features,desmoinessun,right-center,right-center
no_features,deseretnews,right-center,left-center
no_features,digg,left-center,left-center
no_features,digitimesasia,center,center
no_features,discoveryinstitute,right,right
no_features,dissentmagazine,left,right
no_features,doctorswithoutborders,center,left-center
no_features,downsizingthefederalgovernment,right-center,left
no_features,dubuquetimes,right-center,right-center
no_features,duluthnewstribune,center,center
no_features,enews,center,left
no_features,ecoklahomanews,right-center,right-center
no_features,euvsdisinfo,left-center,left-center
no_features,earthorg,left-center,left
no_features,eastcentralreporter,right-center,right-center
no_features,eastlondonandwestessexguardian,center,center
no_features,eastpanhandlenews,right-center,right-center
no_features,eastsandiegonews,right-center,right-center
no_features,eastwaketimes,right-center,right-center
no_features,ecowatch,left,left-center
no_features,educationdailywire,right-center,right-center
no_features,egyptianstreets,left-center,left-center
no_features,electronicintifada,left,left
no_features,elkodailyfreepress,center,center
no_features,ellwoodcityledger,left-center,left-center
no_features,emirates247,right-center,center
no_features,enchantmentstatenews,right-center,right-center
no_features,entertainmentweekly,left-center,left-center
no_features,esquiremagazine,left,left
no_features,facilitiesdive,center,center
no_features,factcheckni,center,left-center
no_features,factsnet,center,center
no_features,faithfreedomcoalition,right,right
no_features,fargostandard,right-center,right-center
no_features,financialtechtimes,left-center,center
no_features,focusonthefamily,right,left
no_features,fortsmithtimes,right-center,right-center
no_features,fostersdailydemocrat,center,left-center
no_features,freedomfromreligionfoundation,left,right
no_features,fremontnewsmessenger,left-center,left-center
no_features,freshoffthepress,right,right
no_features,frontpagenewspaper,right-center,right
no_features,gzeromedia,left-center,center
no_features,geopoliticalintelligenceservices,right-center,left-center
no_features,georgiamountainnews,right-center,right-center
no_features,glasgowtimes,center,center
no_features,goderichsignalstar,right-center,right-center
no_features,grandjunctiontimes,right-center,right-center
no_features,granitegrok,right,right
no_features,greenevillesun,left-center,left-center
no_features,greenlininginstitute,left,left
no_features,grundyreporter,right-center,right-center
no_features,hrdive,center,center
no_features,heartlandinstitute,right,left
no_features,helensburghadvertiser,center,center
no_features,herbsnews,right,right
no_features,heritagefoundation,right,left
no_features,hongkongfreepress,left-center,left-center
no_features,hopekinsvilletimes,right-center,right-center
no_features,hudsontoday,right-center,right-center
no_features,huntsvilleleader,right-center,right-center
no_features,ipmnewsroom,left-center,left-center
no_features,imperialcanews,right-center,right-center
no_features,indexmundi,center,center
no_features,infoplease,left-center,left-center
no_features,instituteforthestudyofglobalizationandcovertpolitics,right,right
no_features,intellectualtakeout,right,right
no_features,investigatewest,left-center,left-center
no_features,iowacitytoday,right-center,right-center
no_features,jeffersoncitynews,right-center,right-center
no_features,kait8tv,center,center
no_features,kbutnprcrestedbutte,left-center,left
no_features,kcfcnprboulder,left-center,left-center
no_features,kkat860amsaltlakecity,right,right
no_features,kkoh780amreno,right,right
no_features,krccnprcoloradosprings,left-center,left-center
no_features,kvaleugenenews,right-center,center
no_features,kankakeetimes,right-center,right-center
no_features,kauaisun,right-center,right-center
no_features,keighleynews,center,center
no_features,kerncountrytimes,right-center,right-center
no_features,kirklandlakenorthernnews,right-center,right-center
no_features,lagrangedailynews,right-center,center
no_features,laborpains,right,right
no_features,laphamsquarterly,left-center,left
no_features,lawrencereporter,right-center,right-center
no_features,leighjournal,center,center
no_features,lifewire,center,left-center
no_features,limareporter,right-center,right-center
no_features,livingstontoday,right-center,right-center
no_features,logically,center,center
no_features,louisvillecitywire,right-center,right-center
no_features,ludlowadvertiser,center,center
no_features,magicvalleytimes,right-center,right-center
no_features,magnoliastatenews,right-center,right-center
no_features,manilabusinessdaily,right-center,right-center
no_features,mauireporter,right-center,right-center
no_features,mazatlanpost,left-center,left-center
no_features,mediamatters,left,left
no_features,merrimackvalleynews,right-center,right-center
no_features,metroweekly,left,left
no_features,midcoasttoday,right-center,right-center
no_features,midnorthmonitor,right-center,right-center
no_features,middleeastinstitute,center,left-center
no_features,minnesotasun,right,right
no_features,mitchelladvocate,right-center,right-center
no_features,mohawkvalleytimes,right-center,right-center
no_features,monmouthtimes,right-center,right-center
no_features,monterreydailypost,left-center,left-center
no_features,morrisleader,right-center,right-center
no_features,moveon,left,left
no_features,muslimskeptic,right,right
no_features,ncmississippinews,right-center,right-center
no_features,neatlantanews,right-center,right-center
no_features,necalinews,right-center,right-center
no_features,nelouisiananews,right-center,right-center
no_features,nepiedmontnews,right-center,right-center
no_features,nwillinoisnews,right-center,right-center
no_features,nwkentuckynews,right-center,right-center
no_features,nwlatimes,right-center,right-center
no_features,nwminnesotanews,right-center,right-center
no_features,nwvalleytimes,right-center,right-center
no_features,nationalassociationofscholars,right,right
no_features,nationalcenterforpublicpolicyresearch,right,left-center
no_features,naturalresourcegovernanceinstitute,left-center,center
no_features,northbirminghamtimes,right-center,right-center
no_features,northcolumbusnews,right-center,right-center
no_features,northcooknews,right-center,right-center
no_features,northessexnews,right-center,right-center
no_features,northindynews,right-center,right-center
no_features,northkentuckynews,right-center,right-center
no_features,northoctimes,right-center,right-center
no_features,northpalmbeachtoday,right-center,right-center
no_features,nunavutnews,left-center,left-center
no_features,oceancountyleader,right-center,right-center
no_features,offthepress,right,right
no_features,offthegridnews,right,right
no_features,ohmymag,center,left
no_features,outerbankstimes,right-center,right-center
no_features,pamedia,center,center
no_features,panamacityreporter,right-center,right-center
no_features,parentsdefendingeducation,right,left
no_features,pascoreporter,right-center,right-center
no_features,passaictoday,right-center,right-center
no_features,peacegardennews,right-center,right-center
no_features,peoriajournalstar,center,left-center
no_features,pharmavoice,center,center
no_features,pinehursttoday,right-center,right-center
no_features,pioneervalleyadvocate,left-center,left-center
no_features,politicalanimalnews,right,right
no_features,portagetimes,right-center,right-center
no_features,prairiestatewire,right-center,right-center
no_features,pueblapost,left-center,left-center
no_features,punchingbagpost,right,right
no_features,rabbleca,left,left-center
no_features,randcorporation,center,left-center
no_features,rapidcityjournal,center,center
no_features,rationalwiki,left-center,left-center
no_features,rawstory,left,left
no_features,readingchronicle,center,center
no_features,realnewsnetwork,left,left
no_features,reclaimthenet,right,right
no_features,redicetv,right,right
no_features,redoubtnews,right,right
no_features,redwoodempirenews,right-center,right-center
no_features,remingtonresearchgroup,center,right
no_features,renogazettejournal,left-center,left-center
no_features,renoreporter,right-center,right-center
no_features,restaurantdive,center,center
no_features,restoreamericanglory,right,right
no_features,revcomus,left,left
no_features,richmondside,left-center,left-center
no_features,ricochet,right,left
no_features,rivervalleytoday,right-center,right-center
no_features,riverdalepress,center,left-center
no_features,rockymounttelegram,left-center,left-center
no_features,scotusblog,center,left
no_features,sealaskanews,right-center,right-center
no_features,sebluegrassnews,right-center,right-center
no_features,seconnecticutnews,right-center,right-center
no_features,segrandrapidsnews,right-center,right-center
no_features,sekansascitynews,right-center,right-center
no_features,sekansasnews,right-center,right-center
no_features,sekentuckynews,right-center,right-center
no_features,senorthcarolinanews,right-center,right-center
no_features,sevegasnews,right-center,right-center
no_features,swalaskanews,right-center,right-center
no_features,swcoloradonews,right-center,right-center
no_features,swmissourinews,right-center,right-center
no_features,swoklahomanews,right-center,right-center
no_features,swriversidenews,right-center,right-center
no_features,salemradionetworknews,right-center,left-center
no_features,sandhillstoday,right-center,right-center
no_features,saultthisweek,right-center,right-center
no_features,savannahmorningnews,right-center,left-center
no_features,savejersey,right,right
no_features,showmestatetimes,right-center,right-center
no_features,shreveportreporter,right-center,right-center
no_features,sludge,left,right
no_features,somersettimes,right-center,right-center
no_features,sonsof1776,right,right
no_features,southafricatoday,right,center
no_features,southcharlottetoday,right-center,right-center
no_features,southcolumbusnews,right-center,right-center
no_features,southcooknews,right-center,right-center
no_features,southfranklinnews,right-center,right-center
no_features,southfultontoday,right-center,right-center
no_features,southiowanews,right-center,right-center
no_features,southlouisiananews,right-center,right-center
no_features,southsummitnews,right-center,right-center
no_features,southtulsatoday,right-center,right-center
no_features,southwichitanews,right-center,right-center
no_features,southernindianatoday,right-center,right-center
no_features,southwestmontananews,right-center,right-center
no_features,southwestorangeobserver,center,left-center
no_features,springtimes,right-center,right-center
no_features,stjoebentonharbornews,right-center,right-center
no_features,stjohnstelegram,right-center,right-center
no_features,stanislausnews,right-center,right-center
no_features,stateline,left,left
no_features,sturgiscoldwaternews,right-center,right-center
no_features,supplychaindive,center,center
no_features,survivalnews1,right,right
no_features,tfppwire,right,right
no_features,tmz,right-center,left
no_features,techstartups,right-center,right
no_features,tenthamendmentcenter,right,right
no_features,tharawatmagazine,right-center,right-center
no_features,thedispatch,right-center,left
no_features,thefreepress,right-center,left
no_features,thepalestinechronicle,left,left
no_features,thesolutionsproject,left,left-center
no_features,thesouthafrican,left-center,left-center
no_features,thespinoff,left-center,left
no_features,thewisconsinindependent,left,left
no_features,thisdaylive,right-center,center
no_features,tobacconewswire,right-center,right-center
no_features,toofab,left,left
no_features,towncountrymagazine,left-center,left-center
no_features,tradingeconomics,center,center
no_features,trendingpolitics,right,right
no_features,truthforhealthfoundation,right,right
no_features,tulsastandard,right-center,right-center
no_features,tuscaloosaleader,right-center,right-center
no_features,usatoday,left-center,left-center
no_features,vaccineimpact,right,right
no_features,vaccineinjurynews,right,right
no_features,vanityfair,left,left
no_features,vintoncountycourier,left-center,left-center
no_features,voiceofamerica,center,left
no_features,wltreport,right,right
no_features,woflfox35orlando,center,center
no_features,wpnmleipsicnews,center,center
no_features,wwtn997fmnashville,right,right
no_features,waltonfamilyfoundation,center,left-center
no_features,warnerrobinstoday,right-center,right-center
no_features,washingtonmonthly,left-center,left
no_features,wataugademocrat,left-center,left-center
no_features,weatherforddemocrat,left-center,left-center
no_features,westatlantanews,right-center,right-center
no_features,westcentralreporter,right-center,right-center
no_features,westlatimes,right-center,right-center
no_features,westnynews,right-center,right-center
no_features,westoctimes,right-center,right-center
no_features,westwakenews,right-center,right-center
no_features,westchesterreporter,right-center,right-center
no_features,westernmassnews,center,center
no_features,westernndnews,right-center,right-center
no_features,wiartonecho,right-center,right-center
no_features,wiregrasstimes,right-center,right-center
no_features,woodstocksentinelreview,right-center,right-center
no_features,yadkinripple,left-center,left-center
no_features,yankeeinstituteforpublicpolicy,right-center,right
no_features,yukonnews,left-center,left-center
no_features,actforamerica,right,right
no_features,abakannews,right,right
no_features,americangulag,right,right
no_features,americanpatriotdaily,right,right
no_features,autulu,center,center
no_features,beehivestatenews,right-center,right-center
no_features,berdyansknews,right,right
no_features,berkscountynews,right-center,right-center
no_features,blacknews,left,center
no_features,bongino,right,right
no_features,c19ivermectin,right,right
no_features,cambriatimes,right-center,right-center
no_features,centralchestertoday,right-center,right-center
no_features,centralidahotimes,right-center,right-center
no_features,climaterealism,right,right
no_features,co2coalition,right,left-center
no_features,coalregionnews,right-center,right-center
no_features,collintimes,right-center,right-center
no_features,conchovalleynews,right-center,right-center
no_features,conservativefiringline,right,right
no_features,conservativeplaylist,right,left
no_features,conservativeundergroundnews,right,right
no_features,crawfordtimes,right-center,right-center
no_features,dagestannews,right,right
no_features,dailyburlington,center,center
no_features,dailyflowermound,center,center
no_features,dailyjanesville,center,center
no_features,dailymcallen,center,center
no_features,dailynewbraunfels,center,center
no_features,dailyroundrock,center,center
no_features,dailyspokanevalley,center,center
no_features,dailytacoma,center,center
no_features,dauphinnews,right-center,right-center
no_features,davistimes,right-center,right-center
no_features,desantisdaily,right,right
no_features,demstate,right-center,left-center
no_features,derstatus,right,right
no_features,donbasscenter,right,right
no_features,download,right,right
no_features,druthers,right,right
no_features,dzen,right-center,right
no_features,ecmississippinews,right-center,right-center
no_features,endthefed,right,right
no_features,eviemagazine,right,left
no_features,farsnewsagency,left-center,left
no_features,fdesouche,right,right
no_features,fivenation,right,right
no_features,frankspeech,right,right
no_features,friatiderfreetimes,right,right
no_features,frontpagemagazine,right,right
no_features,gbnewsuk,right,center
no_features,gopusa,right,left
no_features,gaysagainstgroomers,right,left
no_features,gellerreport,right,right
no_features,georgiarecord,right,right
no_features,ghost,right,left
no_features,gooddaybrownsville,center,center
no_features,gooddayportangeles,center,center
no_features,gooddayvancouver,center,center
no_features,happyvalleytimes,right-center,right-center
no_features,headlineusa,right,right
no_features,hopkinsvilletimes,right-center,right-center
no_features,illegalaliencrimereport,right,right
no_features,informationliberation,right,right
no_features,ingushetiyanews,right,right
no_features,intelli,center,right
no_features,irkutsknews,right,right
no_features,ivermectinforcovid19,right,right
no_features,joehoft,right,right
no_features,kentcountytimes,right-center,right-center
no_features,kerncountytimes,right-center,right-center
no_features,kirovnews,right,right
no_features,kremlin,right-center,left
no_features,lnrnews,right,right
no_features,laredotoday,center,center
no_features,lebanonpanews,right-center,right-center
no_features,leftaction,left,left
no_features,libsoftiktok,right,right
no_features,lifenews,right,left
no_features,lugansknews,right,right
no_features,magadannews,right,right
no_features,marylandbusinessdaily,right-center,right-center
no_features,metricmedia,right-center,right
no_features,miamistandard,right,left
no_features,middleeastmediaresearchinstitutememri,right,right
no_features,middleeastnewsagency,right-center,left-center
no_features,minnesotabusinessdaily,right-center,right-center
no_features,misionverdad,left,left
no_features,moldovanews,right,right
no_features,monroecountynews,right-center,right-center
no_features,morningmurfreesboro,center,center
no_features,moskvanews,right,right-center
no_features,myrtlebeachleader,right-center,right-center
no_features,ncbusinessdaily,right-center,right-center
no_features,nealabamanews,right-center,right-center
no_features,nashvillestandard,right-center,right-center
no_features,nikopolnews,right,right
no_features,ninefornews,right,right
no_features,northdakotabusinessdaily,right-center,right-center
no_features,novosibirsknews,right,right
no_features,odessanews,right,right
no_features,origo,right,center
no_features,orinocotribune,left,left
no_features,pacificpundit,right,right
no_features,palmettostatenews,right-center,right-center
no_features,patriotfetch,right,right
no_features,portlandcourant,right-center,right-center
no_features,pravdacanada,right,right
no_features,pravdaitalia,right,right
no_features,pravdanato,right,right
no_features,presidentialhill,right,right
no_features,projectveritas,right,right
no_features,providencereporter,right-center,right-center
no_features,rianovosti,right-center,right
no_features,radar,center,left-center
no_features,rationalground,right,right
no_features,realnewsnow,right,right
no_features,republicandaily,right,right
no_features,revolver,right,right
no_features,rightnewswire,right,right
no_features,russiainsider,right,right
no_features,scalaskanews,right-center,right-center
no_features,scmidlandnews,right-center,right-center
no_features,seatlantanews,right-center,right-center
no_features,shtfplancom,right,right
no_features,silverstatetimes,right-center,right-center
no_features,smokymountaintoday,right-center,right-center
no_features,southcentralpanews,right-center,right-center
no_features,southkentnews,right-center,right-center
no_features,southknoxvillenews,right-center,right-center
no_features,southernillinoisnews,right-center,right-center
no_features,southwestpanews,right-center,right-center
no_features,staresattheworld,right,left
no_features,steadfastandloyal,right,right
no_features,stopthesethings,right,left
no_features,surgutnews,right,right
no_features,theblacksphere,right,right
no_features,theconservativebrief,right,right
no_features,thedailyadda,left-center,left
no_features,thefreedomtimes,right,center
no_features,thegoldwater,right,right
no_features,thejoeroganexperience,right-center,left-center
no_features,theliberalireland,right,right
no_features,thelibertydaily,right,right
no_features,thenationaluae,right-center,left-center
no_features,thenevadan,left-center,left-center
no_features,thepatriotnurse,right,left
no_features,thequartering,right,right
no_features,therightscoop,right,right
no_features,thesarkariform,left,right
no_features,thescoop,right,right
no_features,torreonpost,left-center,left-center
no_features,transgendertrend,right,right
no_features,trumptrainnews,right,right
no_features,turningpointusafaith,right,right
no_features,valeursactuelles,right,right
no_features,wcminnesotanews,right-center,right-center
no_features,webertimes,right-center,right-center
no_features,westcentralpanews,right-center,right-center
no_features,westpdxtoday,right-center,right-center
no_features,westslcnews,right-center,right-center
no_features,williamsonnews,right-center,right-center
no_features,witherspooninstitute,right,right
no_features,worldnetdaily,right,right
no_features,xinhuaenglish,left,left
no_features,z3news,right,right
ocr_only,100fedup,right,right
ocr_only,404media,left-center,left
ocr_only,7news,right-center,left-center
ocr_only,972magazine,left-center,left
ocr_only,abc11eyewitnessnews,left-center,left-center
ocr_only,aptnnationalnews,left-center,left-center
ocr_only,adfontesmedia,center,center
ocr_only,adareporter,right-center,right-center
ocr_only,adamsnews,right,right
ocr_only,airdriecityview,left-center,center
ocr_only,akronreporter,right-center,right-center
ocr_only,albuquerquejournal,right-center,center
ocr_only,alohastatenews,right-center,right-center
ocr_only,amandla,left,left
ocr_only,americanaffairsjournal,right-center,left
ocr_only,americancenterforlawjustice,right,right
ocr_only,americansunitedforseparationofchurchandstate,left,right
ocr_only,amnestyinternational,left-center,left
ocr_only,analyticsindiamagazine,right-center,center
ocr_only,annarbortimes,right-center,right-center
ocr_only,anokatimes,right-center,right-center
ocr_only,arizonacapitoltimes,left-center,left-center
ocr_only,arizonarepublic,left-center,left-center
ocr_only,arlingtonheightsdailyherald,right-center,center
ocr_only,armedforcespress,right,right
ocr_only,armstrongeconomics,right,left
ocr_only,armytimes,center,center
ocr_only,ashevillereporter,right-center,right-center
ocr_only,asiatimes,center,left
ocr_only,atlantablackstar,left-center,left
ocr_only,atlantic,left-center,left
ocr_only,atlasintel,center,center
ocr_only,automotivedive,center,center
ocr_only,bdnews24,left-center,center
ocr_only,bajacaliforniapost,left-center,left-center
ocr_only,baldwintimes,right-center,right-center
ocr_only,banburyguardian,center,center
ocr_only,bartlesvilleexaminerenterprise,left-center,left-center
ocr_only,belfercenterforscienceandinternationalaffairs,left-center,left-center
ocr_only,biasednews,right,right
ocr_only,bignewsnetwork,center,center
ocr_only,billmoyerscom,left,left-center
ocr_only,billtrack50,center,left-center
ocr_only,bipartisanpolicycenter,right-center,left-center
ocr_only,birminghamworld,center,center
ocr_only,bloomingtonheraldtimes,left-center,left-center
ocr_only,bloomingtonleader,right-center,right-center
ocr_only,boisecitywire,right-center,right-center
ocr_only,borgenmagazine,left-center,left-center
ocr_only,borgenproject,left-center,left-center
ocr_only,bostonglobe,left-center,left-center
ocr_only,bothellreporter,center,center
ocr_only,brevardsun,right-center,right-center
ocr_only,buckeyereporter,right-center,right-center
ocr_only,buckscountycouriertimes,left-center,center
ocr_only,bucyrustelegraphforum,left-center,left-center
ocr_only,burlingtonreporter,right-center,right-center
ocr_only,cstoredive,center,center
ocr_only,cctvinternational,left-center,right
ocr_only,cabarrustoday,right-center,right-center
ocr_only,calgarysun,right-center,right-center
ocr_only,californiapoliticalreview,right-center,left
ocr_only,californiacollapsenews,right,right
ocr_only,campechepost,left-center,left-center
ocr_only,cantonrepository,left-center,left-center
ocr_only,castoradvance,left-center,left-center
ocr_only,catholictribunemichigan,right-center,right-center
ocr_only,catholictribuneminnesota,right-center,right-center
ocr_only,censortrack,right,right
ocr_only,centerforamericanprogress,left,left
ocr_only,centerforsecuritypolicy,right,left-center
ocr_only,chambanasun,right-center,right-center
ocr_only,changeresearch,left,left-center
ocr_only,checkyourfact,right-center,center
ocr_only,cheddar,left-center,center
ocr_only,chinadaily,left,left-center
ocr_only,ciodive,center,center
ocr_only,citizentruth,left-center,right
ocr_only,citynewstoronto,center,left-center
ocr_only,clarionledger,left-center,left-center
ocr_only,clarkforkvalleypress,center,center
ocr_only,clayreporter,right-center,right-center
ocr_only,cleantechnica,left-center,left
ocr_only,climatesciencepolicywatch,left-center,left
ocr_only,coconinonews,right-center,right-center
ocr_only,codastory,left,left
ocr_only,coloradofreepress,right,right
ocr_only,columbiajournalismreview,left-center,left
ocr_only,comicsands,left,left
ocr_only,commentarymagazine,right,left
ocr_only,concernedwomenforamerica,right,right
ocr_only,concordledger,right-center,right-center
ocr_only,conservativeopinion,right,right
ocr_only,constructiondive,center,center
ocr_only,countercurrentsorg,left,left
ocr_only,creationministriesinternational,right,right
ocr_only,creationevolutionheadlines,right,left
ocr_only,crossexaminedorg,right,right
ocr_only,cursor,left-center,center
ocr_only,cygnalpolling,right-center,left
ocr_only,dailydot,left,left
ocr_only,dailykos,left,left
ocr_only,dailypress,right-center,left-center
ocr_only,dailytorch,right,right
ocr_only,dailyveracity,right,right
ocr_only,dailyo,right-center,left-center
ocr_only,dartmouthtimes,right-center,right-center
ocr_only,daventryexpress,center,center
ocr_only,defector,left-center,left-center
ocr_only,defenddemocracypress,left,left
ocr_only,defenseworldnet,center,center
ocr_only,dekalbdailychronicle,center,left-center
ocr_only,delawareonlinethenewsjournal,left-center,left-center
ocr_only,democracyfundvoice,left-center,left
ocr_only,democratandchronicle,left-center,left-center
ocr_only,desmoinessun,right-center,right-center
ocr_only,deseretnews,right-center,left-center
ocr_only,digg,left-center,left-center
ocr_only,digitimesasia,center,center
ocr_only,discoveryinstitute,right,right
ocr_only,dissentmagazine,left,right
ocr_only,doctorswithoutborders,center,left-center
ocr_only,downsizingthefederalgovernment,right-center,left
ocr_only,dubuquetimes,right-center,right-center
ocr_only,duluthnewstribune,center,center
ocr_only,enews,center,left
ocr_only,ecoklahomanews,right-center,right-center
ocr_only,euvsdisinfo,left-center,left-center
ocr_only,earthorg,left-center,left
ocr_only,eastcentralreporter,right-center,right-center
ocr_only,eastlondonandwestessexguardian,center,center
ocr_only,eastpanhandlenews,right-center,right-center
ocr_only,eastsandiegonews,right-center,right-center
ocr_only,eastwaketimes,right-center,right-center
ocr_only,ecowatch,left,left-center
ocr_only,educationdailywire,right-center,right-center
ocr_only,egyptianstreets,left-center,left-center
ocr_only,electronicintifada,left,left
ocr_only,elkodailyfreepress,center,center
ocr_only,ellwoodcityledger,left-center,left-center
ocr_only,emirates247,right-center,center
ocr_only,enchantmentstatenews,right-center,right-center
ocr_only,entertainmentweekly,left-center,left-center
ocr_only,esquiremagazine,left,left
ocr_only,facilitiesdive,center,center
ocr_only,factcheckni,center,left-center
ocr_only,factsnet,center,center
ocr_only,faithfreedomcoalition,right,right
ocr_only,fargostandard,right-center,right-center
ocr_only,financialtechtimes,left-center,center
ocr_only,focusonthefamily,right,left
ocr_only,fortsmithtimes,right-center,right-center
ocr_only,fostersdailydemocrat,center,left-center
ocr_only,freedomfromreligionfoundation,left,right
ocr_only,fremontnewsmessenger,left-center,left-center
ocr_only,freshoffthepress,right,right
ocr_only,frontpagenewspaper,right-center,right
ocr_only,gzeromedia,left-center,center
ocr_only,geopoliticalintelligenceservices,right-center,left-center
ocr_only,georgiamountainnews,right-center,right-center
ocr_only,glasgowtimes,center,center
ocr_only,goderichsignalstar,right-center,right-center
ocr_only,grandjunctiontimes,right-center,right-center
ocr_only,granitegrok,right,right
ocr_only,greenevillesun,left-center,left-center
ocr_only,greenlininginstitute,left,left
ocr_only,grundyreporter,right-center,right-center
ocr_only,hrdive,center,center
ocr_only,heartlandinstitute,right,left
ocr_only,helensburghadvertiser,center,center
ocr_only,herbsnews,right,right
ocr_only,heritagefoundation,right,left
ocr_only,hongkongfreepress,left-center,left-center
ocr_only,hopekinsvilletimes,right-center,right-center
ocr_only,hudsontoday,right-center,right-center
ocr_only,huntsvilleleader,right-center,right-center
ocr_only,ipmnewsroom,left-center,left-center
ocr_only,imperialcanews,right-center,right-center
ocr_only,indexmundi,center,center
ocr_only,infoplease,left-center,left-center
ocr_only,instituteforthestudyofglobalizationandcovertpolitics,right,right
ocr_only,intellectualtakeout,right,right
ocr_only,investigatewest,left-center,left
ocr_only,iowacitytoday,right-center,right-center
ocr_only,jeffersoncitynews,right-center,right-center
ocr_only,kait8tv,center,center
ocr_only,kbutnprcrestedbutte,left-center,left
ocr_only,kcfcnprboulder,left-center,left-center
ocr_only,kkat860amsaltlakecity,right,right
ocr_only,kkoh780amreno,right,right
ocr_only,krccnprcoloradosprings,left-center,left-center
ocr_only,kvaleugenenews,right-center,right-center
ocr_only,kankakeetimes,right-center,right-center
ocr_only,kauaisun,right-center,right-center
ocr_only,keighleynews,center,center
ocr_only,kerncountrytimes,right-center,right-center
ocr_only,kirklandlakenorthernnews,right-center,right-center
ocr_only,lagrangedailynews,right-center,center
ocr_only,laborpains,right,right
ocr_only,laphamsquarterly,left-center,left
ocr_only,lawrencereporter,right-center,right-center
ocr_only,leighjournal,center,center
ocr_only,lifewire,center,left-center
ocr_only,limareporter,right-center,right-center
ocr_only,livingstontoday,right-center,right-center
ocr_only,logically,center,left-center
ocr_only,louisvillecitywire,right-center,right-center
ocr_only,ludlowadvertiser,center,center
ocr_only,magicvalleytimes,right-center,right-center
ocr_only,magnoliastatenews,right-center,right-center
ocr_only,manilabusinessdaily,right-center,right-center
ocr_only,mauireporter,right-center,right-center
ocr_only,mazatlanpost,left-center,left-center
ocr_only,mediamatters,left,left
ocr_only,merrimackvalleynews,right-center,right-center
ocr_only,metroweekly,left,left
ocr_only,midcoasttoday,right-center,right-center
ocr_only,midnorthmonitor,right-center,right-center
ocr_only,middleeastinstitute,center,left-center
ocr_only,minnesotasun,right,right
ocr_only,mitchelladvocate,right-center,right-center
ocr_only,mohawkvalleytimes,right-center,right-center
ocr_only,monmouthtimes,right-center,right-center
ocr_only,monterreydailypost,left-center,left-center
ocr_only,morrisleader,right-center,right-center
ocr_only,moveon,left,left
ocr_only,muslimskeptic,right,right
ocr_only,ncmississippinews,right-center,right-center
ocr_only,neatlantanews,right-center,right-center
ocr_only,necalinews,right-center,right-center
ocr_only,nelouisiananews,right-center,right-center
ocr_only,nepiedmontnews,right-center,right-center
ocr_only,nwillinoisnews,right-center,right-center
ocr_only,nwkentuckynews,right-center,right-center
ocr_only,nwlatimes,right-center,right-center
ocr_only,nwminnesotanews,right-center,right-center
ocr_only,nwvalleytimes,right-center,right-center
ocr_only,nationalassociationofscholars,right,right
ocr_only,nationalcenterforpublicpolicyresearch,right,left-center
ocr_only,naturalresourcegovernanceinstitute,left-center,center
ocr_only,northbirminghamtimes,right-center,right-center
ocr_only,northcolumbusnews,right-center,right-center
ocr_only,northcooknews,right-center,right-center
ocr_only,northessexnews,right-center,right-center
ocr_only,northindynews,right-center,right-center
ocr_only,northkentuckynews,right-center,right-center
ocr_only,northoctimes,right-center,right-center
ocr_only,northpalmbeachtoday,right-center,right-center
ocr_only,nunavutnews,left-center,left-center
ocr_only,oceancountyleader,right-center,right-center
ocr_only,offthepress,right,right
ocr_only,offthegridnews,right,right
ocr_only,ohmymag,center,center
ocr_only,outerbankstimes,right-center,right-center
ocr_only,pamedia,center,center
ocr_only,panamacityreporter,right-center,right-center
ocr_only,parentsdefendingeducation,right,right
ocr_only,pascoreporter,right-center,right-center
ocr_only,passaictoday,right-center,right-center
ocr_only,peacegardennews,right-center,right-center
ocr_only,peoriajournalstar,center,left-center
ocr_only,pharmavoice,center,center
ocr_only,pinehursttoday,right-center,right-center
ocr_only,pioneervalleyadvocate,left-center,left-center
ocr_only,politicalanimalnews,right,right
ocr_only,portagetimes,right-center,right-center
ocr_only,prairiestatewire,right-center,right-center
ocr_only,pueblapost,left-center,left-center
ocr_only,punchingbagpost,right,right
ocr_only,rabbleca,left,left-center
ocr_only,randcorporation,center,left-center
ocr_only,rapidcityjournal,center,center
ocr_only,rationalwiki,left-center,left-center
ocr_only,rawstory,left,left
ocr_only,readingchronicle,center,center
ocr_only,realnewsnetwork,left,left
ocr_only,reclaimthenet,right,right
ocr_only,redicetv,right,right
ocr_only,redoubtnews,right,right
ocr_only,redwoodempirenews,right-center,right-center
ocr_only,remingtonresearchgroup,center,right
ocr_only,renogazettejournal,left-center,left-center
ocr_only,renoreporter,right-center,right-center
ocr_only,restaurantdive,center,center
ocr_only,restoreamericanglory,right,right
ocr_only,revcomus,left,left
ocr_only,richmondside,left-center,left-center
ocr_only,ricochet,right,left
ocr_only,rivervalleytoday,right-center,right-center
ocr_only,riverdalepress,center,center
ocr_only,rockymounttelegram,left-center,left-center
ocr_only,scotusblog,center,left
ocr_only,sealaskanews,right-center,right-center
ocr_only,sebluegrassnews,right-center,right-center
ocr_only,seconnecticutnews,right-center,right-center
ocr_only,segrandrapidsnews,right-center,right-center
ocr_only,sekansascitynews,right-center,right-center
ocr_only,sekansasnews,right-center,right-center
ocr_only,sekentuckynews,right-center,right-center
ocr_only,senorthcarolinanews,right-center,right-center
ocr_only,sevegasnews,right-center,right-center
ocr_only,swalaskanews,right-center,right-center
ocr_only,swcoloradonews,right-center,right-center
ocr_only,swmissourinews,right-center,right-center
ocr_only,swoklahomanews,right-center,right-center
ocr_only,swriversidenews,right-center,right-center
ocr_only,salemradionetworknews,right-center,left-center
ocr_only,sandhillstoday,right-center,right-center
ocr_only,saultthisweek,right-center,right-center
ocr_only,savannahmorningnews,right-center,left-center
ocr_only,savejersey,right,right
ocr_only,showmestatetimes,right-center,right-center
ocr_only,shreveportreporter,right-center,right-center
ocr_only,sludge,left,right
ocr_only,somersettimes,right-center,right-center
ocr_only,sonsof1776,right,right
ocr_only,southafricatoday,right,center
ocr_only,southcharlottetoday,right-center,right-center
ocr_only,southcolumbusnews,right-center,right-center
ocr_only,southcooknews,right-center,right-center
ocr_only,southfranklinnews,right-center,right-center
ocr_only,southfultontoday,right-center,right-center
ocr_only,southiowanews,right-center,right-center
ocr_only,southlouisiananews,right-center,right-center
ocr_only,southsummitnews,right-center,right-center
ocr_only,southtulsatoday,right-center,right-center
ocr_only,southwichitanews,right-center,right-center
ocr_only,southernindianatoday,right-center,right-center
ocr_only,southwestmontananews,right-center,right-center
ocr_only,southwestorangeobserver,center,left-center
ocr_only,springtimes,right-center,right-center
ocr_only,stjoebentonharbornews,right-center,right-center
ocr_only,stjohnstelegram,right-center,right-center
ocr_only,stanislausnews,right-center,right-center
ocr_only,stateline,left,left
ocr_only,sturgiscoldwaternews,right-center,right-center
ocr_only,supplychaindive,center,center
ocr_only,survivalnews1,right,right
ocr_only,tfppwire,right,right
ocr_only,tmz,right-center,left
ocr_only,techstartups,right-center,right
ocr_only,tenthamendmentcenter,right,right
ocr_only,tharawatmagazine,right-center,right-center
ocr_only,thedispatch,right-center,left
ocr_only,thefreepress,right-center,left
ocr_only,thepalestinechronicle,left,left
ocr_only,thesolutionsproject,left,left-center
ocr_only,thesouthafrican,left-center,left-center
ocr_only,thespinoff,left-center,left
ocr_only,thewisconsinindependent,left,left
ocr_only,thisdaylive,right-center,center
ocr_only,tobacconewswire,right-center,right-center
ocr_only,toofab,left,left
ocr_only,towncountrymagazine,left-center,left-center
ocr_only,tradingeconomics,center,center
ocr_only,trendingpolitics,right,right
ocr_only,truthforhealthfoundation,right,right
ocr_only,tulsastandard,right-center,right-center
ocr_only,tuscaloosaleader,right-center,right-center
ocr_only,usatoday,left-center,left-center
ocr_only,vaccineimpact,right,right
ocr_only,vaccineinjurynews,right,right
ocr_only,vanityfair,left,left
ocr_only,vintoncountycourier,left-center,left-center
ocr_only,voiceofamerica,center,left-center
ocr_only,wltreport,right,right
ocr_only,woflfox35orlando,center,center
ocr_only,wpnmleipsicnews,center,center
ocr_only,wwtn997fmnashville,right,right
ocr_only,waltonfamilyfoundation,center,left-center
ocr_only,warnerrobinstoday,right-center,right-center
ocr_only,washingtonmonthly,left-center,left
ocr_only,wataugademocrat,left-center,left-center
ocr_only,weatherforddemocrat,left-center,left-center
ocr_only,westatlantanews,right-center,right-center
ocr_only,westcentralreporter,right-center,right-center
ocr_only,westlatimes,right-center,right-center
ocr_only,westnynews,right-center,right-center
ocr_only,westoctimes,right-center,right-center
ocr_only,westwakenews,right-center,right-center
ocr_only,westchesterreporter,right-center,right-center
ocr_only,westernmassnews,center,center
ocr_only,westernndnews,right-center,right-center
ocr_only,wiartonecho,right-center,right-center
ocr_only,wiregrasstimes,right-center,right-center
ocr_only,woodstocksentinelreview,right-center,right-center
ocr_only,yadkinripple,left-center,center
ocr_only,yankeeinstituteforpublicpolicy,right-center,right
ocr_only,yukonnews,left-center,left-center
ocr_only,actforamerica,right,right
ocr_only,abakannews,right,right
ocr_only,americangulag,right,right
ocr_only,americanpatriotdaily,right,right
ocr_only,autulu,center,center
ocr_only,beehivestatenews,right-center,right-center
ocr_only,berdyansknews,right,right
ocr_only,berkscountynews,right-center,right-center
ocr_only,blacknews,left,center
ocr_only,bongino,right,right
ocr_only,c19ivermectin,right,right
ocr_only,cambriatimes,right-center,right-center
ocr_only,centralchestertoday,right-center,right-center
ocr_only,centralidahotimes,right-center,right-center
ocr_only,climaterealism,right,right
ocr_only,co2coalition,right,left
ocr_only,coalregionnews,right-center,right-center
ocr_only,collintimes,right-center,right-center
ocr_only,conchovalleynews,right-center,right-center
ocr_only,conservativefiringline,right,right
ocr_only,conservativeplaylist,right,left
ocr_only,conservativeundergroundnews,right,right
ocr_only,crawfordtimes,right-center,right-center
ocr_only,dagestannews,right,right
ocr_only,dailyburlington,center,center
ocr_only,dailyflowermound,center,center
ocr_only,dailyjanesville,center,center
ocr_only,dailymcallen,center,center
ocr_only,dailynewbraunfels,center,center
ocr_only,dailyroundrock,center,center
ocr_only,dailyspokanevalley,center,center
ocr_only,dailytacoma,center,center
ocr_only,dauphinnews,right-center,right-center
ocr_only,davistimes,right-center,right-center
ocr_only,desantisdaily,right,right
ocr_only,demstate,right-center,left-center
ocr_only,derstatus,right,right
ocr_only,donbasscenter,right,right
ocr_only,download,right,right
ocr_only,druthers,right,right
ocr_only,dzen,right-center,right
ocr_only,ecmississippinews,right-center,right-center
ocr_only,endthefed,right,right
ocr_only,eviemagazine,right,left
ocr_only,farsnewsagency,left-center,left
ocr_only,fdesouche,right,right
ocr_only,fivenation,right,right
ocr_only,frankspeech,right,right
ocr_only,friatiderfreetimes,right,right
ocr_only,frontpagemagazine,right,right
ocr_only,gbnewsuk,right,center
ocr_only,gopusa,right,left
ocr_only,gaysagainstgroomers,right,left
ocr_only,gellerreport,right,right
ocr_only,georgiarecord,right,right
ocr_only,ghost,right,left
ocr_only,gooddaybrownsville,center,center
ocr_only,gooddayportangeles,center,center
ocr_only,gooddayvancouver,center,center
ocr_only,happyvalleytimes,right-center,right-center
ocr_only,headlineusa,right,right
ocr_only,hopkinsvilletimes,right-center,right-center
ocr_only,illegalaliencrimereport,right,right
ocr_only,informationliberation,right,right
ocr_only,ingushetiyanews,right,right
ocr_only,intelli,center,right
ocr_only,irkutsknews,right,right
ocr_only,ivermectinforcovid19,right,right
ocr_only,joehoft,right,right
ocr_only,kentcountytimes,right-center,right-center
ocr_only,kerncountytimes,right-center,right-center
ocr_only,kirovnews,right,right
ocr_only,kremlin,right-center,right-center
ocr_only,lnrnews,right,right
ocr_only,laredotoday,center,center
ocr_only,lebanonpanews,right-center,right-center
ocr_only,leftaction,left,left
ocr_only,libsoftiktok,right,right
ocr_only,lifenews,right,left
ocr_only,lugansknews,right,right
ocr_only,magadannews,right,right
ocr_only,marylandbusinessdaily,right-center,right-center
ocr_only,metricmedia,right-center,left
ocr_only,miamistandard,right,left-center
ocr_only,middleeastmediaresearchinstitutememri,right,right
ocr_only,middleeastnewsagency,right-center,left-center
ocr_only,minnesotabusinessdaily,right-center,right-center
ocr_only,misionverdad,left,left
ocr_only,moldovanews,right,right
ocr_only,monroecountynews,right-center,right-center
ocr_only,morningmurfreesboro,center,center
ocr_only,moskvanews,right,right-center
ocr_only,myrtlebeachleader,right-center,right-center
ocr_only,ncbusinessdaily,right-center,right-center
ocr_only,nealabamanews,right-center,right-center
ocr_only,nashvillestandard,right-center,right-center
ocr_only,nikopolnews,right,right
ocr_only,ninefornews,right,right
ocr_only,northdakotabusinessdaily,right-center,right-center
ocr_only,novosibirsknews,right,right
ocr_only,odessanews,right,right
ocr_only,origo,right,center
ocr_only,orinocotribune,left,left
ocr_only,pacificpundit,right,right
ocr_only,palmettostatenews,right-center,right-center
ocr_only,patriotfetch,right,right
ocr_only,portlandcourant,right-center,right-center
ocr_only,pravdacanada,right,right
ocr_only,pravdaitalia,right,right
ocr_only,pravdanato,right,right
ocr_only,presidentialhill,right,right
ocr_only,projectveritas,right,right
ocr_only,providencereporter,right-center,right-center
ocr_only,rianovosti,right-center,right
ocr_only,radar,center,left-center
ocr_only,rationalground,right,right
ocr_only,realnewsnow,right,right
ocr_only,republicandaily,right,right
ocr_only,revolver,right,right
ocr_only,rightnewswire,right,right
ocr_only,russiainsider,right,right
ocr_only,scalaskanews,right-center,right-center
ocr_only,scmidlandnews,right-center,right-center
ocr_only,seatlantanews,right-center,right-center
ocr_only,shtfplancom,right,right
ocr_only,silverstatetimes,right-center,right-center
ocr_only,smokymountaintoday,right-center,right-center
ocr_only,southcentralpanews,right-center,right-center
ocr_only,southkentnews,right-center,right-center
ocr_only,southknoxvillenews,right-center,right-center
ocr_only,southernillinoisnews,right-center,right-center
ocr_only,southwestpanews,right-center,right-center
ocr_only,staresattheworld,right,left
ocr_only,steadfastandloyal,right,right
ocr_only,stopthesethings,right,left
ocr_only,surgutnews,right,right
ocr_only,theblacksphere,right,right
ocr_only,theconservativebrief,right,right
ocr_only,thedailyadda,left-center,left
ocr_only,thefreedomtimes,right,center
ocr_only,thegoldwater,right,right
ocr_only,thejoeroganexperience,right-center,right
ocr_only,theliberalireland,right,right
ocr_only,thelibertydaily,right,right
ocr_only,thenationaluae,right-center,left-center
ocr_only,thenevadan,left-center,left-center
ocr_only,thepatriotnurse,right,left
ocr_only,thequartering,right,right
ocr_only,therightscoop,right,right
ocr_only,thesarkariform,left,right
ocr_only,thescoop,right,right
ocr_only,torreonpost,left-center,left-center
ocr_only,transgendertrend,right,right
ocr_only,trumptrainnews,right,right
ocr_only,turningpointusafaith,right,right
ocr_only,valeursactuelles,right,right
ocr_only,wcminnesotanews,right-center,right-center
ocr_only,webertimes,right-center,right-center
ocr_only,westcentralpanews,right-center,right-center
ocr_only,westpdxtoday,right-center,right-center
ocr_only,westslcnews,right-center,right-center
ocr_only,williamsonnews,right-center,right-center
ocr_only,witherspooninstitute,right,right
ocr_only,worldnetdaily,right,right
ocr_only,xinhuaenglish,left,left
ocr_only,z3news,right,right
dino_only,100fedup,right,center
dino_only,404media,left-center,left
dino_only,7news,right-center,left-center
dino_only,972magazine,left-center,left
dino_only,abc11eyewitnessnews,left-center,center
dino_only,aptnnationalnews,left-center,right
dino_only,adfontesmedia,center,left-center
dino_only,adareporter,right-center,right-center
dino_only,adamsnews,right,right
dino_only,airdriecityview,left-center,left-center
dino_only,akronreporter,right-center,right-center
dino_only,albuquerquejournal,right-center,center
dino_only,alohastatenews,right-center,right-center
dino_only,amandla,left,center
dino_only,americanaffairsjournal,right-center,left
dino_only,americancenterforlawjustice,right,right
dino_only,americansunitedforseparationofchurchandstate,left,left-center
dino_only,amnestyinternational,left-center,center
dino_only,analyticsindiamagazine,right-center,center
dino_only,annarbortimes,right-center,right-center
dino_only,anokatimes,right-center,right-center
dino_only,arizonacapitoltimes,left-center,right-center
dino_only,arizonarepublic,left-center,left-center
dino_only,arlingtonheightsdailyherald,right-center,center
dino_only,armedforcespress,right,right
dino_only,armstrongeconomics,right,right
dino_only,armytimes,center,center
dino_only,ashevillereporter,right-center,right-center
dino_only,asiatimes,center,left
dino_only,atlantablackstar,left-center,left-center
dino_only,atlantic,left-center,right
dino_only,atlasintel,center,center
dino_only,automotivedive,center,right
dino_only,bdnews24,left-center,center
dino_only,bajacaliforniapost,left-center,left-center
dino_only,baldwintimes,right-center,right-center
dino_only,banburyguardian,center,center
dino_only,bartlesvilleexaminerenterprise,left-center,left-center
dino_only,belfercenterforscienceandinternationalaffairs,left-center,left
dino_only,biasednews,right,right
dino_only,bignewsnetwork,center,right
dino_only,billmoyerscom,left,right
dino_only,billtrack50,center,right
dino_only,bipartisanpolicycenter,right-center,right
dino_only,birminghamworld,center,left
dino_only,bloomingtonheraldtimes,left-center,left-center
dino_only,bloomingtonleader,right-center,right-center
dino_only,boisecitywire,right-center,right-center
dino_only,borgenmagazine,left-center,left-center
dino_only,borgenproject,left-center,left-center
dino_only,bostonglobe,left-center,left-center
dino_only,bothellreporter,center,center
dino_only,brevardsun,right-center,right-center
dino_only,buckeyereporter,right-center,right-center
dino_only,buckscountycouriertimes,left-center,left-center
dino_only,bucyrustelegraphforum,left-center,right
dino_only,burlingtonreporter,right-center,right-center
dino_only,cstoredive,center,center
dino_only,cctvinternational,left-center,right
dino_only,cabarrustoday,right-center,right-center
dino_only,calgarysun,right-center,center
dino_only,californiapoliticalreview,right-center,left-center
dino_only,californiacollapsenews,right,right
dino_only,campechepost,left-center,left
dino_only,cantonrepository,left-center,left-center
dino_only,castoradvance,left-center,left-center
dino_only,catholictribunemichigan,right-center,right-center
dino_only,catholictribuneminnesota,right-center,right-center
dino_only,censortrack,right,right
dino_only,centerforamericanprogress,left,left-center
dino_only,centerforsecuritypolicy,right,right
dino_only,chambanasun,right-center,right-center
dino_only,changeresearch,left,right
dino_only,checkyourfact,right-center,left
dino_only,cheddar,left-center,left-center
dino_only,chinadaily,left,right
dino_only,ciodive,center,center
dino_only,citizentruth,left-center,left
dino_only,citynewstoronto,center,center
dino_only,clarionledger,left-center,left-center
dino_only,clarkforkvalleypress,center,center
dino_only,clayreporter,right-center,right-center
dino_only,cleantechnica,left-center,left-center
dino_only,climatesciencepolicywatch,left-center,right
dino_only,coconinonews,right-center,right-center
dino_only,codastory,left,right
dino_only,coloradofreepress,right,left
dino_only,columbiajournalismreview,left-center,right
dino_only,comicsands,left,left
dino_only,commentarymagazine,right,left
dino_only,concernedwomenforamerica,right,left-center
dino_only,concordledger,right-center,right-center
dino_only,conservativeopinion,right,right
dino_only,constructiondive,center,right
dino_only,countercurrentsorg,left,right
dino_only,creationministriesinternational,right,right
dino_only,creationevolutionheadlines,right,right
dino_only,crossexaminedorg,right,left
dino_only,cursor,left-center,left-center
dino_only,cygnalpolling,right-center,center
dino_only,dailydot,left,right
dino_only,dailykos,left,right
dino_only,dailypress,right-center,left-center
dino_only,dailytorch,right,right
dino_only,dailyveracity,right,center
dino_only,dailyo,right-center,left
dino_only,dartmouthtimes,right-center,right-center
dino_only,daventryexpress,center,center
dino_only,defector,left-center,left-center
dino_only,defenddemocracypress,left,right
dino_only,defenseworldnet,center,right
dino_only,dekalbdailychronicle,center,right
dino_only,delawareonlinethenewsjournal,left-center,left-center
dino_only,democracyfundvoice,left-center,left
dino_only,democratandchronicle,left-center,left-center
dino_only,desmoinessun,right-center,right-center
dino_only,deseretnews,right-center,center
dino_only,digg,left-center,right
dino_only,digitimesasia,center,center
dino_only,discoveryinstitute,right,left-center
dino_only,dissentmagazine,left,left-center
dino_only,doctorswithoutborders,center,left-center
dino_only,downsizingthefederalgovernment,right-center,left
dino_only,dubuquetimes,right-center,right-center
dino_only,duluthnewstribune,center,left-center
dino_only,enews,center,left-center
dino_only,ecoklahomanews,right-center,right-center
dino_only,euvsdisinfo,left-center,center
dino_only,earthorg,left-center,left
dino_only,eastcentralreporter,right-center,right-center
dino_only,eastlondonandwestessexguardian,center,center
dino_only,eastpanhandlenews,right-center,right-center
dino_only,eastsandiegonews,right-center,right-center
dino_only,eastwaketimes,right-center,right-center
dino_only,ecowatch,left,left
dino_only,educationdailywire,right-center,right-center
dino_only,egyptianstreets,left-center,left-center
dino_only,electronicintifada,left,left
dino_only,elkodailyfreepress,center,right
dino_only,ellwoodcityledger,left-center,left-center
dino_only,emirates247,right-center,left
dino_only,enchantmentstatenews,right-center,right-center
dino_only,entertainmentweekly,left-center,left-center
dino_only,esquiremagazine,left,right-center
dino_only,facilitiesdive,center,left-center
dino_only,factcheckni,center,left
dino_only,factsnet,center,right
dino_only,faithfreedomcoalition,right,left-center
dino_only,fargostandard,right-center,right-center
dino_only,financialtechtimes,left-center,center
dino_only,focusonthefamily,right,right
dino_only,fortsmithtimes,right-center,right-center
dino_only,fostersdailydemocrat,center,left-center
dino_only,freedomfromreligionfoundation,left,left-center
dino_only,fremontnewsmessenger,left-center,left-center
dino_only,freshoffthepress,right,center
dino_only,frontpagenewspaper,right-center,left
dino_only,gzeromedia,left-center,right
dino_only,geopoliticalintelligenceservices,right-center,center
dino_only,georgiamountainnews,right-center,right-center
dino_only,glasgowtimes,center,center
dino_only,goderichsignalstar,right-center,right-center
dino_only,grandjunctiontimes,right-center,right-center
dino_only,granitegrok,right,right
dino_only,greenevillesun,left-center,left-center
dino_only,greenlininginstitute,left,right
dino_only,grundyreporter,right-center,right-center
dino_only,hrdive,center,right
dino_only,heartlandinstitute,right,right
dino_only,helensburghadvertiser,center,left
dino_only,herbsnews,right,right
dino_only,heritagefoundation,right,right
dino_only,hongkongfreepress,left-center,right
dino_only,hopekinsvilletimes,right-center,right-center
dino_only,hudsontoday,right-center,right-center
dino_only,huntsvilleleader,right-center,right-center
dino_only,ipmnewsroom,left-center,left-center
dino_only,imperialcanews,right-center,right-center
dino_only,indexmundi,center,right
dino_only,infoplease,left-center,left-center
dino_only,instituteforthestudyofglobalizationandcovertpolitics,right,right
dino_only,intellectualtakeout,right,left
dino_only,investigatewest,left-center,center
dino_only,iowacitytoday,right-center,right-center
dino_only,jeffersoncitynews,right-center,right-center
dino_only,kait8tv,center,left-center
dino_only,kbutnprcrestedbutte,left-center,left-center
dino_only,kcfcnprboulder,left-center,left-center
dino_only,kkat860amsaltlakecity,right,right
dino_only,kkoh780amreno,right,right
dino_only,krccnprcoloradosprings,left-center,center
dino_only,kvaleugenenews,right-center,right
dino_only,kankakeetimes,right-center,right-center
dino_only,kauaisun,right-center,right-center
dino_only,keighleynews,center,left-center
dino_only,kerncountrytimes,right-center,right-center
dino_only,kirklandlakenorthernnews,right-center,right-center
dino_only,lagrangedailynews,right-center,left
dino_only,laborpains,right,left
dino_only,laphamsquarterly,left-center,right
dino_only,lawrencereporter,right-center,right-center
dino_only,leighjournal,center,left-center
dino_only,lifewire,center,center
dino_only,limareporter,right-center,right-center
dino_only,livingstontoday,right-center,right-center
dino_only,logically,center,center
dino_only,louisvillecitywire,right-center,right-center
dino_only,ludlowadvertiser,center,left
dino_only,magicvalleytimes,right-center,right-center
dino_only,magnoliastatenews,right-center,right-center
dino_only,manilabusinessdaily,right-center,right-center
dino_only,mauireporter,right-center,right-center
dino_only,mazatlanpost,left-center,left
dino_only,mediamatters,left,right
dino_only,merrimackvalleynews,right-center,right-center
dino_only,metroweekly,left,right
dino_only,midcoasttoday,right-center,right-center
dino_only,midnorthmonitor,right-center,right-center
dino_only,middleeastinstitute,center,right-center
dino_only,minnesotasun,right,right
dino_only,mitchelladvocate,right-center,right-center
dino_only,mohawkvalleytimes,right-center,right-center
dino_only,monmouthtimes,right-center,right-center
dino_only,monterreydailypost,left-center,left
dino_only,morrisleader,right-center,right-center
dino_only,moveon,left,right
dino_only,muslimskeptic,right,center
dino_only,ncmississippinews,right-center,right-center
dino_only,neatlantanews,right-center,right-center
dino_only,necalinews,right-center,right-center
dino_only,nelouisiananews,right-center,right-center
dino_only,nepiedmontnews,right-center,right-center
dino_only,nwillinoisnews,right-center,right-center
dino_only,nwkentuckynews,right-center,right-center
dino_only,nwlatimes,right-center,right-center
dino_only,nwminnesotanews,right-center,right-center
dino_only,nwvalleytimes,right-center,right-center
dino_only,nationalassociationofscholars,right,right
dino_only,nationalcenterforpublicpolicyresearch,right,left-center
dino_only,naturalresourcegovernanceinstitute,left-center,left
dino_only,northbirminghamtimes,right-center,right-center
dino_only,northcolumbusnews,right-center,right-center
dino_only,northcooknews,right-center,right-center
dino_only,northessexnews,right-center,right-center
dino_only,northindynews,right-center,right-center
dino_only,northkentuckynews,right-center,right-center
dino_only,northoctimes,right-center,right-center
dino_only,northpalmbeachtoday,right-center,right-center
dino_only,nunavutnews,left-center,left-center
dino_only,oceancountyleader,right-center,right-center
dino_only,offthepress,right,left
dino_only,offthegridnews,right,right
dino_only,ohmymag,center,left
dino_only,outerbankstimes,right-center,right-center
dino_only,pamedia,center,left
dino_only,panamacityreporter,right-center,right-center
dino_only,parentsdefendingeducation,right,left-center
dino_only,pascoreporter,right-center,right-center
dino_only,passaictoday,right-center,right-center
dino_only,peacegardennews,right-center,right-center
dino_only,peoriajournalstar,center,left-center
dino_only,pharmavoice,center,right
dino_only,pinehursttoday,right-center,right-center
dino_only,pioneervalleyadvocate,left-center,left-center
dino_only,politicalanimalnews,right,left-center
dino_only,portagetimes,right-center,right-center
dino_only,prairiestatewire,right-center,right-center
dino_only,pueblapost,left-center,left
dino_only,punchingbagpost,right,right
dino_only,rabbleca,left,left-center
dino_only,randcorporation,center,left-center
dino_only,rapidcityjournal,center,right-center
dino_only,rationalwiki,left-center,right
dino_only,rawstory,left,right-center
dino_only,readingchronicle,center,center
dino_only,realnewsnetwork,left,left
dino_only,reclaimthenet,right,left-center
dino_only,redicetv,right,right
dino_only,redoubtnews,right,right
dino_only,redwoodempirenews,right-center,right-center
dino_only,remingtonresearchgroup,center,left-center
dino_only,renogazettejournal,left-center,left-center
dino_only,renoreporter,right-center,right-center
dino_only,restaurantdive,center,right
dino_only,restoreamericanglory,right,left
dino_only,revcomus,left,right
dino_only,richmondside,left-center,left-center
dino_only,ricochet,right,left-center
dino_only,rivervalleytoday,right-center,right-center
dino_only,riverdalepress,center,center
dino_only,rockymounttelegram,left-center,center
dino_only,scotusblog,center,left
dino_only,sealaskanews,right-center,right-center
dino_only,sebluegrassnews,right-center,right-center
dino_only,seconnecticutnews,right-center,right-center
dino_only,segrandrapidsnews,right-center,right-center
dino_only,sekansascitynews,right-center,right-center
dino_only,sekansasnews,right-center,right-center
dino_only,sekentuckynews,right-center,right-center
dino_only,senorthcarolinanews,right-center,right-center
dino_only,sevegasnews,right-center,right-center
dino_only,swalaskanews,right-center,right-center
dino_only,swcoloradonews,right-center,right-center
dino_only,swmissourinews,right-center,right-center
dino_only,swoklahomanews,right-center,right-center
dino_only,swriversidenews,right-center,right-center
dino_only,salemradionetworknews,right-center,right
dino_only,sandhillstoday,right-center,right-center
dino_only,saultthisweek,right-center,left-center
dino_only,savannahmorningnews,right-center,left-center
dino_only,savejersey,right,left
dino_only,showmestatetimes,right-center,right-center
dino_only,shreveportreporter,right-center,right-center
dino_only,sludge,left,right
dino_only,somersettimes,right-center,right-center
dino_only,sonsof1776,right,right
dino_only,southafricatoday,right,center
dino_only,southcharlottetoday,right-center,right-center
dino_only,southcolumbusnews,right-center,left-center
dino_only,southcooknews,right-center,right-center
dino_only,southfranklinnews,right-center,right-center
dino_only,southfultontoday,right-center,right-center
dino_only,southiowanews,right-center,right-center
dino_only,southlouisiananews,right-center,right-center
dino_only,southsummitnews,right-center,right-center
dino_only,southtulsatoday,right-center,right-center
dino_only,southwichitanews,right-center,right-center
dino_only,southernindianatoday,right-center,right-center
dino_only,southwestmontananews,right-center,right-center
dino_only,southwestorangeobserver,center,left
dino_only,springtimes,right-center,right-center
dino_only,stjoebentonharbornews,right-center,right-center
dino_only,stjohnstelegram,right-center,left-center
dino_only,stanislausnews,right-center,right-center
dino_only,stateline,left,left
dino_only,sturgiscoldwaternews,right-center,right-center
dino_only,supplychaindive,center,center
dino_only,survivalnews1,right,right
dino_only,tfppwire,right,left
dino_only,tmz,right-center,left
dino_only,techstartups,right-center,center
dino_only,tenthamendmentcenter,right,right
dino_only,tharawatmagazine,right-center,right
dino_only,thedispatch,right-center,right
dino_only,thefreepress,right-center,center
dino_only,thepalestinechronicle,left,left-center
dino_only,thesolutionsproject,left,left
dino_only,thesouthafrican,left-center,left
dino_only,thespinoff,left-center,right
dino_only,thewisconsinindependent,left,center
dino_only,thisdaylive,right-center,left
dino_only,tobacconewswire,right-center,right
dino_only,toofab,left,left-center
dino_only,towncountrymagazine,left-center,left-center
dino_only,tradingeconomics,center,left
dino_only,trendingpolitics,right,right
dino_only,truthforhealthfoundation,right,center
dino_only,tulsastandard,right-center,right-center
dino_only,tuscaloosaleader,right-center,right-center
dino_only,usatoday,left-center,left-center
dino_only,vaccineimpact,right,center
dino_only,vaccineinjurynews,right,right
dino_only,vanityfair,left,right
dino_only,vintoncountycourier,left-center,right
dino_only,voiceofamerica,center,left
dino_only,wltreport,right,right
dino_only,woflfox35orlando,center,center
dino_only,wpnmleipsicnews,center,center
dino_only,wwtn997fmnashville,right,right
dino_only,waltonfamilyfoundation,center,left
dino_only,warnerrobinstoday,right-center,right-center
dino_only,washingtonmonthly,left-center,center
dino_only,wataugademocrat,left-center,left-center
dino_only,weatherforddemocrat,left-center,center
dino_only,westatlantanews,right-center,right-center
dino_only,westcentralreporter,right-center,right-center
dino_only,westlatimes,right-center,right-center
dino_only,westnynews,right-center,right-center
dino_only,westoctimes,right-center,right-center
dino_only,westwakenews,right-center,right-center
dino_only,westchesterreporter,right-center,right-center
dino_only,westernmassnews,center,center
dino_only,westernndnews,right-center,right-center
dino_only,wiartonecho,right-center,right-center
dino_only,wiregrasstimes,right-center,right-center
dino_only,woodstocksentinelreview,right-center,right-center
dino_only,yadkinripple,left-center,left
dino_only,yankeeinstituteforpublicpolicy,right-center,center
dino_only,yukonnews,left-center,left-center
dino_only,actforamerica,right,right
dino_only,abakannews,right,right
dino_only,americangulag,right,left
dino_only,americanpatriotdaily,right,left
dino_only,autulu,center,center
dino_only,beehivestatenews,right-center,right-center
dino_only,berdyansknews,right,right
dino_only,berkscountynews,right-center,right-center
dino_only,blacknews,left,left-center
dino_only,bongino,right,right-center
dino_only,c19ivermectin,right,right
dino_only,cambriatimes,right-center,right-center
dino_only,centralchestertoday,right-center,right-center
dino_only,centralidahotimes,right-center,right-center
dino_only,climaterealism,right,right
dino_only,co2coalition,right,center
dino_only,coalregionnews,right-center,right-center
dino_only,collintimes,right-center,right-center
dino_only,conchovalleynews,right-center,right-center
dino_only,conservativefiringline,right,left
dino_only,conservativeplaylist,right,right
dino_only,conservativeundergroundnews,right,left
dino_only,crawfordtimes,right-center,right-center
dino_only,dagestannews,right,right
dino_only,dailyburlington,center,center
dino_only,dailyflowermound,center,center
dino_only,dailyjanesville,center,center
dino_only,dailymcallen,center,center
dino_only,dailynewbraunfels,center,center
dino_only,dailyroundrock,center,center
dino_only,dailyspokanevalley,center,center
dino_only,dailytacoma,center,center
dino_only,dauphinnews,right-center,right-center
dino_only,davistimes,right-center,right-center
dino_only,desantisdaily,right,left
dino_only,demstate,right-center,left-center
dino_only,derstatus,right,left
dino_only,donbasscenter,right,right
dino_only,download,right,right
dino_only,druthers,right,left
dino_only,dzen,right-center,center
dino_only,ecmississippinews,right-center,right-center
dino_only,endthefed,right,right
dino_only,eviemagazine,right,left
dino_only,farsnewsagency,left-center,left
dino_only,fdesouche,right,right
dino_only,fivenation,right,right
dino_only,frankspeech,right,right
dino_only,friatiderfreetimes,right,right
dino_only,frontpagemagazine,right,right
dino_only,gbnewsuk,right,left
dino_only,gopusa,right,right-center
dino_only,gaysagainstgroomers,right,right
dino_only,gellerreport,right,left
dino_only,georgiarecord,right,left-center
dino_only,ghost,right,right
dino_only,gooddaybrownsville,center,center
dino_only,gooddayportangeles,center,center
dino_only,gooddayvancouver,center,center
dino_only,happyvalleytimes,right-center,right-center
dino_only,headlineusa,right,center
dino_only,hopkinsvilletimes,right-center,right-center
dino_only,illegalaliencrimereport,right,right
dino_only,informationliberation,right,right-center
dino_only,ingushetiyanews,right,right
dino_only,intelli,center,right
dino_only,irkutsknews,right,right
dino_only,ivermectinforcovid19,right,left-center
dino_only,joehoft,right,right
dino_only,kentcountytimes,right-center,right-center
dino_only,kerncountytimes,right-center,right-center
dino_only,kirovnews,right,right
dino_only,kremlin,right-center,left
dino_only,lnrnews,right,right
dino_only,laredotoday,center,center
dino_only,lebanonpanews,right-center,right-center
dino_only,leftaction,left,right
dino_only,libsoftiktok,right,right
dino_only,lifenews,right,right
dino_only,lugansknews,right,right
dino_only,magadannews,right,right
dino_only,marylandbusinessdaily,right-center,right-center
dino_only,metricmedia,right-center,right
dino_only,miamistandard,right,left
dino_only,middleeastmediaresearchinstitutememri,right,left
dino_only,middleeastnewsagency,right-center,left
dino_only,minnesotabusinessdaily,right-center,right-center
dino_only,misionverdad,left,right
dino_only,moldovanews,right,right
dino_only,monroecountynews,right-center,right-center
dino_only,morningmurfreesboro,center,center
dino_only,moskvanews,right,center
dino_only,myrtlebeachleader,right-center,right-center
dino_only,ncbusinessdaily,right-center,right-center
dino_only,nealabamanews,right-center,right-center
dino_only,nashvillestandard,right-center,right-center
dino_only,nikopolnews,right,right
dino_only,ninefornews,right,right-center
dino_only,northdakotabusinessdaily,right-center,right-center
dino_only,novosibirsknews,right,right
dino_only,odessanews,right,right
dino_only,origo,right,right
dino_only,orinocotribune,left,left
dino_only,pacificpundit,right,left
dino_only,palmettostatenews,right-center,right-center
dino_only,patriotfetch,right,right
dino_only,portlandcourant,right-center,right-center
dino_only,pravdacanada,right,right
dino_only,pravdaitalia,right,right
dino_only,pravdanato,right,right
dino_only,presidentialhill,right,right-center
dino_only,projectveritas,right,right
dino_only,providencereporter,right-center,right-center
dino_only,rianovosti,right-center,left-center
dino_only,radar,center,right
dino_only,rationalground,right,right
dino_only,realnewsnow,right,left-center
dino_only,republicandaily,right,right
dino_only,revolver,right,right
dino_only,rightnewswire,right,left
dino_only,russiainsider,right,right
dino_only,scalaskanews,right-center,right-center
dino_only,scmidlandnews,right-center,right-center
dino_only,seatlantanews,right-center,right-center
dino_only,shtfplancom,right,right
dino_only,silverstatetimes,right-center,right-center
dino_only,smokymountaintoday,right-center,right-center
dino_only,southcentralpanews,right-center,right-center
dino_only,southkentnews,right-center,right-center
dino_only,southknoxvillenews,right-center,right-center
dino_only,southernillinoisnews,right-center,right-center
dino_only,southwestpanews,right-center,right-center
dino_only,staresattheworld,right,right
dino_only,steadfastandloyal,right,right
dino_only,stopthesethings,right,left
dino_only,surgutnews,right,right
dino_only,theblacksphere,right,right
dino_only,theconservativebrief,right,center
dino_only,thedailyadda,left-center,right
dino_only,thefreedomtimes,right,center
dino_only,thegoldwater,right,right
dino_only,thejoeroganexperience,right-center,left
dino_only,theliberalireland,right,center
dino_only,thelibertydaily,right,left
dino_only,thenationaluae,right-center,center
dino_only,thenevadan,left-center,right
dino_only,thepatriotnurse,right,right
dino_only,thequartering,right,right
dino_only,therightscoop,right,right
dino_only,thesarkariform,left,right
dino_only,thescoop,right,right
dino_only,torreonpost,left-center,left-center
dino_only,transgendertrend,right,left-center
dino_only,trumptrainnews,right,left
dino_only,turningpointusafaith,right,right
dino_only,valeursactuelles,right,center
dino_only,wcminnesotanews,right-center,right-center
dino_only,webertimes,right-center,right-center
dino_only,westcentralpanews,right-center,right-center
dino_only,westpdxtoday,right-center,right-center
dino_only,westslcnews,right-center,right-center
dino_only,williamsonnews,right-center,right-center
dino_only,witherspooninstitute,right,left
dino_only,worldnetdaily,right,left
dino_only,xinhuaenglish,left,left
dino_only,z3news,right,left
features_only,100fedup,right,right
features_only,404media,left-center,left
features_only,7news,right-center,left-center
features_only,972magazine,left-center,left
features_only,abc11eyewitnessnews,left-center,left-center
features_only,aptnnationalnews,left-center,left-center
features_only,adfontesmedia,center,left-center
features_only,adareporter,right-center,right-center
features_only,adamsnews,right,right
features_only,airdriecityview,left-center,left-center
features_only,akronreporter,right-center,right-center
features_only,albuquerquejournal,right-center,center
features_only,alohastatenews,right-center,right-center
features_only,amandla,left,left
features_only,americanaffairsjournal,right-center,left
features_only,americancenterforlawjustice,right,right
features_only,americansunitedforseparationofchurchandstate,left,left
features_only,amnestyinternational,left-center,left
features_only,analyticsindiamagazine,right-center,center
features_only,annarbortimes,right-center,right-center
features_only,anokatimes,right-center,right-center
features_only,arizonacapitoltimes,left-center,left-center
features_only,arizonarepublic,left-center,left-center
features_only,arlingtonheightsdailyherald,right-center,left-center
features_only,armedforcespress,right,right
features_only,armstrongeconomics,right,left-center
features_only,armytimes,center,center
features_only,ashevillereporter,right-center,right-center
features_only,asiatimes,center,right
features_only,atlantablackstar,left-center,left
features_only,atlantic,left-center,left
features_only,atlasintel,center,left
features_only,automotivedive,center,center
features_only,bdnews24,left-center,left-center
features_only,bajacaliforniapost,left-center,left-center
features_only,baldwintimes,right-center,right-center
features_only,banburyguardian,center,center
features_only,bartlesvilleexaminerenterprise,left-center,left-center
features_only,belfercenterforscienceandinternationalaffairs,left-center,left-center
features_only,biasednews,right,right
features_only,bignewsnetwork,center,right
features_only,billmoyerscom,left,left
features_only,billtrack50,center,left
features_only,bipartisanpolicycenter,right-center,left-center
features_only,birminghamworld,center,center
features_only,bloomingtonheraldtimes,left-center,left-center
features_only,bloomingtonleader,right-center,right-center
features_only,boisecitywire,right-center,right-center
features_only,borgenmagazine,left-center,left
features_only,borgenproject,left-center,left-center
features_only,bostonglobe,left-center,left
features_only,bothellreporter,center,left-center
features_only,brevardsun,right-center,right-center
features_only,buckeyereporter,right-center,right-center
features_only,buckscountycouriertimes,left-center,left-center
features_only,bucyrustelegraphforum,left-center,left-center
features_only,burlingtonreporter,right-center,right-center
features_only,cstoredive,center,center
features_only,cctvinternational,left-center,left-center
features_only,cabarrustoday,right-center,right-center
features_only,calgarysun,right-center,right-center
features_only,californiapoliticalreview,right-center,left
features_only,californiacollapsenews,right,right
features_only,campechepost,left-center,left-center
features_only,cantonrepository,left-center,left-center
features_only,castoradvance,left-center,left-center
features_only,catholictribunemichigan,right-center,right-center
features_only,catholictribuneminnesota,right-center,right-center
features_only,censortrack,right,right
features_only,centerforamericanprogress,left,left
features_only,centerforsecuritypolicy,right,left
features_only,chambanasun,right-center,right-center
features_only,changeresearch,left,left-center
features_only,checkyourfact,right-center,right
features_only,cheddar,left-center,left
features_only,chinadaily,left,center
features_only,ciodive,center,center
features_only,citizentruth,left-center,left-center
features_only,citynewstoronto,center,left-center
features_only,clarionledger,left-center,left-center
features_only,clarkforkvalleypress,center,center
features_only,clayreporter,right-center,right-center
features_only,cleantechnica,left-center,left
features_only,climatesciencepolicywatch,left-center,right
features_only,coconinonews,right-center,right-center
features_only,codastory,left,left
features_only,coloradofreepress,right,center
features_only,columbiajournalismreview,left-center,right
features_only,comicsands,left,right
features_only,commentarymagazine,right,left
features_only,concernedwomenforamerica,right,left-center
features_only,concordledger,right-center,right-center
features_only,conservativeopinion,right,right
features_only,constructiondive,center,center
features_only,countercurrentsorg,left,left
features_only,creationministriesinternational,right,left
features_only,creationevolutionheadlines,right,left-center
features_only,crossexaminedorg,right,left
features_only,cursor,left-center,left
features_only,cygnalpolling,right-center,left
features_only,dailydot,left,left-center
features_only,dailykos,left,right
features_only,dailypress,right-center,center
features_only,dailytorch,right,right
features_only,dailyveracity,right,right
features_only,dailyo,right-center,right
features_only,dartmouthtimes,right-center,right-center
features_only,daventryexpress,center,center
features_only,defector,left-center,left
features_only,defenddemocracypress,left,right
features_only,defenseworldnet,center,left
features_only,dekalbdailychronicle,center,center
features_only,delawareonlinethenewsjournal,left-center,left-center
features_only,democracyfundvoice,left-center,left
features_only,democratandchronicle,left-center,left-center
features_only,desmoinessun,right-center,right-center
features_only,deseretnews,right-center,left-center
features_only,digg,left-center,left
features_only,digitimesasia,center,left-center
features_only,discoveryinstitute,right,left-center
features_only,dissentmagazine,left,left
features_only,doctorswithoutborders,center,right
features_only,downsizingthefederalgovernment,right-center,right
features_only,dubuquetimes,right-center,right-center
features_only,duluthnewstribune,center,left-center
features_only,enews,center,left
features_only,ecoklahomanews,right-center,right-center
features_only,euvsdisinfo,left-center,left
features_only,earthorg,left-center,left-center
features_only,eastcentralreporter,right-center,right-center
features_only,eastlondonandwestessexguardian,center,center
features_only,eastpanhandlenews,right-center,right-center
features_only,eastsandiegonews,right-center,right-center
features_only,eastwaketimes,right-center,right-center
features_only,ecowatch,left,left-center
features_only,educationdailywire,right-center,right-center
features_only,egyptianstreets,left-center,center
features_only,electronicintifada,left,right
features_only,elkodailyfreepress,center,center
features_only,ellwoodcityledger,left-center,left-center
features_only,emirates247,right-center,left-center
features_only,enchantmentstatenews,right-center,right-center
features_only,entertainmentweekly,left-center,left
features_only,esquiremagazine,left,left-center
features_only,facilitiesdive,center,center
features_only,factcheckni,center,left
features_only,factsnet,center,left-center
features_only,faithfreedomcoalition,right,right
features_only,fargostandard,right-center,right-center
features_only,financialtechtimes,left-center,left-center
features_only,focusonthefamily,right,left-center
features_only,fortsmithtimes,right-center,right-center
features_only,fostersdailydemocrat,center,left-center
features_only,freedomfromreligionfoundation,left,left
features_only,fremontnewsmessenger,left-center,left-center
features_only,freshoffthepress,right,left-center
features_only,frontpagenewspaper,right-center,right
features_only,gzeromedia,left-center,left
features_only,geopoliticalintelligenceservices,right-center,left-center
features_only,georgiamountainnews,right-center,right-center
features_only,glasgowtimes,center,center
features_only,goderichsignalstar,right-center,right-center
features_only,grandjunctiontimes,right-center,right-center
features_only,granitegrok,right,right
features_only,greenevillesun,left-center,left-center
features_only,greenlininginstitute,left,left
features_only,grundyreporter,right-center,right-center
features_only,hrdive,center,center
features_only,heartlandinstitute,right,right
features_only,helensburghadvertiser,center,center
features_only,herbsnews,right,right
features_only,heritagefoundation,right,right
features_only,hongkongfreepress,left-center,center
features_only,hopekinsvilletimes,right-center,right-center
features_only,hudsontoday,right-center,right-center
features_only,huntsvilleleader,right-center,right-center
features_only,ipmnewsroom,left-center,left-center
features_only,imperialcanews,right-center,right-center
features_only,indexmundi,center,left
features_only,infoplease,left-center,left-center
features_only,instituteforthestudyofglobalizationandcovertpolitics,right,right
features_only,intellectualtakeout,right,left-center
features_only,investigatewest,left-center,left-center
features_only,iowacitytoday,right-center,right-center
features_only,jeffersoncitynews,right-center,right-center
features_only,kait8tv,center,center
features_only,kbutnprcrestedbutte,left-center,left
features_only,kcfcnprboulder,left-center,center
features_only,kkat860amsaltlakecity,right,right
features_only,kkoh780amreno,right,right
features_only,krccnprcoloradosprings,left-center,left-center
features_only,kvaleugenenews,right-center,center
features_only,kankakeetimes,right-center,right-center
features_only,kauaisun,right-center,right-center
features_only,keighleynews,center,center
features_only,kerncountrytimes,right-center,right-center
features_only,kirklandlakenorthernnews,right-center,right-center
features_only,lagrangedailynews,right-center,left-center
features_only,laborpains,right,center
features_only,laphamsquarterly,left-center,left
features_only,lawrencereporter,right-center,right-center
features_only,leighjournal,center,center
features_only,lifewire,center,left-center
features_only,limareporter,right-center,right-center
features_only,livingstontoday,right-center,right-center
features_only,logically,center,left-center
features_only,louisvillecitywire,right-center,right-center
features_only,ludlowadvertiser,center,center
features_only,magicvalleytimes,right-center,right-center
features_only,magnoliastatenews,right-center,right-center
features_only,manilabusinessdaily,right-center,right-center
features_only,mauireporter,right-center,right-center
features_only,mazatlanpost,left-center,left-center
features_only,mediamatters,left,left
features_only,merrimackvalleynews,right-center,right-center
features_only,metroweekly,left,left
features_only,midcoasttoday,right-center,right-center
features_only,midnorthmonitor,right-center,right-center
features_only,middleeastinstitute,center,left-center
features_only,minnesotasun,right,right
features_only,mitchelladvocate,right-center,right-center
features_only,mohawkvalleytimes,right-center,right-center
features_only,monmouthtimes,right-center,right-center
features_only,monterreydailypost,left-center,left-center
features_only,morrisleader,right-center,right-center
features_only,moveon,left,left
features_only,muslimskeptic,right,right
features_only,ncmississippinews,right-center,right-center
features_only,neatlantanews,right-center,right-center
features_only,necalinews,right-center,right-center
features_only,nelouisiananews,right-center,right-center
features_only,nepiedmontnews,right-center,right-center
features_only,nwillinoisnews,right-center,right-center
features_only,nwkentuckynews,right-center,right-center
features_only,nwlatimes,right-center,right-center
features_only,nwminnesotanews,right-center,right-center
features_only,nwvalleytimes,right-center,right-center
features_only,nationalassociationofscholars,right,right
features_only,nationalcenterforpublicpolicyresearch,right,left
features_only,naturalresourcegovernanceinstitute,left-center,left
features_only,northbirminghamtimes,right-center,right-center
features_only,northcolumbusnews,right-center,right-center
features_only,northcooknews,right-center,right-center
features_only,northessexnews,right-center,right-center
features_only,northindynews,right-center,right-center
features_only,northkentuckynews,right-center,right-center
features_only,northoctimes,right-center,right-center
features_only,northpalmbeachtoday,right-center,right-center
features_only,nunavutnews,left-center,left-center
features_only,oceancountyleader,right-center,right-center
features_only,offthepress,right,right
features_only,offthegridnews,right,right
features_only,ohmymag,center,center
features_only,outerbankstimes,right-center,right-center
features_only,pamedia,center,center
features_only,panamacityreporter,right-center,right-center
features_only,parentsdefendingeducation,right,left-center
features_only,pascoreporter,right-center,right-center
features_only,passaictoday,right-center,right-center
features_only,peacegardennews,right-center,right-center
features_only,peoriajournalstar,center,left-center
features_only,pharmavoice,center,center
features_only,pinehursttoday,right-center,right-center
features_only,pioneervalleyadvocate,left-center,left-center
features_only,politicalanimalnews,right,left
features_only,portagetimes,right-center,right-center
features_only,prairiestatewire,right-center,right-center
features_only,pueblapost,left-center,left-center
features_only,punchingbagpost,right,right
features_only,rabbleca,left,left-center
features_only,randcorporation,center,center
features_only,rapidcityjournal,center,center
features_only,rationalwiki,left-center,left
features_only,rawstory,left,right
features_only,readingchronicle,center,center
features_only,realnewsnetwork,left,left-center
features_only,reclaimthenet,right,right
features_only,redicetv,right,right
features_only,redoubtnews,right,right-center
features_only,redwoodempirenews,right-center,right-center
features_only,remingtonresearchgroup,center,right
features_only,renogazettejournal,left-center,left-center
features_only,renoreporter,right-center,right-center
features_only,restaurantdive,center,center
features_only,restoreamericanglory,right,left-center
features_only,revcomus,left,right
features_only,richmondside,left-center,center
features_only,ricochet,right,left-center
features_only,rivervalleytoday,right-center,right-center
features_only,riverdalepress,center,left-center
features_only,rockymounttelegram,left-center,center
features_only,scotusblog,center,right-center
features_only,sealaskanews,right-center,right-center
features_only,sebluegrassnews,right-center,right-center
features_only,seconnecticutnews,right-center,right-center
features_only,segrandrapidsnews,right-center,right-center
features_only,sekansascitynews,right-center,right-center
features_only,sekansasnews,right-center,right-center
features_only,sekentuckynews,right-center,right-center
features_only,senorthcarolinanews,right-center,right-center
features_only,sevegasnews,right-center,right-center
features_only,swalaskanews,right-center,right-center
features_only,swcoloradonews,right-center,right-center
features_only,swmissourinews,right-center,right-center
features_only,swoklahomanews,right-center,right-center
features_only,swriversidenews,right-center,right-center
features_only,salemradionetworknews,right-center,right
features_only,sandhillstoday,right-center,right-center
features_only,saultthisweek,right-center,right-center
features_only,savannahmorningnews,right-center,left-center
features_only,savejersey,right,left
features_only,showmestatetimes,right-center,right-center
features_only,shreveportreporter,right-center,right-center
features_only,sludge,left,right
features_only,somersettimes,right-center,right-center
features_only,sonsof1776,right,right
features_only,southafricatoday,right,right
features_only,southcharlottetoday,right-center,right-center
features_only,southcolumbusnews,right-center,right-center
features_only,southcooknews,right-center,right-center
features_only,southfranklinnews,right-center,right-center
features_only,southfultontoday,right-center,right-center
features_only,southiowanews,right-center,right-center
features_only,southlouisiananews,right-center,right-center
features_only,southsummitnews,right-center,right-center
features_only,southtulsatoday,right-center,right-center
features_only,southwichitanews,right-center,right-center
features_only,southernindianatoday,right-center,right-center
features_only,southwestmontananews,right-center,right-center
features_only,southwestorangeobserver,center,left-center
features_only,springtimes,right-center,right-center
features_only,stjoebentonharbornews,right-center,right-center
features_only,stjohnstelegram,right-center,left
features_only,stanislausnews,right-center,right-center
features_only,stateline,left,left
features_only,sturgiscoldwaternews,right-center,right-center
features_only,supplychaindive,center,center
features_only,survivalnews1,right,right
features_only,tfppwire,right,right
features_only,tmz,right-center,left
features_only,techstartups,right-center,left-center
features_only,tenthamendmentcenter,right,right
features_only,tharawatmagazine,right-center,left
features_only,thedispatch,right-center,left-center
features_only,thefreepress,right-center,left
features_only,thepalestinechronicle,left,left
features_only,thesolutionsproject,left,left
features_only,thesouthafrican,left-center,left-center
features_only,thespinoff,left-center,left
features_only,thewisconsinindependent,left,left
features_only,thisdaylive,right-center,center
features_only,tobacconewswire,right-center,right-center
features_only,toofab,left,left
features_only,towncountrymagazine,left-center,left-center
features_only,tradingeconomics,center,left
features_only,trendingpolitics,right,right
features_only,truthforhealthfoundation,right,right
features_only,tulsastandard,right-center,right-center
features_only,tuscaloosaleader,right-center,right-center
features_only,usatoday,left-center,left-center
features_only,vaccineimpact,right,right
features_only,vaccineinjurynews,right,right
features_only,vanityfair,left,left-center
features_only,vintoncountycourier,left-center,left-center
features_only,voiceofamerica,center,left
features_only,wltreport,right,right
features_only,woflfox35orlando,center,center
features_only,wpnmleipsicnews,center,center
features_only,wwtn997fmnashville,right,left
features_only,waltonfamilyfoundation,center,left
features_only,warnerrobinstoday,right-center,right-center
features_only,washingtonmonthly,left-center,left-center
features_only,wataugademocrat,left-center,left-center
features_only,weatherforddemocrat,left-center,left-center
features_only,westatlantanews,right-center,right-center
features_only,westcentralreporter,right-center,right-center
features_only,westlatimes,right-center,right-center
features_only,westnynews,right-center,right-center
features_only,westoctimes,right-center,right-center
features_only,westwakenews,right-center,right-center
features_only,westchesterreporter,right-center,right-center
features_only,westernmassnews,center,center
features_only,westernndnews,right-center,right-center
features_only,wiartonecho,right-center,right-center
features_only,wiregrasstimes,right-center,right-center
features_only,woodstocksentinelreview,right-center,right-center
features_only,yadkinripple,left-center,left-center
features_only,yankeeinstituteforpublicpolicy,right-center,left
features_only,yukonnews,left-center,left-center
features_only,actforamerica,right,right
features_only,abakannews,right,right
features_only,americangulag,right,right
features_only,americanpatriotdaily,right,right
features_only,autulu,center,center
features_only,beehivestatenews,right-center,right-center
features_only,berdyansknews,right,right
features_only,berkscountynews,right-center,right-center
features_only,blacknews,left,center
features_only,bongino,right,left
features_only,c19ivermectin,right,right
features_only,cambriatimes,right-center,right-center
features_only,centralchestertoday,right-center,right-center
features_only,centralidahotimes,right-center,right-center
features_only,climaterealism,right,left
features_only,co2coalition,right,left-center
features_only,coalregionnews,right-center,right-center
features_only,collintimes,right-center,right-center
features_only,conchovalleynews,right-center,right-center
features_only,conservativefiringline,right,right
features_only,conservativeplaylist,right,right
features_only,conservativeundergroundnews,right,right
features_only,crawfordtimes,right-center,right-center
features_only,dagestannews,right,right
features_only,dailyburlington,center,center
features_only,dailyflowermound,center,center
features_only,dailyjanesville,center,center
features_only,dailymcallen,center,center
features_only,dailynewbraunfels,center,center
features_only,dailyroundrock,center,center
features_only,dailyspokanevalley,center,center
features_only,dailytacoma,center,center
features_only,dauphinnews,right-center,right-center
features_only,davistimes,right-center,right-center
features_only,desantisdaily,right,center
features_only,demstate,right-center,right
features_only,derstatus,right,right
features_only,donbasscenter,right,right
features_only,download,right,right
features_only,druthers,right,left
features_only,dzen,right-center,left
features_only,ecmississippinews,right-center,right-center
features_only,endthefed,right,left
features_only,eviemagazine,right,left
features_only,farsnewsagency,left-center,right
features_only,fdesouche,right,right
features_only,fivenation,right,right
features_only,frankspeech,right,right
features_only,friatiderfreetimes,right,right
features_only,frontpagemagazine,right,right
features_only,gbnewsuk,right,center
features_only,gopusa,right,left
features_only,gaysagainstgroomers,right,right
features_only,gellerreport,right,right
features_only,georgiarecord,right,right
features_only,ghost,right,left
features_only,gooddaybrownsville,center,center
features_only,gooddayportangeles,center,center
features_only,gooddayvancouver,center,center
features_only,happyvalleytimes,right-center,right-center
features_only,headlineusa,right,right
features_only,hopkinsvilletimes,right-center,right-center
features_only,illegalaliencrimereport,right,right
features_only,informationliberation,right,left
features_only,ingushetiyanews,right,right
features_only,intelli,center,center
features_only,irkutsknews,right,right
features_only,ivermectinforcovid19,right,left
features_only,joehoft,right,right
features_only,kentcountytimes,right-center,right-center
features_only,kerncountytimes,right-center,right-center
features_only,kirovnews,right,right
features_only,kremlin,right-center,left
features_only,lnrnews,right,right
features_only,laredotoday,center,center
features_only,lebanonpanews,right-center,right-center
features_only,leftaction,left,left
features_only,libsoftiktok,right,left
features_only,lifenews,right,right
features_only,lugansknews,right,right
features_only,magadannews,right,right
features_only,marylandbusinessdaily,right-center,right-center
features_only,metricmedia,right-center,left
features_only,miamistandard,right,left-center
features_only,middleeastmediaresearchinstitutememri,right,left
features_only,middleeastnewsagency,right-center,left
features_only,minnesotabusinessdaily,right-center,right-center
features_only,misionverdad,left,right
features_only,moldovanews,right,right
features_only,monroecountynews,right-center,right-center
features_only,morningmurfreesboro,center,center
features_only,moskvanews,right,left
features_only,myrtlebeachleader,right-center,right-center
features_only,ncbusinessdaily,right-center,right-center
features_only,nealabamanews,right-center,right-center
features_only,nashvillestandard,right-center,right-center
features_only,nikopolnews,right,right
features_only,ninefornews,right,right
features_only,northdakotabusinessdaily,right-center,right-center
features_only,novosibirsknews,right,right
features_only,odessanews,right,right
features_only,origo,right,right
features_only,orinocotribune,left,right
features_only,pacificpundit,right,right
features_only,palmettostatenews,right-center,right-center
features_only,patriotfetch,right,right
features_only,portlandcourant,right-center,right-center
features_only,pravdacanada,right,right
features_only,pravdaitalia,right,right
features_only,pravdanato,right,left
features_only,presidentialhill,right,right
features_only,projectveritas,right,right
features_only,providencereporter,right-center,right-center
features_only,rianovosti,right-center,left
features_only,radar,center,left
features_only,rationalground,right,right
features_only,realnewsnow,right,left
features_only,republicandaily,right,right
features_only,revolver,right,left
features_only,rightnewswire,right,left
features_only,russiainsider,right,right
features_only,scalaskanews,right-center,right-center
features_only,scmidlandnews,right-center,right-center
features_only,seatlantanews,right-center,right-center
features_only,shtfplancom,right,left
features_only,silverstatetimes,right-center,right-center
features_only,smokymountaintoday,right-center,right-center
features_only,southcentralpanews,right-center,right-center
features_only,southkentnews,right-center,right-center
features_only,southknoxvillenews,right-center,right-center
features_only,southernillinoisnews,right-center,right-center
features_only,southwestpanews,right-center,right-center
features_only,staresattheworld,right,right
features_only,steadfastandloyal,right,right
features_only,stopthesethings,right,left
features_only,surgutnews,right,right
features_only,theblacksphere,right,right
features_only,theconservativebrief,right,right
features_only,thedailyadda,left-center,left
features_only,thefreedomtimes,right,left-center
features_only,thegoldwater,right,left
features_only,thejoeroganexperience,right-center,left
features_only,theliberalireland,right,left
features_only,thelibertydaily,right,right
features_only,thenationaluae,right-center,left-center
features_only,thenevadan,left-center,left-center
features_only,thepatriotnurse,right,right
features_only,thequartering,right,right
features_only,therightscoop,right,left
features_only,thesarkariform,left,left
features_only,thescoop,right,left
features_only,torreonpost,left-center,left-center
features_only,transgendertrend,right,left
features_only,trumptrainnews,right,right
features_only,turningpointusafaith,right,left
features_only,valeursactuelles,right,right
features_only,wcminnesotanews,right-center,right-center
features_only,webertimes,right-center,right-center
features_only,westcentralpanews,right-center,right-center
features_only,westpdxtoday,right-center,right-center
features_only,westslcnews,right-center,right-center
features_only,williamsonnews,right-center,right-center
features_only,witherspooninstitute,right,left-center
features_only,worldnetdaily,right,right
features_only,xinhuaenglish,left,left
features_only,z3news,right,left
