experiment,key,truth,pred
Majority class,100fedup,LOW,MIXED
Majority class,404media,HIGH,MIXED
Majority class,7news,MIXED,MIXED
Majority class,972magazine,HIGH,MIXED
Majority class,abakannews,LOW,MIXED
Majority class,abc11eyewitnessnews,HIGH,MIXED
Majority class,actforamerica,LOW,MIXED
Majority class,adamsnews,LOW,MIXED
Majority class,adareporter,MIXED,MIXED
Majority class,adfontesmedia,HIGH,MIXED
Majority class,airdriecityview,HIGH,MIXED
Majority class,akronreporter,MIXED,MIXED
Majority class,albuquerquejournal,HIGH,MIXED
Majority class,alohastatenews,MIXED,MIXED
Majority class,amandla,HIGH,MIXED
Majority class,americanaffairsjournal,HIGH,MIXED
Majority class,americancenterforlawjustice,MIXED,MIXED
Majority class,americangulag,LOW,MIXED
Majority class,americanpatriotdaily,LOW,MIXED
Majority class,americansunitedforseparationofchurchandstate,HIGH,MIXED
Majority class,amnestyinternational,HIGH,MIXED
Majority class,analyticsindiamagazine,HIGH,MIXED
Majority class,annarbortimes,MIXED,MIXED
Majority class,anokatimes,MIXED,MIXED
Majority class,aptnnationalnews,HIGH,MIXED
Majority class,arizonacapitoltimes,HIGH,MIXED
Majority class,arizonarepublic,HIGH,MIXED
Majority class,arlingtonheightsdailyherald,HIGH,MIXED
Majority class,armedforcespress,LOW,MIXED
Majority class,armstrongeconomics,MIXED,MIXED
Majority class,armytimes,HIGH,MIXED
Majority class,ashevillereporter,MIXED,MIXED
Majority class,asiatimes,HIGH,MIXED
Majority class,atlantablackstar,HIGH,MIXED
Majority class,atlantic,HIGH,MIXED
Majority class,atlasintel,HIGH,MIXED
Majority class,automotivedive,HIGH,MIXED
Majority class,autulu,LOW,MIXED
Majority class,bajacaliforniapost,MIXED,MIXED
Majority class,baldwintimes,MIXED,MIXED
Majority class,banburyguardian,HIGH,MIXED
Majority class,bartlesvilleexaminerenterprise,HIGH,MIXED
Majority class,bdnews24,MIXED,MIXED
Majority class,beehivestatenews,MIXED,MIXED
Majority class,belfercenterforscienceandinternationalaffairs,HIGH,MIXED
Majority class,berdyansknews,LOW,MIXED
Majority class,berkscountynews,MIXED,MIXED
Majority class,biasednews,LOW,MIXED
Majority class,bignewsnetwork,HIGH,MIXED
Majority class,billmoyerscom,HIGH,MIXED
Majority class,billtrack50,HIGH,MIXED
Majority class,bipartisanpolicycenter,HIGH,MIXED
Majority class,birminghamworld,HIGH,MIXED
Majority class,blacknews,MIXED,MIXED
Majority class,bloomingtonheraldtimes,HIGH,MIXED
Majority class,bloomingtonleader,MIXED,MIXED
Majority class,boisecitywire,MIXED,MIXED
Majority class,bongino,MIXED,MIXED
Majority class,borgenmagazine,HIGH,MIXED
Majority class,borgenproject,HIGH,MIXED
Majority class,bostonglobe,HIGH,MIXED
Majority class,bothellreporter,HIGH,MIXED
Majority class,brevardsun,MIXED,MIXED
Majority class,buckeyereporter,MIXED,MIXED
Majority class,buckscountycouriertimes,HIGH,MIXED
Majority class,bucyrustelegraphforum,HIGH,MIXED
Majority class,burlingtonreporter,MIXED,MIXED
Majority class,c19ivermectin,MIXED,MIXED
Majority class,cabarrustoday,MIXED,MIXED
Majority class,calgarysun,HIGH,MIXED
Majority class,californiacollapsenews,LOW,MIXED
Majority class,californiapoliticalreview,HIGH,MIXED
Majority class,cambriatimes,MIXED,MIXED
Majority class,campechepost,MIXED,MIXED
Majority class,cantonrepository,HIGH,MIXED
Majority class,castoradvance,HIGH,MIXED
Majority class,catholictribunemichigan,MIXED,MIXED
Majority class,catholictribuneminnesota,MIXED,MIXED
Majority class,cctvinternational,MIXED,MIXED
Majority class,censortrack,MIXED,MIXED
Majority class,centerforamericanprogress,MIXED,MIXED
Majority class,centerforsecuritypolicy,MIXED,MIXED
Majority class,centralchestertoday,MIXED,MIXED
Majority class,centralidahotimes,MIXED,MIXED
Majority class,chambanasun,MIXED,MIXED
Majority class,changeresearch,HIGH,MIXED
Majority class,checkyourfact,HIGH,MIXED
Majority class,cheddar,HIGH,MIXED
Majority class,chinadaily,MIXED,MIXED
Majority class,ciodive,HIGH,MIXED
Majority class,citizentruth,HIGH,MIXED
Majority class,citynewstoronto,HIGH,MIXED
Majority class,clarionledger,HIGH,MIXED
Majority class,clarkforkvalleypress,HIGH,MIXED
Majority class,clayreporter,MIXED,MIXED
Majority class,cleantechnica,HIGH,MIXED
Majority class,climaterealism,LOW,MIXED
Majority class,climatesciencepolicywatch,HIGH,MIXED
Majority class,co2coalition,LOW,MIXED
Majority class,coalregionnews,MIXED,MIXED
Majority class,coconinonews,MIXED,MIXED
Majority class,codastory,HIGH,MIXED
Majority class,collintimes,MIXED,MIXED
Majority class,coloradofreepress,LOW,MIXED
Majority class,columbiajournalismreview,HIGH,MIXED
Majority class,comicsands,MIXED,MIXED
Majority class,commentarymagazine,HIGH,MIXED
Majority class,concernedwomenforamerica,LOW,MIXED
Majority class,conchovalleynews,MIXED,MIXED
Majority class,concordledger,MIXED,MIXED
Majority class,conservativefiringline,LOW,MIXED
Majority class,conservativeopinion,MIXED,MIXED
Majority class,conservativeplaylist,LOW,MIXED
Majority class,conservativeundergroundnews,MIXED,MIXED
Majority class,constructiondive,HIGH,MIXED
Majority class,countercurrentsorg,HIGH,MIXED
Majority class,crawfordtimes,MIXED,MIXED
Majority class,creationevolutionheadlines,LOW,MIXED
Majority class,creationministriesinternational,LOW,MIXED
Majority class,crossexaminedorg,LOW,MIXED
Majority class,cstoredive,HIGH,MIXED
Majority class,cursor,MIXED,MIXED
Majority class,cygnalpolling,HIGH,MIXED
Majority class,dagestannews,LOW,MIXED
Majority class,dailyburlington,MIXED,MIXED
Majority class,dailydot,HIGH,MIXED
Majority class,dailyflowermound,MIXED,MIXED
Majority class,dailyjanesville,MIXED,MIXED
Majority class,dailykos,MIXED,MIXED
Majority class,dailymcallen,MIXED,MIXED
Majority class,dailynewbraunfels,MIXED,MIXED
Majority class,dailyo,MIXED,MIXED
Majority class,dailypress,HIGH,MIXED
Majority class,dailyroundrock,MIXED,MIXED
Majority class,dailyspokanevalley,MIXED,MIXED
Majority class,dailytacoma,MIXED,MIXED
Majority class,dailytorch,HIGH,MIXED
Majority class,dailyveracity,LOW,MIXED
Majority class,dartmouthtimes,MIXED,MIXED
Majority class,dauphinnews,MIXED,MIXED
Majority class,daventryexpress,HIGH,MIXED
Majority class,davistimes,MIXED,MIXED
Majority class,defector,HIGH,MIXED
Majority class,defenddemocracypress,MIXED,MIXED
Majority class,defenseworldnet,HIGH,MIXED
Majority class,dekalbdailychronicle,HIGH,MIXED
Majority class,delawareonlinethenewsjournal,HIGH,MIXED
Majority class,democracyfundvoice,HIGH,MIXED
Majority class,democratandchronicle,HIGH,MIXED
Majority class,demstate,LOW,MIXED
Majority class,derstatus,LOW,MIXED
Majority class,desantisdaily,MIXED,MIXED
Majority class,deseretnews,HIGH,MIXED
Majority class,desmoinessun,MIXED,MIXED
Majority class,digg,HIGH,MIXED
Majority class,digitimesasia,HIGH,MIXED
Majority class,discoveryinstitute,LOW,MIXED
Majority class,dissentmagazine,HIGH,MIXED
Majority class,doctorswithoutborders,HIGH,MIXED
Majority class,donbasscenter,LOW,MIXED
Majority class,download,LOW,MIXED
Majority class,downsizingthefederalgovernment,HIGH,MIXED
Majority class,druthers,LOW,MIXED
Majority class,dubuquetimes,MIXED,MIXED
Majority class,duluthnewstribune,HIGH,MIXED
Majority class,dzen,MIXED,MIXED
Majority class,earthorg,HIGH,MIXED
Majority class,eastcentralreporter,MIXED,MIXED
Majority class,eastlondonandwestessexguardian,HIGH,MIXED
Majority class,eastpanhandlenews,MIXED,MIXED
Majority class,eastsandiegonews,MIXED,MIXED
Majority class,eastwaketimes,MIXED,MIXED
Majority class,ecmississippinews,MIXED,MIXED
Majority class,ecoklahomanews,MIXED,MIXED
Majority class,ecowatch,HIGH,MIXED
Majority class,educationdailywire,MIXED,MIXED
Majority class,egyptianstreets,MIXED,MIXED
Majority class,electronicintifada,HIGH,MIXED
Majority class,elkodailyfreepress,HIGH,MIXED
Majority class,ellwoodcityledger,HIGH,MIXED
Majority class,emirates247,MIXED,MIXED
Majority class,enchantmentstatenews,MIXED,MIXED
Majority class,endthefed,LOW,MIXED
Majority class,enews,HIGH,MIXED
Majority class,entertainmentweekly,HIGH,MIXED
Majority class,esquiremagazine,MIXED,MIXED
Majority class,euvsdisinfo,HIGH,MIXED
Majority class,eviemagazine,LOW,MIXED
Majority class,facilitiesdive,HIGH,MIXED
Majority class,factcheckni,HIGH,MIXED
Majority class,factsnet,MIXED,MIXED
Majority class,faithfreedomcoalition,MIXED,MIXED
Majority class,fargostandard,MIXED,MIXED
Majority class,farsnewsagency,MIXED,MIXED
Majority class,fdesouche,MIXED,MIXED
Majority class,financialtechtimes,HIGH,MIXED
Majority class,fivenation,LOW,MIXED
Majority class,focusonthefamily,LOW,MIXED
Majority class,fortsmithtimes,MIXED,MIXED
Majority class,fostersdailydemocrat,HIGH,MIXED
Majority class,frankspeech,LOW,MIXED
Majority class,freedomfromreligionfoundation,MIXED,MIXED
Majority class,fremontnewsmessenger,HIGH,MIXED
Majority class,freshoffthepress,MIXED,MIXED
Majority class,friatiderfreetimes,LOW,MIXED
Majority class,frontpagemagazine,LOW,MIXED
Majority class,frontpagenewspaper,MIXED,MIXED
Majority class,gaysagainstgroomers,LOW,MIXED
Majority class,gbnewsuk,MIXED,MIXED
Majority class,gellerreport,LOW,MIXED
Majority class,geopoliticalintelligenceservices,HIGH,MIXED
Majority class,georgiamountainnews,MIXED,MIXED
Majority class,georgiarecord,LOW,MIXED
Majority class,ghost,MIXED,MIXED
Majority class,glasgowtimes,HIGH,MIXED
Majority class,goderichsignalstar,HIGH,MIXED
Majority class,gooddaybrownsville,MIXED,MIXED
Majority class,gooddayportangeles,MIXED,MIXED
Majority class,gooddayvancouver,MIXED,MIXED
Majority class,gopusa,MIXED,MIXED
Majority class,grandjunctiontimes,MIXED,MIXED
Majority class,granitegrok,LOW,MIXED
Majority class,greenevillesun,HIGH,MIXED
Majority class,greenlininginstitute,HIGH,MIXED
Majority class,grundyreporter,MIXED,MIXED
Majority class,gzeromedia,HIGH,MIXED
Majority class,happyvalleytimes,MIXED,MIXED
Majority class,headlineusa,MIXED,MIXED
Majority class,heartlandinstitute,LOW,MIXED
Majority class,helensburghadvertiser,HIGH,MIXED
Majority class,herbsnews,LOW,MIXED
Majority class,heritagefoundation,MIXED,MIXED
Majority class,hongkongfreepress,HIGH,MIXED
Majority class,hopekinsvilletimes,MIXED,MIXED
Majority class,hopkinsvilletimes,MIXED,MIXED
Majority class,hrdive,HIGH,MIXED
Majority class,hudsontoday,MIXED,MIXED
Majority class,huntsvilleleader,MIXED,MIXED
Majority class,illegalaliencrimereport,MIXED,MIXED
Majority class,imperialcanews,MIXED,MIXED
Majority class,indexmundi,HIGH,MIXED
Majority class,infoplease,HIGH,MIXED
Majority class,informationliberation,LOW,MIXED
Majority class,ingushetiyanews,LOW,MIXED
Majority class,instituteforthestudyofglobalizationandcovertpolitics,LOW,MIXED
Majority class,intellectualtakeout,MIXED,MIXED
Majority class,intelli,MIXED,MIXED
Majority class,investigatewest,HIGH,MIXED
Majority class,iowacitytoday,MIXED,MIXED
Majority class,ipmnewsroom,HIGH,MIXED
Majority class,irkutsknews,LOW,MIXED
Majority class,ivermectinforcovid19,MIXED,MIXED
Majority class,jeffersoncitynews,MIXED,MIXED
Majority class,joehoft,LOW,MIXED
Majority class,kait8tv,HIGH,MIXED
Majority class,kankakeetimes,MIXED,MIXED
Majority class,kauaisun,MIXED,MIXED
Majority class,kbutnprcrestedbutte,HIGH,MIXED
Majority class,kcfcnprboulder,HIGH,MIXED
Majority class,keighleynews,HIGH,MIXED
Majority class,kentcountytimes,MIXED,MIXED
Majority class,kerncountrytimes,MIXED,MIXED
Majority class,kerncountytimes,MIXED,MIXED
Majority class,kirklandlakenorthernnews,HIGH,MIXED
Majority class,kirovnews,LOW,MIXED
Majority class,kkat860amsaltlakecity,MIXED,MIXED
Majority class,kkoh780amreno,MIXED,MIXED
Majority class,krccnprcoloradosprings,HIGH,MIXED
Majority class,kremlin,MIXED,MIXED
Majority class,kvaleugenenews,HIGH,MIXED
Majority class,laborpains,MIXED,MIXED
Majority class,lagrangedailynews,HIGH,MIXED
Majority class,laphamsquarterly,HIGH,MIXED
Majority class,laredotoday,MIXED,MIXED
Majority class,lawrencereporter,MIXED,MIXED
Majority class,lebanonpanews,MIXED,MIXED
Majority class,leftaction,LOW,MIXED
Majority class,leighjournal,HIGH,MIXED
Majority class,libsoftiktok,LOW,MIXED
Majority class,lifenews,LOW,MIXED
Majority class,lifewire,HIGH,MIXED
Majority class,limareporter,MIXED,MIXED
Majority class,livingstontoday,MIXED,MIXED
Majority class,lnrnews,LOW,MIXED
Majority class,logically,HIGH,MIXED
Majority class,louisvillecitywire,MIXED,MIXED
Majority class,ludlowadvertiser,HIGH,MIXED
Majority class,lugansknews,LOW,MIXED
Majority class,magadannews,LOW,MIXED
Majority class,magicvalleytimes,MIXED,MIXED
Majority class,magnoliastatenews,MIXED,MIXED
Majority class,manilabusinessdaily,MIXED,MIXED
Majority class,marylandbusinessdaily,MIXED,MIXED
Majority class,mauireporter,MIXED,MIXED
Majority class,mazatlanpost,MIXED,MIXED
Majority class,mediamatters,HIGH,MIXED
Majority class,merrimackvalleynews,MIXED,MIXED
Majority class,metricmedia,MIXED,MIXED
Majority class,metroweekly,HIGH,MIXED
Majority class,miamistandard,MIXED,MIXED
Majority class,midcoasttoday,MIXED,MIXED
Majority class,middleeastinstitute,HIGH,MIXED
Majority class,middleeastmediaresearchinstitutememri,MIXED,MIXED
Majority class,middleeastnewsagency,MIXED,MIXED
Majority class,midnorthmonitor,HIGH,MIXED
Majority class,minnesotabusinessdaily,MIXED,MIXED
Majority class,minnesotasun,MIXED,MIXED
Majority class,misionverdad,MIXED,MIXED
Majority class,mitchelladvocate,HIGH,MIXED
Majority class,mohawkvalleytimes,MIXED,MIXED
Majority class,moldovanews,LOW,MIXED
Majority class,monmouthtimes,MIXED,MIXED
Majority class,monroecountynews,MIXED,MIXED
Majority class,monterreydailypost,MIXED,MIXED
Majority class,morningmurfreesboro,MIXED,MIXED
Majority class,morrisleader,MIXED,MIXED
Majority class,moskvanews,LOW,MIXED
Majority class,moveon,MIXED,MIXED
Majority class,muslimskeptic,LOW,MIXED
Majority class,myrtlebeachleader,MIXED,MIXED
Majority class,nashvillestandard,MIXED,MIXED
Majority class,nationalassociationofscholars,MIXED,MIXED
Majority class,nationalcenterforpublicpolicyresearch,MIXED,MIXED
Majority class,naturalresourcegovernanceinstitute,HIGH,MIXED
Majority class,ncbusinessdaily,MIXED,MIXED
Majority class,ncmississippinews,MIXED,MIXED
Majority class,nealabamanews,MIXED,MIXED
Majority class,neatlantanews,MIXED,MIXED
Majority class,necalinews,MIXED,MIXED
Majority class,nelouisiananews,MIXED,MIXED
Majority class,nepiedmontnews,MIXED,MIXED
Majority class,nikopolnews,LOW,MIXED
Majority class,ninefornews,LOW,MIXED
Majority class,northbirminghamtimes,MIXED,MIXED
Majority class,northcolumbusnews,MIXED,MIXED
Majority class,northcooknews,MIXED,MIXED
Majority class,northdakotabusinessdaily,MIXED,MIXED
Majority class,northessexnews,MIXED,MIXED
Majority class,northindynews,MIXED,MIXED
Majority class,northkentuckynews,MIXED,MIXED
Majority class,northoctimes,MIXED,MIXED
Majority class,northpalmbeachtoday,MIXED,MIXED
Majority class,novosibirsknews,LOW,MIXED
Majority class,nunavutnews,HIGH,MIXED
Majority class,nwillinoisnews,MIXED,MIXED
Majority class,nwkentuckynews,MIXED,MIXED
Majority class,nwlatimes,MIXED,MIXED
Majority class,nwminnesotanews,MIXED,MIXED
Majority class,nwvalleytimes,MIXED,MIXED
Majority class,oceancountyleader,MIXED,MIXED
Majority class,odessanews,LOW,MIXED
Majority class,offthegridnews,MIXED,MIXED
Majority class,offthepress,MIXED,MIXED
Majority class,ohmymag,MIXED,MIXED
Majority class,origo,MIXED,MIXED
Majority class,orinocotribune,LOW,MIXED
Majority class,outerbankstimes,MIXED,MIXED
Majority class,pacificpundit,LOW,MIXED
Majority class,palmettostatenews,MIXED,MIXED
Majority class,pamedia,HIGH,MIXED
Majority class,panamacityreporter,MIXED,MIXED
Majority class,parentsdefendingeducation,MIXED,MIXED
Majority class,pascoreporter,MIXED,MIXED
Majority class,passaictoday,MIXED,MIXED
Majority class,patriotfetch,LOW,MIXED
Majority class,peacegardennews,MIXED,MIXED
Majority class,peoriajournalstar,HIGH,MIXED
Majority class,pharmavoice,HIGH,MIXED
Majority class,pinehursttoday,MIXED,MIXED
Majority class,pioneervalleyadvocate,HIGH,MIXED
Majority class,politicalanimalnews,MIXED,MIXED
Majority class,portagetimes,MIXED,MIXED
Majority class,portlandcourant,MIXED,MIXED
Majority class,prairiestatewire,MIXED,MIXED
Majority class,pravdacanada,LOW,MIXED
Majority class,pravdaitalia,LOW,MIXED
Majority class,pravdanato,LOW,MIXED
Majority class,presidentialhill,LOW,MIXED
Majority class,projectveritas,MIXED,MIXED
Majority class,providencereporter,MIXED,MIXED
Majority class,pueblapost,MIXED,MIXED
Majority class,punchingbagpost,MIXED,MIXED
Majority class,rabbleca,HIGH,MIXED
Majority class,radar,LOW,MIXED
Majority class,randcorporation,HIGH,MIXED
Majority class,rapidcityjournal,HIGH,MIXED
Majority class,rationalground,MIXED,MIXED
Majority class,rationalwiki,HIGH,MIXED
Majority class,rawstory,HIGH,MIXED
Majority class,readingchronicle,HIGH,MIXED
Majority class,realnewsnetwork,HIGH,MIXED
Majority class,realnewsnow,LOW,MIXED
Majority class,reclaimthenet,MIXED,MIXED
Majority class,redicetv,LOW,MIXED
Majority class,redorbit,MIXED,MIXED
Majority class,redoubtnews,MIXED,MIXED
Majority class,redwoodempirenews,MIXED,MIXED
Majority class,remingtonresearchgroup,HIGH,MIXED
Majority class,renogazettejournal,HIGH,MIXED
Majority class,renoreporter,MIXED,MIXED
Majority class,republicandaily,MIXED,MIXED
Majority class,restaurantdive,HIGH,MIXED
Majority class,restoreamericanglory,MIXED,MIXED
Majority class,revcomus,MIXED,MIXED
Majority class,revolver,MIXED,MIXED
Majority class,rianovosti,LOW,MIXED
Majority class,richmondside,HIGH,MIXED
Majority class,ricochet,MIXED,MIXED
Majority class,rightnewswire,MIXED,MIXED
Majority class,riverdalepress,HIGH,MIXED
Majority class,rivervalleytoday,MIXED,MIXED
Majority class,rockymounttelegram,HIGH,MIXED
Majority class,russiainsider,LOW,MIXED
Majority class,salemradionetworknews,HIGH,MIXED
Majority class,sandhillstoday,MIXED,MIXED
Majority class,saultthisweek,HIGH,MIXED
Majority class,savannahmorningnews,HIGH,MIXED
Majority class,savejersey,HIGH,MIXED
Majority class,scalaskanews,MIXED,MIXED
Majority class,scmidlandnews,MIXED,MIXED
Majority class,scotusblog,HIGH,MIXED
Majority class,sealaskanews,MIXED,MIXED
Majority class,seatlantanews,MIXED,MIXED
Majority class,sebluegrassnews,MIXED,MIXED
Majority class,seconnecticutnews,MIXED,MIXED
Majority class,segrandrapidsnews,MIXED,MIXED
Majority class,sekansascitynews,MIXED,MIXED
Majority class,sekansasnews,MIXED,MIXED
Majority class,sekentuckynews,MIXED,MIXED
Majority class,senorthcarolinanews,MIXED,MIXED
Majority class,sevegasnews,MIXED,MIXED
Majority class,showmestatetimes,MIXED,MIXED
Majority class,shreveportreporter,MIXED,MIXED
Majority class,shtfplancom,LOW,MIXED
Majority class,silverstatetimes,MIXED,MIXED
Majority class,skepticink,MIXED,MIXED
Majority class,sludge,HIGH,MIXED
Majority class,smokymountaintoday,MIXED,MIXED
Majority class,somersettimes,MIXED,MIXED
Majority class,sonsof1776,MIXED,MIXED
Majority class,southafricatoday,MIXED,MIXED
Majority class,southcentralpanews,MIXED,MIXED
Majority class,southcharlottetoday,MIXED,MIXED
Majority class,southcolumbusnews,MIXED,MIXED
Majority class,southcooknews,MIXED,MIXED
Majority class,southernillinoisnews,MIXED,MIXED
Majority class,southernindianatoday,MIXED,MIXED
Majority class,southfranklinnews,MIXED,MIXED
Majority class,southfultontoday,MIXED,MIXED
Majority class,southiowanews,MIXED,MIXED
Majority class,southkentnews,MIXED,MIXED
Majority class,southknoxvillenews,MIXED,MIXED
Majority class,southlouisiananews,MIXED,MIXED
Majority class,southsummitnews,MIXED,MIXED
Majority class,southtulsatoday,MIXED,MIXED
Majority class,southwestmontananews,MIXED,MIXED
Majority class,southwestorangeobserver,HIGH,MIXED
Majority class,southwestpanews,MIXED,MIXED
Majority class,southwichitanews,MIXED,MIXED
Majority class,springtimes,MIXED,MIXED
Majority class,stanislausnews,MIXED,MIXED
Majority class,staresattheworld,LOW,MIXED
Majority class,stateline,HIGH,MIXED
Majority class,steadfastandloyal,MIXED,MIXED
Majority class,stjoebentonharbornews,MIXED,MIXED
Majority class,stjohnstelegram,HIGH,MIXED
Majority class,stopthesethings,LOW,MIXED
Majority class,sturgiscoldwaternews,MIXED,MIXED
Majority class,supplychaindive,HIGH,MIXED
Majority class,surgutnews,LOW,MIXED
Majority class,survivalnews1,LOW,MIXED
Majority class,swalaskanews,MIXED,MIXED
Majority class,swcoloradonews,MIXED,MIXED
Majority class,swmissourinews,MIXED,MIXED
Majority class,swoklahomanews,MIXED,MIXED
Majority class,swriversidenews,MIXED,MIXED
Majority class,techstartups,MIXED,MIXED
Majority class,tenthamendmentcenter,MIXED,MIXED
Majority class,tfppwire,MIXED,MIXED
Majority class,tharawatmagazine,HIGH,MIXED
Majority class,theblacksphere,MIXED,MIXED
Majority class,theconservativebrief,MIXED,MIXED
Majority class,thedailyadda,MIXED,MIXED
Majority class,thedispatch,HIGH,MIXED
Majority class,thefreedomtimes,LOW,MIXED
Majority class,thefreepress,MIXED,MIXED
Majority class,thegoldwater,LOW,MIXED
Majority class,thejoeroganexperience,MIXED,MIXED
Majority class,thelaughclub,LOW,MIXED
Majority class,theliberalireland,LOW,MIXED
Majority class,thelibertydaily,MIXED,MIXED
Majority class,thenationaluae,MIXED,MIXED
Majority class,thenevadan,MIXED,MIXED
Majority class,thepalestinechronicle,HIGH,MIXED
Majority class,thepatriotnurse,MIXED,MIXED
Majority class,thequartering,LOW,MIXED
Majority class,therightscoop,MIXED,MIXED
Majority class,thesarkariform,MIXED,MIXED
Majority class,thescoop,MIXED,MIXED
Majority class,thesolutionsproject,HIGH,MIXED
Majority class,thesouthafrican,HIGH,MIXED
Majority class,thespinoff,HIGH,MIXED
Majority class,theunionjournal,LOW,MIXED
Majority class,thewisconsinindependent,MIXED,MIXED
Majority class,thisdaylive,HIGH,MIXED
Majority class,tmz,MIXED,MIXED
Majority class,tobacconewswire,MIXED,MIXED
Majority class,toofab,MIXED,MIXED
Majority class,torreonpost,MIXED,MIXED
Majority class,towncountrymagazine,HIGH,MIXED
Majority class,tradingeconomics,HIGH,MIXED
Majority class,transgendertrend,LOW,MIXED
Majority class,trendingpolitics,LOW,MIXED
Majority class,trumptrainnews,MIXED,MIXED
Majority class,truthforhealthfoundation,LOW,MIXED
Majority class,tulsastandard,MIXED,MIXED
Majority class,turningpointusafaith,LOW,MIXED
Majority class,tuscaloosaleader,MIXED,MIXED
Majority class,usatoday,HIGH,MIXED
Majority class,vaccineimpact,LOW,MIXED
Majority class,vaccineinjurynews,LOW,MIXED
Majority class,valeursactuelles,MIXED,MIXED
Majority class,vanityfair,HIGH,MIXED
Majority class,vintoncountycourier,HIGH,MIXED
Majority class,voiceofamerica,HIGH,MIXED
Majority class,waltonfamilyfoundation,HIGH,MIXED
Majority class,warnerrobinstoday,MIXED,MIXED
Majority class,washingtonmonthly,HIGH,MIXED
Majority class,wataugademocrat,HIGH,MIXED
Majority class,wcminnesotanews,MIXED,MIXED
Majority class,weatherforddemocrat,HIGH,MIXED
Majority class,webertimes,MIXED,MIXED
Majority class,westatlantanews,MIXED,MIXED
Majority class,westcentralpanews,MIXED,MIXED
Majority class,westcentralreporter,MIXED,MIXED
Majority class,westchesterreporter,MIXED,MIXED
Majority class,westernmassnews,HIGH,MIXED
Majority class,westernndnews,MIXED,MIXED
Majority class,westlatimes,MIXED,MIXED
Majority class,westnynews,MIXED,MIXED
Majority class,westoctimes,MIXED,MIXED
Majority class,westpdxtoday,MIXED,MIXED
Majority class,westslcnews,MIXED,MIXED
Majority class,westwakenews,MIXED,MIXED
Majority class,wiartonecho,HIGH,MIXED
Majority class,williamsonnews,MIXED,MIXED
Majority class,wiregrasstimes,MIXED,MIXED
Majority class,witherspooninstitute,LOW,MIXED
Majority class,wltreport,LOW,MIXED
Majority class,woflfox35orlando,HIGH,MIXED
Majority class,woodstocksentinelreview,HIGH,MIXED
Majority class,worldnetdaily,LOW,MIXED
Majority class,wpnmleipsicnews,HIGH,MIXED
Majority class,wwtn997fmnashville,MIXED,MIXED
Majority class,xinhuaenglish,MIXED,MIXED
Majority class,yadkinripple,HIGH,MIXED
Majority class,yankeeinstituteforpublicpolicy,HIGH,MIXED
Majority class,yukonnews,HIGH,MIXED
Majority class,z3news,LOW,MIXED
SVM: alexa_gcn,100fedup,LOW,MIXED
SVM: alexa_gcn,404media,HIGH,MIXED
SVM: alexa_gcn,7news,MIXED,LOW
SVM: alexa_gcn,972magazine,HIGH,MIXED
SVM: alexa_gcn,abakannews,LOW,MIXED
SVM: alexa_gcn,abc11eyewitnessnews,HIGH,MIXED
SVM: alexa_gcn,actforamerica,LOW,MIXED
SVM: alexa_gcn,adamsnews,LOW,MIXED
SVM: alexa_gcn,adareporter,MIXED,MIXED
SVM: alexa_gcn,adfontesmedia,HIGH,MIXED
SVM: alexa_gcn,airdriecityview,HIGH,MIXED
SVM: alexa_gcn,akronreporter,MIXED,MIXED
SVM: alexa_gcn,albuquerquejournal,HIGH,MIXED
SVM: alexa_gcn,alohastatenews,MIXED,MIXED
SVM: alexa_gcn,amandla,HIGH,MIXED
SVM: alexa_gcn,americanaffairsjournal,HIGH,MIXED
SVM: alexa_gcn,americancenterforlawjustice,MIXED,MIXED
SVM: alexa_gcn,americangulag,LOW,MIXED
SVM: alexa_gcn,americanpatriotdaily,LOW,MIXED
SVM: alexa_gcn,americansunitedforseparationofchurchandstate,HIGH,MIXED
SVM: alexa_gcn,amnestyinternational,HIGH,MIXED
SVM: alexa_gcn,analyticsindiamagazine,HIGH,MIXED
SVM: alexa_gcn,annarbortimes,MIXED,MIXED
SVM: alexa_gcn,anokatimes,MIXED,MIXED
SVM: alexa_gcn,aptnnationalnews,HIGH,MIXED
SVM: alexa_gcn,arizonacapitoltimes,HIGH,MIXED
SVM: alexa_gcn,arizonarepublic,HIGH,MIXED
SVM: alexa_gcn,arlingtonheightsdailyherald,HIGH,MIXED
SVM: alexa_gcn,armedforcespress,LOW,MIXED
SVM: alexa_gcn,armstrongeconomics,MIXED,MIXED
SVM: alexa_gcn,armytimes,HIGH,MIXED
SVM: alexa_gcn,ashevillereporter,MIXED,MIXED
SVM: alexa_gcn,asiatimes,HIGH,MIXED
SVM: alexa_gcn,atlantablackstar,HIGH,MIXED
SVM: alexa_gcn,atlantic,HIGH,MIXED
SVM: alexa_gcn,atlasintel,HIGH,MIXED
SVM: alexa_gcn,automotivedive,HIGH,MIXED
SVM: alexa_gcn,autulu,LOW,MIXED
SVM: alexa_gcn,bajacaliforniapost,MIXED,MIXED
SVM: alexa_gcn,baldwintimes,MIXED,MIXED
SVM: alexa_gcn,banburyguardian,HIGH,MIXED
SVM: alexa_gcn,bartlesvilleexaminerenterprise,HIGH,MIXED
SVM: alexa_gcn,bdnews24,MIXED,MIXED
SVM: alexa_gcn,beehivestatenews,MIXED,MIXED
SVM: alexa_gcn,belfercenterforscienceandinternationalaffairs,HIGH,MIXED
SVM: alexa_gcn,berdyansknews,LOW,MIXED
SVM: alexa_gcn,berkscountynews,MIXED,MIXED
SVM: alexa_gcn,biasednews,LOW,MIXED
SVM: alexa_gcn,bignewsnetwork,HIGH,MIXED
SVM: alexa_gcn,billmoyerscom,HIGH,MIXED
SVM: alexa_gcn,billtrack50,HIGH,MIXED
SVM: alexa_gcn,bipartisanpolicycenter,HIGH,MIXED
SVM: alexa_gcn,birminghamworld,HIGH,MIXED
SVM: alexa_gcn,blacknews,MIXED,MIXED
SVM: alexa_gcn,bloomingtonheraldtimes,HIGH,MIXED
SVM: alexa_gcn,bloomingtonleader,MIXED,MIXED
SVM: alexa_gcn,boisecitywire,MIXED,MIXED
SVM: alexa_gcn,bongino,MIXED,MIXED
SVM: alexa_gcn,borgenmagazine,HIGH,MIXED
SVM: alexa_gcn,borgenproject,HIGH,MIXED
SVM: alexa_gcn,bostonglobe,HIGH,MIXED
SVM: alexa_gcn,bothellreporter,HIGH,MIXED
SVM: alexa_gcn,brevardsun,MIXED,MIXED
SVM: alexa_gcn,buckeyereporter,MIXED,MIXED
SVM: alexa_gcn,buckscountycouriertimes,HIGH,MIXED
SVM: alexa_gcn,bucyrustelegraphforum,HIGH,MIXED
SVM: alexa_gcn,burlingtonreporter,MIXED,MIXED
SVM: alexa_gcn,c19ivermectin,MIXED,MIXED
SVM: alexa_gcn,cabarrustoday,MIXED,MIXED
SVM: alexa_gcn,calgarysun,HIGH,MIXED
SVM: alexa_gcn,californiacollapsenews,LOW,MIXED
SVM: alexa_gcn,californiapoliticalreview,HIGH,MIXED
SVM: alexa_gcn,cambriatimes,MIXED,MIXED
SVM: alexa_gcn,campechepost,MIXED,MIXED
SVM: alexa_gcn,cantonrepository,HIGH,MIXED
SVM: alexa_gcn,castoradvance,HIGH,MIXED
SVM: alexa_gcn,catholictribunemichigan,MIXED,MIXED
SVM: alexa_gcn,catholictribuneminnesota,MIXED,MIXED
SVM: alexa_gcn,cctvinternational,MIXED,MIXED
SVM: alexa_gcn,censortrack,MIXED,MIXED
SVM: alexa_gcn,centerforamericanprogress,MIXED,MIXED
SVM: alexa_gcn,centerforsecuritypolicy,MIXED,MIXED
SVM: alexa_gcn,centralchestertoday,MIXED,MIXED
SVM: alexa_gcn,centralidahotimes,MIXED,MIXED
SVM: alexa_gcn,chambanasun,MIXED,MIXED
SVM: alexa_gcn,changeresearch,HIGH,MIXED
SVM: alexa_gcn,checkyourfact,HIGH,MIXED
SVM: alexa_gcn,cheddar,HIGH,MIXED
SVM: alexa_gcn,chinadaily,MIXED,MIXED
SVM: alexa_gcn,ciodive,HIGH,MIXED
SVM: alexa_gcn,citizentruth,HIGH,MIXED
SVM: alexa_gcn,citynewstoronto,HIGH,MIXED
SVM: alexa_gcn,clarionledger,HIGH,MIXED
SVM: alexa_gcn,clarkforkvalleypress,HIGH,MIXED
SVM: alexa_gcn,clayreporter,MIXED,MIXED
SVM: alexa_gcn,cleantechnica,HIGH,MIXED
SVM: alexa_gcn,climaterealism,LOW,MIXED
SVM: alexa_gcn,climatesciencepolicywatch,HIGH,MIXED
SVM: alexa_gcn,co2coalition,LOW,MIXED
SVM: alexa_gcn,coalregionnews,MIXED,MIXED
SVM: alexa_gcn,coconinonews,MIXED,MIXED
SVM: alexa_gcn,codastory,HIGH,MIXED
SVM: alexa_gcn,collintimes,MIXED,MIXED
SVM: alexa_gcn,coloradofreepress,LOW,MIXED
SVM: alexa_gcn,columbiajournalismreview,HIGH,MIXED
SVM: alexa_gcn,comicsands,MIXED,MIXED
SVM: alexa_gcn,commentarymagazine,HIGH,MIXED
SVM: alexa_gcn,concernedwomenforamerica,LOW,MIXED
SVM: alexa_gcn,conchovalleynews,MIXED,MIXED
SVM: alexa_gcn,concordledger,MIXED,MIXED
SVM: alexa_gcn,conservativefiringline,LOW,MIXED
SVM: alexa_gcn,conservativeopinion,MIXED,MIXED
SVM: alexa_gcn,conservativeplaylist,LOW,MIXED
SVM: alexa_gcn,conservativeundergroundnews,MIXED,MIXED
SVM: alexa_gcn,constructiondive,HIGH,MIXED
SVM: alexa_gcn,countercurrentsorg,HIGH,MIXED
SVM: alexa_gcn,crawfordtimes,MIXED,MIXED
SVM: alexa_gcn,creationevolutionheadlines,LOW,MIXED
SVM: alexa_gcn,creationministriesinternational,LOW,MIXED
SVM: alexa_gcn,crossexaminedorg,LOW,MIXED
SVM: alexa_gcn,cstoredive,HIGH,MIXED
SVM: alexa_gcn,cursor,MIXED,MIXED
SVM: alexa_gcn,cygnalpolling,HIGH,MIXED
SVM: alexa_gcn,dagestannews,LOW,MIXED
SVM: alexa_gcn,dailyburlington,MIXED,MIXED
SVM: alexa_gcn,dailydot,HIGH,MIXED
SVM: alexa_gcn,dailyflowermound,MIXED,MIXED
SVM: alexa_gcn,dailyjanesville,MIXED,MIXED
SVM: alexa_gcn,dailykos,MIXED,MIXED
SVM: alexa_gcn,dailymcallen,MIXED,MIXED
SVM: alexa_gcn,dailynewbraunfels,MIXED,MIXED
SVM: alexa_gcn,dailyo,MIXED,MIXED
SVM: alexa_gcn,dailypress,HIGH,MIXED
SVM: alexa_gcn,dailyroundrock,MIXED,MIXED
SVM: alexa_gcn,dailyspokanevalley,MIXED,MIXED
SVM: alexa_gcn,dailytacoma,MIXED,MIXED
SVM: alexa_gcn,dailytorch,HIGH,MIXED
SVM: alexa_gcn,dailyveracity,LOW,MIXED
SVM: alexa_gcn,dartmouthtimes,MIXED,MIXED
SVM: alexa_gcn,dauphinnews,MIXED,MIXED
SVM: alexa_gcn,daventryexpress,HIGH,MIXED
SVM: alexa_gcn,davistimes,MIXED,MIXED
SVM: alexa_gcn,defector,HIGH,MIXED
SVM: alexa_gcn,defenddemocracypress,MIXED,MIXED
SVM: alexa_gcn,defenseworldnet,HIGH,MIXED
SVM: alexa_gcn,dekalbdailychronicle,HIGH,MIXED
SVM: alexa_gcn,delawareonlinethenewsjournal,HIGH,MIXED
SVM: alexa_gcn,democracyfundvoice,HIGH,MIXED
SVM: alexa_gcn,democratandchronicle,HIGH,LOW
SVM: alexa_gcn,demstate,LOW,MIXED
SVM: alexa_gcn,derstatus,LOW,MIXED
SVM: alexa_gcn,desantisdaily,MIXED,MIXED
SVM: alexa_gcn,deseretnews,HIGH,MIXED
SVM: alexa_gcn,desmoinessun,MIXED,MIXED
SVM: alexa_gcn,digg,HIGH,MIXED
SVM: alexa_gcn,digitimesasia,HIGH,MIXED
SVM: alexa_gcn,discoveryinstitute,LOW,MIXED
SVM: alexa_gcn,dissentmagazine,HIGH,MIXED
SVM: alexa_gcn,doctorswithoutborders,HIGH,MIXED
SVM: alexa_gcn,donbasscenter,LOW,MIXED
SVM: alexa_gcn,download,LOW,MIXED
SVM: alexa_gcn,downsizingthefederalgovernment,HIGH,MIXED
SVM: alexa_gcn,druthers,LOW,MIXED
SVM: alexa_gcn,dubuquetimes,MIXED,MIXED
SVM: alexa_gcn,duluthnewstribune,HIGH,MIXED
SVM: alexa_gcn,dzen,MIXED,MIXED
SVM: alexa_gcn,earthorg,HIGH,MIXED
SVM: alexa_gcn,eastcentralreporter,MIXED,MIXED
SVM: alexa_gcn,eastlondonandwestessexguardian,HIGH,MIXED
SVM: alexa_gcn,eastpanhandlenews,MIXED,MIXED
SVM: alexa_gcn,eastsandiegonews,MIXED,MIXED
SVM: alexa_gcn,eastwaketimes,MIXED,MIXED
SVM: alexa_gcn,ecmississippinews,MIXED,MIXED
SVM: alexa_gcn,ecoklahomanews,MIXED,MIXED
SVM: alexa_gcn,ecowatch,HIGH,MIXED
SVM: alexa_gcn,educationdailywire,MIXED,MIXED
SVM: alexa_gcn,egyptianstreets,MIXED,MIXED
SVM: alexa_gcn,electronicintifada,HIGH,MIXED
SVM: alexa_gcn,elkodailyfreepress,HIGH,MIXED
SVM: alexa_gcn,ellwoodcityledger,HIGH,MIXED
SVM: alexa_gcn,emirates247,MIXED,MIXED
SVM: alexa_gcn,enchantmentstatenews,MIXED,MIXED
SVM: alexa_gcn,endthefed,LOW,MIXED
SVM: alexa_gcn,enews,HIGH,MIXED
SVM: alexa_gcn,entertainmentweekly,HIGH,MIXED
SVM: alexa_gcn,esquiremagazine,MIXED,MIXED
SVM: alexa_gcn,euvsdisinfo,HIGH,MIXED
SVM: alexa_gcn,eviemagazine,LOW,MIXED
SVM: alexa_gcn,facilitiesdive,HIGH,MIXED
SVM: alexa_gcn,factcheckni,HIGH,MIXED
SVM: alexa_gcn,factsnet,MIXED,MIXED
SVM: alexa_gcn,faithfreedomcoalition,MIXED,MIXED
SVM: alexa_gcn,fargostandard,MIXED,MIXED
SVM: alexa_gcn,farsnewsagency,MIXED,MIXED
SVM: alexa_gcn,fdesouche,MIXED,MIXED
SVM: alexa_gcn,financialtechtimes,HIGH,MIXED
SVM: alexa_gcn,fivenation,LOW,MIXED
SVM: alexa_gcn,focusonthefamily,LOW,MIXED
SVM: alexa_gcn,fortsmithtimes,MIXED,MIXED
SVM: alexa_gcn,fostersdailydemocrat,HIGH,MIXED
SVM: alexa_gcn,frankspeech,LOW,MIXED
SVM: alexa_gcn,freedomfromreligionfoundation,MIXED,MIXED
SVM: alexa_gcn,fremontnewsmessenger,HIGH,MIXED
SVM: alexa_gcn,freshoffthepress,MIXED,MIXED
SVM: alexa_gcn,friatiderfreetimes,LOW,MIXED
SVM: alexa_gcn,frontpagemagazine,LOW,MIXED
SVM: alexa_gcn,frontpagenewspaper,MIXED,MIXED
SVM: alexa_gcn,gaysagainstgroomers,LOW,MIXED
SVM: alexa_gcn,gbnewsuk,MIXED,MIXED
SVM: alexa_gcn,gellerreport,LOW,MIXED
SVM: alexa_gcn,geopoliticalintelligenceservices,HIGH,MIXED
SVM: alexa_gcn,georgiamountainnews,MIXED,MIXED
SVM: alexa_gcn,georgiarecord,LOW,MIXED
SVM: alexa_gcn,ghost,MIXED,MIXED
SVM: alexa_gcn,glasgowtimes,HIGH,MIXED
SVM: alexa_gcn,goderichsignalstar,HIGH,MIXED
SVM: alexa_gcn,gooddaybrownsville,MIXED,MIXED
SVM: alexa_gcn,gooddayportangeles,MIXED,MIXED
SVM: alexa_gcn,gooddayvancouver,MIXED,MIXED
SVM: alexa_gcn,gopusa,MIXED,MIXED
SVM: alexa_gcn,grandjunctiontimes,MIXED,MIXED
SVM: alexa_gcn,granitegrok,LOW,MIXED
SVM: alexa_gcn,greenevillesun,HIGH,MIXED
SVM: alexa_gcn,greenlininginstitute,HIGH,MIXED
SVM: alexa_gcn,grundyreporter,MIXED,MIXED
SVM: alexa_gcn,gzeromedia,HIGH,MIXED
SVM: alexa_gcn,happyvalleytimes,MIXED,MIXED
SVM: alexa_gcn,headlineusa,MIXED,MIXED
SVM: alexa_gcn,heartlandinstitute,LOW,MIXED
SVM: alexa_gcn,helensburghadvertiser,HIGH,MIXED
SVM: alexa_gcn,herbsnews,LOW,MIXED
SVM: alexa_gcn,heritagefoundation,MIXED,MIXED
SVM: alexa_gcn,hongkongfreepress,HIGH,MIXED
SVM: alexa_gcn,hopekinsvilletimes,MIXED,MIXED
SVM: alexa_gcn,hopkinsvilletimes,MIXED,MIXED
SVM: alexa_gcn,hrdive,HIGH,MIXED
SVM: alexa_gcn,hudsontoday,MIXED,MIXED
SVM: alexa_gcn,huntsvilleleader,MIXED,MIXED
SVM: alexa_gcn,illegalaliencrimereport,MIXED,MIXED
SVM: alexa_gcn,imperialcanews,MIXED,MIXED
SVM: alexa_gcn,indexmundi,HIGH,MIXED
SVM: alexa_gcn,infoplease,HIGH,MIXED
SVM: alexa_gcn,informationliberation,LOW,MIXED
SVM: alexa_gcn,ingushetiyanews,LOW,MIXED
SVM: alexa_gcn,instituteforthestudyofglobalizationandcovertpolitics,LOW,MIXED
SVM: alexa_gcn,intellectualtakeout,MIXED,MIXED
SVM: alexa_gcn,intelli,MIXED,MIXED
SVM: alexa_gcn,investigatewest,HIGH,MIXED
SVM: alexa_gcn,iowacitytoday,MIXED,MIXED
SVM: alexa_gcn,ipmnewsroom,HIGH,MIXED
SVM: alexa_gcn,irkutsknews,LOW,MIXED
SVM: alexa_gcn,ivermectinforcovid19,MIXED,MIXED
SVM: alexa_gcn,jeffersoncitynews,MIXED,MIXED
SVM: alexa_gcn,joehoft,LOW,MIXED
SVM: alexa_gcn,kait8tv,HIGH,MIXED
SVM: alexa_gcn,kankakeetimes,MIXED,MIXED
SVM: alexa_gcn,kauaisun,MIXED,MIXED
SVM: alexa_gcn,kbutnprcrestedbutte,HIGH,MIXED
SVM: alexa_gcn,kcfcnprboulder,HIGH,MIXED
SVM: alexa_gcn,keighleynews,HIGH,MIXED
SVM: alexa_gcn,kentcountytimes,MIXED,MIXED
SVM: alexa_gcn,kerncountrytimes,MIXED,MIXED
SVM: alexa_gcn,kerncountytimes,MIXED,MIXED
SVM: alexa_gcn,kirklandlakenorthernnews,HIGH,MIXED
SVM: alexa_gcn,kirovnews,LOW,MIXED
SVM: alexa_gcn,kkat860amsaltlakecity,MIXED,MIXED
SVM: alexa_gcn,kkoh780amreno,MIXED,MIXED
SVM: alexa_gcn,krccnprcoloradosprings,HIGH,MIXED
SVM: alexa_gcn,kremlin,MIXED,MIXED
SVM: alexa_gcn,kvaleugenenews,HIGH,MIXED
SVM: alexa_gcn,laborpains,MIXED,MIXED
SVM: alexa_gcn,lagrangedailynews,HIGH,MIXED
SVM: alexa_gcn,laphamsquarterly,HIGH,MIXED
SVM: alexa_gcn,laredotoday,MIXED,MIXED
SVM: alexa_gcn,lawrencereporter,MIXED,MIXED
SVM: alexa_gcn,lebanonpanews,MIXED,MIXED
SVM: alexa_gcn,leftaction,LOW,MIXED
SVM: alexa_gcn,leighjournal,HIGH,MIXED
SVM: alexa_gcn,libsoftiktok,LOW,MIXED
SVM: alexa_gcn,lifenews,LOW,MIXED
SVM: alexa_gcn,lifewire,HIGH,MIXED
SVM: alexa_gcn,limareporter,MIXED,MIXED
SVM: alexa_gcn,livingstontoday,MIXED,MIXED
SVM: alexa_gcn,lnrnews,LOW,MIXED
SVM: alexa_gcn,logically,HIGH,MIXED
SVM: alexa_gcn,louisvillecitywire,MIXED,MIXED
SVM: alexa_gcn,ludlowadvertiser,HIGH,MIXED
SVM: alexa_gcn,lugansknews,LOW,MIXED
SVM: alexa_gcn,magadannews,LOW,MIXED
SVM: alexa_gcn,magicvalleytimes,MIXED,MIXED
SVM: alexa_gcn,magnoliastatenews,MIXED,MIXED
SVM: alexa_gcn,manilabusinessdaily,MIXED,MIXED
SVM: alexa_gcn,marylandbusinessdaily,MIXED,MIXED
SVM: alexa_gcn,mauireporter,MIXED,MIXED
SVM: alexa_gcn,mazatlanpost,MIXED,MIXED
SVM: alexa_gcn,mediamatters,HIGH,MIXED
SVM: alexa_gcn,merrimackvalleynews,MIXED,MIXED
SVM: alexa_gcn,metricmedia,MIXED,MIXED
SVM: alexa_gcn,metroweekly,HIGH,MIXED
SVM: alexa_gcn,miamistandard,MIXED,MIXED
SVM: alexa_gcn,midcoasttoday,MIXED,MIXED
SVM: alexa_gcn,middleeastinstitute,HIGH,MIXED
SVM: alexa_gcn,middleeastmediaresearchinstitutememri,MIXED,MIXED
SVM: alexa_gcn,middleeastnewsagency,MIXED,MIXED
SVM: alexa_gcn,midnorthmonitor,HIGH,MIXED
SVM: alexa_gcn,minnesotabusinessdaily,MIXED,MIXED
SVM: alexa_gcn,minnesotasun,MIXED,MIXED
SVM: alexa_gcn,misionverdad,MIXED,MIXED
SVM: alexa_gcn,mitchelladvocate,HIGH,MIXED
SVM: alexa_gcn,mohawkvalleytimes,MIXED,MIXED
SVM: alexa_gcn,moldovanews,LOW,MIXED
SVM: alexa_gcn,monmouthtimes,MIXED,MIXED
SVM: alexa_gcn,monroecountynews,MIXED,MIXED
SVM: alexa_gcn,monterreydailypost,MIXED,MIXED
SVM: alexa_gcn,morningmurfreesboro,MIXED,MIXED
SVM: alexa_gcn,morrisleader,MIXED,MIXED
SVM: alexa_gcn,moskvanews,LOW,MIXED
SVM: alexa_gcn,moveon,MIXED,MIXED
SVM: alexa_gcn,muslimskeptic,LOW,MIXED
SVM: alexa_gcn,myrtlebeachleader,MIXED,MIXED
SVM: alexa_gcn,nashvillestandard,MIXED,MIXED
SVM: alexa_gcn,nationalassociationofscholars,MIXED,MIXED
SVM: alexa_gcn,nationalcenterforpublicpolicyresearch,MIXED,MIXED
SVM: alexa_gcn,naturalresourcegovernanceinstitute,HIGH,MIXED
SVM: alexa_gcn,ncbusinessdaily,MIXED,MIXED
SVM: alexa_gcn,ncmississippinews,MIXED,MIXED
SVM: alexa_gcn,nealabamanews,MIXED,MIXED
SVM: alexa_gcn,neatlantanews,MIXED,MIXED
SVM: alexa_gcn,necalinews,MIXED,MIXED
SVM: alexa_gcn,nelouisiananews,MIXED,MIXED
SVM: alexa_gcn,nepiedmontnews,MIXED,MIXED
SVM: alexa_gcn,nikopolnews,LOW,MIXED
SVM: alexa_gcn,ninefornews,LOW,MIXED
SVM: alexa_gcn,northbirminghamtimes,MIXED,MIXED
SVM: alexa_gcn,northcolumbusnews,MIXED,MIXED
SVM: alexa_gcn,northcooknews,MIXED,MIXED
SVM: alexa_gcn,northdakotabusinessdaily,MIXED,MIXED
SVM: alexa_gcn,northessexnews,MIXED,MIXED
SVM: alexa_gcn,northindynews,MIXED,MIXED
SVM: alexa_gcn,northkentuckynews,MIXED,MIXED
SVM: alexa_gcn,northoctimes,MIXED,MIXED
SVM: alexa_gcn,northpalmbeachtoday,MIXED,MIXED
SVM: alexa_gcn,novosibirsknews,LOW,MIXED
SVM: alexa_gcn,nunavutnews,HIGH,MIXED
SVM: alexa_gcn,nwillinoisnews,MIXED,MIXED
SVM: alexa_gcn,nwkentuckynews,MIXED,MIXED
SVM: alexa_gcn,nwlatimes,MIXED,MIXED
SVM: alexa_gcn,nwminnesotanews,MIXED,MIXED
SVM: alexa_gcn,nwvalleytimes,MIXED,MIXED
SVM: alexa_gcn,oceancountyleader,MIXED,MIXED
SVM: alexa_gcn,odessanews,LOW,MIXED
SVM: alexa_gcn,offthegridnews,MIXED,MIXED
SVM: alexa_gcn,offthepress,MIXED,MIXED
SVM: alexa_gcn,ohmymag,MIXED,MIXED
SVM: alexa_gcn,origo,MIXED,MIXED
SVM: alexa_gcn,orinocotribune,LOW,MIXED
SVM: alexa_gcn,outerbankstimes,MIXED,MIXED
SVM: alexa_gcn,pacificpundit,LOW,MIXED
SVM: alexa_gcn,palmettostatenews,MIXED,MIXED
SVM: alexa_gcn,pamedia,HIGH,MIXED
SVM: alexa_gcn,panamacityreporter,MIXED,MIXED
SVM: alexa_gcn,parentsdefendingeducation,MIXED,MIXED
SVM: alexa_gcn,pascoreporter,MIXED,MIXED
SVM: alexa_gcn,passaictoday,MIXED,MIXED
SVM: alexa_gcn,patriotfetch,LOW,MIXED
SVM: alexa_gcn,peacegardennews,MIXED,MIXED
SVM: alexa_gcn,peoriajournalstar,HIGH,MIXED
SVM: alexa_gcn,pharmavoice,HIGH,MIXED
SVM: alexa_gcn,pinehursttoday,MIXED,MIXED
SVM: alexa_gcn,pioneervalleyadvocate,HIGH,MIXED
SVM: alexa_gcn,politicalanimalnews,MIXED,MIXED
SVM: alexa_gcn,portagetimes,MIXED,MIXED
SVM: alexa_gcn,portlandcourant,MIXED,MIXED
SVM: alexa_gcn,prairiestatewire,MIXED,MIXED
SVM: alexa_gcn,pravdacanada,LOW,MIXED
SVM: alexa_gcn,pravdaitalia,LOW,MIXED
SVM: alexa_gcn,pravdanato,LOW,MIXED
SVM: alexa_gcn,presidentialhill,LOW,MIXED
SVM: alexa_gcn,projectveritas,MIXED,HIGH
SVM: alexa_gcn,providencereporter,MIXED,MIXED
SVM: alexa_gcn,pueblapost,MIXED,MIXED
SVM: alexa_gcn,punchingbagpost,MIXED,MIXED
SVM: alexa_gcn,rabbleca,HIGH,MIXED
SVM: alexa_gcn,radar,LOW,MIXED
SVM: alexa_gcn,randcorporation,HIGH,MIXED
SVM: alexa_gcn,rapidcityjournal,HIGH,MIXED
SVM: alexa_gcn,rationalground,MIXED,MIXED
SVM: alexa_gcn,rationalwiki,HIGH,MIXED
SVM: alexa_gcn,rawstory,HIGH,MIXED
SVM: alexa_gcn,readingchronicle,HIGH,MIXED
SVM: alexa_gcn,realnewsnetwork,HIGH,MIXED
SVM: alexa_gcn,realnewsnow,LOW,MIXED
SVM: alexa_gcn,reclaimthenet,MIXED,MIXED
SVM: alexa_gcn,redicetv,LOW,MIXED
SVM: alexa_gcn,redorbit,MIXED,MIXED
SVM: alexa_gcn,redoubtnews,MIXED,MIXED
SVM: alexa_gcn,redwoodempirenews,MIXED,MIXED
SVM: alexa_gcn,remingtonresearchgroup,HIGH,MIXED
SVM: alexa_gcn,renogazettejournal,HIGH,MIXED
SVM: alexa_gcn,renoreporter,MIXED,MIXED
SVM: alexa_gcn,republicandaily,MIXED,MIXED
SVM: alexa_gcn,restaurantdive,HIGH,MIXED
SVM: alexa_gcn,restoreamericanglory,MIXED,MIXED
SVM: alexa_gcn,revcomus,MIXED,MIXED
SVM: alexa_gcn,revolver,MIXED,MIXED
SVM: alexa_gcn,rianovosti,LOW,MIXED
SVM: alexa_gcn,richmondside,HIGH,MIXED
SVM: alexa_gcn,ricochet,MIXED,MIXED
SVM: alexa_gcn,rightnewswire,MIXED,MIXED
SVM: alexa_gcn,riverdalepress,HIGH,MIXED
SVM: alexa_gcn,rivervalleytoday,MIXED,MIXED
SVM: alexa_gcn,rockymounttelegram,HIGH,MIXED
SVM: alexa_gcn,russiainsider,LOW,MIXED
SVM: alexa_gcn,salemradionetworknews,HIGH,MIXED
SVM: alexa_gcn,sandhillstoday,MIXED,MIXED
SVM: alexa_gcn,saultthisweek,HIGH,MIXED
SVM: alexa_gcn,savannahmorningnews,HIGH,MIXED
SVM: alexa_gcn,savejersey,HIGH,LOW
SVM: alexa_gcn,scalaskanews,MIXED,MIXED
SVM: alexa_gcn,scmidlandnews,MIXED,MIXED
SVM: alexa_gcn,scotusblog,HIGH,MIXED
SVM: alexa_gcn,sealaskanews,MIXED,MIXED
SVM: alexa_gcn,seatlantanews,MIXED,MIXED
SVM: alexa_gcn,sebluegrassnews,MIXED,MIXED
SVM: alexa_gcn,seconnecticutnews,MIXED,MIXED
SVM: alexa_gcn,segrandrapidsnews,MIXED,MIXED
SVM: alexa_gcn,sekansascitynews,MIXED,MIXED
SVM: alexa_gcn,sekansasnews,MIXED,MIXED
SVM: alexa_gcn,sekentuckynews,MIXED,MIXED
SVM: alexa_gcn,senorthcarolinanews,MIXED,MIXED
SVM: alexa_gcn,sevegasnews,MIXED,MIXED
SVM: alexa_gcn,showmestatetimes,MIXED,MIXED
SVM: alexa_gcn,shreveportreporter,MIXED,MIXED
SVM: alexa_gcn,shtfplancom,LOW,MIXED
SVM: alexa_gcn,silverstatetimes,MIXED,MIXED
SVM: alexa_gcn,skepticink,MIXED,MIXED
SVM: alexa_gcn,sludge,HIGH,MIXED
SVM: alexa_gcn,smokymountaintoday,MIXED,MIXED
SVM: alexa_gcn,somersettimes,MIXED,MIXED
SVM: alexa_gcn,sonsof1776,MIXED,MIXED
SVM: alexa_gcn,southafricatoday,MIXED,MIXED
SVM: alexa_gcn,southcentralpanews,MIXED,MIXED
SVM: alexa_gcn,southcharlottetoday,MIXED,MIXED
SVM: alexa_gcn,southcolumbusnews,MIXED,MIXED
SVM: alexa_gcn,southcooknews,MIXED,MIXED
SVM: alexa_gcn,southernillinoisnews,MIXED,MIXED
SVM: alexa_gcn,southernindianatoday,MIXED,MIXED
SVM: alexa_gcn,southfranklinnews,MIXED,MIXED
SVM: alexa_gcn,southfultontoday,MIXED,MIXED
SVM: alexa_gcn,southiowanews,MIXED,MIXED
SVM: alexa_gcn,southkentnews,MIXED,MIXED
SVM: alexa_gcn,southknoxvillenews,MIXED,MIXED
SVM: alexa_gcn,southlouisiananews,MIXED,MIXED
SVM: alexa_gcn,southsummitnews,MIXED,MIXED
SVM: alexa_gcn,southtulsatoday,MIXED,MIXED
SVM: alexa_gcn,southwestmontananews,MIXED,MIXED
SVM: alexa_gcn,southwestorangeobserver,HIGH,MIXED
SVM: alexa_gcn,southwestpanews,MIXED,MIXED
SVM: alexa_gcn,southwichitanews,MIXED,MIXED
SVM: alexa_gcn,springtimes,MIXED,MIXED
SVM: alexa_gcn,stanislausnews,MIXED,MIXED
SVM: alexa_gcn,staresattheworld,LOW,MIXED
SVM: alexa_gcn,stateline,HIGH,MIXED
SVM: alexa_gcn,steadfastandloyal,MIXED,MIXED
SVM: alexa_gcn,stjoebentonharbornews,MIXED,MIXED
SVM: alexa_gcn,stjohnstelegram,HIGH,MIXED
SVM: alexa_gcn,stopthesethings,LOW,MIXED
SVM: alexa_gcn,sturgiscoldwaternews,MIXED,MIXED
SVM: alexa_gcn,supplychaindive,HIGH,MIXED
SVM: alexa_gcn,surgutnews,LOW,MIXED
SVM: alexa_gcn,survivalnews1,LOW,MIXED
SVM: alexa_gcn,swalaskanews,MIXED,MIXED
SVM: alexa_gcn,swcoloradonews,MIXED,MIXED
SVM: alexa_gcn,swmissourinews,MIXED,MIXED
SVM: alexa_gcn,swoklahomanews,MIXED,MIXED
SVM: alexa_gcn,swriversidenews,MIXED,MIXED
SVM: alexa_gcn,techstartups,MIXED,MIXED
SVM: alexa_gcn,tenthamendmentcenter,MIXED,MIXED
SVM: alexa_gcn,tfppwire,MIXED,MIXED
SVM: alexa_gcn,tharawatmagazine,HIGH,MIXED
SVM: alexa_gcn,theblacksphere,MIXED,MIXED
SVM: alexa_gcn,theconservativebrief,MIXED,MIXED
SVM: alexa_gcn,thedailyadda,MIXED,MIXED
SVM: alexa_gcn,thedispatch,HIGH,MIXED
SVM: alexa_gcn,thefreedomtimes,LOW,MIXED
SVM: alexa_gcn,thefreepress,MIXED,MIXED
SVM: alexa_gcn,thegoldwater,LOW,MIXED
SVM: alexa_gcn,thejoeroganexperience,MIXED,MIXED
SVM: alexa_gcn,thelaughclub,LOW,MIXED
SVM: alexa_gcn,theliberalireland,LOW,MIXED
SVM: alexa_gcn,thelibertydaily,MIXED,LOW
SVM: alexa_gcn,thenationaluae,MIXED,MIXED
SVM: alexa_gcn,thenevadan,MIXED,MIXED
SVM: alexa_gcn,thepalestinechronicle,HIGH,MIXED
SVM: alexa_gcn,thepatriotnurse,MIXED,MIXED
SVM: alexa_gcn,thequartering,LOW,MIXED
SVM: alexa_gcn,therightscoop,MIXED,MIXED
SVM: alexa_gcn,thesarkariform,MIXED,MIXED
SVM: alexa_gcn,thescoop,MIXED,MIXED
SVM: alexa_gcn,thesolutionsproject,HIGH,MIXED
SVM: alexa_gcn,thesouthafrican,HIGH,MIXED
SVM: alexa_gcn,thespinoff,HIGH,MIXED
SVM: alexa_gcn,theunionjournal,LOW,MIXED
SVM: alexa_gcn,thewisconsinindependent,MIXED,MIXED
SVM: alexa_gcn,thisdaylive,HIGH,MIXED
SVM: alexa_gcn,tmz,MIXED,MIXED
SVM: alexa_gcn,tobacconewswire,MIXED,MIXED
SVM: alexa_gcn,toofab,MIXED,MIXED
SVM: alexa_gcn,torreonpost,MIXED,MIXED
SVM: alexa_gcn,towncountrymagazine,HIGH,MIXED
SVM: alexa_gcn,tradingeconomics,HIGH,MIXED
SVM: alexa_gcn,transgendertrend,LOW,MIXED
SVM: alexa_gcn,trendingpolitics,LOW,MIXED
SVM: alexa_gcn,trumptrainnews,MIXED,MIXED
SVM: alexa_gcn,truthforhealthfoundation,LOW,MIXED
SVM: alexa_gcn,tulsastandard,MIXED,MIXED
SVM: alexa_gcn,turningpointusafaith,LOW,MIXED
SVM: alexa_gcn,tuscaloosaleader,MIXED,MIXED
SVM: alexa_gcn,usatoday,HIGH,MIXED
SVM: alexa_gcn,vaccineimpact,LOW,MIXED
SVM: alexa_gcn,vaccineinjurynews,LOW,MIXED
SVM: alexa_gcn,valeursactuelles,MIXED,MIXED
SVM: alexa_gcn,vanityfair,HIGH,MIXED
SVM: alexa_gcn,vintoncountycourier,HIGH,MIXED
SVM: alexa_gcn,voiceofamerica,HIGH,MIXED
SVM: alexa_gcn,waltonfamilyfoundation,HIGH,MIXED
SVM: alexa_gcn,warnerrobinstoday,MIXED,MIXED
SVM: alexa_gcn,washingtonmonthly,HIGH,MIXED
SVM: alexa_gcn,wataugademocrat,HIGH,MIXED
SVM: alexa_gcn,wcminnesotanews,MIXED,MIXED
SVM: alexa_gcn,weatherforddemocrat,HIGH,MIXED
SVM: alexa_gcn,webertimes,MIXED,MIXED
SVM: alexa_gcn,westatlantanews,MIXED,MIXED
SVM: alexa_gcn,westcentralpanews,MIXED,MIXED
SVM: alexa_gcn,westcentralreporter,MIXED,MIXED
SVM: alexa_gcn,westchesterreporter,MIXED,MIXED
SVM: alexa_gcn,westernmassnews,HIGH,MIXED
SVM: alexa_gcn,westernndnews,MIXED,MIXED
SVM: alexa_gcn,westlatimes,MIXED,MIXED
SVM: alexa_gcn,westnynews,MIXED,MIXED
SVM: alexa_gcn,westoctimes,MIXED,MIXED
SVM: alexa_gcn,westpdxtoday,MIXED,MIXED
SVM: alexa_gcn,westslcnews,MIXED,MIXED
SVM: alexa_gcn,westwakenews,MIXED,MIXED
SVM: alexa_gcn,wiartonecho,HIGH,MIXED
SVM: alexa_gcn,williamsonnews,MIXED,MIXED
SVM: alexa_gcn,wiregrasstimes,MIXED,MIXED
SVM: alexa_gcn,witherspooninstitute,LOW,MIXED
SVM: alexa_gcn,wltreport,LOW,MIXED
SVM: alexa_gcn,woflfox35orlando,HIGH,MIXED
SVM: alexa_gcn,woodstocksentinelreview,HIGH,MIXED
SVM: alexa_gcn,worldnetdaily,LOW,MIXED
SVM: alexa_gcn,wpnmleipsicnews,HIGH,MIXED
SVM: alexa_gcn,wwtn997fmnashville,MIXED,MIXED
SVM: alexa_gcn,xinhuaenglish,MIXED,MIXED
SVM: alexa_gcn,yadkinripple,HIGH,MIXED
SVM: alexa_gcn,yankeeinstituteforpublicpolicy,HIGH,MIXED
SVM: alexa_gcn,yukonnews,HIGH,MIXED
SVM: alexa_gcn,z3news,LOW,MIXED
SVM: alexa_sage,100fedup,LOW,LOW
SVM: alexa_sage,404media,HIGH,HIGH
SVM: alexa_sage,7news,MIXED,MIXED
SVM: alexa_sage,972magazine,HIGH,MIXED
SVM: alexa_sage,abakannews,LOW,HIGH
SVM: alexa_sage,abc11eyewitnessnews,HIGH,MIXED
SVM: alexa_sage,actforamerica,LOW,HIGH
SVM: alexa_sage,adamsnews,LOW,HIGH
SVM: alexa_sage,adareporter,MIXED,HIGH
SVM: alexa_sage,adfontesmedia,HIGH,LOW
SVM: alexa_sage,airdriecityview,HIGH,HIGH
SVM: alexa_sage,akronreporter,MIXED,HIGH
SVM: alexa_sage,albuquerquejournal,HIGH,HIGH
SVM: alexa_sage,alohastatenews,MIXED,HIGH
SVM: alexa_sage,amandla,HIGH,HIGH
SVM: alexa_sage,americanaffairsjournal,HIGH,HIGH
SVM: alexa_sage,americancenterforlawjustice,MIXED,HIGH
SVM: alexa_sage,americangulag,LOW,HIGH
SVM: alexa_sage,americanpatriotdaily,LOW,MIXED
SVM: alexa_sage,americansunitedforseparationofchurchandstate,HIGH,MIXED
SVM: alexa_sage,amnestyinternational,HIGH,MIXED
SVM: alexa_sage,analyticsindiamagazine,HIGH,MIXED
SVM: alexa_sage,annarbortimes,MIXED,HIGH
SVM: alexa_sage,anokatimes,MIXED,HIGH
SVM: alexa_sage,aptnnationalnews,HIGH,LOW
SVM: alexa_sage,arizonacapitoltimes,HIGH,MIXED
SVM: alexa_sage,arizonarepublic,HIGH,HIGH
SVM: alexa_sage,arlingtonheightsdailyherald,HIGH,MIXED
SVM: alexa_sage,armedforcespress,LOW,HIGH
SVM: alexa_sage,armstrongeconomics,MIXED,MIXED
SVM: alexa_sage,armytimes,HIGH,MIXED
SVM: alexa_sage,ashevillereporter,MIXED,HIGH
SVM: alexa_sage,asiatimes,HIGH,LOW
SVM: alexa_sage,atlantablackstar,HIGH,HIGH
SVM: alexa_sage,atlantic,HIGH,HIGH
SVM: alexa_sage,atlasintel,HIGH,HIGH
SVM: alexa_sage,automotivedive,HIGH,HIGH
SVM: alexa_sage,autulu,LOW,HIGH
SVM: alexa_sage,bajacaliforniapost,MIXED,HIGH
SVM: alexa_sage,baldwintimes,MIXED,HIGH
SVM: alexa_sage,banburyguardian,HIGH,HIGH
SVM: alexa_sage,bartlesvilleexaminerenterprise,HIGH,HIGH
SVM: alexa_sage,bdnews24,MIXED,MIXED
SVM: alexa_sage,beehivestatenews,MIXED,HIGH
SVM: alexa_sage,belfercenterforscienceandinternationalaffairs,HIGH,LOW
SVM: alexa_sage,berdyansknews,LOW,HIGH
SVM: alexa_sage,berkscountynews,MIXED,HIGH
SVM: alexa_sage,biasednews,LOW,HIGH
SVM: alexa_sage,bignewsnetwork,HIGH,HIGH
SVM: alexa_sage,billmoyerscom,HIGH,LOW
SVM: alexa_sage,billtrack50,HIGH,LOW
SVM: alexa_sage,bipartisanpolicycenter,HIGH,HIGH
SVM: alexa_sage,birminghamworld,HIGH,HIGH
SVM: alexa_sage,blacknews,MIXED,HIGH
SVM: alexa_sage,bloomingtonheraldtimes,HIGH,HIGH
SVM: alexa_sage,bloomingtonleader,MIXED,HIGH
SVM: alexa_sage,boisecitywire,MIXED,HIGH
SVM: alexa_sage,bongino,MIXED,LOW
SVM: alexa_sage,borgenmagazine,HIGH,HIGH
SVM: alexa_sage,borgenproject,HIGH,HIGH
SVM: alexa_sage,bostonglobe,HIGH,HIGH
SVM: alexa_sage,bothellreporter,HIGH,HIGH
SVM: alexa_sage,brevardsun,MIXED,HIGH
SVM: alexa_sage,buckeyereporter,MIXED,HIGH
SVM: alexa_sage,buckscountycouriertimes,HIGH,HIGH
SVM: alexa_sage,bucyrustelegraphforum,HIGH,HIGH
SVM: alexa_sage,burlingtonreporter,MIXED,HIGH
SVM: alexa_sage,c19ivermectin,MIXED,HIGH
SVM: alexa_sage,cabarrustoday,MIXED,HIGH
SVM: alexa_sage,calgarysun,HIGH,HIGH
SVM: alexa_sage,californiacollapsenews,LOW,HIGH
SVM: alexa_sage,californiapoliticalreview,HIGH,HIGH
SVM: alexa_sage,cambriatimes,MIXED,HIGH
SVM: alexa_sage,campechepost,MIXED,HIGH
SVM: alexa_sage,cantonrepository,HIGH,HIGH
SVM: alexa_sage,castoradvance,HIGH,HIGH
SVM: alexa_sage,catholictribunemichigan,MIXED,HIGH
SVM: alexa_sage,catholictribuneminnesota,MIXED,HIGH
SVM: alexa_sage,cctvinternational,MIXED,HIGH
SVM: alexa_sage,censortrack,MIXED,HIGH
SVM: alexa_sage,centerforamericanprogress,MIXED,MIXED
SVM: alexa_sage,centerforsecuritypolicy,MIXED,LOW
SVM: alexa_sage,centralchestertoday,MIXED,HIGH
SVM: alexa_sage,centralidahotimes,MIXED,HIGH
SVM: alexa_sage,chambanasun,MIXED,HIGH
SVM: alexa_sage,changeresearch,HIGH,HIGH
SVM: alexa_sage,checkyourfact,HIGH,LOW
SVM: alexa_sage,cheddar,HIGH,HIGH
SVM: alexa_sage,chinadaily,MIXED,MIXED
SVM: alexa_sage,ciodive,HIGH,HIGH
SVM: alexa_sage,citizentruth,HIGH,HIGH
SVM: alexa_sage,citynewstoronto,HIGH,MIXED
SVM: alexa_sage,clarionledger,HIGH,HIGH
SVM: alexa_sage,clarkforkvalleypress,HIGH,HIGH
SVM: alexa_sage,clayreporter,MIXED,HIGH
SVM: alexa_sage,cleantechnica,HIGH,HIGH
SVM: alexa_sage,climaterealism,LOW,HIGH
SVM: alexa_sage,climatesciencepolicywatch,HIGH,LOW
SVM: alexa_sage,co2coalition,LOW,HIGH
SVM: alexa_sage,coalregionnews,MIXED,HIGH
SVM: alexa_sage,coconinonews,MIXED,HIGH
SVM: alexa_sage,codastory,HIGH,HIGH
SVM: alexa_sage,collintimes,MIXED,HIGH
SVM: alexa_sage,coloradofreepress,LOW,HIGH
SVM: alexa_sage,columbiajournalismreview,HIGH,HIGH
SVM: alexa_sage,comicsands,MIXED,HIGH
SVM: alexa_sage,commentarymagazine,HIGH,HIGH
SVM: alexa_sage,concernedwomenforamerica,LOW,LOW
SVM: alexa_sage,conchovalleynews,MIXED,HIGH
SVM: alexa_sage,concordledger,MIXED,HIGH
SVM: alexa_sage,conservativefiringline,LOW,LOW
SVM: alexa_sage,conservativeopinion,MIXED,LOW
SVM: alexa_sage,conservativeplaylist,LOW,HIGH
SVM: alexa_sage,conservativeundergroundnews,MIXED,HIGH
SVM: alexa_sage,constructiondive,HIGH,HIGH
SVM: alexa_sage,countercurrentsorg,HIGH,MIXED
SVM: alexa_sage,crawfordtimes,MIXED,HIGH
SVM: alexa_sage,creationevolutionheadlines,LOW,HIGH
SVM: alexa_sage,creationministriesinternational,LOW,MIXED
SVM: alexa_sage,crossexaminedorg,LOW,LOW
SVM: alexa_sage,cstoredive,HIGH,HIGH
SVM: alexa_sage,cursor,MIXED,HIGH
SVM: alexa_sage,cygnalpolling,HIGH,HIGH
SVM: alexa_sage,dagestannews,LOW,HIGH
SVM: alexa_sage,dailyburlington,MIXED,HIGH
SVM: alexa_sage,dailydot,HIGH,MIXED
SVM: alexa_sage,dailyflowermound,MIXED,HIGH
SVM: alexa_sage,dailyjanesville,MIXED,HIGH
SVM: alexa_sage,dailykos,MIXED,HIGH
SVM: alexa_sage,dailymcallen,MIXED,HIGH
SVM: alexa_sage,dailynewbraunfels,MIXED,HIGH
SVM: alexa_sage,dailyo,MIXED,HIGH
SVM: alexa_sage,dailypress,HIGH,HIGH
SVM: alexa_sage,dailyroundrock,MIXED,HIGH
SVM: alexa_sage,dailyspokanevalley,MIXED,HIGH
SVM: alexa_sage,dailytacoma,MIXED,HIGH
SVM: alexa_sage,dailytorch,HIGH,HIGH
SVM: alexa_sage,dailyveracity,LOW,HIGH
SVM: alexa_sage,dartmouthtimes,MIXED,HIGH
SVM: alexa_sage,dauphinnews,MIXED,HIGH
SVM: alexa_sage,daventryexpress,HIGH,HIGH
SVM: alexa_sage,davistimes,MIXED,HIGH
SVM: alexa_sage,defector,HIGH,HIGH
SVM: alexa_sage,defenddemocracypress,MIXED,HIGH
SVM: alexa_sage,defenseworldnet,HIGH,LOW
SVM: alexa_sage,dekalbdailychronicle,HIGH,HIGH
SVM: alexa_sage,delawareonlinethenewsjournal,HIGH,HIGH
SVM: alexa_sage,democracyfundvoice,HIGH,HIGH
SVM: alexa_sage,democratandchronicle,HIGH,HIGH
SVM: alexa_sage,demstate,LOW,HIGH
SVM: alexa_sage,derstatus,LOW,HIGH
SVM: alexa_sage,desantisdaily,MIXED,HIGH
SVM: alexa_sage,deseretnews,HIGH,HIGH
SVM: alexa_sage,desmoinessun,MIXED,HIGH
SVM: alexa_sage,digg,HIGH,HIGH
SVM: alexa_sage,digitimesasia,HIGH,HIGH
SVM: alexa_sage,discoveryinstitute,LOW,MIXED
SVM: alexa_sage,dissentmagazine,HIGH,HIGH
SVM: alexa_sage,doctorswithoutborders,HIGH,MIXED
SVM: alexa_sage,donbasscenter,LOW,HIGH
SVM: alexa_sage,download,LOW,HIGH
SVM: alexa_sage,downsizingthefederalgovernment,HIGH,MIXED
SVM: alexa_sage,druthers,LOW,HIGH
SVM: alexa_sage,dubuquetimes,MIXED,HIGH
SVM: alexa_sage,duluthnewstribune,HIGH,HIGH
SVM: alexa_sage,dzen,MIXED,HIGH
SVM: alexa_sage,earthorg,HIGH,HIGH
SVM: alexa_sage,eastcentralreporter,MIXED,HIGH
SVM: alexa_sage,eastlondonandwestessexguardian,HIGH,HIGH
SVM: alexa_sage,eastpanhandlenews,MIXED,HIGH
SVM: alexa_sage,eastsandiegonews,MIXED,HIGH
SVM: alexa_sage,eastwaketimes,MIXED,HIGH
SVM: alexa_sage,ecmississippinews,MIXED,HIGH
SVM: alexa_sage,ecoklahomanews,MIXED,HIGH
SVM: alexa_sage,ecowatch,HIGH,HIGH
SVM: alexa_sage,educationdailywire,MIXED,HIGH
SVM: alexa_sage,egyptianstreets,MIXED,HIGH
SVM: alexa_sage,electronicintifada,HIGH,MIXED
SVM: alexa_sage,elkodailyfreepress,HIGH,HIGH
SVM: alexa_sage,ellwoodcityledger,HIGH,HIGH
SVM: alexa_sage,emirates247,MIXED,HIGH
SVM: alexa_sage,enchantmentstatenews,MIXED,HIGH
SVM: alexa_sage,endthefed,LOW,HIGH
SVM: alexa_sage,enews,HIGH,HIGH
SVM: alexa_sage,entertainmentweekly,HIGH,HIGH
SVM: alexa_sage,esquiremagazine,MIXED,MIXED
SVM: alexa_sage,euvsdisinfo,HIGH,HIGH
SVM: alexa_sage,eviemagazine,LOW,MIXED
SVM: alexa_sage,facilitiesdive,HIGH,HIGH
SVM: alexa_sage,factcheckni,HIGH,HIGH
SVM: alexa_sage,factsnet,MIXED,HIGH
SVM: alexa_sage,faithfreedomcoalition,MIXED,HIGH
SVM: alexa_sage,fargostandard,MIXED,HIGH
SVM: alexa_sage,farsnewsagency,MIXED,HIGH
SVM: alexa_sage,fdesouche,MIXED,HIGH
SVM: alexa_sage,financialtechtimes,HIGH,HIGH
SVM: alexa_sage,fivenation,LOW,HIGH
SVM: alexa_sage,focusonthefamily,LOW,MIXED
SVM: alexa_sage,fortsmithtimes,MIXED,HIGH
SVM: alexa_sage,fostersdailydemocrat,HIGH,LOW
SVM: alexa_sage,frankspeech,LOW,HIGH
SVM: alexa_sage,freedomfromreligionfoundation,MIXED,LOW
SVM: alexa_sage,fremontnewsmessenger,HIGH,HIGH
SVM: alexa_sage,freshoffthepress,MIXED,HIGH
SVM: alexa_sage,friatiderfreetimes,LOW,HIGH
SVM: alexa_sage,frontpagemagazine,LOW,MIXED
SVM: alexa_sage,frontpagenewspaper,MIXED,HIGH
SVM: alexa_sage,gaysagainstgroomers,LOW,HIGH
SVM: alexa_sage,gbnewsuk,MIXED,HIGH
SVM: alexa_sage,gellerreport,LOW,MIXED
SVM: alexa_sage,geopoliticalintelligenceservices,HIGH,MIXED
SVM: alexa_sage,georgiamountainnews,MIXED,HIGH
SVM: alexa_sage,georgiarecord,LOW,HIGH
SVM: alexa_sage,ghost,MIXED,LOW
SVM: alexa_sage,glasgowtimes,HIGH,MIXED
SVM: alexa_sage,goderichsignalstar,HIGH,HIGH
SVM: alexa_sage,gooddaybrownsville,MIXED,HIGH
SVM: alexa_sage,gooddayportangeles,MIXED,HIGH
SVM: alexa_sage,gooddayvancouver,MIXED,HIGH
SVM: alexa_sage,gopusa,MIXED,LOW
SVM: alexa_sage,grandjunctiontimes,MIXED,HIGH
SVM: alexa_sage,granitegrok,LOW,HIGH
SVM: alexa_sage,greenevillesun,HIGH,HIGH
SVM: alexa_sage,greenlininginstitute,HIGH,HIGH
SVM: alexa_sage,grundyreporter,MIXED,HIGH
SVM: alexa_sage,gzeromedia,HIGH,MIXED
SVM: alexa_sage,happyvalleytimes,MIXED,HIGH
SVM: alexa_sage,headlineusa,MIXED,HIGH
SVM: alexa_sage,heartlandinstitute,LOW,MIXED
SVM: alexa_sage,helensburghadvertiser,HIGH,HIGH
SVM: alexa_sage,herbsnews,LOW,HIGH
SVM: alexa_sage,heritagefoundation,MIXED,HIGH
SVM: alexa_sage,hongkongfreepress,HIGH,MIXED
SVM: alexa_sage,hopekinsvilletimes,MIXED,HIGH
SVM: alexa_sage,hopkinsvilletimes,MIXED,HIGH
SVM: alexa_sage,hrdive,HIGH,HIGH
SVM: alexa_sage,hudsontoday,MIXED,HIGH
SVM: alexa_sage,huntsvilleleader,MIXED,HIGH
SVM: alexa_sage,illegalaliencrimereport,MIXED,LOW
SVM: alexa_sage,imperialcanews,MIXED,HIGH
SVM: alexa_sage,indexmundi,HIGH,MIXED
SVM: alexa_sage,infoplease,HIGH,MIXED
SVM: alexa_sage,informationliberation,LOW,MIXED
SVM: alexa_sage,ingushetiyanews,LOW,HIGH
SVM: alexa_sage,instituteforthestudyofglobalizationandcovertpolitics,LOW,HIGH
SVM: alexa_sage,intellectualtakeout,MIXED,MIXED
SVM: alexa_sage,intelli,MIXED,LOW
SVM: alexa_sage,investigatewest,HIGH,HIGH
SVM: alexa_sage,iowacitytoday,MIXED,HIGH
SVM: alexa_sage,ipmnewsroom,HIGH,HIGH
SVM: alexa_sage,irkutsknews,LOW,HIGH
SVM: alexa_sage,ivermectinforcovid19,MIXED,HIGH
SVM: alexa_sage,jeffersoncitynews,MIXED,HIGH
SVM: alexa_sage,joehoft,LOW,HIGH
SVM: alexa_sage,kait8tv,HIGH,HIGH
SVM: alexa_sage,kankakeetimes,MIXED,HIGH
SVM: alexa_sage,kauaisun,MIXED,HIGH
SVM: alexa_sage,kbutnprcrestedbutte,HIGH,HIGH
SVM: alexa_sage,kcfcnprboulder,HIGH,HIGH
SVM: alexa_sage,keighleynews,HIGH,HIGH
SVM: alexa_sage,kentcountytimes,MIXED,HIGH
SVM: alexa_sage,kerncountrytimes,MIXED,HIGH
SVM: alexa_sage,kerncountytimes,MIXED,HIGH
SVM: alexa_sage,kirklandlakenorthernnews,HIGH,HIGH
SVM: alexa_sage,kirovnews,LOW,HIGH
SVM: alexa_sage,kkat860amsaltlakecity,MIXED,HIGH
SVM: alexa_sage,kkoh780amreno,MIXED,HIGH
SVM: alexa_sage,krccnprcoloradosprings,HIGH,HIGH
SVM: alexa_sage,kremlin,MIXED,HIGH
SVM: alexa_sage,kvaleugenenews,HIGH,HIGH
SVM: alexa_sage,laborpains,MIXED,HIGH
SVM: alexa_sage,lagrangedailynews,HIGH,HIGH
SVM: alexa_sage,laphamsquarterly,HIGH,HIGH
SVM: alexa_sage,laredotoday,MIXED,HIGH
SVM: alexa_sage,lawrencereporter,MIXED,HIGH
SVM: alexa_sage,lebanonpanews,MIXED,HIGH
SVM: alexa_sage,leftaction,LOW,HIGH
SVM: alexa_sage,leighjournal,HIGH,HIGH
SVM: alexa_sage,libsoftiktok,LOW,HIGH
SVM: alexa_sage,lifenews,LOW,HIGH
SVM: alexa_sage,lifewire,HIGH,MIXED
SVM: alexa_sage,limareporter,MIXED,HIGH
SVM: alexa_sage,livingstontoday,MIXED,HIGH
SVM: alexa_sage,lnrnews,LOW,HIGH
SVM: alexa_sage,logically,HIGH,HIGH
SVM: alexa_sage,louisvillecitywire,MIXED,HIGH
SVM: alexa_sage,ludlowadvertiser,HIGH,HIGH
SVM: alexa_sage,lugansknews,LOW,HIGH
SVM: alexa_sage,magadannews,LOW,HIGH
SVM: alexa_sage,magicvalleytimes,MIXED,HIGH
SVM: alexa_sage,magnoliastatenews,MIXED,HIGH
SVM: alexa_sage,manilabusinessdaily,MIXED,HIGH
SVM: alexa_sage,marylandbusinessdaily,MIXED,HIGH
SVM: alexa_sage,mauireporter,MIXED,HIGH
SVM: alexa_sage,mazatlanpost,MIXED,HIGH
SVM: alexa_sage,mediamatters,HIGH,HIGH
SVM: alexa_sage,merrimackvalleynews,MIXED,HIGH
SVM: alexa_sage,metricmedia,MIXED,HIGH
SVM: alexa_sage,metroweekly,HIGH,HIGH
SVM: alexa_sage,miamistandard,MIXED,HIGH
SVM: alexa_sage,midcoasttoday,MIXED,HIGH
SVM: alexa_sage,middleeastinstitute,HIGH,MIXED
SVM: alexa_sage,middleeastmediaresearchinstitutememri,MIXED,MIXED
SVM: alexa_sage,middleeastnewsagency,MIXED,HIGH
SVM: alexa_sage,midnorthmonitor,HIGH,HIGH
SVM: alexa_sage,minnesotabusinessdaily,MIXED,HIGH
SVM: alexa_sage,minnesotasun,MIXED,HIGH
SVM: alexa_sage,misionverdad,MIXED,HIGH
SVM: alexa_sage,mitchelladvocate,HIGH,HIGH
SVM: alexa_sage,mohawkvalleytimes,MIXED,HIGH
SVM: alexa_sage,moldovanews,LOW,HIGH
SVM: alexa_sage,monmouthtimes,MIXED,HIGH
SVM: alexa_sage,monroecountynews,MIXED,HIGH
SVM: alexa_sage,monterreydailypost,MIXED,HIGH
SVM: alexa_sage,morningmurfreesboro,MIXED,HIGH
SVM: alexa_sage,morrisleader,MIXED,HIGH
SVM: alexa_sage,moskvanews,LOW,HIGH
SVM: alexa_sage,moveon,MIXED,MIXED
SVM: alexa_sage,muslimskeptic,LOW,HIGH
SVM: alexa_sage,myrtlebeachleader,MIXED,HIGH
SVM: alexa_sage,nashvillestandard,MIXED,HIGH
SVM: alexa_sage,nationalassociationofscholars,MIXED,LOW
SVM: alexa_sage,nationalcenterforpublicpolicyresearch,MIXED,LOW
SVM: alexa_sage,naturalresourcegovernanceinstitute,HIGH,HIGH
SVM: alexa_sage,ncbusinessdaily,MIXED,HIGH
SVM: alexa_sage,ncmississippinews,MIXED,HIGH
SVM: alexa_sage,nealabamanews,MIXED,HIGH
SVM: alexa_sage,neatlantanews,MIXED,HIGH
SVM: alexa_sage,necalinews,MIXED,HIGH
SVM: alexa_sage,nelouisiananews,MIXED,HIGH
SVM: alexa_sage,nepiedmontnews,MIXED,HIGH
SVM: alexa_sage,nikopolnews,LOW,HIGH
SVM: alexa_sage,ninefornews,LOW,HIGH
SVM: alexa_sage,northbirminghamtimes,MIXED,HIGH
SVM: alexa_sage,northcolumbusnews,MIXED,HIGH
SVM: alexa_sage,northcooknews,MIXED,HIGH
SVM: alexa_sage,northdakotabusinessdaily,MIXED,HIGH
SVM: alexa_sage,northessexnews,MIXED,HIGH
SVM: alexa_sage,northindynews,MIXED,HIGH
SVM: alexa_sage,northkentuckynews,MIXED,HIGH
SVM: alexa_sage,northoctimes,MIXED,HIGH
SVM: alexa_sage,northpalmbeachtoday,MIXED,HIGH
SVM: alexa_sage,novosibirsknews,LOW,HIGH
SVM: alexa_sage,nunavutnews,HIGH,HIGH
SVM: alexa_sage,nwillinoisnews,MIXED,HIGH
SVM: alexa_sage,nwkentuckynews,MIXED,HIGH
SVM: alexa_sage,nwlatimes,MIXED,HIGH
SVM: alexa_sage,nwminnesotanews,MIXED,HIGH
SVM: alexa_sage,nwvalleytimes,MIXED,HIGH
SVM: alexa_sage,oceancountyleader,MIXED,HIGH
SVM: alexa_sage,odessanews,LOW,HIGH
SVM: alexa_sage,offthegridnews,MIXED,HIGH
SVM: alexa_sage,offthepress,MIXED,HIGH
SVM: alexa_sage,ohmymag,MIXED,HIGH
SVM: alexa_sage,origo,MIXED,HIGH
SVM: alexa_sage,orinocotribune,LOW,LOW
SVM: alexa_sage,outerbankstimes,MIXED,HIGH
SVM: alexa_sage,pacificpundit,LOW,MIXED
SVM: alexa_sage,palmettostatenews,MIXED,HIGH
SVM: alexa_sage,pamedia,HIGH,HIGH
SVM: alexa_sage,panamacityreporter,MIXED,HIGH
SVM: alexa_sage,parentsdefendingeducation,MIXED,HIGH
SVM: alexa_sage,pascoreporter,MIXED,HIGH
SVM: alexa_sage,passaictoday,MIXED,HIGH
SVM: alexa_sage,patriotfetch,LOW,HIGH
SVM: alexa_sage,peacegardennews,MIXED,HIGH
SVM: alexa_sage,peoriajournalstar,HIGH,HIGH
SVM: alexa_sage,pharmavoice,HIGH,HIGH
SVM: alexa_sage,pinehursttoday,MIXED,HIGH
SVM: alexa_sage,pioneervalleyadvocate,HIGH,HIGH
SVM: alexa_sage,politicalanimalnews,MIXED,HIGH
SVM: alexa_sage,portagetimes,MIXED,HIGH
SVM: alexa_sage,portlandcourant,MIXED,HIGH
SVM: alexa_sage,prairiestatewire,MIXED,HIGH
SVM: alexa_sage,pravdacanada,LOW,HIGH
SVM: alexa_sage,pravdaitalia,LOW,HIGH
SVM: alexa_sage,pravdanato,LOW,HIGH
SVM: alexa_sage,presidentialhill,LOW,HIGH
SVM: alexa_sage,projectveritas,MIXED,MIXED
SVM: alexa_sage,providencereporter,MIXED,HIGH
SVM: alexa_sage,pueblapost,MIXED,HIGH
SVM: alexa_sage,punchingbagpost,MIXED,HIGH
SVM: alexa_sage,rabbleca,HIGH,LOW
SVM: alexa_sage,radar,LOW,MIXED
SVM: alexa_sage,randcorporation,HIGH,MIXED
SVM: alexa_sage,rapidcityjournal,HIGH,HIGH
SVM: alexa_sage,rationalground,MIXED,HIGH
SVM: alexa_sage,rationalwiki,HIGH,HIGH
SVM: alexa_sage,rawstory,HIGH,HIGH
SVM: alexa_sage,readingchronicle,HIGH,HIGH
SVM: alexa_sage,realnewsnetwork,HIGH,MIXED
SVM: alexa_sage,realnewsnow,LOW,HIGH
SVM: alexa_sage,reclaimthenet,MIXED,HIGH
SVM: alexa_sage,redicetv,LOW,MIXED
SVM: alexa_sage,redorbit,MIXED,HIGH
SVM: alexa_sage,redoubtnews,MIXED,MIXED
SVM: alexa_sage,redwoodempirenews,MIXED,HIGH
SVM: alexa_sage,remingtonresearchgroup,HIGH,HIGH
SVM: alexa_sage,renogazettejournal,HIGH,MIXED
SVM: alexa_sage,renoreporter,MIXED,HIGH
SVM: alexa_sage,republicandaily,MIXED,HIGH
SVM: alexa_sage,restaurantdive,HIGH,HIGH
SVM: alexa_sage,restoreamericanglory,MIXED,LOW
SVM: alexa_sage,revcomus,MIXED,HIGH
SVM: alexa_sage,revolver,MIXED,HIGH
SVM: alexa_sage,rianovosti,LOW,MIXED
SVM: alexa_sage,richmondside,HIGH,HIGH
SVM: alexa_sage,ricochet,MIXED,HIGH
SVM: alexa_sage,rightnewswire,MIXED,HIGH
SVM: alexa_sage,riverdalepress,HIGH,HIGH
SVM: alexa_sage,rivervalleytoday,MIXED,HIGH
SVM: alexa_sage,rockymounttelegram,HIGH,HIGH
SVM: alexa_sage,russiainsider,LOW,LOW
SVM: alexa_sage,salemradionetworknews,HIGH,HIGH
SVM: alexa_sage,sandhillstoday,MIXED,HIGH
SVM: alexa_sage,saultthisweek,HIGH,HIGH
SVM: alexa_sage,savannahmorningnews,HIGH,HIGH
SVM: alexa_sage,savejersey,HIGH,LOW
SVM: alexa_sage,scalaskanews,MIXED,HIGH
SVM: alexa_sage,scmidlandnews,MIXED,HIGH
SVM: alexa_sage,scotusblog,HIGH,MIXED
SVM: alexa_sage,sealaskanews,MIXED,HIGH
SVM: alexa_sage,seatlantanews,MIXED,HIGH
SVM: alexa_sage,sebluegrassnews,MIXED,HIGH
SVM: alexa_sage,seconnecticutnews,MIXED,HIGH
SVM: alexa_sage,segrandrapidsnews,MIXED,HIGH
SVM: alexa_sage,sekansascitynews,MIXED,HIGH
SVM: alexa_sage,sekansasnews,MIXED,HIGH
SVM: alexa_sage,sekentuckynews,MIXED,HIGH
SVM: alexa_sage,senorthcarolinanews,MIXED,HIGH
SVM: alexa_sage,sevegasnews,MIXED,HIGH
SVM: alexa_sage,showmestatetimes,MIXED,HIGH
SVM: alexa_sage,shreveportreporter,MIXED,HIGH
SVM: alexa_sage,shtfplancom,LOW,LOW
SVM: alexa_sage,silverstatetimes,MIXED,HIGH
SVM: alexa_sage,skepticink,MIXED,HIGH
SVM: alexa_sage,sludge,HIGH,HIGH
SVM: alexa_sage,smokymountaintoday,MIXED,HIGH
SVM: alexa_sage,somersettimes,MIXED,HIGH
SVM: alexa_sage,sonsof1776,MIXED,HIGH
SVM: alexa_sage,southafricatoday,MIXED,MIXED
SVM: alexa_sage,southcentralpanews,MIXED,HIGH
SVM: alexa_sage,southcharlottetoday,MIXED,HIGH
SVM: alexa_sage,southcolumbusnews,MIXED,HIGH
SVM: alexa_sage,southcooknews,MIXED,HIGH
SVM: alexa_sage,southernillinoisnews,MIXED,HIGH
SVM: alexa_sage,southernindianatoday,MIXED,HIGH
SVM: alexa_sage,southfranklinnews,MIXED,HIGH
SVM: alexa_sage,southfultontoday,MIXED,HIGH
SVM: alexa_sage,southiowanews,MIXED,HIGH
SVM: alexa_sage,southkentnews,MIXED,HIGH
SVM: alexa_sage,southknoxvillenews,MIXED,HIGH
SVM: alexa_sage,southlouisiananews,MIXED,HIGH
SVM: alexa_sage,southsummitnews,MIXED,HIGH
SVM: alexa_sage,southtulsatoday,MIXED,HIGH
SVM: alexa_sage,southwestmontananews,MIXED,HIGH
SVM: alexa_sage,southwestorangeobserver,HIGH,HIGH
SVM: alexa_sage,southwestpanews,MIXED,HIGH
SVM: alexa_sage,southwichitanews,MIXED,HIGH
SVM: alexa_sage,springtimes,MIXED,HIGH
SVM: alexa_sage,stanislausnews,MIXED,HIGH
SVM: alexa_sage,staresattheworld,LOW,HIGH
SVM: alexa_sage,stateline,HIGH,HIGH
SVM: alexa_sage,steadfastandloyal,MIXED,LOW
SVM: alexa_sage,stjoebentonharbornews,MIXED,HIGH
SVM: alexa_sage,stjohnstelegram,HIGH,HIGH
SVM: alexa_sage,stopthesethings,LOW,HIGH
SVM: alexa_sage,sturgiscoldwaternews,MIXED,HIGH
SVM: alexa_sage,supplychaindive,HIGH,HIGH
SVM: alexa_sage,surgutnews,LOW,HIGH
SVM: alexa_sage,survivalnews1,LOW,HIGH
SVM: alexa_sage,swalaskanews,MIXED,HIGH
SVM: alexa_sage,swcoloradonews,MIXED,HIGH
SVM: alexa_sage,swmissourinews,MIXED,HIGH
SVM: alexa_sage,swoklahomanews,MIXED,HIGH
SVM: alexa_sage,swriversidenews,MIXED,HIGH
SVM: alexa_sage,techstartups,MIXED,HIGH
SVM: alexa_sage,tenthamendmentcenter,MIXED,MIXED
SVM: alexa_sage,tfppwire,MIXED,HIGH
SVM: alexa_sage,tharawatmagazine,HIGH,HIGH
SVM: alexa_sage,theblacksphere,MIXED,MIXED
SVM: alexa_sage,theconservativebrief,MIXED,HIGH
SVM: alexa_sage,thedailyadda,MIXED,HIGH
SVM: alexa_sage,thedispatch,HIGH,MIXED
SVM: alexa_sage,thefreedomtimes,LOW,HIGH
SVM: alexa_sage,thefreepress,MIXED,HIGH
SVM: alexa_sage,thegoldwater,LOW,LOW
SVM: alexa_sage,thejoeroganexperience,MIXED,LOW
SVM: alexa_sage,thelaughclub,LOW,HIGH
SVM: alexa_sage,theliberalireland,LOW,HIGH
SVM: alexa_sage,thelibertydaily,MIXED,LOW
SVM: alexa_sage,thenationaluae,MIXED,HIGH
SVM: alexa_sage,thenevadan,MIXED,HIGH
SVM: alexa_sage,thepalestinechronicle,HIGH,MIXED
SVM: alexa_sage,thepatriotnurse,MIXED,HIGH
SVM: alexa_sage,thequartering,LOW,HIGH
SVM: alexa_sage,therightscoop,MIXED,LOW
SVM: alexa_sage,thesarkariform,MIXED,HIGH
SVM: alexa_sage,thescoop,MIXED,LOW
SVM: alexa_sage,thesolutionsproject,HIGH,HIGH
SVM: alexa_sage,thesouthafrican,HIGH,LOW
SVM: alexa_sage,thespinoff,HIGH,MIXED
SVM: alexa_sage,theunionjournal,LOW,HIGH
SVM: alexa_sage,thewisconsinindependent,MIXED,HIGH
SVM: alexa_sage,thisdaylive,HIGH,MIXED
SVM: alexa_sage,tmz,MIXED,HIGH
SVM: alexa_sage,tobacconewswire,MIXED,HIGH
SVM: alexa_sage,toofab,MIXED,HIGH
SVM: alexa_sage,torreonpost,MIXED,HIGH
SVM: alexa_sage,towncountrymagazine,HIGH,HIGH
SVM: alexa_sage,tradingeconomics,HIGH,HIGH
SVM: alexa_sage,transgendertrend,LOW,LOW
SVM: alexa_sage,trendingpolitics,LOW,LOW
SVM: alexa_sage,trumptrainnews,MIXED,MIXED
SVM: alexa_sage,truthforhealthfoundation,LOW,HIGH
SVM: alexa_sage,tulsastandard,MIXED,HIGH
SVM: alexa_sage,turningpointusafaith,LOW,HIGH
SVM: alexa_sage,tuscaloosaleader,MIXED,HIGH
SVM: alexa_sage,usatoday,HIGH,MIXED
SVM: alexa_sage,vaccineimpact,LOW,LOW
SVM: alexa_sage,vaccineinjurynews,LOW,HIGH
SVM: alexa_sage,valeursactuelles,MIXED,HIGH
SVM: alexa_sage,vanityfair,HIGH,HIGH
SVM: alexa_sage,vintoncountycourier,HIGH,HIGH
SVM: alexa_sage,voiceofamerica,HIGH,MIXED
SVM: alexa_sage,waltonfamilyfoundation,HIGH,HIGH
SVM: alexa_sage,warnerrobinstoday,MIXED,HIGH
SVM: alexa_sage,washingtonmonthly,HIGH,HIGH
SVM: alexa_sage,wataugademocrat,HIGH,HIGH
SVM: alexa_sage,wcminnesotanews,MIXED,HIGH
SVM: alexa_sage,weatherforddemocrat,HIGH,HIGH
SVM: alexa_sage,webertimes,MIXED,HIGH
SVM: alexa_sage,westatlantanews,MIXED,HIGH
SVM: alexa_sage,westcentralpanews,MIXED,HIGH
SVM: alexa_sage,westcentralreporter,MIXED,HIGH
SVM: alexa_sage,westchesterreporter,MIXED,HIGH
SVM: alexa_sage,westernmassnews,HIGH,HIGH
SVM: alexa_sage,westernndnews,MIXED,HIGH
SVM: alexa_sage,westlatimes,MIXED,HIGH
SVM: alexa_sage,westnynews,MIXED,HIGH
SVM: alexa_sage,westoctimes,MIXED,HIGH
SVM: alexa_sage,westpdxtoday,MIXED,HIGH
SVM: alexa_sage,westslcnews,MIXED,HIGH
SVM: alexa_sage,westwakenews,MIXED,HIGH
SVM: alexa_sage,wiartonecho,HIGH,HIGH
SVM: alexa_sage,williamsonnews,MIXED,HIGH
SVM: alexa_sage,wiregrasstimes,MIXED,HIGH
SVM: alexa_sage,witherspooninstitute,LOW,MIXED
SVM: alexa_sage,wltreport,LOW,HIGH
SVM: alexa_sage,woflfox35orlando,HIGH,MIXED
SVM: alexa_sage,woodstocksentinelreview,HIGH,HIGH
SVM: alexa_sage,worldnetdaily,LOW,LOW
SVM: alexa_sage,wpnmleipsicnews,HIGH,HIGH
SVM: alexa_sage,wwtn997fmnashville,MIXED,HIGH
SVM: alexa_sage,xinhuaenglish,MIXED,LOW
SVM: alexa_sage,yadkinripple,HIGH,HIGH
SVM: alexa_sage,yankeeinstituteforpublicpolicy,HIGH,HIGH
SVM: alexa_sage,yukonnews,HIGH,HIGH
SVM: alexa_sage,z3news,LOW,HIGH
SVM: alexa_resgated,100fedup,LOW,LOW
SVM: alexa_resgated,404media,HIGH,MIXED
SVM: alexa_resgated,7news,MIXED,LOW
SVM: alexa_resgated,972magazine,HIGH,MIXED
SVM: alexa_resgated,abakannews,LOW,MIXED
SVM: alexa_resgated,abc11eyewitnessnews,HIGH,MIXED
SVM: alexa_resgated,actforamerica,LOW,MIXED
SVM: alexa_resgated,adamsnews,LOW,MIXED
SVM: alexa_resgated,adareporter,MIXED,MIXED
SVM: alexa_resgated,adfontesmedia,HIGH,MIXED
SVM: alexa_resgated,airdriecityview,HIGH,MIXED
SVM: alexa_resgated,akronreporter,MIXED,MIXED
SVM: alexa_resgated,albuquerquejournal,HIGH,MIXED
SVM: alexa_resgated,alohastatenews,MIXED,MIXED
SVM: alexa_resgated,amandla,HIGH,MIXED
SVM: alexa_resgated,americanaffairsjournal,HIGH,MIXED
SVM: alexa_resgated,americancenterforlawjustice,MIXED,MIXED
SVM: alexa_resgated,americangulag,LOW,MIXED
SVM: alexa_resgated,americanpatriotdaily,LOW,MIXED
SVM: alexa_resgated,americansunitedforseparationofchurchandstate,HIGH,MIXED
SVM: alexa_resgated,amnestyinternational,HIGH,MIXED
SVM: alexa_resgated,analyticsindiamagazine,HIGH,MIXED
SVM: alexa_resgated,annarbortimes,MIXED,MIXED
SVM: alexa_resgated,anokatimes,MIXED,MIXED
SVM: alexa_resgated,aptnnationalnews,HIGH,MIXED
SVM: alexa_resgated,arizonacapitoltimes,HIGH,MIXED
SVM: alexa_resgated,arizonarepublic,HIGH,MIXED
SVM: alexa_resgated,arlingtonheightsdailyherald,HIGH,MIXED
SVM: alexa_resgated,armedforcespress,LOW,MIXED
SVM: alexa_resgated,armstrongeconomics,MIXED,MIXED
SVM: alexa_resgated,armytimes,HIGH,MIXED
SVM: alexa_resgated,ashevillereporter,MIXED,MIXED
SVM: alexa_resgated,asiatimes,HIGH,MIXED
SVM: alexa_resgated,atlantablackstar,HIGH,LOW
SVM: alexa_resgated,atlantic,HIGH,MIXED
SVM: alexa_resgated,atlasintel,HIGH,MIXED
SVM: alexa_resgated,automotivedive,HIGH,MIXED
SVM: alexa_resgated,autulu,LOW,MIXED
SVM: alexa_resgated,bajacaliforniapost,MIXED,MIXED
SVM: alexa_resgated,baldwintimes,MIXED,MIXED
SVM: alexa_resgated,banburyguardian,HIGH,MIXED
SVM: alexa_resgated,bartlesvilleexaminerenterprise,HIGH,MIXED
SVM: alexa_resgated,bdnews24,MIXED,MIXED
SVM: alexa_resgated,beehivestatenews,MIXED,MIXED
SVM: alexa_resgated,belfercenterforscienceandinternationalaffairs,HIGH,MIXED
SVM: alexa_resgated,berdyansknews,LOW,MIXED
SVM: alexa_resgated,berkscountynews,MIXED,MIXED
SVM: alexa_resgated,biasednews,LOW,MIXED
SVM: alexa_resgated,bignewsnetwork,HIGH,MIXED
SVM: alexa_resgated,billmoyerscom,HIGH,MIXED
SVM: alexa_resgated,billtrack50,HIGH,MIXED
SVM: alexa_resgated,bipartisanpolicycenter,HIGH,MIXED
SVM: alexa_resgated,birminghamworld,HIGH,MIXED
SVM: alexa_resgated,blacknews,MIXED,MIXED
SVM: alexa_resgated,bloomingtonheraldtimes,HIGH,MIXED
SVM: alexa_resgated,bloomingtonleader,MIXED,MIXED
SVM: alexa_resgated,boisecitywire,MIXED,MIXED
SVM: alexa_resgated,bongino,MIXED,MIXED
SVM: alexa_resgated,borgenmagazine,HIGH,MIXED
SVM: alexa_resgated,borgenproject,HIGH,MIXED
SVM: alexa_resgated,bostonglobe,HIGH,MIXED
SVM: alexa_resgated,bothellreporter,HIGH,MIXED
SVM: alexa_resgated,brevardsun,MIXED,MIXED
SVM: alexa_resgated,buckeyereporter,MIXED,MIXED
SVM: alexa_resgated,buckscountycouriertimes,HIGH,MIXED
SVM: alexa_resgated,bucyrustelegraphforum,HIGH,MIXED
SVM: alexa_resgated,burlingtonreporter,MIXED,MIXED
SVM: alexa_resgated,c19ivermectin,MIXED,MIXED
SVM: alexa_resgated,cabarrustoday,MIXED,MIXED
SVM: alexa_resgated,calgarysun,HIGH,MIXED
SVM: alexa_resgated,californiacollapsenews,LOW,MIXED
SVM: alexa_resgated,californiapoliticalreview,HIGH,MIXED
SVM: alexa_resgated,cambriatimes,MIXED,MIXED
SVM: alexa_resgated,campechepost,MIXED,MIXED
SVM: alexa_resgated,cantonrepository,HIGH,MIXED
SVM: alexa_resgated,castoradvance,HIGH,MIXED
SVM: alexa_resgated,catholictribunemichigan,MIXED,MIXED
SVM: alexa_resgated,catholictribuneminnesota,MIXED,MIXED
SVM: alexa_resgated,cctvinternational,MIXED,MIXED
SVM: alexa_resgated,censortrack,MIXED,MIXED
SVM: alexa_resgated,centerforamericanprogress,MIXED,MIXED
SVM: alexa_resgated,centerforsecuritypolicy,MIXED,MIXED
SVM: alexa_resgated,centralchestertoday,MIXED,MIXED
SVM: alexa_resgated,centralidahotimes,MIXED,MIXED
SVM: alexa_resgated,chambanasun,MIXED,MIXED
SVM: alexa_resgated,changeresearch,HIGH,MIXED
SVM: alexa_resgated,checkyourfact,HIGH,MIXED
SVM: alexa_resgated,cheddar,HIGH,MIXED
SVM: alexa_resgated,chinadaily,MIXED,LOW
SVM: alexa_resgated,ciodive,HIGH,MIXED
SVM: alexa_resgated,citizentruth,HIGH,MIXED
SVM: alexa_resgated,citynewstoronto,HIGH,MIXED
SVM: alexa_resgated,clarionledger,HIGH,MIXED
SVM: alexa_resgated,clarkforkvalleypress,HIGH,MIXED
SVM: alexa_resgated,clayreporter,MIXED,MIXED
SVM: alexa_resgated,cleantechnica,HIGH,MIXED
SVM: alexa_resgated,climaterealism,LOW,MIXED
SVM: alexa_resgated,climatesciencepolicywatch,HIGH,MIXED
SVM: alexa_resgated,co2coalition,LOW,MIXED
SVM: alexa_resgated,coalregionnews,MIXED,MIXED
SVM: alexa_resgated,coconinonews,MIXED,MIXED
SVM: alexa_resgated,codastory,HIGH,MIXED
SVM: alexa_resgated,collintimes,MIXED,MIXED
SVM: alexa_resgated,coloradofreepress,LOW,MIXED
SVM: alexa_resgated,columbiajournalismreview,HIGH,MIXED
SVM: alexa_resgated,comicsands,MIXED,MIXED
SVM: alexa_resgated,commentarymagazine,HIGH,MIXED
SVM: alexa_resgated,concernedwomenforamerica,LOW,MIXED
SVM: alexa_resgated,conchovalleynews,MIXED,MIXED
SVM: alexa_resgated,concordledger,MIXED,MIXED
SVM: alexa_resgated,conservativefiringline,LOW,MIXED
SVM: alexa_resgated,conservativeopinion,MIXED,MIXED
SVM: alexa_resgated,conservativeplaylist,LOW,MIXED
SVM: alexa_resgated,conservativeundergroundnews,MIXED,MIXED
SVM: alexa_resgated,constructiondive,HIGH,MIXED
SVM: alexa_resgated,countercurrentsorg,HIGH,LOW
SVM: alexa_resgated,crawfordtimes,MIXED,MIXED
SVM: alexa_resgated,creationevolutionheadlines,LOW,MIXED
SVM: alexa_resgated,creationministriesinternational,LOW,MIXED
SVM: alexa_resgated,crossexaminedorg,LOW,MIXED
SVM: alexa_resgated,cstoredive,HIGH,MIXED
SVM: alexa_resgated,cursor,MIXED,MIXED
SVM: alexa_resgated,cygnalpolling,HIGH,MIXED
SVM: alexa_resgated,dagestannews,LOW,MIXED
SVM: alexa_resgated,dailyburlington,MIXED,MIXED
SVM: alexa_resgated,dailydot,HIGH,MIXED
SVM: alexa_resgated,dailyflowermound,MIXED,MIXED
SVM: alexa_resgated,dailyjanesville,MIXED,MIXED
SVM: alexa_resgated,dailykos,MIXED,LOW
SVM: alexa_resgated,dailymcallen,MIXED,MIXED
SVM: alexa_resgated,dailynewbraunfels,MIXED,MIXED
SVM: alexa_resgated,dailyo,MIXED,MIXED
SVM: alexa_resgated,dailypress,HIGH,MIXED
SVM: alexa_resgated,dailyroundrock,MIXED,MIXED
SVM: alexa_resgated,dailyspokanevalley,MIXED,MIXED
SVM: alexa_resgated,dailytacoma,MIXED,MIXED
SVM: alexa_resgated,dailytorch,HIGH,MIXED
SVM: alexa_resgated,dailyveracity,LOW,MIXED
SVM: alexa_resgated,dartmouthtimes,MIXED,MIXED
SVM: alexa_resgated,dauphinnews,MIXED,MIXED
SVM: alexa_resgated,daventryexpress,HIGH,MIXED
SVM: alexa_resgated,davistimes,MIXED,MIXED
SVM: alexa_resgated,defector,HIGH,MIXED
SVM: alexa_resgated,defenddemocracypress,MIXED,MIXED
SVM: alexa_resgated,defenseworldnet,HIGH,MIXED
SVM: alexa_resgated,dekalbdailychronicle,HIGH,MIXED
SVM: alexa_resgated,delawareonlinethenewsjournal,HIGH,MIXED
SVM: alexa_resgated,democracyfundvoice,HIGH,MIXED
SVM: alexa_resgated,democratandchronicle,HIGH,LOW
SVM: alexa_resgated,demstate,LOW,MIXED
SVM: alexa_resgated,derstatus,LOW,MIXED
SVM: alexa_resgated,desantisdaily,MIXED,MIXED
SVM: alexa_resgated,deseretnews,HIGH,MIXED
SVM: alexa_resgated,desmoinessun,MIXED,MIXED
SVM: alexa_resgated,digg,HIGH,MIXED
SVM: alexa_resgated,digitimesasia,HIGH,MIXED
SVM: alexa_resgated,discoveryinstitute,LOW,MIXED
SVM: alexa_resgated,dissentmagazine,HIGH,LOW
SVM: alexa_resgated,doctorswithoutborders,HIGH,MIXED
SVM: alexa_resgated,donbasscenter,LOW,MIXED
SVM: alexa_resgated,download,LOW,MIXED
SVM: alexa_resgated,downsizingthefederalgovernment,HIGH,MIXED
SVM: alexa_resgated,druthers,LOW,MIXED
SVM: alexa_resgated,dubuquetimes,MIXED,MIXED
SVM: alexa_resgated,duluthnewstribune,HIGH,MIXED
SVM: alexa_resgated,dzen,MIXED,MIXED
SVM: alexa_resgated,earthorg,HIGH,MIXED
SVM: alexa_resgated,eastcentralreporter,MIXED,MIXED
SVM: alexa_resgated,eastlondonandwestessexguardian,HIGH,MIXED
SVM: alexa_resgated,eastpanhandlenews,MIXED,MIXED
SVM: alexa_resgated,eastsandiegonews,MIXED,MIXED
SVM: alexa_resgated,eastwaketimes,MIXED,MIXED
SVM: alexa_resgated,ecmississippinews,MIXED,MIXED
SVM: alexa_resgated,ecoklahomanews,MIXED,MIXED
SVM: alexa_resgated,ecowatch,HIGH,MIXED
SVM: alexa_resgated,educationdailywire,MIXED,MIXED
SVM: alexa_resgated,egyptianstreets,MIXED,MIXED
SVM: alexa_resgated,electronicintifada,HIGH,MIXED
SVM: alexa_resgated,elkodailyfreepress,HIGH,MIXED
SVM: alexa_resgated,ellwoodcityledger,HIGH,MIXED
SVM: alexa_resgated,emirates247,MIXED,MIXED
SVM: alexa_resgated,enchantmentstatenews,MIXED,MIXED
SVM: alexa_resgated,endthefed,LOW,MIXED
SVM: alexa_resgated,enews,HIGH,MIXED
SVM: alexa_resgated,entertainmentweekly,HIGH,MIXED
SVM: alexa_resgated,esquiremagazine,MIXED,MIXED
SVM: alexa_resgated,euvsdisinfo,HIGH,MIXED
SVM: alexa_resgated,eviemagazine,LOW,MIXED
SVM: alexa_resgated,facilitiesdive,HIGH,MIXED
SVM: alexa_resgated,factcheckni,HIGH,MIXED
SVM: alexa_resgated,factsnet,MIXED,MIXED
SVM: alexa_resgated,faithfreedomcoalition,MIXED,MIXED
SVM: alexa_resgated,fargostandard,MIXED,MIXED
SVM: alexa_resgated,farsnewsagency,MIXED,MIXED
SVM: alexa_resgated,fdesouche,MIXED,MIXED
SVM: alexa_resgated,financialtechtimes,HIGH,MIXED
SVM: alexa_resgated,fivenation,LOW,MIXED
SVM: alexa_resgated,focusonthefamily,LOW,MIXED
SVM: alexa_resgated,fortsmithtimes,MIXED,MIXED
SVM: alexa_resgated,fostersdailydemocrat,HIGH,MIXED
SVM: alexa_resgated,frankspeech,LOW,MIXED
SVM: alexa_resgated,freedomfromreligionfoundation,MIXED,MIXED
SVM: alexa_resgated,fremontnewsmessenger,HIGH,MIXED
SVM: alexa_resgated,freshoffthepress,MIXED,MIXED
SVM: alexa_resgated,friatiderfreetimes,LOW,MIXED
SVM: alexa_resgated,frontpagemagazine,LOW,MIXED
SVM: alexa_resgated,frontpagenewspaper,MIXED,MIXED
SVM: alexa_resgated,gaysagainstgroomers,LOW,MIXED
SVM: alexa_resgated,gbnewsuk,MIXED,MIXED
SVM: alexa_resgated,gellerreport,LOW,MIXED
SVM: alexa_resgated,geopoliticalintelligenceservices,HIGH,MIXED
SVM: alexa_resgated,georgiamountainnews,MIXED,MIXED
SVM: alexa_resgated,georgiarecord,LOW,MIXED
SVM: alexa_resgated,ghost,MIXED,MIXED
SVM: alexa_resgated,glasgowtimes,HIGH,MIXED
SVM: alexa_resgated,goderichsignalstar,HIGH,MIXED
SVM: alexa_resgated,gooddaybrownsville,MIXED,MIXED
SVM: alexa_resgated,gooddayportangeles,MIXED,MIXED
SVM: alexa_resgated,gooddayvancouver,MIXED,MIXED
SVM: alexa_resgated,gopusa,MIXED,MIXED
SVM: alexa_resgated,grandjunctiontimes,MIXED,MIXED
SVM: alexa_resgated,granitegrok,LOW,MIXED
SVM: alexa_resgated,greenevillesun,HIGH,MIXED
SVM: alexa_resgated,greenlininginstitute,HIGH,MIXED
SVM: alexa_resgated,grundyreporter,MIXED,MIXED
SVM: alexa_resgated,gzeromedia,HIGH,MIXED
SVM: alexa_resgated,happyvalleytimes,MIXED,MIXED
SVM: alexa_resgated,headlineusa,MIXED,MIXED
SVM: alexa_resgated,heartlandinstitute,LOW,MIXED
SVM: alexa_resgated,helensburghadvertiser,HIGH,MIXED
SVM: alexa_resgated,herbsnews,LOW,MIXED
SVM: alexa_resgated,heritagefoundation,MIXED,MIXED
SVM: alexa_resgated,hongkongfreepress,HIGH,MIXED
SVM: alexa_resgated,hopekinsvilletimes,MIXED,MIXED
SVM: alexa_resgated,hopkinsvilletimes,MIXED,MIXED
SVM: alexa_resgated,hrdive,HIGH,MIXED
SVM: alexa_resgated,hudsontoday,MIXED,MIXED
SVM: alexa_resgated,huntsvilleleader,MIXED,MIXED
SVM: alexa_resgated,illegalaliencrimereport,MIXED,MIXED
SVM: alexa_resgated,imperialcanews,MIXED,MIXED
SVM: alexa_resgated,indexmundi,HIGH,MIXED
SVM: alexa_resgated,infoplease,HIGH,MIXED
SVM: alexa_resgated,informationliberation,LOW,MIXED
SVM: alexa_resgated,ingushetiyanews,LOW,MIXED
SVM: alexa_resgated,instituteforthestudyofglobalizationandcovertpolitics,LOW,MIXED
SVM: alexa_resgated,intellectualtakeout,MIXED,MIXED
SVM: alexa_resgated,intelli,MIXED,MIXED
SVM: alexa_resgated,investigatewest,HIGH,MIXED
SVM: alexa_resgated,iowacitytoday,MIXED,MIXED
SVM: alexa_resgated,ipmnewsroom,HIGH,MIXED
SVM: alexa_resgated,irkutsknews,LOW,MIXED
SVM: alexa_resgated,ivermectinforcovid19,MIXED,MIXED
SVM: alexa_resgated,jeffersoncitynews,MIXED,MIXED
SVM: alexa_resgated,joehoft,LOW,MIXED
SVM: alexa_resgated,kait8tv,HIGH,MIXED
SVM: alexa_resgated,kankakeetimes,MIXED,MIXED
SVM: alexa_resgated,kauaisun,MIXED,MIXED
SVM: alexa_resgated,kbutnprcrestedbutte,HIGH,MIXED
SVM: alexa_resgated,kcfcnprboulder,HIGH,MIXED
SVM: alexa_resgated,keighleynews,HIGH,MIXED
SVM: alexa_resgated,kentcountytimes,MIXED,MIXED
SVM: alexa_resgated,kerncountrytimes,MIXED,MIXED
SVM: alexa_resgated,kerncountytimes,MIXED,MIXED
SVM: alexa_resgated,kirklandlakenorthernnews,HIGH,MIXED
SVM: alexa_resgated,kirovnews,LOW,MIXED
SVM: alexa_resgated,kkat860amsaltlakecity,MIXED,MIXED
SVM: alexa_resgated,kkoh780amreno,MIXED,MIXED
SVM: alexa_resgated,krccnprcoloradosprings,HIGH,MIXED
SVM: alexa_resgated,kremlin,MIXED,MIXED
SVM: alexa_resgated,kvaleugenenews,HIGH,MIXED
SVM: alexa_resgated,laborpains,MIXED,MIXED
SVM: alexa_resgated,lagrangedailynews,HIGH,MIXED
SVM: alexa_resgated,laphamsquarterly,HIGH,MIXED
SVM: alexa_resgated,laredotoday,MIXED,MIXED
SVM: alexa_resgated,lawrencereporter,MIXED,MIXED
SVM: alexa_resgated,lebanonpanews,MIXED,MIXED
SVM: alexa_resgated,leftaction,LOW,MIXED
SVM: alexa_resgated,leighjournal,HIGH,MIXED
SVM: alexa_resgated,libsoftiktok,LOW,MIXED
SVM: alexa_resgated,lifenews,LOW,MIXED
SVM: alexa_resgated,lifewire,HIGH,MIXED
SVM: alexa_resgated,limareporter,MIXED,MIXED
SVM: alexa_resgated,livingstontoday,MIXED,MIXED
SVM: alexa_resgated,lnrnews,LOW,MIXED
SVM: alexa_resgated,logically,HIGH,MIXED
SVM: alexa_resgated,louisvillecitywire,MIXED,MIXED
SVM: alexa_resgated,ludlowadvertiser,HIGH,MIXED
SVM: alexa_resgated,lugansknews,LOW,MIXED
SVM: alexa_resgated,magadannews,LOW,MIXED
SVM: alexa_resgated,magicvalleytimes,MIXED,MIXED
SVM: alexa_resgated,magnoliastatenews,MIXED,MIXED
SVM: alexa_resgated,manilabusinessdaily,MIXED,MIXED
SVM: alexa_resgated,marylandbusinessdaily,MIXED,MIXED
SVM: alexa_resgated,mauireporter,MIXED,MIXED
SVM: alexa_resgated,mazatlanpost,MIXED,MIXED
SVM: alexa_resgated,mediamatters,HIGH,MIXED
SVM: alexa_resgated,merrimackvalleynews,MIXED,MIXED
SVM: alexa_resgated,metricmedia,MIXED,MIXED
SVM: alexa_resgated,metroweekly,HIGH,MIXED
SVM: alexa_resgated,miamistandard,MIXED,MIXED
SVM: alexa_resgated,midcoasttoday,MIXED,MIXED
SVM: alexa_resgated,middleeastinstitute,HIGH,MIXED
SVM: alexa_resgated,middleeastmediaresearchinstitutememri,MIXED,MIXED
SVM: alexa_resgated,middleeastnewsagency,MIXED,MIXED
SVM: alexa_resgated,midnorthmonitor,HIGH,MIXED
SVM: alexa_resgated,minnesotabusinessdaily,MIXED,MIXED
SVM: alexa_resgated,minnesotasun,MIXED,MIXED
SVM: alexa_resgated,misionverdad,MIXED,MIXED
SVM: alexa_resgated,mitchelladvocate,HIGH,MIXED
SVM: alexa_resgated,mohawkvalleytimes,MIXED,MIXED
SVM: alexa_resgated,moldovanews,LOW,MIXED
SVM: alexa_resgated,monmouthtimes,MIXED,MIXED
SVM: alexa_resgated,monroecountynews,MIXED,MIXED
SVM: alexa_resgated,monterreydailypost,MIXED,MIXED
SVM: alexa_resgated,morningmurfreesboro,MIXED,MIXED
SVM: alexa_resgated,morrisleader,MIXED,MIXED
SVM: alexa_resgated,moskvanews,LOW,MIXED
SVM: alexa_resgated,moveon,MIXED,MIXED
SVM: alexa_resgated,muslimskeptic,LOW,MIXED
SVM: alexa_resgated,myrtlebeachleader,MIXED,MIXED
SVM: alexa_resgated,nashvillestandard,MIXED,MIXED
SVM: alexa_resgated,nationalassociationofscholars,MIXED,MIXED
SVM: alexa_resgated,nationalcenterforpublicpolicyresearch,MIXED,MIXED
SVM: alexa_resgated,naturalresourcegovernanceinstitute,HIGH,MIXED
SVM: alexa_resgated,ncbusinessdaily,MIXED,MIXED
SVM: alexa_resgated,ncmississippinews,MIXED,MIXED
SVM: alexa_resgated,nealabamanews,MIXED,MIXED
SVM: alexa_resgated,neatlantanews,MIXED,MIXED
SVM: alexa_resgated,necalinews,MIXED,MIXED
SVM: alexa_resgated,nelouisiananews,MIXED,MIXED
SVM: alexa_resgated,nepiedmontnews,MIXED,MIXED
SVM: alexa_resgated,nikopolnews,LOW,MIXED
SVM: alexa_resgated,ninefornews,LOW,MIXED
SVM: alexa_resgated,northbirminghamtimes,MIXED,MIXED
SVM: alexa_resgated,northcolumbusnews,MIXED,MIXED
SVM: alexa_resgated,northcooknews,MIXED,MIXED
SVM: alexa_resgated,northdakotabusinessdaily,MIXED,MIXED
SVM: alexa_resgated,northessexnews,MIXED,MIXED
SVM: alexa_resgated,northindynews,MIXED,MIXED
SVM: alexa_resgated,northkentuckynews,MIXED,MIXED
SVM: alexa_resgated,northoctimes,MIXED,MIXED
SVM: alexa_resgated,northpalmbeachtoday,MIXED,MIXED
SVM: alexa_resgated,novosibirsknews,LOW,MIXED
SVM: alexa_resgated,nunavutnews,HIGH,MIXED
SVM: alexa_resgated,nwillinoisnews,MIXED,MIXED
SVM: alexa_resgated,nwkentuckynews,MIXED,MIXED
SVM: alexa_resgated,nwlatimes,MIXED,MIXED
SVM: alexa_resgated,nwminnesotanews,MIXED,MIXED
SVM: alexa_resgated,nwvalleytimes,MIXED,MIXED
SVM: alexa_resgated,oceancountyleader,MIXED,MIXED
SVM: alexa_resgated,odessanews,LOW,MIXED
SVM: alexa_resgated,offthegridnews,MIXED,MIXED
SVM: alexa_resgated,offthepress,MIXED,MIXED
SVM: alexa_resgated,ohmymag,MIXED,MIXED
SVM: alexa_resgated,origo,MIXED,MIXED
SVM: alexa_resgated,orinocotribune,LOW,MIXED
SVM: alexa_resgated,outerbankstimes,MIXED,MIXED
SVM: alexa_resgated,pacificpundit,LOW,MIXED
SVM: alexa_resgated,palmettostatenews,MIXED,MIXED
SVM: alexa_resgated,pamedia,HIGH,MIXED
SVM: alexa_resgated,panamacityreporter,MIXED,MIXED
SVM: alexa_resgated,parentsdefendingeducation,MIXED,MIXED
SVM: alexa_resgated,pascoreporter,MIXED,MIXED
SVM: alexa_resgated,passaictoday,MIXED,MIXED
SVM: alexa_resgated,patriotfetch,LOW,MIXED
SVM: alexa_resgated,peacegardennews,MIXED,MIXED
SVM: alexa_resgated,peoriajournalstar,HIGH,MIXED
SVM: alexa_resgated,pharmavoice,HIGH,MIXED
SVM: alexa_resgated,pinehursttoday,MIXED,MIXED
SVM: alexa_resgated,pioneervalleyadvocate,HIGH,MIXED
SVM: alexa_resgated,politicalanimalnews,MIXED,MIXED
SVM: alexa_resgated,portagetimes,MIXED,MIXED
SVM: alexa_resgated,portlandcourant,MIXED,MIXED
SVM: alexa_resgated,prairiestatewire,MIXED,MIXED
SVM: alexa_resgated,pravdacanada,LOW,MIXED
SVM: alexa_resgated,pravdaitalia,LOW,MIXED
SVM: alexa_resgated,pravdanato,LOW,MIXED
SVM: alexa_resgated,presidentialhill,LOW,MIXED
SVM: alexa_resgated,projectveritas,MIXED,LOW
SVM: alexa_resgated,providencereporter,MIXED,MIXED
SVM: alexa_resgated,pueblapost,MIXED,MIXED
SVM: alexa_resgated,punchingbagpost,MIXED,MIXED
SVM: alexa_resgated,rabbleca,HIGH,MIXED
SVM: alexa_resgated,radar,LOW,LOW
SVM: alexa_resgated,randcorporation,HIGH,MIXED
SVM: alexa_resgated,rapidcityjournal,HIGH,MIXED
SVM: alexa_resgated,rationalground,MIXED,MIXED
SVM: alexa_resgated,rationalwiki,HIGH,MIXED
SVM: alexa_resgated,rawstory,HIGH,MIXED
SVM: alexa_resgated,readingchronicle,HIGH,MIXED
SVM: alexa_resgated,realnewsnetwork,HIGH,MIXED
SVM: alexa_resgated,realnewsnow,LOW,MIXED
SVM: alexa_resgated,reclaimthenet,MIXED,MIXED
SVM: alexa_resgated,redicetv,LOW,MIXED
SVM: alexa_resgated,redorbit,MIXED,MIXED
SVM: alexa_resgated,redoubtnews,MIXED,MIXED
SVM: alexa_resgated,redwoodempirenews,MIXED,MIXED
SVM: alexa_resgated,remingtonresearchgroup,HIGH,MIXED
SVM: alexa_resgated,renogazettejournal,HIGH,MIXED
SVM: alexa_resgated,renoreporter,MIXED,MIXED
SVM: alexa_resgated,republicandaily,MIXED,MIXED
SVM: alexa_resgated,restaurantdive,HIGH,MIXED
SVM: alexa_resgated,restoreamericanglory,MIXED,MIXED
SVM: alexa_resgated,revcomus,MIXED,MIXED
SVM: alexa_resgated,revolver,MIXED,MIXED
SVM: alexa_resgated,rianovosti,LOW,MIXED
SVM: alexa_resgated,richmondside,HIGH,MIXED
SVM: alexa_resgated,ricochet,MIXED,MIXED
SVM: alexa_resgated,rightnewswire,MIXED,MIXED
SVM: alexa_resgated,riverdalepress,HIGH,MIXED
SVM: alexa_resgated,rivervalleytoday,MIXED,MIXED
SVM: alexa_resgated,rockymounttelegram,HIGH,MIXED
SVM: alexa_resgated,russiainsider,LOW,MIXED
SVM: alexa_resgated,salemradionetworknews,HIGH,MIXED
SVM: alexa_resgated,sandhillstoday,MIXED,MIXED
SVM: alexa_resgated,saultthisweek,HIGH,MIXED
SVM: alexa_resgated,savannahmorningnews,HIGH,MIXED
SVM: alexa_resgated,savejersey,HIGH,LOW
SVM: alexa_resgated,scalaskanews,MIXED,MIXED
SVM: alexa_resgated,scmidlandnews,MIXED,MIXED
SVM: alexa_resgated,scotusblog,HIGH,MIXED
SVM: alexa_resgated,sealaskanews,MIXED,MIXED
SVM: alexa_resgated,seatlantanews,MIXED,MIXED
SVM: alexa_resgated,sebluegrassnews,MIXED,MIXED
SVM: alexa_resgated,seconnecticutnews,MIXED,MIXED
SVM: alexa_resgated,segrandrapidsnews,MIXED,MIXED
SVM: alexa_resgated,sekansascitynews,MIXED,MIXED
SVM: alexa_resgated,sekansasnews,MIXED,MIXED
SVM: alexa_resgated,sekentuckynews,MIXED,MIXED
SVM: alexa_resgated,senorthcarolinanews,MIXED,MIXED
SVM: alexa_resgated,sevegasnews,MIXED,MIXED
SVM: alexa_resgated,showmestatetimes,MIXED,MIXED
SVM: alexa_resgated,shreveportreporter,MIXED,MIXED
SVM: alexa_resgated,shtfplancom,LOW,MIXED
SVM: alexa_resgated,silverstatetimes,MIXED,MIXED
SVM: alexa_resgated,skepticink,MIXED,MIXED
SVM: alexa_resgated,sludge,HIGH,MIXED
SVM: alexa_resgated,smokymountaintoday,MIXED,MIXED
SVM: alexa_resgated,somersettimes,MIXED,MIXED
SVM: alexa_resgated,sonsof1776,MIXED,MIXED
SVM: alexa_resgated,southafricatoday,MIXED,MIXED
SVM: alexa_resgated,southcentralpanews,MIXED,MIXED
SVM: alexa_resgated,southcharlottetoday,MIXED,MIXED
SVM: alexa_resgated,southcolumbusnews,MIXED,MIXED
SVM: alexa_resgated,southcooknews,MIXED,MIXED
SVM: alexa_resgated,southernillinoisnews,MIXED,MIXED
SVM: alexa_resgated,southernindianatoday,MIXED,MIXED
SVM: alexa_resgated,southfranklinnews,MIXED,MIXED
SVM: alexa_resgated,southfultontoday,MIXED,MIXED
SVM: alexa_resgated,southiowanews,MIXED,MIXED
SVM: alexa_resgated,southkentnews,MIXED,MIXED
SVM: alexa_resgated,southknoxvillenews,MIXED,MIXED
SVM: alexa_resgated,southlouisiananews,MIXED,MIXED
SVM: alexa_resgated,southsummitnews,MIXED,MIXED
SVM: alexa_resgated,southtulsatoday,MIXED,MIXED
SVM: alexa_resgated,southwestmontananews,MIXED,MIXED
SVM: alexa_resgated,southwestorangeobserver,HIGH,MIXED
SVM: alexa_resgated,southwestpanews,MIXED,MIXED
SVM: alexa_resgated,southwichitanews,MIXED,MIXED
SVM: alexa_resgated,springtimes,MIXED,MIXED
SVM: alexa_resgated,stanislausnews,MIXED,MIXED
SVM: alexa_resgated,staresattheworld,LOW,MIXED
SVM: alexa_resgated,stateline,HIGH,MIXED
SVM: alexa_resgated,steadfastandloyal,MIXED,MIXED
SVM: alexa_resgated,stjoebentonharbornews,MIXED,MIXED
SVM: alexa_resgated,stjohnstelegram,HIGH,MIXED
SVM: alexa_resgated,stopthesethings,LOW,MIXED
SVM: alexa_resgated,sturgiscoldwaternews,MIXED,MIXED
SVM: alexa_resgated,supplychaindive,HIGH,MIXED
SVM: alexa_resgated,surgutnews,LOW,MIXED
SVM: alexa_resgated,survivalnews1,LOW,MIXED
SVM: alexa_resgated,swalaskanews,MIXED,MIXED
SVM: alexa_resgated,swcoloradonews,MIXED,MIXED
SVM: alexa_resgated,swmissourinews,MIXED,MIXED
SVM: alexa_resgated,swoklahomanews,MIXED,MIXED
SVM: alexa_resgated,swriversidenews,MIXED,MIXED
SVM: alexa_resgated,techstartups,MIXED,MIXED
SVM: alexa_resgated,tenthamendmentcenter,MIXED,MIXED
SVM: alexa_resgated,tfppwire,MIXED,MIXED
SVM: alexa_resgated,tharawatmagazine,HIGH,MIXED
SVM: alexa_resgated,theblacksphere,MIXED,MIXED
SVM: alexa_resgated,theconservativebrief,MIXED,MIXED
SVM: alexa_resgated,thedailyadda,MIXED,MIXED
SVM: alexa_resgated,thedispatch,HIGH,MIXED
SVM: alexa_resgated,thefreedomtimes,LOW,MIXED
SVM: alexa_resgated,thefreepress,MIXED,MIXED
SVM: alexa_resgated,thegoldwater,LOW,MIXED
SVM: alexa_resgated,thejoeroganexperience,MIXED,MIXED
SVM: alexa_resgated,thelaughclub,LOW,MIXED
SVM: alexa_resgated,theliberalireland,LOW,MIXED
SVM: alexa_resgated,thelibertydaily,MIXED,LOW
SVM: alexa_resgated,thenationaluae,MIXED,LOW
SVM: alexa_resgated,thenevadan,MIXED,MIXED
SVM: alexa_resgated,thepalestinechronicle,HIGH,MIXED
SVM: alexa_resgated,thepatriotnurse,MIXED,MIXED
SVM: alexa_resgated,thequartering,LOW,MIXED
SVM: alexa_resgated,therightscoop,MIXED,MIXED
SVM: alexa_resgated,thesarkariform,MIXED,MIXED
SVM: alexa_resgated,thescoop,MIXED,MIXED
SVM: alexa_resgated,thesolutionsproject,HIGH,MIXED
SVM: alexa_resgated,thesouthafrican,HIGH,LOW
SVM: alexa_resgated,thespinoff,HIGH,MIXED
SVM: alexa_resgated,theunionjournal,LOW,MIXED
SVM: alexa_resgated,thewisconsinindependent,MIXED,MIXED
SVM: alexa_resgated,thisdaylive,HIGH,MIXED
SVM: alexa_resgated,tmz,MIXED,MIXED
SVM: alexa_resgated,tobacconewswire,MIXED,MIXED
SVM: alexa_resgated,toofab,MIXED,MIXED
SVM: alexa_resgated,torreonpost,MIXED,MIXED
SVM: alexa_resgated,towncountrymagazine,HIGH,MIXED
SVM: alexa_resgated,tradingeconomics,HIGH,MIXED
SVM: alexa_resgated,transgendertrend,LOW,MIXED
SVM: alexa_resgated,trendingpolitics,LOW,LOW
SVM: alexa_resgated,trumptrainnews,MIXED,MIXED
SVM: alexa_resgated,truthforhealthfoundation,LOW,MIXED
SVM: alexa_resgated,tulsastandard,MIXED,MIXED
SVM: alexa_resgated,turningpointusafaith,LOW,MIXED
SVM: alexa_resgated,tuscaloosaleader,MIXED,MIXED
SVM: alexa_resgated,usatoday,HIGH,MIXED
SVM: alexa_resgated,vaccineimpact,LOW,LOW
SVM: alexa_resgated,vaccineinjurynews,LOW,MIXED
SVM: alexa_resgated,valeursactuelles,MIXED,MIXED
SVM: alexa_resgated,vanityfair,HIGH,MIXED
SVM: alexa_resgated,vintoncountycourier,HIGH,MIXED
SVM: alexa_resgated,voiceofamerica,HIGH,MIXED
SVM: alexa_resgated,waltonfamilyfoundation,HIGH,MIXED
SVM: alexa_resgated,warnerrobinstoday,MIXED,MIXED
SVM: alexa_resgated,washingtonmonthly,HIGH,MIXED
SVM: alexa_resgated,wataugademocrat,HIGH,MIXED
SVM: alexa_resgated,wcminnesotanews,MIXED,MIXED
SVM: alexa_resgated,weatherforddemocrat,HIGH,MIXED
SVM: alexa_resgated,webertimes,MIXED,MIXED
SVM: alexa_resgated,westatlantanews,MIXED,MIXED
SVM: alexa_resgated,westcentralpanews,MIXED,MIXED
SVM: alexa_resgated,westcentralreporter,MIXED,MIXED
SVM: alexa_resgated,westchesterreporter,MIXED,MIXED
SVM: alexa_resgated,westernmassnews,HIGH,MIXED
SVM: alexa_resgated,westernndnews,MIXED,MIXED
SVM: alexa_resgated,westlatimes,MIXED,MIXED
SVM: alexa_resgated,westnynews,MIXED,MIXED
SVM: alexa_resgated,westoctimes,MIXED,MIXED
SVM: alexa_resgated,westpdxtoday,MIXED,MIXED
SVM: alexa_resgated,westslcnews,MIXED,MIXED
SVM: alexa_resgated,westwakenews,MIXED,MIXED
SVM: alexa_resgated,wiartonecho,HIGH,MIXED
SVM: alexa_resgated,williamsonnews,MIXED,MIXED
SVM: alexa_resgated,wiregrasstimes,MIXED,MIXED
SVM: alexa_resgated,witherspooninstitute,LOW,MIXED
SVM: alexa_resgated,wltreport,LOW,MIXED
SVM: alexa_resgated,woflfox35orlando,HIGH,MIXED
SVM: alexa_resgated,woodstocksentinelreview,HIGH,MIXED
SVM: alexa_resgated,worldnetdaily,LOW,MIXED
SVM: alexa_resgated,wpnmleipsicnews,HIGH,MIXED
SVM: alexa_resgated,wwtn997fmnashville,MIXED,MIXED
SVM: alexa_resgated,xinhuaenglish,MIXED,MIXED
SVM: alexa_resgated,yadkinripple,HIGH,MIXED
SVM: alexa_resgated,yankeeinstituteforpublicpolicy,HIGH,MIXED
SVM: alexa_resgated,yukonnews,HIGH,MIXED
SVM: alexa_resgated,z3news,LOW,MIXED
SVM: hyperlink_gcn,100fedup,LOW,MIXED
SVM: hyperlink_gcn,404media,HIGH,HIGH
SVM: hyperlink_gcn,7news,MIXED,MIXED
SVM: hyperlink_gcn,972magazine,HIGH,MIXED
SVM: hyperlink_gcn,abakannews,LOW,MIXED
SVM: hyperlink_gcn,abc11eyewitnessnews,HIGH,MIXED
SVM: hyperlink_gcn,actforamerica,LOW,MIXED
SVM: hyperlink_gcn,adamsnews,LOW,MIXED
SVM: hyperlink_gcn,adareporter,MIXED,MIXED
SVM: hyperlink_gcn,adfontesmedia,HIGH,MIXED
SVM: hyperlink_gcn,airdriecityview,HIGH,MIXED
SVM: hyperlink_gcn,akronreporter,MIXED,MIXED
SVM: hyperlink_gcn,albuquerquejournal,HIGH,MIXED
SVM: hyperlink_gcn,alohastatenews,MIXED,MIXED
SVM: hyperlink_gcn,amandla,HIGH,MIXED
SVM: hyperlink_gcn,americanaffairsjournal,HIGH,HIGH
SVM: hyperlink_gcn,americancenterforlawjustice,MIXED,MIXED
SVM: hyperlink_gcn,americangulag,LOW,MIXED
SVM: hyperlink_gcn,americanpatriotdaily,LOW,MIXED
SVM: hyperlink_gcn,americansunitedforseparationofchurchandstate,HIGH,MIXED
SVM: hyperlink_gcn,amnestyinternational,HIGH,MIXED
SVM: hyperlink_gcn,analyticsindiamagazine,HIGH,MIXED
SVM: hyperlink_gcn,annarbortimes,MIXED,MIXED
SVM: hyperlink_gcn,anokatimes,MIXED,MIXED
SVM: hyperlink_gcn,aptnnationalnews,HIGH,MIXED
SVM: hyperlink_gcn,arizonacapitoltimes,HIGH,MIXED
SVM: hyperlink_gcn,arizonarepublic,HIGH,MIXED
SVM: hyperlink_gcn,arlingtonheightsdailyherald,HIGH,MIXED
SVM: hyperlink_gcn,armedforcespress,LOW,HIGH
SVM: hyperlink_gcn,armstrongeconomics,MIXED,MIXED
SVM: hyperlink_gcn,armytimes,HIGH,MIXED
SVM: hyperlink_gcn,ashevillereporter,MIXED,MIXED
SVM: hyperlink_gcn,asiatimes,HIGH,HIGH
SVM: hyperlink_gcn,atlantablackstar,HIGH,MIXED
SVM: hyperlink_gcn,atlantic,HIGH,MIXED
SVM: hyperlink_gcn,atlasintel,HIGH,MIXED
SVM: hyperlink_gcn,automotivedive,HIGH,MIXED
SVM: hyperlink_gcn,autulu,LOW,MIXED
SVM: hyperlink_gcn,bajacaliforniapost,MIXED,MIXED
SVM: hyperlink_gcn,baldwintimes,MIXED,MIXED
SVM: hyperlink_gcn,banburyguardian,HIGH,MIXED
SVM: hyperlink_gcn,bartlesvilleexaminerenterprise,HIGH,MIXED
SVM: hyperlink_gcn,bdnews24,MIXED,MIXED
SVM: hyperlink_gcn,beehivestatenews,MIXED,MIXED
SVM: hyperlink_gcn,belfercenterforscienceandinternationalaffairs,HIGH,MIXED
SVM: hyperlink_gcn,berdyansknews,LOW,MIXED
SVM: hyperlink_gcn,berkscountynews,MIXED,MIXED
SVM: hyperlink_gcn,biasednews,LOW,MIXED
SVM: hyperlink_gcn,bignewsnetwork,HIGH,MIXED
SVM: hyperlink_gcn,billmoyerscom,HIGH,MIXED
SVM: hyperlink_gcn,billtrack50,HIGH,MIXED
SVM: hyperlink_gcn,bipartisanpolicycenter,HIGH,HIGH
SVM: hyperlink_gcn,birminghamworld,HIGH,MIXED
SVM: hyperlink_gcn,blacknews,MIXED,MIXED
SVM: hyperlink_gcn,bloomingtonheraldtimes,HIGH,MIXED
SVM: hyperlink_gcn,bloomingtonleader,MIXED,MIXED
SVM: hyperlink_gcn,boisecitywire,MIXED,MIXED
SVM: hyperlink_gcn,bongino,MIXED,MIXED
SVM: hyperlink_gcn,borgenmagazine,HIGH,MIXED
SVM: hyperlink_gcn,borgenproject,HIGH,MIXED
SVM: hyperlink_gcn,bostonglobe,HIGH,MIXED
SVM: hyperlink_gcn,bothellreporter,HIGH,MIXED
SVM: hyperlink_gcn,brevardsun,MIXED,MIXED
SVM: hyperlink_gcn,buckeyereporter,MIXED,MIXED
SVM: hyperlink_gcn,buckscountycouriertimes,HIGH,MIXED
SVM: hyperlink_gcn,bucyrustelegraphforum,HIGH,MIXED
SVM: hyperlink_gcn,burlingtonreporter,MIXED,MIXED
SVM: hyperlink_gcn,c19ivermectin,MIXED,MIXED
SVM: hyperlink_gcn,cabarrustoday,MIXED,MIXED
SVM: hyperlink_gcn,calgarysun,HIGH,MIXED
SVM: hyperlink_gcn,californiacollapsenews,LOW,MIXED
SVM: hyperlink_gcn,californiapoliticalreview,HIGH,MIXED
SVM: hyperlink_gcn,cambriatimes,MIXED,MIXED
SVM: hyperlink_gcn,campechepost,MIXED,MIXED
SVM: hyperlink_gcn,cantonrepository,HIGH,MIXED
SVM: hyperlink_gcn,castoradvance,HIGH,MIXED
SVM: hyperlink_gcn,catholictribunemichigan,MIXED,MIXED
SVM: hyperlink_gcn,catholictribuneminnesota,MIXED,MIXED
SVM: hyperlink_gcn,cctvinternational,MIXED,MIXED
SVM: hyperlink_gcn,censortrack,MIXED,HIGH
SVM: hyperlink_gcn,centerforamericanprogress,MIXED,MIXED
SVM: hyperlink_gcn,centerforsecuritypolicy,MIXED,MIXED
SVM: hyperlink_gcn,centralchestertoday,MIXED,MIXED
SVM: hyperlink_gcn,centralidahotimes,MIXED,MIXED
SVM: hyperlink_gcn,chambanasun,MIXED,MIXED
SVM: hyperlink_gcn,changeresearch,HIGH,MIXED
SVM: hyperlink_gcn,checkyourfact,HIGH,MIXED
SVM: hyperlink_gcn,cheddar,HIGH,HIGH
SVM: hyperlink_gcn,chinadaily,MIXED,MIXED
SVM: hyperlink_gcn,ciodive,HIGH,MIXED
SVM: hyperlink_gcn,citizentruth,HIGH,HIGH
SVM: hyperlink_gcn,citynewstoronto,HIGH,MIXED
SVM: hyperlink_gcn,clarionledger,HIGH,MIXED
SVM: hyperlink_gcn,clarkforkvalleypress,HIGH,MIXED
SVM: hyperlink_gcn,clayreporter,MIXED,MIXED
SVM: hyperlink_gcn,cleantechnica,HIGH,MIXED
SVM: hyperlink_gcn,climaterealism,LOW,MIXED
SVM: hyperlink_gcn,climatesciencepolicywatch,HIGH,MIXED
SVM: hyperlink_gcn,co2coalition,LOW,MIXED
SVM: hyperlink_gcn,coalregionnews,MIXED,MIXED
SVM: hyperlink_gcn,coconinonews,MIXED,MIXED
SVM: hyperlink_gcn,codastory,HIGH,MIXED
SVM: hyperlink_gcn,collintimes,MIXED,MIXED
SVM: hyperlink_gcn,coloradofreepress,LOW,MIXED
SVM: hyperlink_gcn,columbiajournalismreview,HIGH,MIXED
SVM: hyperlink_gcn,comicsands,MIXED,MIXED
SVM: hyperlink_gcn,commentarymagazine,HIGH,MIXED
SVM: hyperlink_gcn,concernedwomenforamerica,LOW,MIXED
SVM: hyperlink_gcn,conchovalleynews,MIXED,MIXED
SVM: hyperlink_gcn,concordledger,MIXED,MIXED
SVM: hyperlink_gcn,conservativefiringline,LOW,MIXED
SVM: hyperlink_gcn,conservativeopinion,MIXED,MIXED
SVM: hyperlink_gcn,conservativeplaylist,LOW,MIXED
SVM: hyperlink_gcn,conservativeundergroundnews,MIXED,MIXED
SVM: hyperlink_gcn,constructiondive,HIGH,MIXED
SVM: hyperlink_gcn,countercurrentsorg,HIGH,MIXED
SVM: hyperlink_gcn,crawfordtimes,MIXED,MIXED
SVM: hyperlink_gcn,creationevolutionheadlines,LOW,MIXED
SVM: hyperlink_gcn,creationministriesinternational,LOW,HIGH
SVM: hyperlink_gcn,crossexaminedorg,LOW,MIXED
SVM: hyperlink_gcn,cstoredive,HIGH,MIXED
SVM: hyperlink_gcn,cursor,MIXED,MIXED
SVM: hyperlink_gcn,cygnalpolling,HIGH,MIXED
SVM: hyperlink_gcn,dagestannews,LOW,MIXED
SVM: hyperlink_gcn,dailyburlington,MIXED,MIXED
SVM: hyperlink_gcn,dailydot,HIGH,MIXED
SVM: hyperlink_gcn,dailyflowermound,MIXED,MIXED
SVM: hyperlink_gcn,dailyjanesville,MIXED,MIXED
SVM: hyperlink_gcn,dailykos,MIXED,MIXED
SVM: hyperlink_gcn,dailymcallen,MIXED,MIXED
SVM: hyperlink_gcn,dailynewbraunfels,MIXED,MIXED
SVM: hyperlink_gcn,dailyo,MIXED,MIXED
SVM: hyperlink_gcn,dailypress,HIGH,MIXED
SVM: hyperlink_gcn,dailyroundrock,MIXED,MIXED
SVM: hyperlink_gcn,dailyspokanevalley,MIXED,MIXED
SVM: hyperlink_gcn,dailytacoma,MIXED,MIXED
SVM: hyperlink_gcn,dailytorch,HIGH,MIXED
SVM: hyperlink_gcn,dailyveracity,LOW,MIXED
SVM: hyperlink_gcn,dartmouthtimes,MIXED,MIXED
SVM: hyperlink_gcn,dauphinnews,MIXED,MIXED
SVM: hyperlink_gcn,daventryexpress,HIGH,MIXED
SVM: hyperlink_gcn,davistimes,MIXED,MIXED
SVM: hyperlink_gcn,defector,HIGH,MIXED
SVM: hyperlink_gcn,defenddemocracypress,MIXED,MIXED
SVM: hyperlink_gcn,defenseworldnet,HIGH,MIXED
SVM: hyperlink_gcn,dekalbdailychronicle,HIGH,MIXED
SVM: hyperlink_gcn,delawareonlinethenewsjournal,HIGH,MIXED
SVM: hyperlink_gcn,democracyfundvoice,HIGH,MIXED
SVM: hyperlink_gcn,democratandchronicle,HIGH,MIXED
SVM: hyperlink_gcn,demstate,LOW,MIXED
SVM: hyperlink_gcn,derstatus,LOW,MIXED
SVM: hyperlink_gcn,desantisdaily,MIXED,MIXED
SVM: hyperlink_gcn,deseretnews,HIGH,MIXED
SVM: hyperlink_gcn,desmoinessun,MIXED,MIXED
SVM: hyperlink_gcn,digg,HIGH,MIXED
SVM: hyperlink_gcn,digitimesasia,HIGH,MIXED
SVM: hyperlink_gcn,discoveryinstitute,LOW,MIXED
SVM: hyperlink_gcn,dissentmagazine,HIGH,MIXED
SVM: hyperlink_gcn,doctorswithoutborders,HIGH,MIXED
SVM: hyperlink_gcn,donbasscenter,LOW,MIXED
SVM: hyperlink_gcn,download,LOW,MIXED
SVM: hyperlink_gcn,downsizingthefederalgovernment,HIGH,MIXED
SVM: hyperlink_gcn,druthers,LOW,MIXED
SVM: hyperlink_gcn,dubuquetimes,MIXED,MIXED
SVM: hyperlink_gcn,duluthnewstribune,HIGH,MIXED
SVM: hyperlink_gcn,dzen,MIXED,MIXED
SVM: hyperlink_gcn,earthorg,HIGH,HIGH
SVM: hyperlink_gcn,eastcentralreporter,MIXED,MIXED
SVM: hyperlink_gcn,eastlondonandwestessexguardian,HIGH,MIXED
SVM: hyperlink_gcn,eastpanhandlenews,MIXED,MIXED
SVM: hyperlink_gcn,eastsandiegonews,MIXED,MIXED
SVM: hyperlink_gcn,eastwaketimes,MIXED,MIXED
SVM: hyperlink_gcn,ecmississippinews,MIXED,MIXED
SVM: hyperlink_gcn,ecoklahomanews,MIXED,MIXED
SVM: hyperlink_gcn,ecowatch,HIGH,MIXED
SVM: hyperlink_gcn,educationdailywire,MIXED,MIXED
SVM: hyperlink_gcn,egyptianstreets,MIXED,MIXED
SVM: hyperlink_gcn,electronicintifada,HIGH,MIXED
SVM: hyperlink_gcn,elkodailyfreepress,HIGH,MIXED
SVM: hyperlink_gcn,ellwoodcityledger,HIGH,MIXED
SVM: hyperlink_gcn,emirates247,MIXED,MIXED
SVM: hyperlink_gcn,enchantmentstatenews,MIXED,MIXED
SVM: hyperlink_gcn,endthefed,LOW,MIXED
SVM: hyperlink_gcn,enews,HIGH,MIXED
SVM: hyperlink_gcn,entertainmentweekly,HIGH,MIXED
SVM: hyperlink_gcn,esquiremagazine,MIXED,MIXED
SVM: hyperlink_gcn,euvsdisinfo,HIGH,MIXED
SVM: hyperlink_gcn,eviemagazine,LOW,HIGH
SVM: hyperlink_gcn,facilitiesdive,HIGH,MIXED
SVM: hyperlink_gcn,factcheckni,HIGH,MIXED
SVM: hyperlink_gcn,factsnet,MIXED,MIXED
SVM: hyperlink_gcn,faithfreedomcoalition,MIXED,MIXED
SVM: hyperlink_gcn,fargostandard,MIXED,MIXED
SVM: hyperlink_gcn,farsnewsagency,MIXED,MIXED
SVM: hyperlink_gcn,fdesouche,MIXED,MIXED
SVM: hyperlink_gcn,financialtechtimes,HIGH,MIXED
SVM: hyperlink_gcn,fivenation,LOW,MIXED
SVM: hyperlink_gcn,focusonthefamily,LOW,MIXED
SVM: hyperlink_gcn,fortsmithtimes,MIXED,MIXED
SVM: hyperlink_gcn,fostersdailydemocrat,HIGH,MIXED
SVM: hyperlink_gcn,frankspeech,LOW,MIXED
SVM: hyperlink_gcn,freedomfromreligionfoundation,MIXED,MIXED
SVM: hyperlink_gcn,fremontnewsmessenger,HIGH,MIXED
SVM: hyperlink_gcn,freshoffthepress,MIXED,MIXED
SVM: hyperlink_gcn,friatiderfreetimes,LOW,MIXED
SVM: hyperlink_gcn,frontpagemagazine,LOW,MIXED
SVM: hyperlink_gcn,frontpagenewspaper,MIXED,MIXED
SVM: hyperlink_gcn,gaysagainstgroomers,LOW,MIXED
SVM: hyperlink_gcn,gbnewsuk,MIXED,MIXED
SVM: hyperlink_gcn,gellerreport,LOW,HIGH
SVM: hyperlink_gcn,geopoliticalintelligenceservices,HIGH,MIXED
SVM: hyperlink_gcn,georgiamountainnews,MIXED,MIXED
SVM: hyperlink_gcn,georgiarecord,LOW,MIXED
SVM: hyperlink_gcn,ghost,MIXED,MIXED
SVM: hyperlink_gcn,glasgowtimes,HIGH,MIXED
SVM: hyperlink_gcn,goderichsignalstar,HIGH,MIXED
SVM: hyperlink_gcn,gooddaybrownsville,MIXED,MIXED
SVM: hyperlink_gcn,gooddayportangeles,MIXED,MIXED
SVM: hyperlink_gcn,gooddayvancouver,MIXED,MIXED
SVM: hyperlink_gcn,gopusa,MIXED,MIXED
SVM: hyperlink_gcn,grandjunctiontimes,MIXED,MIXED
SVM: hyperlink_gcn,granitegrok,LOW,HIGH
SVM: hyperlink_gcn,greenevillesun,HIGH,MIXED
SVM: hyperlink_gcn,greenlininginstitute,HIGH,MIXED
SVM: hyperlink_gcn,grundyreporter,MIXED,MIXED
SVM: hyperlink_gcn,gzeromedia,HIGH,MIXED
SVM: hyperlink_gcn,happyvalleytimes,MIXED,MIXED
SVM: hyperlink_gcn,headlineusa,MIXED,MIXED
SVM: hyperlink_gcn,heartlandinstitute,LOW,MIXED
SVM: hyperlink_gcn,helensburghadvertiser,HIGH,MIXED
SVM: hyperlink_gcn,herbsnews,LOW,MIXED
SVM: hyperlink_gcn,heritagefoundation,MIXED,MIXED
SVM: hyperlink_gcn,hongkongfreepress,HIGH,HIGH
SVM: hyperlink_gcn,hopekinsvilletimes,MIXED,MIXED
SVM: hyperlink_gcn,hopkinsvilletimes,MIXED,MIXED
SVM: hyperlink_gcn,hrdive,HIGH,MIXED
SVM: hyperlink_gcn,hudsontoday,MIXED,MIXED
SVM: hyperlink_gcn,huntsvilleleader,MIXED,MIXED
SVM: hyperlink_gcn,illegalaliencrimereport,MIXED,MIXED
SVM: hyperlink_gcn,imperialcanews,MIXED,MIXED
SVM: hyperlink_gcn,indexmundi,HIGH,MIXED
SVM: hyperlink_gcn,infoplease,HIGH,MIXED
SVM: hyperlink_gcn,informationliberation,LOW,MIXED
SVM: hyperlink_gcn,ingushetiyanews,LOW,MIXED
SVM: hyperlink_gcn,instituteforthestudyofglobalizationandcovertpolitics,LOW,HIGH
SVM: hyperlink_gcn,intellectualtakeout,MIXED,HIGH
SVM: hyperlink_gcn,intelli,MIXED,MIXED
SVM: hyperlink_gcn,investigatewest,HIGH,MIXED
SVM: hyperlink_gcn,iowacitytoday,MIXED,MIXED
SVM: hyperlink_gcn,ipmnewsroom,HIGH,MIXED
SVM: hyperlink_gcn,irkutsknews,LOW,MIXED
SVM: hyperlink_gcn,ivermectinforcovid19,MIXED,MIXED
SVM: hyperlink_gcn,jeffersoncitynews,MIXED,MIXED
SVM: hyperlink_gcn,joehoft,LOW,MIXED
SVM: hyperlink_gcn,kait8tv,HIGH,MIXED
SVM: hyperlink_gcn,kankakeetimes,MIXED,MIXED
SVM: hyperlink_gcn,kauaisun,MIXED,MIXED
SVM: hyperlink_gcn,kbutnprcrestedbutte,HIGH,MIXED
SVM: hyperlink_gcn,kcfcnprboulder,HIGH,MIXED
SVM: hyperlink_gcn,keighleynews,HIGH,MIXED
SVM: hyperlink_gcn,kentcountytimes,MIXED,MIXED
SVM: hyperlink_gcn,kerncountrytimes,MIXED,MIXED
SVM: hyperlink_gcn,kerncountytimes,MIXED,MIXED
SVM: hyperlink_gcn,kirklandlakenorthernnews,HIGH,MIXED
SVM: hyperlink_gcn,kirovnews,LOW,MIXED
SVM: hyperlink_gcn,kkat860amsaltlakecity,MIXED,MIXED
SVM: hyperlink_gcn,kkoh780amreno,MIXED,MIXED
SVM: hyperlink_gcn,krccnprcoloradosprings,HIGH,MIXED
SVM: hyperlink_gcn,kremlin,MIXED,MIXED
SVM: hyperlink_gcn,kvaleugenenews,HIGH,MIXED
SVM: hyperlink_gcn,laborpains,MIXED,MIXED
SVM: hyperlink_gcn,lagrangedailynews,HIGH,MIXED
SVM: hyperlink_gcn,laphamsquarterly,HIGH,MIXED
SVM: hyperlink_gcn,laredotoday,MIXED,MIXED
SVM: hyperlink_gcn,lawrencereporter,MIXED,MIXED
SVM: hyperlink_gcn,lebanonpanews,MIXED,MIXED
SVM: hyperlink_gcn,leftaction,LOW,MIXED
SVM: hyperlink_gcn,leighjournal,HIGH,MIXED
SVM: hyperlink_gcn,libsoftiktok,LOW,MIXED
SVM: hyperlink_gcn,lifenews,LOW,HIGH
SVM: hyperlink_gcn,lifewire,HIGH,MIXED
SVM: hyperlink_gcn,limareporter,MIXED,MIXED
SVM: hyperlink_gcn,livingstontoday,MIXED,MIXED
SVM: hyperlink_gcn,lnrnews,LOW,MIXED
SVM: hyperlink_gcn,logically,HIGH,MIXED
SVM: hyperlink_gcn,louisvillecitywire,MIXED,MIXED
SVM: hyperlink_gcn,ludlowadvertiser,HIGH,MIXED
SVM: hyperlink_gcn,lugansknews,LOW,MIXED
SVM: hyperlink_gcn,magadannews,LOW,MIXED
SVM: hyperlink_gcn,magicvalleytimes,MIXED,MIXED
SVM: hyperlink_gcn,magnoliastatenews,MIXED,MIXED
SVM: hyperlink_gcn,manilabusinessdaily,MIXED,MIXED
SVM: hyperlink_gcn,marylandbusinessdaily,MIXED,MIXED
SVM: hyperlink_gcn,mauireporter,MIXED,MIXED
SVM: hyperlink_gcn,mazatlanpost,MIXED,MIXED
SVM: hyperlink_gcn,mediamatters,HIGH,MIXED
SVM: hyperlink_gcn,merrimackvalleynews,MIXED,MIXED
SVM: hyperlink_gcn,metricmedia,MIXED,MIXED
SVM: hyperlink_gcn,metroweekly,HIGH,MIXED
SVM: hyperlink_gcn,miamistandard,MIXED,MIXED
SVM: hyperlink_gcn,midcoasttoday,MIXED,MIXED
SVM: hyperlink_gcn,middleeastinstitute,HIGH,MIXED
SVM: hyperlink_gcn,middleeastmediaresearchinstitutememri,MIXED,MIXED
SVM: hyperlink_gcn,middleeastnewsagency,MIXED,MIXED
SVM: hyperlink_gcn,midnorthmonitor,HIGH,MIXED
SVM: hyperlink_gcn,minnesotabusinessdaily,MIXED,MIXED
SVM: hyperlink_gcn,minnesotasun,MIXED,MIXED
SVM: hyperlink_gcn,misionverdad,MIXED,MIXED
SVM: hyperlink_gcn,mitchelladvocate,HIGH,MIXED
SVM: hyperlink_gcn,mohawkvalleytimes,MIXED,MIXED
SVM: hyperlink_gcn,moldovanews,LOW,MIXED
SVM: hyperlink_gcn,monmouthtimes,MIXED,MIXED
SVM: hyperlink_gcn,monroecountynews,MIXED,MIXED
SVM: hyperlink_gcn,monterreydailypost,MIXED,MIXED
SVM: hyperlink_gcn,morningmurfreesboro,MIXED,MIXED
SVM: hyperlink_gcn,morrisleader,MIXED,MIXED
SVM: hyperlink_gcn,moskvanews,LOW,MIXED
SVM: hyperlink_gcn,moveon,MIXED,MIXED
SVM: hyperlink_gcn,muslimskeptic,LOW,MIXED
SVM: hyperlink_gcn,myrtlebeachleader,MIXED,MIXED
SVM: hyperlink_gcn,nashvillestandard,MIXED,MIXED
SVM: hyperlink_gcn,nationalassociationofscholars,MIXED,MIXED
SVM: hyperlink_gcn,nationalcenterforpublicpolicyresearch,MIXED,MIXED
SVM: hyperlink_gcn,naturalresourcegovernanceinstitute,HIGH,HIGH
SVM: hyperlink_gcn,ncbusinessdaily,MIXED,MIXED
SVM: hyperlink_gcn,ncmississippinews,MIXED,MIXED
SVM: hyperlink_gcn,nealabamanews,MIXED,MIXED
SVM: hyperlink_gcn,neatlantanews,MIXED,MIXED
SVM: hyperlink_gcn,necalinews,MIXED,MIXED
SVM: hyperlink_gcn,nelouisiananews,MIXED,MIXED
SVM: hyperlink_gcn,nepiedmontnews,MIXED,MIXED
SVM: hyperlink_gcn,nikopolnews,LOW,MIXED
SVM: hyperlink_gcn,ninefornews,LOW,MIXED
SVM: hyperlink_gcn,northbirminghamtimes,MIXED,MIXED
SVM: hyperlink_gcn,northcolumbusnews,MIXED,MIXED
SVM: hyperlink_gcn,northcooknews,MIXED,HIGH
SVM: hyperlink_gcn,northdakotabusinessdaily,MIXED,MIXED
SVM: hyperlink_gcn,northessexnews,MIXED,MIXED
SVM: hyperlink_gcn,northindynews,MIXED,MIXED
SVM: hyperlink_gcn,northkentuckynews,MIXED,MIXED
SVM: hyperlink_gcn,northoctimes,MIXED,MIXED
SVM: hyperlink_gcn,northpalmbeachtoday,MIXED,MIXED
SVM: hyperlink_gcn,novosibirsknews,LOW,MIXED
SVM: hyperlink_gcn,nunavutnews,HIGH,MIXED
SVM: hyperlink_gcn,nwillinoisnews,MIXED,MIXED
SVM: hyperlink_gcn,nwkentuckynews,MIXED,MIXED
SVM: hyperlink_gcn,nwlatimes,MIXED,MIXED
SVM: hyperlink_gcn,nwminnesotanews,MIXED,MIXED
SVM: hyperlink_gcn,nwvalleytimes,MIXED,MIXED
SVM: hyperlink_gcn,oceancountyleader,MIXED,MIXED
SVM: hyperlink_gcn,odessanews,LOW,MIXED
SVM: hyperlink_gcn,offthegridnews,MIXED,MIXED
SVM: hyperlink_gcn,offthepress,MIXED,HIGH
SVM: hyperlink_gcn,ohmymag,MIXED,MIXED
SVM: hyperlink_gcn,origo,MIXED,MIXED
SVM: hyperlink_gcn,orinocotribune,LOW,MIXED
SVM: hyperlink_gcn,outerbankstimes,MIXED,MIXED
SVM: hyperlink_gcn,pacificpundit,LOW,MIXED
SVM: hyperlink_gcn,palmettostatenews,MIXED,MIXED
SVM: hyperlink_gcn,pamedia,HIGH,MIXED
SVM: hyperlink_gcn,panamacityreporter,MIXED,MIXED
SVM: hyperlink_gcn,parentsdefendingeducation,MIXED,MIXED
SVM: hyperlink_gcn,pascoreporter,MIXED,MIXED
SVM: hyperlink_gcn,passaictoday,MIXED,MIXED
SVM: hyperlink_gcn,patriotfetch,LOW,MIXED
SVM: hyperlink_gcn,peacegardennews,MIXED,MIXED
SVM: hyperlink_gcn,peoriajournalstar,HIGH,MIXED
SVM: hyperlink_gcn,pharmavoice,HIGH,MIXED
SVM: hyperlink_gcn,pinehursttoday,MIXED,MIXED
SVM: hyperlink_gcn,pioneervalleyadvocate,HIGH,MIXED
SVM: hyperlink_gcn,politicalanimalnews,MIXED,MIXED
SVM: hyperlink_gcn,portagetimes,MIXED,MIXED
SVM: hyperlink_gcn,portlandcourant,MIXED,MIXED
SVM: hyperlink_gcn,prairiestatewire,MIXED,MIXED
SVM: hyperlink_gcn,pravdacanada,LOW,MIXED
SVM: hyperlink_gcn,pravdaitalia,LOW,MIXED
SVM: hyperlink_gcn,pravdanato,LOW,MIXED
SVM: hyperlink_gcn,presidentialhill,LOW,MIXED
SVM: hyperlink_gcn,projectveritas,MIXED,MIXED
SVM: hyperlink_gcn,providencereporter,MIXED,MIXED
SVM: hyperlink_gcn,pueblapost,MIXED,MIXED
SVM: hyperlink_gcn,punchingbagpost,MIXED,MIXED
SVM: hyperlink_gcn,rabbleca,HIGH,HIGH
SVM: hyperlink_gcn,radar,LOW,MIXED
SVM: hyperlink_gcn,randcorporation,HIGH,MIXED
SVM: hyperlink_gcn,rapidcityjournal,HIGH,MIXED
SVM: hyperlink_gcn,rationalground,MIXED,MIXED
SVM: hyperlink_gcn,rationalwiki,HIGH,HIGH
SVM: hyperlink_gcn,rawstory,HIGH,MIXED
SVM: hyperlink_gcn,readingchronicle,HIGH,MIXED
SVM: hyperlink_gcn,realnewsnetwork,HIGH,MIXED
SVM: hyperlink_gcn,realnewsnow,LOW,MIXED
SVM: hyperlink_gcn,reclaimthenet,MIXED,MIXED
SVM: hyperlink_gcn,redicetv,LOW,MIXED
SVM: hyperlink_gcn,redorbit,MIXED,MIXED
SVM: hyperlink_gcn,redoubtnews,MIXED,MIXED
SVM: hyperlink_gcn,redwoodempirenews,MIXED,MIXED
SVM: hyperlink_gcn,remingtonresearchgroup,HIGH,MIXED
SVM: hyperlink_gcn,renogazettejournal,HIGH,MIXED
SVM: hyperlink_gcn,renoreporter,MIXED,MIXED
SVM: hyperlink_gcn,republicandaily,MIXED,MIXED
SVM: hyperlink_gcn,restaurantdive,HIGH,MIXED
SVM: hyperlink_gcn,restoreamericanglory,MIXED,MIXED
SVM: hyperlink_gcn,revcomus,MIXED,MIXED
SVM: hyperlink_gcn,revolver,MIXED,MIXED
SVM: hyperlink_gcn,rianovosti,LOW,MIXED
SVM: hyperlink_gcn,richmondside,HIGH,MIXED
SVM: hyperlink_gcn,ricochet,MIXED,HIGH
SVM: hyperlink_gcn,rightnewswire,MIXED,MIXED
SVM: hyperlink_gcn,riverdalepress,HIGH,MIXED
SVM: hyperlink_gcn,rivervalleytoday,MIXED,MIXED
SVM: hyperlink_gcn,rockymounttelegram,HIGH,MIXED
SVM: hyperlink_gcn,russiainsider,LOW,MIXED
SVM: hyperlink_gcn,salemradionetworknews,HIGH,MIXED
SVM: hyperlink_gcn,sandhillstoday,MIXED,MIXED
SVM: hyperlink_gcn,saultthisweek,HIGH,MIXED
SVM: hyperlink_gcn,savannahmorningnews,HIGH,MIXED
SVM: hyperlink_gcn,savejersey,HIGH,MIXED
SVM: hyperlink_gcn,scalaskanews,MIXED,MIXED
SVM: hyperlink_gcn,scmidlandnews,MIXED,MIXED
SVM: hyperlink_gcn,scotusblog,HIGH,MIXED
SVM: hyperlink_gcn,sealaskanews,MIXED,MIXED
SVM: hyperlink_gcn,seatlantanews,MIXED,MIXED
SVM: hyperlink_gcn,sebluegrassnews,MIXED,MIXED
SVM: hyperlink_gcn,seconnecticutnews,MIXED,MIXED
SVM: hyperlink_gcn,segrandrapidsnews,MIXED,MIXED
SVM: hyperlink_gcn,sekansascitynews,MIXED,MIXED
SVM: hyperlink_gcn,sekansasnews,MIXED,MIXED
SVM: hyperlink_gcn,sekentuckynews,MIXED,MIXED
SVM: hyperlink_gcn,senorthcarolinanews,MIXED,MIXED
SVM: hyperlink_gcn,sevegasnews,MIXED,MIXED
SVM: hyperlink_gcn,showmestatetimes,MIXED,MIXED
SVM: hyperlink_gcn,shreveportreporter,MIXED,MIXED
SVM: hyperlink_gcn,shtfplancom,LOW,MIXED
SVM: hyperlink_gcn,silverstatetimes,MIXED,MIXED
SVM: hyperlink_gcn,skepticink,MIXED,MIXED
SVM: hyperlink_gcn,sludge,HIGH,MIXED
SVM: hyperlink_gcn,smokymountaintoday,MIXED,MIXED
SVM: hyperlink_gcn,somersettimes,MIXED,MIXED
SVM: hyperlink_gcn,sonsof1776,MIXED,MIXED
SVM: hyperlink_gcn,southafricatoday,MIXED,MIXED
SVM: hyperlink_gcn,southcentralpanews,MIXED,MIXED
SVM: hyperlink_gcn,southcharlottetoday,MIXED,MIXED
SVM: hyperlink_gcn,southcolumbusnews,MIXED,MIXED
SVM: hyperlink_gcn,southcooknews,MIXED,MIXED
SVM: hyperlink_gcn,southernillinoisnews,MIXED,MIXED
SVM: hyperlink_gcn,southernindianatoday,MIXED,MIXED
SVM: hyperlink_gcn,southfranklinnews,MIXED,MIXED
SVM: hyperlink_gcn,southfultontoday,MIXED,MIXED
SVM: hyperlink_gcn,southiowanews,MIXED,MIXED
SVM: hyperlink_gcn,southkentnews,MIXED,MIXED
SVM: hyperlink_gcn,southknoxvillenews,MIXED,MIXED
SVM: hyperlink_gcn,southlouisiananews,MIXED,MIXED
SVM: hyperlink_gcn,southsummitnews,MIXED,MIXED
SVM: hyperlink_gcn,southtulsatoday,MIXED,MIXED
SVM: hyperlink_gcn,southwestmontananews,MIXED,MIXED
SVM: hyperlink_gcn,southwestorangeobserver,HIGH,MIXED
SVM: hyperlink_gcn,southwestpanews,MIXED,MIXED
SVM: hyperlink_gcn,southwichitanews,MIXED,MIXED
SVM: hyperlink_gcn,springtimes,MIXED,MIXED
SVM: hyperlink_gcn,stanislausnews,MIXED,MIXED
SVM: hyperlink_gcn,staresattheworld,LOW,MIXED
SVM: hyperlink_gcn,stateline,HIGH,HIGH
SVM: hyperlink_gcn,steadfastandloyal,MIXED,MIXED
SVM: hyperlink_gcn,stjoebentonharbornews,MIXED,MIXED
SVM: hyperlink_gcn,stjohnstelegram,HIGH,MIXED
SVM: hyperlink_gcn,stopthesethings,LOW,MIXED
SVM: hyperlink_gcn,sturgiscoldwaternews,MIXED,MIXED
SVM: hyperlink_gcn,supplychaindive,HIGH,MIXED
SVM: hyperlink_gcn,surgutnews,LOW,MIXED
SVM: hyperlink_gcn,survivalnews1,LOW,MIXED
SVM: hyperlink_gcn,swalaskanews,MIXED,MIXED
SVM: hyperlink_gcn,swcoloradonews,MIXED,MIXED
SVM: hyperlink_gcn,swmissourinews,MIXED,MIXED
SVM: hyperlink_gcn,swoklahomanews,MIXED,MIXED
SVM: hyperlink_gcn,swriversidenews,MIXED,MIXED
SVM: hyperlink_gcn,techstartups,MIXED,MIXED
SVM: hyperlink_gcn,tenthamendmentcenter,MIXED,MIXED
SVM: hyperlink_gcn,tfppwire,MIXED,MIXED
SVM: hyperlink_gcn,tharawatmagazine,HIGH,MIXED
SVM: hyperlink_gcn,theblacksphere,MIXED,MIXED
SVM: hyperlink_gcn,theconservativebrief,MIXED,MIXED
SVM: hyperlink_gcn,thedailyadda,MIXED,MIXED
SVM: hyperlink_gcn,thedispatch,HIGH,MIXED
SVM: hyperlink_gcn,thefreedomtimes,LOW,MIXED
SVM: hyperlink_gcn,thefreepress,MIXED,MIXED
SVM: hyperlink_gcn,thegoldwater,LOW,MIXED
SVM: hyperlink_gcn,thejoeroganexperience,MIXED,MIXED
SVM: hyperlink_gcn,thelaughclub,LOW,MIXED
SVM: hyperlink_gcn,theliberalireland,LOW,MIXED
SVM: hyperlink_gcn,thelibertydaily,MIXED,MIXED
SVM: hyperlink_gcn,thenationaluae,MIXED,MIXED
SVM: hyperlink_gcn,thenevadan,MIXED,MIXED
SVM: hyperlink_gcn,thepalestinechronicle,HIGH,MIXED
SVM: hyperlink_gcn,thepatriotnurse,MIXED,MIXED
SVM: hyperlink_gcn,thequartering,LOW,MIXED
SVM: hyperlink_gcn,therightscoop,MIXED,MIXED
SVM: hyperlink_gcn,thesarkariform,MIXED,MIXED
SVM: hyperlink_gcn,thescoop,MIXED,HIGH
SVM: hyperlink_gcn,thesolutionsproject,HIGH,MIXED
SVM: hyperlink_gcn,thesouthafrican,HIGH,HIGH
SVM: hyperlink_gcn,thespinoff,HIGH,MIXED
SVM: hyperlink_gcn,theunionjournal,LOW,MIXED
SVM: hyperlink_gcn,thewisconsinindependent,MIXED,MIXED
SVM: hyperlink_gcn,thisdaylive,HIGH,MIXED
SVM: hyperlink_gcn,tmz,MIXED,MIXED
SVM: hyperlink_gcn,tobacconewswire,MIXED,MIXED
SVM: hyperlink_gcn,toofab,MIXED,MIXED
SVM: hyperlink_gcn,torreonpost,MIXED,MIXED
SVM: hyperlink_gcn,towncountrymagazine,HIGH,MIXED
SVM: hyperlink_gcn,tradingeconomics,HIGH,MIXED
SVM: hyperlink_gcn,transgendertrend,LOW,MIXED
SVM: hyperlink_gcn,trendingpolitics,LOW,MIXED
SVM: hyperlink_gcn,trumptrainnews,MIXED,MIXED
SVM: hyperlink_gcn,truthforhealthfoundation,LOW,MIXED
SVM: hyperlink_gcn,tulsastandard,MIXED,MIXED
SVM: hyperlink_gcn,turningpointusafaith,LOW,MIXED
SVM: hyperlink_gcn,tuscaloosaleader,MIXED,MIXED
SVM: hyperlink_gcn,usatoday,HIGH,MIXED
SVM: hyperlink_gcn,vaccineimpact,LOW,MIXED
SVM: hyperlink_gcn,vaccineinjurynews,LOW,MIXED
SVM: hyperlink_gcn,valeursactuelles,MIXED,MIXED
SVM: hyperlink_gcn,vanityfair,HIGH,MIXED
SVM: hyperlink_gcn,vintoncountycourier,HIGH,MIXED
SVM: hyperlink_gcn,voiceofamerica,HIGH,MIXED
SVM: hyperlink_gcn,waltonfamilyfoundation,HIGH,MIXED
SVM: hyperlink_gcn,warnerrobinstoday,MIXED,MIXED
SVM: hyperlink_gcn,washingtonmonthly,HIGH,HIGH
SVM: hyperlink_gcn,wataugademocrat,HIGH,MIXED
SVM: hyperlink_gcn,wcminnesotanews,MIXED,MIXED
SVM: hyperlink_gcn,weatherforddemocrat,HIGH,MIXED
SVM: hyperlink_gcn,webertimes,MIXED,MIXED
SVM: hyperlink_gcn,westatlantanews,MIXED,MIXED
SVM: hyperlink_gcn,westcentralpanews,MIXED,MIXED
SVM: hyperlink_gcn,westcentralreporter,MIXED,MIXED
SVM: hyperlink_gcn,westchesterreporter,MIXED,MIXED
SVM: hyperlink_gcn,westernmassnews,HIGH,MIXED
SVM: hyperlink_gcn,westernndnews,MIXED,MIXED
SVM: hyperlink_gcn,westlatimes,MIXED,MIXED
SVM: hyperlink_gcn,westnynews,MIXED,MIXED
SVM: hyperlink_gcn,westoctimes,MIXED,MIXED
SVM: hyperlink_gcn,westpdxtoday,MIXED,MIXED
SVM: hyperlink_gcn,westslcnews,MIXED,MIXED
SVM: hyperlink_gcn,westwakenews,MIXED,MIXED
SVM: hyperlink_gcn,wiartonecho,HIGH,MIXED
SVM: hyperlink_gcn,williamsonnews,MIXED,MIXED
SVM: hyperlink_gcn,wiregrasstimes,MIXED,MIXED
SVM: hyperlink_gcn,witherspooninstitute,LOW,MIXED
SVM: hyperlink_gcn,wltreport,LOW,MIXED
SVM: hyperlink_gcn,woflfox35orlando,HIGH,MIXED
SVM: hyperlink_gcn,woodstocksentinelreview,HIGH,MIXED
SVM: hyperlink_gcn,worldnetdaily,LOW,MIXED
SVM: hyperlink_gcn,wpnmleipsicnews,HIGH,MIXED
SVM: hyperlink_gcn,wwtn997fmnashville,MIXED,MIXED
SVM: hyperlink_gcn,xinhuaenglish,MIXED,MIXED
SVM: hyperlink_gcn,yadkinripple,HIGH,MIXED
SVM: hyperlink_gcn,yankeeinstituteforpublicpolicy,HIGH,MIXED
SVM: hyperlink_gcn,yukonnews,HIGH,MIXED
SVM: hyperlink_gcn,z3news,LOW,MIXED
SVM: hyperlink_sage,100fedup,LOW,HIGH
SVM: hyperlink_sage,404media,HIGH,HIGH
SVM: hyperlink_sage,7news,MIXED,MIXED
SVM: hyperlink_sage,972magazine,HIGH,MIXED
SVM: hyperlink_sage,abakannews,LOW,MIXED
SVM: hyperlink_sage,abc11eyewitnessnews,HIGH,MIXED
SVM: hyperlink_sage,actforamerica,LOW,HIGH
SVM: hyperlink_sage,adamsnews,LOW,MIXED
SVM: hyperlink_sage,adareporter,MIXED,HIGH
SVM: hyperlink_sage,adfontesmedia,HIGH,HIGH
SVM: hyperlink_sage,airdriecityview,HIGH,HIGH
SVM: hyperlink_sage,akronreporter,MIXED,HIGH
SVM: hyperlink_sage,albuquerquejournal,HIGH,MIXED
SVM: hyperlink_sage,alohastatenews,MIXED,HIGH
SVM: hyperlink_sage,amandla,HIGH,MIXED
SVM: hyperlink_sage,americanaffairsjournal,HIGH,HIGH
SVM: hyperlink_sage,americancenterforlawjustice,MIXED,MIXED
SVM: hyperlink_sage,americangulag,LOW,HIGH
SVM: hyperlink_sage,americanpatriotdaily,LOW,MIXED
SVM: hyperlink_sage,americansunitedforseparationofchurchandstate,HIGH,HIGH
SVM: hyperlink_sage,amnestyinternational,HIGH,MIXED
SVM: hyperlink_sage,analyticsindiamagazine,HIGH,HIGH
SVM: hyperlink_sage,annarbortimes,MIXED,MIXED
SVM: hyperlink_sage,anokatimes,MIXED,HIGH
SVM: hyperlink_sage,aptnnationalnews,HIGH,HIGH
SVM: hyperlink_sage,arizonacapitoltimes,HIGH,HIGH
SVM: hyperlink_sage,arizonarepublic,HIGH,MIXED
SVM: hyperlink_sage,arlingtonheightsdailyherald,HIGH,MIXED
SVM: hyperlink_sage,armedforcespress,LOW,HIGH
SVM: hyperlink_sage,armstrongeconomics,MIXED,MIXED
SVM: hyperlink_sage,armytimes,HIGH,HIGH
SVM: hyperlink_sage,ashevillereporter,MIXED,HIGH
SVM: hyperlink_sage,asiatimes,HIGH,HIGH
SVM: hyperlink_sage,atlantablackstar,HIGH,HIGH
SVM: hyperlink_sage,atlantic,HIGH,MIXED
SVM: hyperlink_sage,atlasintel,HIGH,HIGH
SVM: hyperlink_sage,automotivedive,HIGH,HIGH
SVM: hyperlink_sage,autulu,LOW,MIXED
SVM: hyperlink_sage,bajacaliforniapost,MIXED,HIGH
SVM: hyperlink_sage,baldwintimes,MIXED,HIGH
SVM: hyperlink_sage,banburyguardian,HIGH,MIXED
SVM: hyperlink_sage,bartlesvilleexaminerenterprise,HIGH,MIXED
SVM: hyperlink_sage,bdnews24,MIXED,MIXED
SVM: hyperlink_sage,beehivestatenews,MIXED,HIGH
SVM: hyperlink_sage,belfercenterforscienceandinternationalaffairs,HIGH,MIXED
SVM: hyperlink_sage,berdyansknews,LOW,MIXED
SVM: hyperlink_sage,berkscountynews,MIXED,HIGH
SVM: hyperlink_sage,biasednews,LOW,HIGH
SVM: hyperlink_sage,bignewsnetwork,HIGH,HIGH
SVM: hyperlink_sage,billmoyerscom,HIGH,MIXED
SVM: hyperlink_sage,billtrack50,HIGH,HIGH
SVM: hyperlink_sage,bipartisanpolicycenter,HIGH,HIGH
SVM: hyperlink_sage,birminghamworld,HIGH,HIGH
SVM: hyperlink_sage,blacknews,MIXED,MIXED
SVM: hyperlink_sage,bloomingtonheraldtimes,HIGH,MIXED
SVM: hyperlink_sage,bloomingtonleader,MIXED,MIXED
SVM: hyperlink_sage,boisecitywire,MIXED,MIXED
SVM: hyperlink_sage,bongino,MIXED,MIXED
SVM: hyperlink_sage,borgenmagazine,HIGH,HIGH
SVM: hyperlink_sage,borgenproject,HIGH,HIGH
SVM: hyperlink_sage,bostonglobe,HIGH,HIGH
SVM: hyperlink_sage,bothellreporter,HIGH,HIGH
SVM: hyperlink_sage,brevardsun,MIXED,HIGH
SVM: hyperlink_sage,buckeyereporter,MIXED,HIGH
SVM: hyperlink_sage,buckscountycouriertimes,HIGH,MIXED
SVM: hyperlink_sage,bucyrustelegraphforum,HIGH,MIXED
SVM: hyperlink_sage,burlingtonreporter,MIXED,HIGH
SVM: hyperlink_sage,c19ivermectin,MIXED,MIXED
SVM: hyperlink_sage,cabarrustoday,MIXED,HIGH
SVM: hyperlink_sage,calgarysun,HIGH,HIGH
SVM: hyperlink_sage,californiacollapsenews,LOW,HIGH
SVM: hyperlink_sage,californiapoliticalreview,HIGH,HIGH
SVM: hyperlink_sage,cambriatimes,MIXED,HIGH
SVM: hyperlink_sage,campechepost,MIXED,HIGH
SVM: hyperlink_sage,cantonrepository,HIGH,MIXED
SVM: hyperlink_sage,castoradvance,HIGH,MIXED
SVM: hyperlink_sage,catholictribunemichigan,MIXED,MIXED
SVM: hyperlink_sage,catholictribuneminnesota,MIXED,MIXED
SVM: hyperlink_sage,cctvinternational,MIXED,MIXED
SVM: hyperlink_sage,censortrack,MIXED,HIGH
SVM: hyperlink_sage,centerforamericanprogress,MIXED,HIGH
SVM: hyperlink_sage,centerforsecuritypolicy,MIXED,HIGH
SVM: hyperlink_sage,centralchestertoday,MIXED,HIGH
SVM: hyperlink_sage,centralidahotimes,MIXED,HIGH
SVM: hyperlink_sage,chambanasun,MIXED,HIGH
SVM: hyperlink_sage,changeresearch,HIGH,HIGH
SVM: hyperlink_sage,checkyourfact,HIGH,MIXED
SVM: hyperlink_sage,cheddar,HIGH,HIGH
SVM: hyperlink_sage,chinadaily,MIXED,MIXED
SVM: hyperlink_sage,ciodive,HIGH,MIXED
SVM: hyperlink_sage,citizentruth,HIGH,HIGH
SVM: hyperlink_sage,citynewstoronto,HIGH,MIXED
SVM: hyperlink_sage,clarionledger,HIGH,MIXED
SVM: hyperlink_sage,clarkforkvalleypress,HIGH,MIXED
SVM: hyperlink_sage,clayreporter,MIXED,HIGH
SVM: hyperlink_sage,cleantechnica,HIGH,HIGH
SVM: hyperlink_sage,climaterealism,LOW,HIGH
SVM: hyperlink_sage,climatesciencepolicywatch,HIGH,MIXED
SVM: hyperlink_sage,co2coalition,LOW,HIGH
SVM: hyperlink_sage,coalregionnews,MIXED,HIGH
SVM: hyperlink_sage,coconinonews,MIXED,HIGH
SVM: hyperlink_sage,codastory,HIGH,HIGH
SVM: hyperlink_sage,collintimes,MIXED,HIGH
SVM: hyperlink_sage,coloradofreepress,LOW,HIGH
SVM: hyperlink_sage,columbiajournalismreview,HIGH,MIXED
SVM: hyperlink_sage,comicsands,MIXED,MIXED
SVM: hyperlink_sage,commentarymagazine,HIGH,HIGH
SVM: hyperlink_sage,concernedwomenforamerica,LOW,MIXED
SVM: hyperlink_sage,conchovalleynews,MIXED,HIGH
SVM: hyperlink_sage,concordledger,MIXED,HIGH
SVM: hyperlink_sage,conservativefiringline,LOW,HIGH
SVM: hyperlink_sage,conservativeopinion,MIXED,HIGH
SVM: hyperlink_sage,conservativeplaylist,LOW,MIXED
SVM: hyperlink_sage,conservativeundergroundnews,MIXED,MIXED
SVM: hyperlink_sage,constructiondive,HIGH,MIXED
SVM: hyperlink_sage,countercurrentsorg,HIGH,HIGH
SVM: hyperlink_sage,crawfordtimes,MIXED,HIGH
SVM: hyperlink_sage,creationevolutionheadlines,LOW,HIGH
SVM: hyperlink_sage,creationministriesinternational,LOW,HIGH
SVM: hyperlink_sage,crossexaminedorg,LOW,HIGH
SVM: hyperlink_sage,cstoredive,HIGH,MIXED
SVM: hyperlink_sage,cursor,MIXED,HIGH
SVM: hyperlink_sage,cygnalpolling,HIGH,HIGH
SVM: hyperlink_sage,dagestannews,LOW,MIXED
SVM: hyperlink_sage,dailyburlington,MIXED,MIXED
SVM: hyperlink_sage,dailydot,HIGH,MIXED
SVM: hyperlink_sage,dailyflowermound,MIXED,MIXED
SVM: hyperlink_sage,dailyjanesville,MIXED,MIXED
SVM: hyperlink_sage,dailykos,MIXED,MIXED
SVM: hyperlink_sage,dailymcallen,MIXED,MIXED
SVM: hyperlink_sage,dailynewbraunfels,MIXED,MIXED
SVM: hyperlink_sage,dailyo,MIXED,MIXED
SVM: hyperlink_sage,dailypress,HIGH,MIXED
SVM: hyperlink_sage,dailyroundrock,MIXED,MIXED
SVM: hyperlink_sage,dailyspokanevalley,MIXED,MIXED
SVM: hyperlink_sage,dailytacoma,MIXED,MIXED
SVM: hyperlink_sage,dailytorch,HIGH,HIGH
SVM: hyperlink_sage,dailyveracity,LOW,HIGH
SVM: hyperlink_sage,dartmouthtimes,MIXED,HIGH
SVM: hyperlink_sage,dauphinnews,MIXED,HIGH
SVM: hyperlink_sage,daventryexpress,HIGH,MIXED
SVM: hyperlink_sage,davistimes,MIXED,HIGH
SVM: hyperlink_sage,defector,HIGH,HIGH
SVM: hyperlink_sage,defenddemocracypress,MIXED,MIXED
SVM: hyperlink_sage,defenseworldnet,HIGH,MIXED
SVM: hyperlink_sage,dekalbdailychronicle,HIGH,MIXED
SVM: hyperlink_sage,delawareonlinethenewsjournal,HIGH,MIXED
SVM: hyperlink_sage,democracyfundvoice,HIGH,MIXED
SVM: hyperlink_sage,democratandchronicle,HIGH,MIXED
SVM: hyperlink_sage,demstate,LOW,MIXED
SVM: hyperlink_sage,derstatus,LOW,HIGH
SVM: hyperlink_sage,desantisdaily,MIXED,MIXED
SVM: hyperlink_sage,deseretnews,HIGH,MIXED
SVM: hyperlink_sage,desmoinessun,MIXED,HIGH
SVM: hyperlink_sage,digg,HIGH,MIXED
SVM: hyperlink_sage,digitimesasia,HIGH,HIGH
SVM: hyperlink_sage,discoveryinstitute,LOW,MIXED
SVM: hyperlink_sage,dissentmagazine,HIGH,MIXED
SVM: hyperlink_sage,doctorswithoutborders,HIGH,MIXED
SVM: hyperlink_sage,donbasscenter,LOW,MIXED
SVM: hyperlink_sage,download,LOW,MIXED
SVM: hyperlink_sage,downsizingthefederalgovernment,HIGH,MIXED
SVM: hyperlink_sage,druthers,LOW,HIGH
SVM: hyperlink_sage,dubuquetimes,MIXED,MIXED
SVM: hyperlink_sage,duluthnewstribune,HIGH,MIXED
SVM: hyperlink_sage,dzen,MIXED,HIGH
SVM: hyperlink_sage,earthorg,HIGH,HIGH
SVM: hyperlink_sage,eastcentralreporter,MIXED,HIGH
SVM: hyperlink_sage,eastlondonandwestessexguardian,HIGH,HIGH
SVM: hyperlink_sage,eastpanhandlenews,MIXED,HIGH
SVM: hyperlink_sage,eastsandiegonews,MIXED,MIXED
SVM: hyperlink_sage,eastwaketimes,MIXED,HIGH
SVM: hyperlink_sage,ecmississippinews,MIXED,HIGH
SVM: hyperlink_sage,ecoklahomanews,MIXED,HIGH
SVM: hyperlink_sage,ecowatch,HIGH,MIXED
SVM: hyperlink_sage,educationdailywire,MIXED,MIXED
SVM: hyperlink_sage,egyptianstreets,MIXED,MIXED
SVM: hyperlink_sage,electronicintifada,HIGH,MIXED
SVM: hyperlink_sage,elkodailyfreepress,HIGH,MIXED
SVM: hyperlink_sage,ellwoodcityledger,HIGH,MIXED
SVM: hyperlink_sage,emirates247,MIXED,MIXED
SVM: hyperlink_sage,enchantmentstatenews,MIXED,HIGH
SVM: hyperlink_sage,endthefed,LOW,MIXED
SVM: hyperlink_sage,enews,HIGH,HIGH
SVM: hyperlink_sage,entertainmentweekly,HIGH,HIGH
SVM: hyperlink_sage,esquiremagazine,MIXED,MIXED
SVM: hyperlink_sage,euvsdisinfo,HIGH,HIGH
SVM: hyperlink_sage,eviemagazine,LOW,HIGH
SVM: hyperlink_sage,facilitiesdive,HIGH,MIXED
SVM: hyperlink_sage,factcheckni,HIGH,MIXED
SVM: hyperlink_sage,factsnet,MIXED,HIGH
SVM: hyperlink_sage,faithfreedomcoalition,MIXED,MIXED
SVM: hyperlink_sage,fargostandard,MIXED,HIGH
SVM: hyperlink_sage,farsnewsagency,MIXED,MIXED
SVM: hyperlink_sage,fdesouche,MIXED,MIXED
SVM: hyperlink_sage,financialtechtimes,HIGH,MIXED
SVM: hyperlink_sage,fivenation,LOW,MIXED
SVM: hyperlink_sage,focusonthefamily,LOW,HIGH
SVM: hyperlink_sage,fortsmithtimes,MIXED,MIXED
SVM: hyperlink_sage,fostersdailydemocrat,HIGH,MIXED
SVM: hyperlink_sage,frankspeech,LOW,HIGH
SVM: hyperlink_sage,freedomfromreligionfoundation,MIXED,MIXED
SVM: hyperlink_sage,fremontnewsmessenger,HIGH,HIGH
SVM: hyperlink_sage,freshoffthepress,MIXED,MIXED
SVM: hyperlink_sage,friatiderfreetimes,LOW,MIXED
SVM: hyperlink_sage,frontpagemagazine,LOW,HIGH
SVM: hyperlink_sage,frontpagenewspaper,MIXED,MIXED
SVM: hyperlink_sage,gaysagainstgroomers,LOW,HIGH
SVM: hyperlink_sage,gbnewsuk,MIXED,MIXED
SVM: hyperlink_sage,gellerreport,LOW,HIGH
SVM: hyperlink_sage,geopoliticalintelligenceservices,HIGH,HIGH
SVM: hyperlink_sage,georgiamountainnews,MIXED,HIGH
SVM: hyperlink_sage,georgiarecord,LOW,HIGH
SVM: hyperlink_sage,ghost,MIXED,HIGH
SVM: hyperlink_sage,glasgowtimes,HIGH,HIGH
SVM: hyperlink_sage,goderichsignalstar,HIGH,MIXED
SVM: hyperlink_sage,gooddaybrownsville,MIXED,MIXED
SVM: hyperlink_sage,gooddayportangeles,MIXED,MIXED
SVM: hyperlink_sage,gooddayvancouver,MIXED,MIXED
SVM: hyperlink_sage,gopusa,MIXED,HIGH
SVM: hyperlink_sage,grandjunctiontimes,MIXED,HIGH
SVM: hyperlink_sage,granitegrok,LOW,HIGH
SVM: hyperlink_sage,greenevillesun,HIGH,MIXED
SVM: hyperlink_sage,greenlininginstitute,HIGH,HIGH
SVM: hyperlink_sage,grundyreporter,MIXED,HIGH
SVM: hyperlink_sage,gzeromedia,HIGH,MIXED
SVM: hyperlink_sage,happyvalleytimes,MIXED,HIGH
SVM: hyperlink_sage,headlineusa,MIXED,HIGH
SVM: hyperlink_sage,heartlandinstitute,LOW,HIGH
SVM: hyperlink_sage,helensburghadvertiser,HIGH,HIGH
SVM: hyperlink_sage,herbsnews,LOW,HIGH
SVM: hyperlink_sage,heritagefoundation,MIXED,MIXED
SVM: hyperlink_sage,hongkongfreepress,HIGH,HIGH
SVM: hyperlink_sage,hopekinsvilletimes,MIXED,HIGH
SVM: hyperlink_sage,hopkinsvilletimes,MIXED,MIXED
SVM: hyperlink_sage,hrdive,HIGH,MIXED
SVM: hyperlink_sage,hudsontoday,MIXED,HIGH
SVM: hyperlink_sage,huntsvilleleader,MIXED,MIXED
SVM: hyperlink_sage,illegalaliencrimereport,MIXED,HIGH
SVM: hyperlink_sage,imperialcanews,MIXED,HIGH
SVM: hyperlink_sage,indexmundi,HIGH,MIXED
SVM: hyperlink_sage,infoplease,HIGH,MIXED
SVM: hyperlink_sage,informationliberation,LOW,MIXED
SVM: hyperlink_sage,ingushetiyanews,LOW,MIXED
SVM: hyperlink_sage,instituteforthestudyofglobalizationandcovertpolitics,LOW,HIGH
SVM: hyperlink_sage,intellectualtakeout,MIXED,HIGH
SVM: hyperlink_sage,intelli,MIXED,MIXED
SVM: hyperlink_sage,investigatewest,HIGH,HIGH
SVM: hyperlink_sage,iowacitytoday,MIXED,HIGH
SVM: hyperlink_sage,ipmnewsroom,HIGH,HIGH
SVM: hyperlink_sage,irkutsknews,LOW,MIXED
SVM: hyperlink_sage,ivermectinforcovid19,MIXED,MIXED
SVM: hyperlink_sage,jeffersoncitynews,MIXED,HIGH
SVM: hyperlink_sage,joehoft,LOW,HIGH
SVM: hyperlink_sage,kait8tv,HIGH,MIXED
SVM: hyperlink_sage,kankakeetimes,MIXED,HIGH
SVM: hyperlink_sage,kauaisun,MIXED,HIGH
SVM: hyperlink_sage,kbutnprcrestedbutte,HIGH,HIGH
SVM: hyperlink_sage,kcfcnprboulder,HIGH,HIGH
SVM: hyperlink_sage,keighleynews,HIGH,MIXED
SVM: hyperlink_sage,kentcountytimes,MIXED,HIGH
SVM: hyperlink_sage,kerncountrytimes,MIXED,HIGH
SVM: hyperlink_sage,kerncountytimes,MIXED,MIXED
SVM: hyperlink_sage,kirklandlakenorthernnews,HIGH,HIGH
SVM: hyperlink_sage,kirovnews,LOW,MIXED
SVM: hyperlink_sage,kkat860amsaltlakecity,MIXED,MIXED
SVM: hyperlink_sage,kkoh780amreno,MIXED,MIXED
SVM: hyperlink_sage,krccnprcoloradosprings,HIGH,MIXED
SVM: hyperlink_sage,kremlin,MIXED,HIGH
SVM: hyperlink_sage,kvaleugenenews,HIGH,HIGH
SVM: hyperlink_sage,laborpains,MIXED,HIGH
SVM: hyperlink_sage,lagrangedailynews,HIGH,HIGH
SVM: hyperlink_sage,laphamsquarterly,HIGH,MIXED
SVM: hyperlink_sage,laredotoday,MIXED,MIXED
SVM: hyperlink_sage,lawrencereporter,MIXED,HIGH
SVM: hyperlink_sage,lebanonpanews,MIXED,HIGH
SVM: hyperlink_sage,leftaction,LOW,HIGH
SVM: hyperlink_sage,leighjournal,HIGH,MIXED
SVM: hyperlink_sage,libsoftiktok,LOW,HIGH
SVM: hyperlink_sage,lifenews,LOW,HIGH
SVM: hyperlink_sage,lifewire,HIGH,HIGH
SVM: hyperlink_sage,limareporter,MIXED,HIGH
SVM: hyperlink_sage,livingstontoday,MIXED,MIXED
SVM: hyperlink_sage,lnrnews,LOW,HIGH
SVM: hyperlink_sage,logically,HIGH,MIXED
SVM: hyperlink_sage,louisvillecitywire,MIXED,MIXED
SVM: hyperlink_sage,ludlowadvertiser,HIGH,MIXED
SVM: hyperlink_sage,lugansknews,LOW,MIXED
SVM: hyperlink_sage,magadannews,LOW,MIXED
SVM: hyperlink_sage,magicvalleytimes,MIXED,MIXED
SVM: hyperlink_sage,magnoliastatenews,MIXED,HIGH
SVM: hyperlink_sage,manilabusinessdaily,MIXED,MIXED
SVM: hyperlink_sage,marylandbusinessdaily,MIXED,MIXED
SVM: hyperlink_sage,mauireporter,MIXED,MIXED
SVM: hyperlink_sage,mazatlanpost,MIXED,HIGH
SVM: hyperlink_sage,mediamatters,HIGH,HIGH
SVM: hyperlink_sage,merrimackvalleynews,MIXED,HIGH
SVM: hyperlink_sage,metricmedia,MIXED,HIGH
SVM: hyperlink_sage,metroweekly,HIGH,MIXED
SVM: hyperlink_sage,miamistandard,MIXED,HIGH
SVM: hyperlink_sage,midcoasttoday,MIXED,MIXED
SVM: hyperlink_sage,middleeastinstitute,HIGH,MIXED
SVM: hyperlink_sage,middleeastmediaresearchinstitutememri,MIXED,MIXED
SVM: hyperlink_sage,middleeastnewsagency,MIXED,MIXED
SVM: hyperlink_sage,midnorthmonitor,HIGH,MIXED
SVM: hyperlink_sage,minnesotabusinessdaily,MIXED,MIXED
SVM: hyperlink_sage,minnesotasun,MIXED,MIXED
SVM: hyperlink_sage,misionverdad,MIXED,HIGH
SVM: hyperlink_sage,mitchelladvocate,HIGH,MIXED
SVM: hyperlink_sage,mohawkvalleytimes,MIXED,HIGH
SVM: hyperlink_sage,moldovanews,LOW,MIXED
SVM: hyperlink_sage,monmouthtimes,MIXED,HIGH
SVM: hyperlink_sage,monroecountynews,MIXED,HIGH
SVM: hyperlink_sage,monterreydailypost,MIXED,HIGH
SVM: hyperlink_sage,morningmurfreesboro,MIXED,MIXED
SVM: hyperlink_sage,morrisleader,MIXED,HIGH
SVM: hyperlink_sage,moskvanews,LOW,MIXED
SVM: hyperlink_sage,moveon,MIXED,HIGH
SVM: hyperlink_sage,muslimskeptic,LOW,MIXED
SVM: hyperlink_sage,myrtlebeachleader,MIXED,HIGH
SVM: hyperlink_sage,nashvillestandard,MIXED,HIGH
SVM: hyperlink_sage,nationalassociationofscholars,MIXED,HIGH
SVM: hyperlink_sage,nationalcenterforpublicpolicyresearch,MIXED,MIXED
SVM: hyperlink_sage,naturalresourcegovernanceinstitute,HIGH,HIGH
SVM: hyperlink_sage,ncbusinessdaily,MIXED,MIXED
SVM: hyperlink_sage,ncmississippinews,MIXED,HIGH
SVM: hyperlink_sage,nealabamanews,MIXED,MIXED
SVM: hyperlink_sage,neatlantanews,MIXED,HIGH
SVM: hyperlink_sage,necalinews,MIXED,MIXED
SVM: hyperlink_sage,nelouisiananews,MIXED,MIXED
SVM: hyperlink_sage,nepiedmontnews,MIXED,HIGH
SVM: hyperlink_sage,nikopolnews,LOW,MIXED
SVM: hyperlink_sage,ninefornews,LOW,HIGH
SVM: hyperlink_sage,northbirminghamtimes,MIXED,MIXED
SVM: hyperlink_sage,northcolumbusnews,MIXED,HIGH
SVM: hyperlink_sage,northcooknews,MIXED,HIGH
SVM: hyperlink_sage,northdakotabusinessdaily,MIXED,MIXED
SVM: hyperlink_sage,northessexnews,MIXED,HIGH
SVM: hyperlink_sage,northindynews,MIXED,HIGH
SVM: hyperlink_sage,northkentuckynews,MIXED,MIXED
SVM: hyperlink_sage,northoctimes,MIXED,HIGH
SVM: hyperlink_sage,northpalmbeachtoday,MIXED,HIGH
SVM: hyperlink_sage,novosibirsknews,LOW,MIXED
SVM: hyperlink_sage,nunavutnews,HIGH,HIGH
SVM: hyperlink_sage,nwillinoisnews,MIXED,HIGH
SVM: hyperlink_sage,nwkentuckynews,MIXED,MIXED
SVM: hyperlink_sage,nwlatimes,MIXED,HIGH
SVM: hyperlink_sage,nwminnesotanews,MIXED,HIGH
SVM: hyperlink_sage,nwvalleytimes,MIXED,HIGH
SVM: hyperlink_sage,oceancountyleader,MIXED,HIGH
SVM: hyperlink_sage,odessanews,LOW,MIXED
SVM: hyperlink_sage,offthegridnews,MIXED,HIGH
SVM: hyperlink_sage,offthepress,MIXED,HIGH
SVM: hyperlink_sage,ohmymag,MIXED,MIXED
SVM: hyperlink_sage,origo,MIXED,MIXED
SVM: hyperlink_sage,orinocotribune,LOW,HIGH
SVM: hyperlink_sage,outerbankstimes,MIXED,HIGH
SVM: hyperlink_sage,pacificpundit,LOW,HIGH
SVM: hyperlink_sage,palmettostatenews,MIXED,HIGH
SVM: hyperlink_sage,pamedia,HIGH,HIGH
SVM: hyperlink_sage,panamacityreporter,MIXED,MIXED
SVM: hyperlink_sage,parentsdefendingeducation,MIXED,HIGH
SVM: hyperlink_sage,pascoreporter,MIXED,HIGH
SVM: hyperlink_sage,passaictoday,MIXED,MIXED
SVM: hyperlink_sage,patriotfetch,LOW,HIGH
SVM: hyperlink_sage,peacegardennews,MIXED,HIGH
SVM: hyperlink_sage,peoriajournalstar,HIGH,HIGH
SVM: hyperlink_sage,pharmavoice,HIGH,HIGH
SVM: hyperlink_sage,pinehursttoday,MIXED,HIGH
SVM: hyperlink_sage,pioneervalleyadvocate,HIGH,HIGH
SVM: hyperlink_sage,politicalanimalnews,MIXED,MIXED
SVM: hyperlink_sage,portagetimes,MIXED,HIGH
SVM: hyperlink_sage,portlandcourant,MIXED,HIGH
SVM: hyperlink_sage,prairiestatewire,MIXED,MIXED
SVM: hyperlink_sage,pravdacanada,LOW,MIXED
SVM: hyperlink_sage,pravdaitalia,LOW,MIXED
SVM: hyperlink_sage,pravdanato,LOW,MIXED
SVM: hyperlink_sage,presidentialhill,LOW,HIGH
SVM: hyperlink_sage,projectveritas,MIXED,HIGH
SVM: hyperlink_sage,providencereporter,MIXED,HIGH
SVM: hyperlink_sage,pueblapost,MIXED,HIGH
SVM: hyperlink_sage,punchingbagpost,MIXED,HIGH
SVM: hyperlink_sage,rabbleca,HIGH,HIGH
SVM: hyperlink_sage,radar,LOW,MIXED
SVM: hyperlink_sage,randcorporation,HIGH,HIGH
SVM: hyperlink_sage,rapidcityjournal,HIGH,MIXED
SVM: hyperlink_sage,rationalground,MIXED,HIGH
SVM: hyperlink_sage,rationalwiki,HIGH,HIGH
SVM: hyperlink_sage,rawstory,HIGH,HIGH
SVM: hyperlink_sage,readingchronicle,HIGH,HIGH
SVM: hyperlink_sage,realnewsnetwork,HIGH,MIXED
SVM: hyperlink_sage,realnewsnow,LOW,MIXED
SVM: hyperlink_sage,reclaimthenet,MIXED,HIGH
SVM: hyperlink_sage,redicetv,LOW,HIGH
SVM: hyperlink_sage,redorbit,MIXED,HIGH
SVM: hyperlink_sage,redoubtnews,MIXED,MIXED
SVM: hyperlink_sage,redwoodempirenews,MIXED,HIGH
SVM: hyperlink_sage,remingtonresearchgroup,HIGH,MIXED
SVM: hyperlink_sage,renogazettejournal,HIGH,MIXED
SVM: hyperlink_sage,renoreporter,MIXED,HIGH
SVM: hyperlink_sage,republicandaily,MIXED,MIXED
SVM: hyperlink_sage,restaurantdive,HIGH,HIGH
SVM: hyperlink_sage,restoreamericanglory,MIXED,MIXED
SVM: hyperlink_sage,revcomus,MIXED,MIXED
SVM: hyperlink_sage,revolver,MIXED,HIGH
SVM: hyperlink_sage,rianovosti,LOW,HIGH
SVM: hyperlink_sage,richmondside,HIGH,HIGH
SVM: hyperlink_sage,ricochet,MIXED,HIGH
SVM: hyperlink_sage,rightnewswire,MIXED,HIGH
SVM: hyperlink_sage,riverdalepress,HIGH,HIGH
SVM: hyperlink_sage,rivervalleytoday,MIXED,HIGH
SVM: hyperlink_sage,rockymounttelegram,HIGH,HIGH
SVM: hyperlink_sage,russiainsider,LOW,HIGH
SVM: hyperlink_sage,salemradionetworknews,HIGH,HIGH
SVM: hyperlink_sage,sandhillstoday,MIXED,HIGH
SVM: hyperlink_sage,saultthisweek,HIGH,MIXED
SVM: hyperlink_sage,savannahmorningnews,HIGH,MIXED
SVM: hyperlink_sage,savejersey,HIGH,HIGH
SVM: hyperlink_sage,scalaskanews,MIXED,HIGH
SVM: hyperlink_sage,scmidlandnews,MIXED,HIGH
SVM: hyperlink_sage,scotusblog,HIGH,HIGH
SVM: hyperlink_sage,sealaskanews,MIXED,HIGH
SVM: hyperlink_sage,seatlantanews,MIXED,HIGH
SVM: hyperlink_sage,sebluegrassnews,MIXED,HIGH
SVM: hyperlink_sage,seconnecticutnews,MIXED,MIXED
SVM: hyperlink_sage,segrandrapidsnews,MIXED,HIGH
SVM: hyperlink_sage,sekansascitynews,MIXED,HIGH
SVM: hyperlink_sage,sekansasnews,MIXED,HIGH
SVM: hyperlink_sage,sekentuckynews,MIXED,HIGH
SVM: hyperlink_sage,senorthcarolinanews,MIXED,HIGH
SVM: hyperlink_sage,sevegasnews,MIXED,HIGH
SVM: hyperlink_sage,showmestatetimes,MIXED,HIGH
SVM: hyperlink_sage,shreveportreporter,MIXED,MIXED
SVM: hyperlink_sage,shtfplancom,LOW,HIGH
SVM: hyperlink_sage,silverstatetimes,MIXED,HIGH
SVM: hyperlink_sage,skepticink,MIXED,MIXED
SVM: hyperlink_sage,sludge,HIGH,MIXED
SVM: hyperlink_sage,smokymountaintoday,MIXED,HIGH
SVM: hyperlink_sage,somersettimes,MIXED,HIGH
SVM: hyperlink_sage,sonsof1776,MIXED,HIGH
SVM: hyperlink_sage,southafricatoday,MIXED,HIGH
SVM: hyperlink_sage,southcentralpanews,MIXED,HIGH
SVM: hyperlink_sage,southcharlottetoday,MIXED,HIGH
SVM: hyperlink_sage,southcolumbusnews,MIXED,HIGH
SVM: hyperlink_sage,southcooknews,MIXED,HIGH
SVM: hyperlink_sage,southernillinoisnews,MIXED,HIGH
SVM: hyperlink_sage,southernindianatoday,MIXED,MIXED
SVM: hyperlink_sage,southfranklinnews,MIXED,HIGH
SVM: hyperlink_sage,southfultontoday,MIXED,HIGH
SVM: hyperlink_sage,southiowanews,MIXED,HIGH
SVM: hyperlink_sage,southkentnews,MIXED,HIGH
SVM: hyperlink_sage,southknoxvillenews,MIXED,HIGH
SVM: hyperlink_sage,southlouisiananews,MIXED,MIXED
SVM: hyperlink_sage,southsummitnews,MIXED,HIGH
SVM: hyperlink_sage,southtulsatoday,MIXED,HIGH
SVM: hyperlink_sage,southwestmontananews,MIXED,HIGH
SVM: hyperlink_sage,southwestorangeobserver,HIGH,MIXED
SVM: hyperlink_sage,southwestpanews,MIXED,HIGH
SVM: hyperlink_sage,southwichitanews,MIXED,MIXED
SVM: hyperlink_sage,springtimes,MIXED,HIGH
SVM: hyperlink_sage,stanislausnews,MIXED,MIXED
SVM: hyperlink_sage,staresattheworld,LOW,MIXED
SVM: hyperlink_sage,stateline,HIGH,HIGH
SVM: hyperlink_sage,steadfastandloyal,MIXED,MIXED
SVM: hyperlink_sage,stjoebentonharbornews,MIXED,HIGH
SVM: hyperlink_sage,stjohnstelegram,HIGH,HIGH
SVM: hyperlink_sage,stopthesethings,LOW,HIGH
SVM: hyperlink_sage,sturgiscoldwaternews,MIXED,HIGH
SVM: hyperlink_sage,supplychaindive,HIGH,MIXED
SVM: hyperlink_sage,surgutnews,LOW,MIXED
SVM: hyperlink_sage,survivalnews1,LOW,HIGH
SVM: hyperlink_sage,swalaskanews,MIXED,HIGH
SVM: hyperlink_sage,swcoloradonews,MIXED,MIXED
SVM: hyperlink_sage,swmissourinews,MIXED,HIGH
SVM: hyperlink_sage,swoklahomanews,MIXED,HIGH
SVM: hyperlink_sage,swriversidenews,MIXED,HIGH
SVM: hyperlink_sage,techstartups,MIXED,HIGH
SVM: hyperlink_sage,tenthamendmentcenter,MIXED,HIGH
SVM: hyperlink_sage,tfppwire,MIXED,HIGH
SVM: hyperlink_sage,tharawatmagazine,HIGH,MIXED
SVM: hyperlink_sage,theblacksphere,MIXED,HIGH
SVM: hyperlink_sage,theconservativebrief,MIXED,HIGH
SVM: hyperlink_sage,thedailyadda,MIXED,MIXED
SVM: hyperlink_sage,thedispatch,HIGH,MIXED
SVM: hyperlink_sage,thefreedomtimes,LOW,MIXED
SVM: hyperlink_sage,thefreepress,MIXED,HIGH
SVM: hyperlink_sage,thegoldwater,LOW,HIGH
SVM: hyperlink_sage,thejoeroganexperience,MIXED,MIXED
SVM: hyperlink_sage,thelaughclub,LOW,MIXED
SVM: hyperlink_sage,theliberalireland,LOW,MIXED
SVM: hyperlink_sage,thelibertydaily,MIXED,MIXED
SVM: hyperlink_sage,thenationaluae,MIXED,HIGH
SVM: hyperlink_sage,thenevadan,MIXED,HIGH
SVM: hyperlink_sage,thepalestinechronicle,HIGH,MIXED
SVM: hyperlink_sage,thepatriotnurse,MIXED,HIGH
SVM: hyperlink_sage,thequartering,LOW,MIXED
SVM: hyperlink_sage,therightscoop,MIXED,HIGH
SVM: hyperlink_sage,thesarkariform,MIXED,MIXED
SVM: hyperlink_sage,thescoop,MIXED,HIGH
SVM: hyperlink_sage,thesolutionsproject,HIGH,HIGH
SVM: hyperlink_sage,thesouthafrican,HIGH,HIGH
SVM: hyperlink_sage,thespinoff,HIGH,HIGH
SVM: hyperlink_sage,theunionjournal,LOW,HIGH
SVM: hyperlink_sage,thewisconsinindependent,MIXED,HIGH
SVM: hyperlink_sage,thisdaylive,HIGH,MIXED
SVM: hyperlink_sage,tmz,MIXED,MIXED
SVM: hyperlink_sage,tobacconewswire,MIXED,MIXED
SVM: hyperlink_sage,toofab,MIXED,MIXED
SVM: hyperlink_sage,torreonpost,MIXED,HIGH
SVM: hyperlink_sage,towncountrymagazine,HIGH,MIXED
SVM: hyperlink_sage,tradingeconomics,HIGH,HIGH
SVM: hyperlink_sage,transgendertrend,LOW,MIXED
SVM: hyperlink_sage,trendingpolitics,LOW,MIXED
SVM: hyperlink_sage,trumptrainnews,MIXED,MIXED
SVM: hyperlink_sage,truthforhealthfoundation,LOW,HIGH
SVM: hyperlink_sage,tulsastandard,MIXED,HIGH
SVM: hyperlink_sage,turningpointusafaith,LOW,MIXED
SVM: hyperlink_sage,tuscaloosaleader,MIXED,MIXED
SVM: hyperlink_sage,usatoday,HIGH,HIGH
SVM: hyperlink_sage,vaccineimpact,LOW,MIXED
SVM: hyperlink_sage,vaccineinjurynews,LOW,HIGH
SVM: hyperlink_sage,valeursactuelles,MIXED,MIXED
SVM: hyperlink_sage,vanityfair,HIGH,HIGH
SVM: hyperlink_sage,vintoncountycourier,HIGH,MIXED
SVM: hyperlink_sage,voiceofamerica,HIGH,MIXED
SVM: hyperlink_sage,waltonfamilyfoundation,HIGH,MIXED
SVM: hyperlink_sage,warnerrobinstoday,MIXED,MIXED
SVM: hyperlink_sage,washingtonmonthly,HIGH,HIGH
SVM: hyperlink_sage,wataugademocrat,HIGH,HIGH
SVM: hyperlink_sage,wcminnesotanews,MIXED,HIGH
SVM: hyperlink_sage,weatherforddemocrat,HIGH,HIGH
SVM: hyperlink_sage,webertimes,MIXED,HIGH
SVM: hyperlink_sage,westatlantanews,MIXED,HIGH
SVM: hyperlink_sage,westcentralpanews,MIXED,HIGH
SVM: hyperlink_sage,westcentralreporter,MIXED,HIGH
SVM: hyperlink_sage,westchesterreporter,MIXED,HIGH
SVM: hyperlink_sage,westernmassnews,HIGH,MIXED
SVM: hyperlink_sage,westernndnews,MIXED,HIGH
SVM: hyperlink_sage,westlatimes,MIXED,MIXED
SVM: hyperlink_sage,westnynews,MIXED,HIGH
SVM: hyperlink_sage,westoctimes,MIXED,MIXED
SVM: hyperlink_sage,westpdxtoday,MIXED,HIGH
SVM: hyperlink_sage,westslcnews,MIXED,HIGH
SVM: hyperlink_sage,westwakenews,MIXED,HIGH
SVM: hyperlink_sage,wiartonecho,HIGH,MIXED
SVM: hyperlink_sage,williamsonnews,MIXED,HIGH
SVM: hyperlink_sage,wiregrasstimes,MIXED,MIXED
SVM: hyperlink_sage,witherspooninstitute,LOW,HIGH
SVM: hyperlink_sage,wltreport,LOW,HIGH
SVM: hyperlink_sage,woflfox35orlando,HIGH,HIGH
SVM: hyperlink_sage,woodstocksentinelreview,HIGH,HIGH
SVM: hyperlink_sage,worldnetdaily,LOW,HIGH
SVM: hyperlink_sage,wpnmleipsicnews,HIGH,MIXED
SVM: hyperlink_sage,wwtn997fmnashville,MIXED,MIXED
SVM: hyperlink_sage,xinhuaenglish,MIXED,HIGH
SVM: hyperlink_sage,yadkinripple,HIGH,MIXED
SVM: hyperlink_sage,yankeeinstituteforpublicpolicy,HIGH,HIGH
SVM: hyperlink_sage,yukonnews,HIGH,MIXED
SVM: hyperlink_sage,z3news,LOW,MIXED
