experiment,key,truth,pred
SVM: alexa_gcn,100fedup,right,right
SVM: alexa_gcn,404media,left-center,right-center
SVM: alexa_gcn,7news,right-center,right
SVM: alexa_gcn,972magazine,left-center,right-center
SVM: alexa_gcn,abakannews,right,right-center
SVM: alexa_gcn,abc11eyewitnessnews,left-center,right-center
SVM: alexa_gcn,actforamerica,right,right-center
SVM: alexa_gcn,adamsnews,right,right-center
SVM: alexa_gcn,adareporter,right-center,right-center
SVM: alexa_gcn,adfontesmedia,center,right-center
SVM: alexa_gcn,airdriecityview,left-center,right-center
SVM: alexa_gcn,akronreporter,right-center,right-center
SVM: alexa_gcn,albuquerquejournal,right-center,right-center
SVM: alexa_gcn,alohastatenews,right-center,right-center
SVM: alexa_gcn,amandla,left,right-center
SVM: alexa_gcn,americanaffairsjournal,right-center,right-center
SVM: alexa_gcn,americancenterforlawjustice,right,right-center
SVM: alexa_gcn,americangulag,right,right-center
SVM: alexa_gcn,americanpatriotdaily,right,right-center
SVM: alexa_gcn,americansunitedforseparationofchurchandstate,left,right-center
SVM: alexa_gcn,amnestyinternational,left-center,right-center
SVM: alexa_gcn,analyticsindiamagazine,right-center,right-center
SVM: alexa_gcn,annarbortimes,right-center,right-center
SVM: alexa_gcn,anokatimes,right-center,right-center
SVM: alexa_gcn,aptnnationalnews,left-center,right-center
SVM: alexa_gcn,arizonacapitoltimes,left-center,right-center
SVM: alexa_gcn,arizonarepublic,left-center,right-center
SVM: alexa_gcn,arlingtonheightsdailyherald,right-center,right-center
SVM: alexa_gcn,armedforcespress,right,right-center
SVM: alexa_gcn,armstrongeconomics,right,right-center
SVM: alexa_gcn,armytimes,center,right-center
SVM: alexa_gcn,ashevillereporter,right-center,right-center
SVM: alexa_gcn,asiatimes,center,right-center
SVM: alexa_gcn,atlantablackstar,left-center,right
SVM: alexa_gcn,atlantic,left-center,right-center
SVM: alexa_gcn,atlasintel,center,right-center
SVM: alexa_gcn,automotivedive,center,right-center
SVM: alexa_gcn,autulu,center,right-center
SVM: alexa_gcn,bajacaliforniapost,left-center,right-center
SVM: alexa_gcn,baldwintimes,right-center,right-center
SVM: alexa_gcn,banburyguardian,center,right-center
SVM: alexa_gcn,bartlesvilleexaminerenterprise,left-center,right-center
SVM: alexa_gcn,bdnews24,left-center,right-center
SVM: alexa_gcn,beehivestatenews,right-center,right-center
SVM: alexa_gcn,belfercenterforscienceandinternationalaffairs,left-center,right-center
SVM: alexa_gcn,berdyansknews,right,right-center
SVM: alexa_gcn,berkscountynews,right-center,right-center
SVM: alexa_gcn,biasednews,right,right-center
SVM: alexa_gcn,bignewsnetwork,center,right-center
SVM: alexa_gcn,billmoyerscom,left,right-center
SVM: alexa_gcn,billtrack50,center,right-center
SVM: alexa_gcn,bipartisanpolicycenter,right-center,right-center
SVM: alexa_gcn,birminghamworld,center,right-center
SVM: alexa_gcn,blacknews,left,right-center
SVM: alexa_gcn,bloomingtonheraldtimes,left-center,right-center
SVM: alexa_gcn,bloomingtonleader,right-center,right-center
SVM: alexa_gcn,boisecitywire,right-center,right-center
SVM: alexa_gcn,bongino,right,right-center
SVM: alexa_gcn,borgenmagazine,left-center,right-center
SVM: alexa_gcn,borgenproject,left-center,right-center
SVM: alexa_gcn,bostonglobe,left-center,right-center
SVM: alexa_gcn,bothellreporter,center,right-center
SVM: alexa_gcn,brevardsun,right-center,right-center
SVM: alexa_gcn,buckeyereporter,right-center,right-center
SVM: alexa_gcn,buckscountycouriertimes,left-center,right-center
SVM: alexa_gcn,bucyrustelegraphforum,left-center,right-center
SVM: alexa_gcn,burlingtonreporter,right-center,right-center
SVM: alexa_gcn,c19ivermectin,right,right-center
SVM: alexa_gcn,cabarrustoday,right-center,right-center
SVM: alexa_gcn,calgarysun,right-center,right-center
SVM: alexa_gcn,californiacollapsenews,right,right-center
SVM: alexa_gcn,californiapoliticalreview,right-center,right-center
SVM: alexa_gcn,cambriatimes,right-center,right-center
SVM: alexa_gcn,campechepost,left-center,right-center
SVM: alexa_gcn,cantonrepository,left-center,right-center
SVM: alexa_gcn,castoradvance,left-center,right-center
SVM: alexa_gcn,catholictribunemichigan,right-center,right-center
SVM: alexa_gcn,catholictribuneminnesota,right-center,right-center
SVM: alexa_gcn,cctvinternational,left-center,right-center
SVM: alexa_gcn,censortrack,right,right-center
SVM: alexa_gcn,centerforamericanprogress,left,right-center
SVM: alexa_gcn,centerforsecuritypolicy,right,right-center
SVM: alexa_gcn,centralchestertoday,right-center,right-center
SVM: alexa_gcn,centralidahotimes,right-center,right-center
SVM: alexa_gcn,chambanasun,right-center,right-center
SVM: alexa_gcn,changeresearch,left,right-center
SVM: alexa_gcn,checkyourfact,right-center,right-center
SVM: alexa_gcn,cheddar,left-center,right-center
SVM: alexa_gcn,chinadaily,left,right
SVM: alexa_gcn,ciodive,center,right-center
SVM: alexa_gcn,citizentruth,left-center,right-center
SVM: alexa_gcn,citynewstoronto,center,right-center
SVM: alexa_gcn,clarionledger,left-center,right-center
SVM: alexa_gcn,clarkforkvalleypress,center,right-center
SVM: alexa_gcn,clayreporter,right-center,right-center
SVM: alexa_gcn,cleantechnica,left-center,right-center
SVM: alexa_gcn,climaterealism,right,right-center
SVM: alexa_gcn,climatesciencepolicywatch,left-center,right-center
SVM: alexa_gcn,co2coalition,right,right-center
SVM: alexa_gcn,coalregionnews,right-center,right-center
SVM: alexa_gcn,coconinonews,right-center,right-center
SVM: alexa_gcn,codastory,left,right-center
SVM: alexa_gcn,collintimes,right-center,right-center
SVM: alexa_gcn,coloradofreepress,right,right-center
SVM: alexa_gcn,columbiajournalismreview,left-center,right-center
SVM: alexa_gcn,comicsands,left,right-center
SVM: alexa_gcn,commentarymagazine,right,right-center
SVM: alexa_gcn,concernedwomenforamerica,right,right-center
SVM: alexa_gcn,conchovalleynews,right-center,right-center
SVM: alexa_gcn,concordledger,right-center,right-center
SVM: alexa_gcn,conservativefiringline,right,right-center
SVM: alexa_gcn,conservativeopinion,right,right-center
SVM: alexa_gcn,conservativeplaylist,right,right-center
SVM: alexa_gcn,conservativeundergroundnews,right,right-center
SVM: alexa_gcn,constructiondive,center,right-center
SVM: alexa_gcn,countercurrentsorg,left,right
SVM: alexa_gcn,crawfordtimes,right-center,right-center
SVM: alexa_gcn,creationevolutionheadlines,right,right-center
SVM: alexa_gcn,creationministriesinternational,right,right-center
SVM: alexa_gcn,crossexaminedorg,right,right-center
SVM: alexa_gcn,cstoredive,center,right-center
SVM: alexa_gcn,cursor,left-center,right-center
SVM: alexa_gcn,cygnalpolling,right-center,right-center
SVM: alexa_gcn,dagestannews,right,right-center
SVM: alexa_gcn,dailyburlington,center,right-center
SVM: alexa_gcn,dailydot,left,right-center
SVM: alexa_gcn,dailyflowermound,center,right-center
SVM: alexa_gcn,dailyjanesville,center,right-center
SVM: alexa_gcn,dailykos,left,right-center
SVM: alexa_gcn,dailymcallen,center,right-center
SVM: alexa_gcn,dailynewbraunfels,center,right-center
SVM: alexa_gcn,dailyo,right-center,right-center
SVM: alexa_gcn,dailypress,right-center,right-center
SVM: alexa_gcn,dailyroundrock,center,right-center
SVM: alexa_gcn,dailyspokanevalley,center,right-center
SVM: alexa_gcn,dailytacoma,center,right-center
SVM: alexa_gcn,dailytorch,right,right-center
SVM: alexa_gcn,dailyveracity,right,right-center
SVM: alexa_gcn,dartmouthtimes,right-center,right-center
SVM: alexa_gcn,dauphinnews,right-center,right-center
SVM: alexa_gcn,daventryexpress,center,right-center
SVM: alexa_gcn,davistimes,right-center,right-center
SVM: alexa_gcn,defector,left-center,right-center
SVM: alexa_gcn,defenddemocracypress,left,right-center
SVM: alexa_gcn,defenseworldnet,center,right
SVM: alexa_gcn,dekalbdailychronicle,center,right-center
SVM: alexa_gcn,delawareonlinethenewsjournal,left-center,right-center
SVM: alexa_gcn,democracyfundvoice,left-center,right-center
SVM: alexa_gcn,democratandchronicle,left-center,right
SVM: alexa_gcn,demstate,right-center,right-center
SVM: alexa_gcn,derstatus,right,right-center
SVM: alexa_gcn,desantisdaily,right,right-center
SVM: alexa_gcn,deseretnews,right-center,right-center
SVM: alexa_gcn,desmoinessun,right-center,right-center
SVM: alexa_gcn,digg,left-center,right-center
SVM: alexa_gcn,digitimesasia,center,right-center
SVM: alexa_gcn,discoveryinstitute,right,right-center
SVM: alexa_gcn,dissentmagazine,left,right
SVM: alexa_gcn,doctorswithoutborders,center,right-center
SVM: alexa_gcn,donbasscenter,right,right-center
SVM: alexa_gcn,download,right,right-center
SVM: alexa_gcn,downsizingthefederalgovernment,right-center,right-center
SVM: alexa_gcn,druthers,right,right-center
SVM: alexa_gcn,dubuquetimes,right-center,right-center
SVM: alexa_gcn,duluthnewstribune,center,right-center
SVM: alexa_gcn,dzen,right-center,right-center
SVM: alexa_gcn,earthorg,left-center,right-center
SVM: alexa_gcn,eastcentralreporter,right-center,right-center
SVM: alexa_gcn,eastlondonandwestessexguardian,center,right-center
SVM: alexa_gcn,eastpanhandlenews,right-center,right-center
SVM: alexa_gcn,eastsandiegonews,right-center,right-center
SVM: alexa_gcn,eastwaketimes,right-center,right-center
SVM: alexa_gcn,ecmississippinews,right-center,right-center
SVM: alexa_gcn,ecoklahomanews,right-center,right-center
SVM: alexa_gcn,ecowatch,left,right-center
SVM: alexa_gcn,educationdailywire,right-center,right-center
SVM: alexa_gcn,egyptianstreets,left-center,right-center
SVM: alexa_gcn,electronicintifada,left,right-center
SVM: alexa_gcn,elkodailyfreepress,center,right-center
SVM: alexa_gcn,ellwoodcityledger,left-center,right-center
SVM: alexa_gcn,emirates247,right-center,right-center
SVM: alexa_gcn,enchantmentstatenews,right-center,right-center
SVM: alexa_gcn,endthefed,right,right-center
SVM: alexa_gcn,enews,center,right-center
SVM: alexa_gcn,entertainmentweekly,left-center,right-center
SVM: alexa_gcn,esquiremagazine,left,right-center
SVM: alexa_gcn,euvsdisinfo,left-center,right-center
SVM: alexa_gcn,eviemagazine,right,right-center
SVM: alexa_gcn,facilitiesdive,center,right-center
SVM: alexa_gcn,factcheckni,center,right-center
SVM: alexa_gcn,factsnet,center,right-center
SVM: alexa_gcn,faithfreedomcoalition,right,right-center
SVM: alexa_gcn,fargostandard,right-center,right-center
SVM: alexa_gcn,farsnewsagency,left-center,right-center
SVM: alexa_gcn,fdesouche,right,right-center
SVM: alexa_gcn,financialtechtimes,left-center,right-center
SVM: alexa_gcn,fivenation,right,right-center
SVM: alexa_gcn,focusonthefamily,right,right-center
SVM: alexa_gcn,fortsmithtimes,right-center,right-center
SVM: alexa_gcn,fostersdailydemocrat,center,right-center
SVM: alexa_gcn,frankspeech,right,right-center
SVM: alexa_gcn,freedomfromreligionfoundation,left,right-center
SVM: alexa_gcn,fremontnewsmessenger,left-center,right-center
SVM: alexa_gcn,freshoffthepress,right,right-center
SVM: alexa_gcn,friatiderfreetimes,right,right-center
SVM: alexa_gcn,frontpagemagazine,right,right-center
SVM: alexa_gcn,frontpagenewspaper,right-center,right-center
SVM: alexa_gcn,gaysagainstgroomers,right,right-center
SVM: alexa_gcn,gbnewsuk,right,right-center
SVM: alexa_gcn,gellerreport,right,right-center
SVM: alexa_gcn,geopoliticalintelligenceservices,right-center,right-center
SVM: alexa_gcn,georgiamountainnews,right-center,right-center
SVM: alexa_gcn,georgiarecord,right,right-center
SVM: alexa_gcn,ghost,right,right-center
SVM: alexa_gcn,glasgowtimes,center,right-center
SVM: alexa_gcn,goderichsignalstar,right-center,right-center
SVM: alexa_gcn,gooddaybrownsville,center,right-center
SVM: alexa_gcn,gooddayportangeles,center,right-center
SVM: alexa_gcn,gooddayvancouver,center,right-center
SVM: alexa_gcn,gopusa,right,right-center
SVM: alexa_gcn,grandjunctiontimes,right-center,right-center
SVM: alexa_gcn,granitegrok,right,right-center
SVM: alexa_gcn,greenevillesun,left-center,right-center
SVM: alexa_gcn,greenlininginstitute,left,right-center
SVM: alexa_gcn,grundyreporter,right-center,right-center
SVM: alexa_gcn,gzeromedia,left-center,right-center
SVM: alexa_gcn,happyvalleytimes,right-center,right-center
SVM: alexa_gcn,headlineusa,right,right-center
SVM: alexa_gcn,heartlandinstitute,right,right-center
SVM: alexa_gcn,helensburghadvertiser,center,right-center
SVM: alexa_gcn,herbsnews,right,right-center
SVM: alexa_gcn,heritagefoundation,right,right-center
SVM: alexa_gcn,hongkongfreepress,left-center,right-center
SVM: alexa_gcn,hopekinsvilletimes,right-center,right-center
SVM: alexa_gcn,hopkinsvilletimes,right-center,right-center
SVM: alexa_gcn,hrdive,center,right-center
SVM: alexa_gcn,hudsontoday,right-center,right-center
SVM: alexa_gcn,huntsvilleleader,right-center,right-center
SVM: alexa_gcn,illegalaliencrimereport,right,right-center
SVM: alexa_gcn,imperialcanews,right-center,right-center
SVM: alexa_gcn,indexmundi,center,right-center
SVM: alexa_gcn,infoplease,left-center,right-center
SVM: alexa_gcn,informationliberation,right,right-center
SVM: alexa_gcn,ingushetiyanews,right,right-center
SVM: alexa_gcn,instituteforthestudyofglobalizationandcovertpolitics,right,right-center
SVM: alexa_gcn,intellectualtakeout,right,right-center
SVM: alexa_gcn,intelli,center,right-center
SVM: alexa_gcn,investigatewest,left-center,right-center
SVM: alexa_gcn,iowacitytoday,right-center,right-center
SVM: alexa_gcn,ipmnewsroom,left-center,right-center
SVM: alexa_gcn,irkutsknews,right,right-center
SVM: alexa_gcn,ivermectinforcovid19,right,right-center
SVM: alexa_gcn,jeffersoncitynews,right-center,right-center
SVM: alexa_gcn,joehoft,right,right-center
SVM: alexa_gcn,kait8tv,center,right-center
SVM: alexa_gcn,kankakeetimes,right-center,right-center
SVM: alexa_gcn,kauaisun,right-center,right-center
SVM: alexa_gcn,kbutnprcrestedbutte,left-center,right-center
SVM: alexa_gcn,kcfcnprboulder,left-center,right-center
SVM: alexa_gcn,keighleynews,center,right-center
SVM: alexa_gcn,kentcountytimes,right-center,right-center
SVM: alexa_gcn,kerncountrytimes,right-center,right-center
SVM: alexa_gcn,kerncountytimes,right-center,right-center
SVM: alexa_gcn,kirklandlakenorthernnews,right-center,right-center
SVM: alexa_gcn,kirovnews,right,right-center
SVM: alexa_gcn,kkat860amsaltlakecity,right,right-center
SVM: alexa_gcn,kkoh780amreno,right,right-center
SVM: alexa_gcn,krccnprcoloradosprings,left-center,right-center
SVM: alexa_gcn,kremlin,right-center,right-center
SVM: alexa_gcn,kvaleugenenews,right-center,right-center
SVM: alexa_gcn,laborpains,right,right-center
SVM: alexa_gcn,lagrangedailynews,right-center,right-center
SVM: alexa_gcn,laphamsquarterly,left-center,right-center
SVM: alexa_gcn,laredotoday,center,right-center
SVM: alexa_gcn,lawrencereporter,right-center,right-center
SVM: alexa_gcn,lebanonpanews,right-center,right-center
SVM: alexa_gcn,leftaction,left,right-center
SVM: alexa_gcn,leighjournal,center,right-center
SVM: alexa_gcn,libsoftiktok,right,right-center
SVM: alexa_gcn,lifenews,right,right-center
SVM: alexa_gcn,lifewire,center,right-center
SVM: alexa_gcn,limareporter,right-center,right-center
SVM: alexa_gcn,livingstontoday,right-center,right-center
SVM: alexa_gcn,lnrnews,right,right-center
SVM: alexa_gcn,logically,center,right-center
SVM: alexa_gcn,louisvillecitywire,right-center,right-center
SVM: alexa_gcn,ludlowadvertiser,center,right-center
SVM: alexa_gcn,lugansknews,right,right-center
SVM: alexa_gcn,magadannews,right,right-center
SVM: alexa_gcn,magicvalleytimes,right-center,right-center
SVM: alexa_gcn,magnoliastatenews,right-center,right-center
SVM: alexa_gcn,manilabusinessdaily,right-center,right-center
SVM: alexa_gcn,marylandbusinessdaily,right-center,right-center
SVM: alexa_gcn,mauireporter,right-center,right-center
SVM: alexa_gcn,mazatlanpost,left-center,right-center
SVM: alexa_gcn,mediamatters,left,right
SVM: alexa_gcn,merrimackvalleynews,right-center,right-center
SVM: alexa_gcn,metricmedia,right-center,right-center
SVM: alexa_gcn,metroweekly,left,right-center
SVM: alexa_gcn,miamistandard,right,right-center
SVM: alexa_gcn,midcoasttoday,right-center,right-center
SVM: alexa_gcn,middleeastinstitute,center,right-center
SVM: alexa_gcn,middleeastmediaresearchinstitutememri,right,right-center
SVM: alexa_gcn,middleeastnewsagency,right-center,right-center
SVM: alexa_gcn,midnorthmonitor,right-center,right-center
SVM: alexa_gcn,minnesotabusinessdaily,right-center,right-center
SVM: alexa_gcn,minnesotasun,right,right-center
SVM: alexa_gcn,misionverdad,left,right-center
SVM: alexa_gcn,mitchelladvocate,right-center,right-center
SVM: alexa_gcn,mohawkvalleytimes,right-center,right-center
SVM: alexa_gcn,moldovanews,right,right-center
SVM: alexa_gcn,monmouthtimes,right-center,right-center
SVM: alexa_gcn,monroecountynews,right-center,right-center
SVM: alexa_gcn,monterreydailypost,left-center,right-center
SVM: alexa_gcn,morningmurfreesboro,center,right-center
SVM: alexa_gcn,morrisleader,right-center,right-center
SVM: alexa_gcn,moskvanews,right,right-center
SVM: alexa_gcn,moveon,left,right-center
SVM: alexa_gcn,muslimskeptic,right,right-center
SVM: alexa_gcn,myrtlebeachleader,right-center,right-center
SVM: alexa_gcn,nashvillestandard,right-center,right-center
SVM: alexa_gcn,nationalassociationofscholars,right,right-center
SVM: alexa_gcn,nationalcenterforpublicpolicyresearch,right,right-center
SVM: alexa_gcn,naturalresourcegovernanceinstitute,left-center,right-center
SVM: alexa_gcn,ncbusinessdaily,right-center,right-center
SVM: alexa_gcn,ncmississippinews,right-center,right-center
SVM: alexa_gcn,nealabamanews,right-center,right-center
SVM: alexa_gcn,neatlantanews,right-center,right-center
SVM: alexa_gcn,necalinews,right-center,right-center
SVM: alexa_gcn,nelouisiananews,right-center,right-center
SVM: alexa_gcn,nepiedmontnews,right-center,right-center
SVM: alexa_gcn,nikopolnews,right,right-center
SVM: alexa_gcn,ninefornews,right,right-center
SVM: alexa_gcn,northbirminghamtimes,right-center,right-center
SVM: alexa_gcn,northcolumbusnews,right-center,right-center
SVM: alexa_gcn,northcooknews,right-center,right-center
SVM: alexa_gcn,northdakotabusinessdaily,right-center,right-center
SVM: alexa_gcn,northessexnews,right-center,right-center
SVM: alexa_gcn,northindynews,right-center,right-center
SVM: alexa_gcn,northkentuckynews,right-center,right-center
SVM: alexa_gcn,northoctimes,right-center,right-center
SVM: alexa_gcn,northpalmbeachtoday,right-center,right-center
SVM: alexa_gcn,novosibirsknews,right,right-center
SVM: alexa_gcn,nunavutnews,left-center,right-center
SVM: alexa_gcn,nwillinoisnews,right-center,right-center
SVM: alexa_gcn,nwkentuckynews,right-center,right-center
SVM: alexa_gcn,nwlatimes,right-center,right-center
SVM: alexa_gcn,nwminnesotanews,right-center,right-center
SVM: alexa_gcn,nwvalleytimes,right-center,right-center
SVM: alexa_gcn,oceancountyleader,right-center,right-center
SVM: alexa_gcn,odessanews,right,right-center
SVM: alexa_gcn,offthegridnews,right,right-center
SVM: alexa_gcn,offthepress,right,right-center
SVM: alexa_gcn,ohmymag,center,right-center
SVM: alexa_gcn,origo,right,right-center
SVM: alexa_gcn,orinocotribune,left,right-center
SVM: alexa_gcn,outerbankstimes,right-center,right-center
SVM: alexa_gcn,pacificpundit,right,right-center
SVM: alexa_gcn,palmettostatenews,right-center,right-center
SVM: alexa_gcn,pamedia,center,right-center
SVM: alexa_gcn,panamacityreporter,right-center,right-center
SVM: alexa_gcn,parentsdefendingeducation,right,right-center
SVM: alexa_gcn,pascoreporter,right-center,right-center
SVM: alexa_gcn,passaictoday,right-center,right-center
SVM: alexa_gcn,patriotfetch,right,right-center
SVM: alexa_gcn,peacegardennews,right-center,right-center
SVM: alexa_gcn,peoriajournalstar,center,right-center
SVM: alexa_gcn,pharmavoice,center,right-center
SVM: alexa_gcn,pinehursttoday,right-center,right-center
SVM: alexa_gcn,pioneervalleyadvocate,left-center,right-center
SVM: alexa_gcn,politicalanimalnews,right,right-center
SVM: alexa_gcn,portagetimes,right-center,right-center
SVM: alexa_gcn,portlandcourant,right-center,right-center
SVM: alexa_gcn,prairiestatewire,right-center,right-center
SVM: alexa_gcn,pravdacanada,right,right-center
SVM: alexa_gcn,pravdaitalia,right,right-center
SVM: alexa_gcn,pravdanato,right,right-center
SVM: alexa_gcn,presidentialhill,right,right-center
SVM: alexa_gcn,projectveritas,right,center
SVM: alexa_gcn,providencereporter,right-center,right-center
SVM: alexa_gcn,pueblapost,left-center,right-center
SVM: alexa_gcn,punchingbagpost,right,right-center
SVM: alexa_gcn,rabbleca,left,right-center
SVM: alexa_gcn,radar,center,right
SVM: alexa_gcn,randcorporation,center,right-center
SVM: alexa_gcn,rapidcityjournal,center,right-center
SVM: alexa_gcn,rationalground,right,right-center
SVM: alexa_gcn,rationalwiki,left-center,right
SVM: alexa_gcn,rawstory,left,right-center
SVM: alexa_gcn,readingchronicle,center,right-center
SVM: alexa_gcn,realnewsnetwork,left,right-center
SVM: alexa_gcn,realnewsnow,right,right-center
SVM: alexa_gcn,reclaimthenet,right,right-center
SVM: alexa_gcn,redicetv,right,right-center
SVM: alexa_gcn,redoubtnews,right,right-center
SVM: alexa_gcn,redwoodempirenews,right-center,right-center
SVM: alexa_gcn,remingtonresearchgroup,center,right-center
SVM: alexa_gcn,renogazettejournal,left-center,right-center
SVM: alexa_gcn,renoreporter,right-center,right-center
SVM: alexa_gcn,republicandaily,right,right-center
SVM: alexa_gcn,restaurantdive,center,right-center
SVM: alexa_gcn,restoreamericanglory,right,right-center
SVM: alexa_gcn,revcomus,left,right-center
SVM: alexa_gcn,revolver,right,right-center
SVM: alexa_gcn,rianovosti,right-center,right-center
SVM: alexa_gcn,richmondside,left-center,right-center
SVM: alexa_gcn,ricochet,right,right-center
SVM: alexa_gcn,rightnewswire,right,right-center
SVM: alexa_gcn,riverdalepress,center,right-center
SVM: alexa_gcn,rivervalleytoday,right-center,right-center
SVM: alexa_gcn,rockymounttelegram,left-center,right-center
SVM: alexa_gcn,russiainsider,right,right-center
SVM: alexa_gcn,salemradionetworknews,right-center,right-center
SVM: alexa_gcn,sandhillstoday,right-center,right-center
SVM: alexa_gcn,saultthisweek,right-center,right-center
SVM: alexa_gcn,savannahmorningnews,right-center,right-center
SVM: alexa_gcn,savejersey,right,right
SVM: alexa_gcn,scalaskanews,right-center,right-center
SVM: alexa_gcn,scmidlandnews,right-center,right-center
SVM: alexa_gcn,scotusblog,center,right-center
SVM: alexa_gcn,sealaskanews,right-center,right-center
SVM: alexa_gcn,seatlantanews,right-center,right-center
SVM: alexa_gcn,sebluegrassnews,right-center,right-center
SVM: alexa_gcn,seconnecticutnews,right-center,right-center
SVM: alexa_gcn,segrandrapidsnews,right-center,right-center
SVM: alexa_gcn,sekansascitynews,right-center,right-center
SVM: alexa_gcn,sekansasnews,right-center,right-center
SVM: alexa_gcn,sekentuckynews,right-center,right-center
SVM: alexa_gcn,senorthcarolinanews,right-center,right-center
SVM: alexa_gcn,sevegasnews,right-center,right-center
SVM: alexa_gcn,showmestatetimes,right-center,right-center
SVM: alexa_gcn,shreveportreporter,right-center,right-center
SVM: alexa_gcn,shtfplancom,right,right-center
SVM: alexa_gcn,silverstatetimes,right-center,right-center
SVM: alexa_gcn,sludge,left,right-center
SVM: alexa_gcn,smokymountaintoday,right-center,right-center
SVM: alexa_gcn,somersettimes,right-center,right-center
SVM: alexa_gcn,sonsof1776,right,right-center
SVM: alexa_gcn,southafricatoday,right,right-center
SVM: alexa_gcn,southcentralpanews,right-center,right-center
SVM: alexa_gcn,southcharlottetoday,right-center,right-center
SVM: alexa_gcn,southcolumbusnews,right-center,right-center
SVM: alexa_gcn,southcooknews,right-center,right-center
SVM: alexa_gcn,southernillinoisnews,right-center,right-center
SVM: alexa_gcn,southernindianatoday,right-center,right-center
SVM: alexa_gcn,southfranklinnews,right-center,right-center
SVM: alexa_gcn,southfultontoday,right-center,right-center
SVM: alexa_gcn,southiowanews,right-center,right-center
SVM: alexa_gcn,southkentnews,right-center,right-center
SVM: alexa_gcn,southknoxvillenews,right-center,right-center
SVM: alexa_gcn,southlouisiananews,right-center,right-center
SVM: alexa_gcn,southsummitnews,right-center,right-center
SVM: alexa_gcn,southtulsatoday,right-center,right-center
SVM: alexa_gcn,southwestmontananews,right-center,right-center
SVM: alexa_gcn,southwestorangeobserver,center,right-center
SVM: alexa_gcn,southwestpanews,right-center,right-center
SVM: alexa_gcn,southwichitanews,right-center,right-center
SVM: alexa_gcn,springtimes,right-center,right-center
SVM: alexa_gcn,stanislausnews,right-center,right-center
SVM: alexa_gcn,staresattheworld,right,right-center
SVM: alexa_gcn,stateline,left,right-center
SVM: alexa_gcn,steadfastandloyal,right,right-center
SVM: alexa_gcn,stjoebentonharbornews,right-center,right-center
SVM: alexa_gcn,stjohnstelegram,right-center,right-center
SVM: alexa_gcn,stopthesethings,right,right-center
SVM: alexa_gcn,sturgiscoldwaternews,right-center,right-center
SVM: alexa_gcn,supplychaindive,center,right-center
SVM: alexa_gcn,surgutnews,right,right-center
SVM: alexa_gcn,survivalnews1,right,right-center
SVM: alexa_gcn,swalaskanews,right-center,right-center
SVM: alexa_gcn,swcoloradonews,right-center,right-center
SVM: alexa_gcn,swmissourinews,right-center,right-center
SVM: alexa_gcn,swoklahomanews,right-center,right-center
SVM: alexa_gcn,swriversidenews,right-center,right-center
SVM: alexa_gcn,techstartups,right-center,right-center
SVM: alexa_gcn,tenthamendmentcenter,right,right-center
SVM: alexa_gcn,tfppwire,right,right-center
SVM: alexa_gcn,tharawatmagazine,right-center,right-center
SVM: alexa_gcn,theblacksphere,right,right-center
SVM: alexa_gcn,theconservativebrief,right,right-center
SVM: alexa_gcn,thedailyadda,left-center,right-center
SVM: alexa_gcn,thedispatch,right-center,right-center
SVM: alexa_gcn,thefreedomtimes,right,right-center
SVM: alexa_gcn,thefreepress,right-center,right-center
SVM: alexa_gcn,thegoldwater,right,right-center
SVM: alexa_gcn,thejoeroganexperience,right-center,right-center
SVM: alexa_gcn,theliberalireland,right,right-center
SVM: alexa_gcn,thelibertydaily,right,right
SVM: alexa_gcn,thenationaluae,right-center,right
SVM: alexa_gcn,thenevadan,left-center,right-center
SVM: alexa_gcn,thepalestinechronicle,left,right-center
SVM: alexa_gcn,thepatriotnurse,right,right-center
SVM: alexa_gcn,thequartering,right,right-center
SVM: alexa_gcn,therightscoop,right,right-center
SVM: alexa_gcn,thesarkariform,left,right-center
SVM: alexa_gcn,thescoop,right,right
SVM: alexa_gcn,thesolutionsproject,left,right-center
SVM: alexa_gcn,thesouthafrican,left-center,right
SVM: alexa_gcn,thespinoff,left-center,right-center
SVM: alexa_gcn,thewisconsinindependent,left,right-center
SVM: alexa_gcn,thisdaylive,right-center,right-center
SVM: alexa_gcn,tmz,right-center,right-center
SVM: alexa_gcn,tobacconewswire,right-center,right-center
SVM: alexa_gcn,toofab,left,right-center
SVM: alexa_gcn,torreonpost,left-center,right-center
SVM: alexa_gcn,towncountrymagazine,left-center,right-center
SVM: alexa_gcn,tradingeconomics,center,right-center
SVM: alexa_gcn,transgendertrend,right,right-center
SVM: alexa_gcn,trendingpolitics,right,right
SVM: alexa_gcn,trumptrainnews,right,right-center
SVM: alexa_gcn,truthforhealthfoundation,right,right-center
SVM: alexa_gcn,tulsastandard,right-center,right-center
SVM: alexa_gcn,turningpointusafaith,right,right-center
SVM: alexa_gcn,tuscaloosaleader,right-center,right-center
SVM: alexa_gcn,usatoday,left-center,right-center
SVM: alexa_gcn,vaccineimpact,right,right
SVM: alexa_gcn,vaccineinjurynews,right,right-center
SVM: alexa_gcn,valeursactuelles,right,right-center
SVM: alexa_gcn,vanityfair,left,right-center
SVM: alexa_gcn,vintoncountycourier,left-center,right-center
SVM: alexa_gcn,voiceofamerica,center,right-center
SVM: alexa_gcn,waltonfamilyfoundation,center,right-center
SVM: alexa_gcn,warnerrobinstoday,right-center,right-center
SVM: alexa_gcn,washingtonmonthly,left-center,right-center
SVM: alexa_gcn,wataugademocrat,left-center,right-center
SVM: alexa_gcn,wcminnesotanews,right-center,right-center
SVM: alexa_gcn,weatherforddemocrat,left-center,right-center
SVM: alexa_gcn,webertimes,right-center,right-center
SVM: alexa_gcn,westatlantanews,right-center,right-center
SVM: alexa_gcn,westcentralpanews,right-center,right-center
SVM: alexa_gcn,westcentralreporter,right-center,right-center
SVM: alexa_gcn,westchesterreporter,right-center,right-center
SVM: alexa_gcn,westernmassnews,center,right-center
SVM: alexa_gcn,westernndnews,right-center,right-center
SVM: alexa_gcn,westlatimes,right-center,right-center
SVM: alexa_gcn,westnynews,right-center,right-center
SVM: alexa_gcn,westoctimes,right-center,right-center
SVM: alexa_gcn,westpdxtoday,right-center,right-center
SVM: alexa_gcn,westslcnews,right-center,right-center
SVM: alexa_gcn,westwakenews,right-center,right-center
SVM: alexa_gcn,wiartonecho,right-center,right-center
SVM: alexa_gcn,williamsonnews,right-center,right-center
SVM: alexa_gcn,wiregrasstimes,right-center,right-center
SVM: alexa_gcn,witherspooninstitute,right,right-center
SVM: alexa_gcn,wltreport,right,right-center
SVM: alexa_gcn,woflfox35orlando,center,right-center
SVM: alexa_gcn,woodstocksentinelreview,right-center,right-center
SVM: alexa_gcn,worldnetdaily,right,right-center
SVM: alexa_gcn,wpnmleipsicnews,center,right-center
SVM: alexa_gcn,wwtn997fmnashville,right,right-center
SVM: alexa_gcn,xinhuaenglish,left,right-center
SVM: alexa_gcn,yadkinripple,left-center,right-center
SVM: alexa_gcn,yankeeinstituteforpublicpolicy,right-center,right-center
SVM: alexa_gcn,yukonnews,left-center,right-center
SVM: alexa_gcn,z3news,right,right-center
SVM: alexa_sage,100fedup,right,right-center
SVM: alexa_sage,404media,left-center,center
SVM: alexa_sage,7news,right-center,right-center
SVM: alexa_sage,972magazine,left-center,right-center
SVM: alexa_sage,abakannews,right,center
SVM: alexa_sage,abc11eyewitnessnews,left-center,right-center
SVM: alexa_sage,actforamerica,right,center
SVM: alexa_sage,adamsnews,right,center
SVM: alexa_sage,adareporter,right-center,center
SVM: alexa_sage,adfontesmedia,center,right
SVM: alexa_sage,airdriecityview,left-center,center
SVM: alexa_sage,akronreporter,right-center,center
SVM: alexa_sage,albuquerquejournal,right-center,left
SVM: alexa_sage,alohastatenews,right-center,center
SVM: alexa_sage,amandla,left,left
SVM: alexa_sage,americanaffairsjournal,right-center,center
SVM: alexa_sage,americancenterforlawjustice,right,right
SVM: alexa_sage,americangulag,right,center
SVM: alexa_sage,americanpatriotdaily,right,right-center
SVM: alexa_sage,americansunitedforseparationofchurchandstate,left,right
SVM: alexa_sage,amnestyinternational,left-center,right-center
SVM: alexa_sage,analyticsindiamagazine,right-center,right
SVM: alexa_sage,annarbortimes,right-center,center
SVM: alexa_sage,anokatimes,right-center,center
SVM: alexa_sage,aptnnationalnews,left-center,right
SVM: alexa_sage,arizonacapitoltimes,left-center,right-center
SVM: alexa_sage,arizonarepublic,left-center,center
SVM: alexa_sage,arlingtonheightsdailyherald,right-center,right-center
SVM: alexa_sage,armedforcespress,right,center
SVM: alexa_sage,armstrongeconomics,right,left
SVM: alexa_sage,armytimes,center,right
SVM: alexa_sage,ashevillereporter,right-center,center
SVM: alexa_sage,asiatimes,center,left-center
SVM: alexa_sage,atlantablackstar,left-center,right
SVM: alexa_sage,atlantic,left-center,center
SVM: alexa_sage,atlasintel,center,center
SVM: alexa_sage,automotivedive,center,center
SVM: alexa_sage,autulu,center,center
SVM: alexa_sage,bajacaliforniapost,left-center,center
SVM: alexa_sage,baldwintimes,right-center,center
SVM: alexa_sage,banburyguardian,center,center
SVM: alexa_sage,bartlesvilleexaminerenterprise,left-center,center
SVM: alexa_sage,bdnews24,left-center,right-center
SVM: alexa_sage,beehivestatenews,right-center,center
SVM: alexa_sage,belfercenterforscienceandinternationalaffairs,left-center,right
SVM: alexa_sage,berdyansknews,right,center
SVM: alexa_sage,berkscountynews,right-center,center
SVM: alexa_sage,biasednews,right,center
SVM: alexa_sage,bignewsnetwork,center,center
SVM: alexa_sage,billmoyerscom,left,right
SVM: alexa_sage,billtrack50,center,right
SVM: alexa_sage,bipartisanpolicycenter,right-center,right
SVM: alexa_sage,birminghamworld,center,center
SVM: alexa_sage,blacknews,left,center
SVM: alexa_sage,bloomingtonheraldtimes,left-center,center
SVM: alexa_sage,bloomingtonleader,right-center,center
SVM: alexa_sage,boisecitywire,right-center,center
SVM: alexa_sage,bongino,right,right
SVM: alexa_sage,borgenmagazine,left-center,center
SVM: alexa_sage,borgenproject,left-center,center
SVM: alexa_sage,bostonglobe,left-center,right-center
SVM: alexa_sage,bothellreporter,center,center
SVM: alexa_sage,brevardsun,right-center,center
SVM: alexa_sage,buckeyereporter,right-center,center
SVM: alexa_sage,buckscountycouriertimes,left-center,center
SVM: alexa_sage,bucyrustelegraphforum,left-center,center
SVM: alexa_sage,burlingtonreporter,right-center,center
SVM: alexa_sage,c19ivermectin,right,center
SVM: alexa_sage,cabarrustoday,right-center,center
SVM: alexa_sage,calgarysun,right-center,right
SVM: alexa_sage,californiacollapsenews,right,center
SVM: alexa_sage,californiapoliticalreview,right-center,center
SVM: alexa_sage,cambriatimes,right-center,center
SVM: alexa_sage,campechepost,left-center,center
SVM: alexa_sage,cantonrepository,left-center,center
SVM: alexa_sage,castoradvance,left-center,center
SVM: alexa_sage,catholictribunemichigan,right-center,center
SVM: alexa_sage,catholictribuneminnesota,right-center,center
SVM: alexa_sage,cctvinternational,left-center,left
SVM: alexa_sage,censortrack,right,center
SVM: alexa_sage,centerforamericanprogress,left,right-center
SVM: alexa_sage,centerforsecuritypolicy,right,right
SVM: alexa_sage,centralchestertoday,right-center,center
SVM: alexa_sage,centralidahotimes,right-center,center
SVM: alexa_sage,chambanasun,right-center,center
SVM: alexa_sage,changeresearch,left,center
SVM: alexa_sage,checkyourfact,right-center,right
SVM: alexa_sage,cheddar,left-center,center
SVM: alexa_sage,chinadaily,left,right-center
SVM: alexa_sage,ciodive,center,center
SVM: alexa_sage,citizentruth,left-center,center
SVM: alexa_sage,citynewstoronto,center,right-center
SVM: alexa_sage,clarionledger,left-center,center
SVM: alexa_sage,clarkforkvalleypress,center,center
SVM: alexa_sage,clayreporter,right-center,center
SVM: alexa_sage,cleantechnica,left-center,center
SVM: alexa_sage,climaterealism,right,center
SVM: alexa_sage,climatesciencepolicywatch,left-center,right
SVM: alexa_sage,co2coalition,right,center
SVM: alexa_sage,coalregionnews,right-center,center
SVM: alexa_sage,coconinonews,right-center,center
SVM: alexa_sage,codastory,left,center
SVM: alexa_sage,collintimes,right-center,center
SVM: alexa_sage,coloradofreepress,right,center
SVM: alexa_sage,columbiajournalismreview,left-center,left-center
SVM: alexa_sage,comicsands,left,center
SVM: alexa_sage,commentarymagazine,right,center
SVM: alexa_sage,concernedwomenforamerica,right,right-center
SVM: alexa_sage,conchovalleynews,right-center,center
SVM: alexa_sage,concordledger,right-center,center
SVM: alexa_sage,conservativefiringline,right,right
SVM: alexa_sage,conservativeopinion,right,right-center
SVM: alexa_sage,conservativeplaylist,right,center
SVM: alexa_sage,conservativeundergroundnews,right,center
SVM: alexa_sage,constructiondive,center,center
SVM: alexa_sage,countercurrentsorg,left,right-center
SVM: alexa_sage,crawfordtimes,right-center,center
SVM: alexa_sage,creationevolutionheadlines,right,center
SVM: alexa_sage,creationministriesinternational,right,right-center
SVM: alexa_sage,crossexaminedorg,right,right
SVM: alexa_sage,cstoredive,center,center
SVM: alexa_sage,cursor,left-center,center
SVM: alexa_sage,cygnalpolling,right-center,center
SVM: alexa_sage,dagestannews,right,center
SVM: alexa_sage,dailyburlington,center,center
SVM: alexa_sage,dailydot,left,right-center
SVM: alexa_sage,dailyflowermound,center,center
SVM: alexa_sage,dailyjanesville,center,center
SVM: alexa_sage,dailykos,left,right-center
SVM: alexa_sage,dailymcallen,center,center
SVM: alexa_sage,dailynewbraunfels,center,center
SVM: alexa_sage,dailyo,right-center,center
SVM: alexa_sage,dailypress,right-center,center
SVM: alexa_sage,dailyroundrock,center,center
SVM: alexa_sage,dailyspokanevalley,center,center
SVM: alexa_sage,dailytacoma,center,center
SVM: alexa_sage,dailytorch,right,center
SVM: alexa_sage,dailyveracity,right,center
SVM: alexa_sage,dartmouthtimes,right-center,center
SVM: alexa_sage,dauphinnews,right-center,center
SVM: alexa_sage,daventryexpress,center,center
SVM: alexa_sage,davistimes,right-center,center
SVM: alexa_sage,defector,left-center,center
SVM: alexa_sage,defenddemocracypress,left,center
SVM: alexa_sage,defenseworldnet,center,left
SVM: alexa_sage,dekalbdailychronicle,center,center
SVM: alexa_sage,delawareonlinethenewsjournal,left-center,center
SVM: alexa_sage,democracyfundvoice,left-center,center
SVM: alexa_sage,democratandchronicle,left-center,right
SVM: alexa_sage,demstate,right-center,center
SVM: alexa_sage,derstatus,right,center
SVM: alexa_sage,desantisdaily,right,center
SVM: alexa_sage,deseretnews,right-center,center
SVM: alexa_sage,desmoinessun,right-center,center
SVM: alexa_sage,digg,left-center,left
SVM: alexa_sage,digitimesasia,center,center
SVM: alexa_sage,discoveryinstitute,right,right-center
SVM: alexa_sage,dissentmagazine,left,left-center
SVM: alexa_sage,doctorswithoutborders,center,right-center
SVM: alexa_sage,donbasscenter,right,center
SVM: alexa_sage,download,right,center
SVM: alexa_sage,downsizingthefederalgovernment,right-center,right-center
SVM: alexa_sage,druthers,right,center
SVM: alexa_sage,dubuquetimes,right-center,center
SVM: alexa_sage,duluthnewstribune,center,center
SVM: alexa_sage,dzen,right-center,center
SVM: alexa_sage,earthorg,left-center,center
SVM: alexa_sage,eastcentralreporter,right-center,center
SVM: alexa_sage,eastlondonandwestessexguardian,center,center
SVM: alexa_sage,eastpanhandlenews,right-center,center
SVM: alexa_sage,eastsandiegonews,right-center,center
SVM: alexa_sage,eastwaketimes,right-center,center
SVM: alexa_sage,ecmississippinews,right-center,center
SVM: alexa_sage,ecoklahomanews,right-center,center
SVM: alexa_sage,ecowatch,left,center
SVM: alexa_sage,educationdailywire,right-center,center
SVM: alexa_sage,egyptianstreets,left-center,center
SVM: alexa_sage,electronicintifada,left,left-center
SVM: alexa_sage,elkodailyfreepress,center,center
SVM: alexa_sage,ellwoodcityledger,left-center,center
SVM: alexa_sage,emirates247,right-center,center
SVM: alexa_sage,enchantmentstatenews,right-center,center
SVM: alexa_sage,endthefed,right,center
SVM: alexa_sage,enews,center,right-center
SVM: alexa_sage,entertainmentweekly,left-center,center
SVM: alexa_sage,esquiremagazine,left,right
SVM: alexa_sage,euvsdisinfo,left-center,center
SVM: alexa_sage,eviemagazine,right,right
SVM: alexa_sage,facilitiesdive,center,center
SVM: alexa_sage,factcheckni,center,center
SVM: alexa_sage,factsnet,center,center
SVM: alexa_sage,faithfreedomcoalition,right,left
SVM: alexa_sage,fargostandard,right-center,center
SVM: alexa_sage,farsnewsagency,left-center,center
SVM: alexa_sage,fdesouche,right,center
SVM: alexa_sage,financialtechtimes,left-center,center
SVM: alexa_sage,fivenation,right,center
SVM: alexa_sage,focusonthefamily,right,right-center
SVM: alexa_sage,fortsmithtimes,right-center,center
SVM: alexa_sage,fostersdailydemocrat,center,right-center
SVM: alexa_sage,frankspeech,right,center
SVM: alexa_sage,freedomfromreligionfoundation,left,right
SVM: alexa_sage,fremontnewsmessenger,left-center,center
SVM: alexa_sage,freshoffthepress,right,center
SVM: alexa_sage,friatiderfreetimes,right,center
SVM: alexa_sage,frontpagemagazine,right,right-center
SVM: alexa_sage,frontpagenewspaper,right-center,center
SVM: alexa_sage,gaysagainstgroomers,right,center
SVM: alexa_sage,gbnewsuk,right,center
SVM: alexa_sage,gellerreport,right,right-center
SVM: alexa_sage,geopoliticalintelligenceservices,right-center,right
SVM: alexa_sage,georgiamountainnews,right-center,center
SVM: alexa_sage,georgiarecord,right,center
SVM: alexa_sage,ghost,right,right-center
SVM: alexa_sage,glasgowtimes,center,right-center
SVM: alexa_sage,goderichsignalstar,right-center,center
SVM: alexa_sage,gooddaybrownsville,center,center
SVM: alexa_sage,gooddayportangeles,center,center
SVM: alexa_sage,gooddayvancouver,center,center
SVM: alexa_sage,gopusa,right,right-center
SVM: alexa_sage,grandjunctiontimes,right-center,center
SVM: alexa_sage,granitegrok,right,center
SVM: alexa_sage,greenevillesun,left-center,center
SVM: alexa_sage,greenlininginstitute,left,center
SVM: alexa_sage,grundyreporter,right-center,center
SVM: alexa_sage,gzeromedia,left-center,right-center
SVM: alexa_sage,happyvalleytimes,right-center,center
SVM: alexa_sage,headlineusa,right,center
SVM: alexa_sage,heartlandinstitute,right,right
SVM: alexa_sage,helensburghadvertiser,center,center
SVM: alexa_sage,herbsnews,right,center
SVM: alexa_sage,heritagefoundation,right,right
SVM: alexa_sage,hongkongfreepress,left-center,right
SVM: alexa_sage,hopekinsvilletimes,right-center,center
SVM: alexa_sage,hopkinsvilletimes,right-center,center
SVM: alexa_sage,hrdive,center,center
SVM: alexa_sage,hudsontoday,right-center,center
SVM: alexa_sage,huntsvilleleader,right-center,center
SVM: alexa_sage,illegalaliencrimereport,right,right
SVM: alexa_sage,imperialcanews,right-center,center
SVM: alexa_sage,indexmundi,center,left-center
SVM: alexa_sage,infoplease,left-center,right-center
SVM: alexa_sage,informationliberation,right,right-center
SVM: alexa_sage,ingushetiyanews,right,center
SVM: alexa_sage,instituteforthestudyofglobalizationandcovertpolitics,right,center
SVM: alexa_sage,intellectualtakeout,right,right
SVM: alexa_sage,intelli,center,right
SVM: alexa_sage,investigatewest,left-center,center
SVM: alexa_sage,iowacitytoday,right-center,center
SVM: alexa_sage,ipmnewsroom,left-center,center
SVM: alexa_sage,irkutsknews,right,center
SVM: alexa_sage,ivermectinforcovid19,right,center
SVM: alexa_sage,jeffersoncitynews,right-center,center
SVM: alexa_sage,joehoft,right,center
SVM: alexa_sage,kait8tv,center,center
SVM: alexa_sage,kankakeetimes,right-center,center
SVM: alexa_sage,kauaisun,right-center,center
SVM: alexa_sage,kbutnprcrestedbutte,left-center,center
SVM: alexa_sage,kcfcnprboulder,left-center,center
SVM: alexa_sage,keighleynews,center,center
SVM: alexa_sage,kentcountytimes,right-center,center
SVM: alexa_sage,kerncountrytimes,right-center,center
SVM: alexa_sage,kerncountytimes,right-center,center
SVM: alexa_sage,kirklandlakenorthernnews,right-center,center
SVM: alexa_sage,kirovnews,right,center
SVM: alexa_sage,kkat860amsaltlakecity,right,center
SVM: alexa_sage,kkoh780amreno,right,center
SVM: alexa_sage,krccnprcoloradosprings,left-center,center
SVM: alexa_sage,kremlin,right-center,center
SVM: alexa_sage,kvaleugenenews,right-center,center
SVM: alexa_sage,laborpains,right,center
SVM: alexa_sage,lagrangedailynews,right-center,center
SVM: alexa_sage,laphamsquarterly,left-center,center
SVM: alexa_sage,laredotoday,center,center
SVM: alexa_sage,lawrencereporter,right-center,center
SVM: alexa_sage,lebanonpanews,right-center,center
SVM: alexa_sage,leftaction,left,center
SVM: alexa_sage,leighjournal,center,center
SVM: alexa_sage,libsoftiktok,right,center
SVM: alexa_sage,lifenews,right,left-center
SVM: alexa_sage,lifewire,center,right-center
SVM: alexa_sage,limareporter,right-center,center
SVM: alexa_sage,livingstontoday,right-center,center
SVM: alexa_sage,lnrnews,right,center
SVM: alexa_sage,logically,center,center
SVM: alexa_sage,louisvillecitywire,right-center,center
SVM: alexa_sage,ludlowadvertiser,center,center
SVM: alexa_sage,lugansknews,right,center
SVM: alexa_sage,magadannews,right,center
SVM: alexa_sage,magicvalleytimes,right-center,center
SVM: alexa_sage,magnoliastatenews,right-center,center
SVM: alexa_sage,manilabusinessdaily,right-center,center
SVM: alexa_sage,marylandbusinessdaily,right-center,center
SVM: alexa_sage,mauireporter,right-center,center
SVM: alexa_sage,mazatlanpost,left-center,center
SVM: alexa_sage,mediamatters,left,right
SVM: alexa_sage,merrimackvalleynews,right-center,center
SVM: alexa_sage,metricmedia,right-center,center
SVM: alexa_sage,metroweekly,left,center
SVM: alexa_sage,miamistandard,right,center
SVM: alexa_sage,midcoasttoday,right-center,center
SVM: alexa_sage,middleeastinstitute,center,right-center
SVM: alexa_sage,middleeastmediaresearchinstitutememri,right,right-center
SVM: alexa_sage,middleeastnewsagency,right-center,center
SVM: alexa_sage,midnorthmonitor,right-center,center
SVM: alexa_sage,minnesotabusinessdaily,right-center,center
SVM: alexa_sage,minnesotasun,right,center
SVM: alexa_sage,misionverdad,left,center
SVM: alexa_sage,mitchelladvocate,right-center,center
SVM: alexa_sage,mohawkvalleytimes,right-center,center
SVM: alexa_sage,moldovanews,right,center
SVM: alexa_sage,monmouthtimes,right-center,center
SVM: alexa_sage,monroecountynews,right-center,center
SVM: alexa_sage,monterreydailypost,left-center,center
SVM: alexa_sage,morningmurfreesboro,center,center
SVM: alexa_sage,morrisleader,right-center,center
SVM: alexa_sage,moskvanews,right,center
SVM: alexa_sage,moveon,left,right
SVM: alexa_sage,muslimskeptic,right,center
SVM: alexa_sage,myrtlebeachleader,right-center,center
SVM: alexa_sage,nashvillestandard,right-center,center
SVM: alexa_sage,nationalassociationofscholars,right,right
SVM: alexa_sage,nationalcenterforpublicpolicyresearch,right,right
SVM: alexa_sage,naturalresourcegovernanceinstitute,left-center,center
SVM: alexa_sage,ncbusinessdaily,right-center,center
SVM: alexa_sage,ncmississippinews,right-center,center
SVM: alexa_sage,nealabamanews,right-center,center
SVM: alexa_sage,neatlantanews,right-center,center
SVM: alexa_sage,necalinews,right-center,center
SVM: alexa_sage,nelouisiananews,right-center,center
SVM: alexa_sage,nepiedmontnews,right-center,center
SVM: alexa_sage,nikopolnews,right,center
SVM: alexa_sage,ninefornews,right,center
SVM: alexa_sage,northbirminghamtimes,right-center,center
SVM: alexa_sage,northcolumbusnews,right-center,center
SVM: alexa_sage,northcooknews,right-center,center
SVM: alexa_sage,northdakotabusinessdaily,right-center,center
SVM: alexa_sage,northessexnews,right-center,center
SVM: alexa_sage,northindynews,right-center,center
SVM: alexa_sage,northkentuckynews,right-center,center
SVM: alexa_sage,northoctimes,right-center,center
SVM: alexa_sage,northpalmbeachtoday,right-center,center
SVM: alexa_sage,novosibirsknews,right,center
SVM: alexa_sage,nunavutnews,left-center,center
SVM: alexa_sage,nwillinoisnews,right-center,center
SVM: alexa_sage,nwkentuckynews,right-center,center
SVM: alexa_sage,nwlatimes,right-center,center
SVM: alexa_sage,nwminnesotanews,right-center,center
SVM: alexa_sage,nwvalleytimes,right-center,center
SVM: alexa_sage,oceancountyleader,right-center,center
SVM: alexa_sage,odessanews,right,center
SVM: alexa_sage,offthegridnews,right,center
SVM: alexa_sage,offthepress,right,center
SVM: alexa_sage,ohmymag,center,center
SVM: alexa_sage,origo,right,center
SVM: alexa_sage,orinocotribune,left,right
SVM: alexa_sage,outerbankstimes,right-center,center
SVM: alexa_sage,pacificpundit,right,right-center
SVM: alexa_sage,palmettostatenews,right-center,center
SVM: alexa_sage,pamedia,center,center
SVM: alexa_sage,panamacityreporter,right-center,center
SVM: alexa_sage,parentsdefendingeducation,right,center
SVM: alexa_sage,pascoreporter,right-center,center
SVM: alexa_sage,passaictoday,right-center,center
SVM: alexa_sage,patriotfetch,right,center
SVM: alexa_sage,peacegardennews,right-center,center
SVM: alexa_sage,peoriajournalstar,center,center
SVM: alexa_sage,pharmavoice,center,center
SVM: alexa_sage,pinehursttoday,right-center,center
SVM: alexa_sage,pioneervalleyadvocate,left-center,center
SVM: alexa_sage,politicalanimalnews,right,center
SVM: alexa_sage,portagetimes,right-center,center
SVM: alexa_sage,portlandcourant,right-center,center
SVM: alexa_sage,prairiestatewire,right-center,center
SVM: alexa_sage,pravdacanada,right,center
SVM: alexa_sage,pravdaitalia,right,center
SVM: alexa_sage,pravdanato,right,center
SVM: alexa_sage,presidentialhill,right,center
SVM: alexa_sage,projectveritas,right,right
SVM: alexa_sage,providencereporter,right-center,center
SVM: alexa_sage,pueblapost,left-center,center
SVM: alexa_sage,punchingbagpost,right,center
SVM: alexa_sage,rabbleca,left,left-center
SVM: alexa_sage,radar,center,right
SVM: alexa_sage,randcorporation,center,right
SVM: alexa_sage,rapidcityjournal,center,center
SVM: alexa_sage,rationalground,right,center
SVM: alexa_sage,rationalwiki,left-center,right
SVM: alexa_sage,rawstory,left,right-center
SVM: alexa_sage,readingchronicle,center,center
SVM: alexa_sage,realnewsnetwork,left,right
SVM: alexa_sage,realnewsnow,right,center
SVM: alexa_sage,reclaimthenet,right,center
SVM: alexa_sage,redicetv,right,right-center
SVM: alexa_sage,redoubtnews,right,right-center
SVM: alexa_sage,redwoodempirenews,right-center,center
SVM: alexa_sage,remingtonresearchgroup,center,center
SVM: alexa_sage,renogazettejournal,left-center,right-center
SVM: alexa_sage,renoreporter,right-center,center
SVM: alexa_sage,republicandaily,right,center
SVM: alexa_sage,restaurantdive,center,center
SVM: alexa_sage,restoreamericanglory,right,right
SVM: alexa_sage,revcomus,left,right-center
SVM: alexa_sage,revolver,right,center
SVM: alexa_sage,rianovosti,right-center,right-center
SVM: alexa_sage,richmondside,left-center,center
SVM: alexa_sage,ricochet,right,right
SVM: alexa_sage,rightnewswire,right,center
SVM: alexa_sage,riverdalepress,center,center
SVM: alexa_sage,rivervalleytoday,right-center,center
SVM: alexa_sage,rockymounttelegram,left-center,center
SVM: alexa_sage,russiainsider,right,right
SVM: alexa_sage,salemradionetworknews,right-center,center
SVM: alexa_sage,sandhillstoday,right-center,center
SVM: alexa_sage,saultthisweek,right-center,center
SVM: alexa_sage,savannahmorningnews,right-center,center
SVM: alexa_sage,savejersey,right,left-center
SVM: alexa_sage,scalaskanews,right-center,center
SVM: alexa_sage,scmidlandnews,right-center,center
SVM: alexa_sage,scotusblog,center,right-center
SVM: alexa_sage,sealaskanews,right-center,center
SVM: alexa_sage,seatlantanews,right-center,center
SVM: alexa_sage,sebluegrassnews,right-center,center
SVM: alexa_sage,seconnecticutnews,right-center,center
SVM: alexa_sage,segrandrapidsnews,right-center,center
SVM: alexa_sage,sekansascitynews,right-center,center
SVM: alexa_sage,sekansasnews,right-center,center
SVM: alexa_sage,sekentuckynews,right-center,center
SVM: alexa_sage,senorthcarolinanews,right-center,center
SVM: alexa_sage,sevegasnews,right-center,center
SVM: alexa_sage,showmestatetimes,right-center,center
SVM: alexa_sage,shreveportreporter,right-center,center
SVM: alexa_sage,shtfplancom,right,right-center
SVM: alexa_sage,silverstatetimes,right-center,center
SVM: alexa_sage,sludge,left,center
SVM: alexa_sage,smokymountaintoday,right-center,center
SVM: alexa_sage,somersettimes,right-center,center
SVM: alexa_sage,sonsof1776,right,center
SVM: alexa_sage,southafricatoday,right,right-center
SVM: alexa_sage,southcentralpanews,right-center,center
SVM: alexa_sage,southcharlottetoday,right-center,center
SVM: alexa_sage,southcolumbusnews,right-center,center
SVM: alexa_sage,southcooknews,right-center,center
SVM: alexa_sage,southernillinoisnews,right-center,center
SVM: alexa_sage,southernindianatoday,right-center,center
SVM: alexa_sage,southfranklinnews,right-center,center
SVM: alexa_sage,southfultontoday,right-center,center
SVM: alexa_sage,southiowanews,right-center,center
SVM: alexa_sage,southkentnews,right-center,center
SVM: alexa_sage,southknoxvillenews,right-center,center
SVM: alexa_sage,southlouisiananews,right-center,center
SVM: alexa_sage,southsummitnews,right-center,center
SVM: alexa_sage,southtulsatoday,right-center,center
SVM: alexa_sage,southwestmontananews,right-center,center
SVM: alexa_sage,southwestorangeobserver,center,center
SVM: alexa_sage,southwestpanews,right-center,center
SVM: alexa_sage,southwichitanews,right-center,center
SVM: alexa_sage,springtimes,right-center,center
SVM: alexa_sage,stanislausnews,right-center,center
SVM: alexa_sage,staresattheworld,right,left
SVM: alexa_sage,stateline,left,center
SVM: alexa_sage,steadfastandloyal,right,right
SVM: alexa_sage,stjoebentonharbornews,right-center,center
SVM: alexa_sage,stjohnstelegram,right-center,center
SVM: alexa_sage,stopthesethings,right,center
SVM: alexa_sage,sturgiscoldwaternews,right-center,center
SVM: alexa_sage,supplychaindive,center,center
SVM: alexa_sage,surgutnews,right,center
SVM: alexa_sage,survivalnews1,right,center
SVM: alexa_sage,swalaskanews,right-center,center
SVM: alexa_sage,swcoloradonews,right-center,center
SVM: alexa_sage,swmissourinews,right-center,center
SVM: alexa_sage,swoklahomanews,right-center,center
SVM: alexa_sage,swriversidenews,right-center,center
SVM: alexa_sage,techstartups,right-center,center
SVM: alexa_sage,tenthamendmentcenter,right,right-center
SVM: alexa_sage,tfppwire,right,center
SVM: alexa_sage,tharawatmagazine,right-center,center
SVM: alexa_sage,theblacksphere,right,right-center
SVM: alexa_sage,theconservativebrief,right,center
SVM: alexa_sage,thedailyadda,left-center,center
SVM: alexa_sage,thedispatch,right-center,right-center
SVM: alexa_sage,thefreedomtimes,right,center
SVM: alexa_sage,thefreepress,right-center,center
SVM: alexa_sage,thegoldwater,right,right
SVM: alexa_sage,thejoeroganexperience,right-center,left
SVM: alexa_sage,theliberalireland,right,center
SVM: alexa_sage,thelibertydaily,right,right
SVM: alexa_sage,thenationaluae,right-center,right
SVM: alexa_sage,thenevadan,left-center,center
SVM: alexa_sage,thepalestinechronicle,left,right-center
SVM: alexa_sage,thepatriotnurse,right,center
SVM: alexa_sage,thequartering,right,center
SVM: alexa_sage,therightscoop,right,right
SVM: alexa_sage,thesarkariform,left,center
SVM: alexa_sage,thescoop,right,right
SVM: alexa_sage,thesolutionsproject,left,center
SVM: alexa_sage,thesouthafrican,left-center,right
SVM: alexa_sage,thespinoff,left-center,right-center
SVM: alexa_sage,thewisconsinindependent,left,center
SVM: alexa_sage,thisdaylive,right-center,right-center
SVM: alexa_sage,tmz,right-center,right
SVM: alexa_sage,tobacconewswire,right-center,center
SVM: alexa_sage,toofab,left,center
SVM: alexa_sage,torreonpost,left-center,center
SVM: alexa_sage,towncountrymagazine,left-center,center
SVM: alexa_sage,tradingeconomics,center,right-center
SVM: alexa_sage,transgendertrend,right,right-center
SVM: alexa_sage,trendingpolitics,right,right
SVM: alexa_sage,trumptrainnews,right,right-center
SVM: alexa_sage,truthforhealthfoundation,right,center
SVM: alexa_sage,tulsastandard,right-center,center
SVM: alexa_sage,turningpointusafaith,right,center
SVM: alexa_sage,tuscaloosaleader,right-center,center
SVM: alexa_sage,usatoday,left-center,left-center
SVM: alexa_sage,vaccineimpact,right,right
SVM: alexa_sage,vaccineinjurynews,right,center
SVM: alexa_sage,valeursactuelles,right,center
SVM: alexa_sage,vanityfair,left,left-center
SVM: alexa_sage,vintoncountycourier,left-center,center
SVM: alexa_sage,voiceofamerica,center,right
SVM: alexa_sage,waltonfamilyfoundation,center,center
SVM: alexa_sage,warnerrobinstoday,right-center,center
SVM: alexa_sage,washingtonmonthly,left-center,left-center
SVM: alexa_sage,wataugademocrat,left-center,center
SVM: alexa_sage,wcminnesotanews,right-center,center
SVM: alexa_sage,weatherforddemocrat,left-center,center
SVM: alexa_sage,webertimes,right-center,center
SVM: alexa_sage,westatlantanews,right-center,center
SVM: alexa_sage,westcentralpanews,right-center,center
SVM: alexa_sage,westcentralreporter,right-center,center
SVM: alexa_sage,westchesterreporter,right-center,center
SVM: alexa_sage,westernmassnews,center,center
SVM: alexa_sage,westernndnews,right-center,center
SVM: alexa_sage,westlatimes,right-center,center
SVM: alexa_sage,westnynews,right-center,center
SVM: alexa_sage,westoctimes,right-center,center
SVM: alexa_sage,westpdxtoday,right-center,center
SVM: alexa_sage,westslcnews,right-center,center
SVM: alexa_sage,westwakenews,right-center,center
SVM: alexa_sage,wiartonecho,right-center,center
SVM: alexa_sage,williamsonnews,right-center,center
SVM: alexa_sage,wiregrasstimes,right-center,center
SVM: alexa_sage,witherspooninstitute,right,left
SVM: alexa_sage,wltreport,right,center
SVM: alexa_sage,woflfox35orlando,center,right-center
SVM: alexa_sage,woodstocksentinelreview,right-center,center
SVM: alexa_sage,worldnetdaily,right,right
SVM: alexa_sage,wpnmleipsicnews,center,center
SVM: alexa_sage,wwtn997fmnashville,right,center
SVM: alexa_sage,xinhuaenglish,left,right
SVM: alexa_sage,yadkinripple,left-center,center
SVM: alexa_sage,yankeeinstituteforpublicpolicy,right-center,center
SVM: alexa_sage,yukonnews,left-center,center
SVM: alexa_sage,z3news,right,center
SVM: alexa_resgated,100fedup,right,left
SVM: alexa_resgated,404media,left-center,right-center
SVM: alexa_resgated,7news,right-center,right-center
SVM: alexa_resgated,972magazine,left-center,right-center
SVM: alexa_resgated,abakannews,right,right-center
SVM: alexa_resgated,abc11eyewitnessnews,left-center,right-center
SVM: alexa_resgated,actforamerica,right,right-center
SVM: alexa_resgated,adamsnews,right,right-center
SVM: alexa_resgated,adareporter,right-center,right-center
SVM: alexa_resgated,adfontesmedia,center,right-center
SVM: alexa_resgated,airdriecityview,left-center,right-center
SVM: alexa_resgated,akronreporter,right-center,right-center
SVM: alexa_resgated,albuquerquejournal,right-center,right-center
SVM: alexa_resgated,alohastatenews,right-center,right-center
SVM: alexa_resgated,amandla,left,right-center
SVM: alexa_resgated,americanaffairsjournal,right-center,right-center
SVM: alexa_resgated,americancenterforlawjustice,right,right-center
SVM: alexa_resgated,americangulag,right,right-center
SVM: alexa_resgated,americanpatriotdaily,right,right-center
SVM: alexa_resgated,americansunitedforseparationofchurchandstate,left,right-center
SVM: alexa_resgated,amnestyinternational,left-center,right-center
SVM: alexa_resgated,analyticsindiamagazine,right-center,right-center
SVM: alexa_resgated,annarbortimes,right-center,right-center
SVM: alexa_resgated,anokatimes,right-center,right-center
SVM: alexa_resgated,aptnnationalnews,left-center,right-center
SVM: alexa_resgated,arizonacapitoltimes,left-center,right-center
SVM: alexa_resgated,arizonarepublic,left-center,right-center
SVM: alexa_resgated,arlingtonheightsdailyherald,right-center,right-center
SVM: alexa_resgated,armedforcespress,right,right-center
SVM: alexa_resgated,armstrongeconomics,right,right-center
SVM: alexa_resgated,armytimes,center,right-center
SVM: alexa_resgated,ashevillereporter,right-center,right-center
SVM: alexa_resgated,asiatimes,center,right-center
SVM: alexa_resgated,atlantablackstar,left-center,right-center
SVM: alexa_resgated,atlantic,left-center,right-center
SVM: alexa_resgated,atlasintel,center,right-center
SVM: alexa_resgated,automotivedive,center,right-center
SVM: alexa_resgated,autulu,center,right-center
SVM: alexa_resgated,bajacaliforniapost,left-center,right-center
SVM: alexa_resgated,baldwintimes,right-center,right-center
SVM: alexa_resgated,banburyguardian,center,right-center
SVM: alexa_resgated,bartlesvilleexaminerenterprise,left-center,right-center
SVM: alexa_resgated,bdnews24,left-center,right-center
SVM: alexa_resgated,beehivestatenews,right-center,right-center
SVM: alexa_resgated,belfercenterforscienceandinternationalaffairs,left-center,right-center
SVM: alexa_resgated,berdyansknews,right,right-center
SVM: alexa_resgated,berkscountynews,right-center,right-center
SVM: alexa_resgated,biasednews,right,right-center
SVM: alexa_resgated,bignewsnetwork,center,right-center
SVM: alexa_resgated,billmoyerscom,left,right-center
SVM: alexa_resgated,billtrack50,center,right-center
SVM: alexa_resgated,bipartisanpolicycenter,right-center,right-center
SVM: alexa_resgated,birminghamworld,center,right-center
SVM: alexa_resgated,blacknews,left,right-center
SVM: alexa_resgated,bloomingtonheraldtimes,left-center,right-center
SVM: alexa_resgated,bloomingtonleader,right-center,right-center
SVM: alexa_resgated,boisecitywire,right-center,right-center
SVM: alexa_resgated,bongino,right,right-center
SVM: alexa_resgated,borgenmagazine,left-center,right-center
SVM: alexa_resgated,borgenproject,left-center,right-center
SVM: alexa_resgated,bostonglobe,left-center,right-center
SVM: alexa_resgated,bothellreporter,center,right-center
SVM: alexa_resgated,brevardsun,right-center,right-center
SVM: alexa_resgated,buckeyereporter,right-center,right-center
SVM: alexa_resgated,buckscountycouriertimes,left-center,right-center
SVM: alexa_resgated,bucyrustelegraphforum,left-center,right-center
SVM: alexa_resgated,burlingtonreporter,right-center,right-center
SVM: alexa_resgated,c19ivermectin,right,right-center
SVM: alexa_resgated,cabarrustoday,right-center,right-center
SVM: alexa_resgated,calgarysun,right-center,right-center
SVM: alexa_resgated,californiacollapsenews,right,right-center
SVM: alexa_resgated,californiapoliticalreview,right-center,right-center
SVM: alexa_resgated,cambriatimes,right-center,right-center
SVM: alexa_resgated,campechepost,left-center,right-center
SVM: alexa_resgated,cantonrepository,left-center,right-center
SVM: alexa_resgated,castoradvance,left-center,right-center
SVM: alexa_resgated,catholictribunemichigan,right-center,right-center
SVM: alexa_resgated,catholictribuneminnesota,right-center,right-center
SVM: alexa_resgated,cctvinternational,left-center,right-center
SVM: alexa_resgated,censortrack,right,right-center
SVM: alexa_resgated,centerforamericanprogress,left,right-center
SVM: alexa_resgated,centerforsecuritypolicy,right,right-center
SVM: alexa_resgated,centralchestertoday,right-center,right-center
SVM: alexa_resgated,centralidahotimes,right-center,right-center
SVM: alexa_resgated,chambanasun,right-center,right-center
SVM: alexa_resgated,changeresearch,left,right-center
SVM: alexa_resgated,checkyourfact,right-center,right-center
SVM: alexa_resgated,cheddar,left-center,right-center
SVM: alexa_resgated,chinadaily,left,right-center
SVM: alexa_resgated,ciodive,center,right-center
SVM: alexa_resgated,citizentruth,left-center,right-center
SVM: alexa_resgated,citynewstoronto,center,right-center
SVM: alexa_resgated,clarionledger,left-center,right-center
SVM: alexa_resgated,clarkforkvalleypress,center,right-center
SVM: alexa_resgated,clayreporter,right-center,right-center
SVM: alexa_resgated,cleantechnica,left-center,right-center
SVM: alexa_resgated,climaterealism,right,right-center
SVM: alexa_resgated,climatesciencepolicywatch,left-center,right-center
SVM: alexa_resgated,co2coalition,right,right-center
SVM: alexa_resgated,coalregionnews,right-center,right-center
SVM: alexa_resgated,coconinonews,right-center,right-center
SVM: alexa_resgated,codastory,left,right-center
SVM: alexa_resgated,collintimes,right-center,right-center
SVM: alexa_resgated,coloradofreepress,right,right-center
SVM: alexa_resgated,columbiajournalismreview,left-center,right-center
SVM: alexa_resgated,comicsands,left,right-center
SVM: alexa_resgated,commentarymagazine,right,right-center
SVM: alexa_resgated,concernedwomenforamerica,right,right-center
SVM: alexa_resgated,conchovalleynews,right-center,right-center
SVM: alexa_resgated,concordledger,right-center,right-center
SVM: alexa_resgated,conservativefiringline,right,right-center
SVM: alexa_resgated,conservativeopinion,right,right-center
SVM: alexa_resgated,conservativeplaylist,right,right-center
SVM: alexa_resgated,conservativeundergroundnews,right,right-center
SVM: alexa_resgated,constructiondive,center,right-center
SVM: alexa_resgated,countercurrentsorg,left,right-center
SVM: alexa_resgated,crawfordtimes,right-center,right-center
SVM: alexa_resgated,creationevolutionheadlines,right,right-center
SVM: alexa_resgated,creationministriesinternational,right,right-center
SVM: alexa_resgated,crossexaminedorg,right,right-center
SVM: alexa_resgated,cstoredive,center,right-center
SVM: alexa_resgated,cursor,left-center,right-center
SVM: alexa_resgated,cygnalpolling,right-center,right-center
SVM: alexa_resgated,dagestannews,right,right-center
SVM: alexa_resgated,dailyburlington,center,right-center
SVM: alexa_resgated,dailydot,left,right-center
SVM: alexa_resgated,dailyflowermound,center,right-center
SVM: alexa_resgated,dailyjanesville,center,right-center
SVM: alexa_resgated,dailykos,left,right-center
SVM: alexa_resgated,dailymcallen,center,right-center
SVM: alexa_resgated,dailynewbraunfels,center,right-center
SVM: alexa_resgated,dailyo,right-center,right-center
SVM: alexa_resgated,dailypress,right-center,right-center
SVM: alexa_resgated,dailyroundrock,center,right-center
SVM: alexa_resgated,dailyspokanevalley,center,right-center
SVM: alexa_resgated,dailytacoma,center,right-center
SVM: alexa_resgated,dailytorch,right,right-center
SVM: alexa_resgated,dailyveracity,right,right-center
SVM: alexa_resgated,dartmouthtimes,right-center,right-center
SVM: alexa_resgated,dauphinnews,right-center,right-center
SVM: alexa_resgated,daventryexpress,center,right-center
SVM: alexa_resgated,davistimes,right-center,right-center
SVM: alexa_resgated,defector,left-center,right-center
SVM: alexa_resgated,defenddemocracypress,left,right-center
SVM: alexa_resgated,defenseworldnet,center,right-center
SVM: alexa_resgated,dekalbdailychronicle,center,right-center
SVM: alexa_resgated,delawareonlinethenewsjournal,left-center,right-center
SVM: alexa_resgated,democracyfundvoice,left-center,right-center
SVM: alexa_resgated,democratandchronicle,left-center,right-center
SVM: alexa_resgated,demstate,right-center,right-center
SVM: alexa_resgated,derstatus,right,right-center
SVM: alexa_resgated,desantisdaily,right,right-center
SVM: alexa_resgated,deseretnews,right-center,right-center
SVM: alexa_resgated,desmoinessun,right-center,right-center
SVM: alexa_resgated,digg,left-center,right-center
SVM: alexa_resgated,digitimesasia,center,right-center
SVM: alexa_resgated,discoveryinstitute,right,right-center
SVM: alexa_resgated,dissentmagazine,left,left
SVM: alexa_resgated,doctorswithoutborders,center,right-center
SVM: alexa_resgated,donbasscenter,right,right-center
SVM: alexa_resgated,download,right,right-center
SVM: alexa_resgated,downsizingthefederalgovernment,right-center,right-center
SVM: alexa_resgated,druthers,right,right-center
SVM: alexa_resgated,dubuquetimes,right-center,right-center
SVM: alexa_resgated,duluthnewstribune,center,right-center
SVM: alexa_resgated,dzen,right-center,right-center
SVM: alexa_resgated,earthorg,left-center,right-center
SVM: alexa_resgated,eastcentralreporter,right-center,right-center
SVM: alexa_resgated,eastlondonandwestessexguardian,center,right-center
SVM: alexa_resgated,eastpanhandlenews,right-center,right-center
SVM: alexa_resgated,eastsandiegonews,right-center,right-center
SVM: alexa_resgated,eastwaketimes,right-center,right-center
SVM: alexa_resgated,ecmississippinews,right-center,right-center
SVM: alexa_resgated,ecoklahomanews,right-center,right-center
SVM: alexa_resgated,ecowatch,left,right-center
SVM: alexa_resgated,educationdailywire,right-center,right-center
SVM: alexa_resgated,egyptianstreets,left-center,right-center
SVM: alexa_resgated,electronicintifada,left,right-center
SVM: alexa_resgated,elkodailyfreepress,center,right-center
SVM: alexa_resgated,ellwoodcityledger,left-center,right-center
SVM: alexa_resgated,emirates247,right-center,right-center
SVM: alexa_resgated,enchantmentstatenews,right-center,right-center
SVM: alexa_resgated,endthefed,right,right-center
SVM: alexa_resgated,enews,center,right-center
SVM: alexa_resgated,entertainmentweekly,left-center,right-center
SVM: alexa_resgated,esquiremagazine,left,right-center
SVM: alexa_resgated,euvsdisinfo,left-center,right-center
SVM: alexa_resgated,eviemagazine,right,right-center
SVM: alexa_resgated,facilitiesdive,center,right-center
SVM: alexa_resgated,factcheckni,center,right-center
SVM: alexa_resgated,factsnet,center,right-center
SVM: alexa_resgated,faithfreedomcoalition,right,right-center
SVM: alexa_resgated,fargostandard,right-center,right-center
SVM: alexa_resgated,farsnewsagency,left-center,right-center
SVM: alexa_resgated,fdesouche,right,right-center
SVM: alexa_resgated,financialtechtimes,left-center,right-center
SVM: alexa_resgated,fivenation,right,right-center
SVM: alexa_resgated,focusonthefamily,right,right-center
SVM: alexa_resgated,fortsmithtimes,right-center,right-center
SVM: alexa_resgated,fostersdailydemocrat,center,right-center
SVM: alexa_resgated,frankspeech,right,right-center
SVM: alexa_resgated,freedomfromreligionfoundation,left,right-center
SVM: alexa_resgated,fremontnewsmessenger,left-center,right-center
SVM: alexa_resgated,freshoffthepress,right,right-center
SVM: alexa_resgated,friatiderfreetimes,right,right-center
SVM: alexa_resgated,frontpagemagazine,right,right-center
SVM: alexa_resgated,frontpagenewspaper,right-center,right-center
SVM: alexa_resgated,gaysagainstgroomers,right,right-center
SVM: alexa_resgated,gbnewsuk,right,right-center
SVM: alexa_resgated,gellerreport,right,right-center
SVM: alexa_resgated,geopoliticalintelligenceservices,right-center,right-center
SVM: alexa_resgated,georgiamountainnews,right-center,right-center
SVM: alexa_resgated,georgiarecord,right,right-center
SVM: alexa_resgated,ghost,right,right-center
SVM: alexa_resgated,glasgowtimes,center,right-center
SVM: alexa_resgated,goderichsignalstar,right-center,right-center
SVM: alexa_resgated,gooddaybrownsville,center,right-center
SVM: alexa_resgated,gooddayportangeles,center,right-center
SVM: alexa_resgated,gooddayvancouver,center,right-center
SVM: alexa_resgated,gopusa,right,right-center
SVM: alexa_resgated,grandjunctiontimes,right-center,right-center
SVM: alexa_resgated,granitegrok,right,right-center
SVM: alexa_resgated,greenevillesun,left-center,right-center
SVM: alexa_resgated,greenlininginstitute,left,right-center
SVM: alexa_resgated,grundyreporter,right-center,right-center
SVM: alexa_resgated,gzeromedia,left-center,right-center
SVM: alexa_resgated,happyvalleytimes,right-center,right-center
SVM: alexa_resgated,headlineusa,right,right-center
SVM: alexa_resgated,heartlandinstitute,right,right-center
SVM: alexa_resgated,helensburghadvertiser,center,right-center
SVM: alexa_resgated,herbsnews,right,right-center
SVM: alexa_resgated,heritagefoundation,right,right-center
SVM: alexa_resgated,hongkongfreepress,left-center,right-center
SVM: alexa_resgated,hopekinsvilletimes,right-center,right-center
SVM: alexa_resgated,hopkinsvilletimes,right-center,right-center
SVM: alexa_resgated,hrdive,center,right-center
SVM: alexa_resgated,hudsontoday,right-center,right-center
SVM: alexa_resgated,huntsvilleleader,right-center,right-center
SVM: alexa_resgated,illegalaliencrimereport,right,right-center
SVM: alexa_resgated,imperialcanews,right-center,right-center
SVM: alexa_resgated,indexmundi,center,right-center
SVM: alexa_resgated,infoplease,left-center,right-center
SVM: alexa_resgated,informationliberation,right,right-center
SVM: alexa_resgated,ingushetiyanews,right,right-center
SVM: alexa_resgated,instituteforthestudyofglobalizationandcovertpolitics,right,right-center
SVM: alexa_resgated,intellectualtakeout,right,right-center
SVM: alexa_resgated,intelli,center,right-center
SVM: alexa_resgated,investigatewest,left-center,right-center
SVM: alexa_resgated,iowacitytoday,right-center,right-center
SVM: alexa_resgated,ipmnewsroom,left-center,right-center
SVM: alexa_resgated,irkutsknews,right,right-center
SVM: alexa_resgated,ivermectinforcovid19,right,right-center
SVM: alexa_resgated,jeffersoncitynews,right-center,right-center
SVM: alexa_resgated,joehoft,right,right-center
SVM: alexa_resgated,kait8tv,center,right-center
SVM: alexa_resgated,kankakeetimes,right-center,right-center
SVM: alexa_resgated,kauaisun,right-center,right-center
SVM: alexa_resgated,kbutnprcrestedbutte,left-center,right-center
SVM: alexa_resgated,kcfcnprboulder,left-center,right-center
SVM: alexa_resgated,keighleynews,center,right-center
SVM: alexa_resgated,kentcountytimes,right-center,right-center
SVM: alexa_resgated,kerncountrytimes,right-center,right-center
SVM: alexa_resgated,kerncountytimes,right-center,right-center
SVM: alexa_resgated,kirklandlakenorthernnews,right-center,right-center
SVM: alexa_resgated,kirovnews,right,right-center
SVM: alexa_resgated,kkat860amsaltlakecity,right,right-center
SVM: alexa_resgated,kkoh780amreno,right,right-center
SVM: alexa_resgated,krccnprcoloradosprings,left-center,right-center
SVM: alexa_resgated,kremlin,right-center,right-center
SVM: alexa_resgated,kvaleugenenews,right-center,right-center
SVM: alexa_resgated,laborpains,right,right-center
SVM: alexa_resgated,lagrangedailynews,right-center,right-center
SVM: alexa_resgated,laphamsquarterly,left-center,right-center
SVM: alexa_resgated,laredotoday,center,right-center
SVM: alexa_resgated,lawrencereporter,right-center,right-center
SVM: alexa_resgated,lebanonpanews,right-center,right-center
SVM: alexa_resgated,leftaction,left,right-center
SVM: alexa_resgated,leighjournal,center,right-center
SVM: alexa_resgated,libsoftiktok,right,right-center
SVM: alexa_resgated,lifenews,right,right-center
SVM: alexa_resgated,lifewire,center,right-center
SVM: alexa_resgated,limareporter,right-center,right-center
SVM: alexa_resgated,livingstontoday,right-center,right-center
SVM: alexa_resgated,lnrnews,right,right-center
SVM: alexa_resgated,logically,center,right-center
SVM: alexa_resgated,louisvillecitywire,right-center,right-center
SVM: alexa_resgated,ludlowadvertiser,center,right-center
SVM: alexa_resgated,lugansknews,right,right-center
SVM: alexa_resgated,magadannews,right,right-center
SVM: alexa_resgated,magicvalleytimes,right-center,right-center
SVM: alexa_resgated,magnoliastatenews,right-center,right-center
SVM: alexa_resgated,manilabusinessdaily,right-center,right-center
SVM: alexa_resgated,marylandbusinessdaily,right-center,right-center
SVM: alexa_resgated,mauireporter,right-center,right-center
SVM: alexa_resgated,mazatlanpost,left-center,right-center
SVM: alexa_resgated,mediamatters,left,right-center
SVM: alexa_resgated,merrimackvalleynews,right-center,right-center
SVM: alexa_resgated,metricmedia,right-center,right-center
SVM: alexa_resgated,metroweekly,left,right-center
SVM: alexa_resgated,miamistandard,right,right-center
SVM: alexa_resgated,midcoasttoday,right-center,right-center
SVM: alexa_resgated,middleeastinstitute,center,right-center
SVM: alexa_resgated,middleeastmediaresearchinstitutememri,right,right-center
SVM: alexa_resgated,middleeastnewsagency,right-center,right-center
SVM: alexa_resgated,midnorthmonitor,right-center,right-center
SVM: alexa_resgated,minnesotabusinessdaily,right-center,right-center
SVM: alexa_resgated,minnesotasun,right,right-center
SVM: alexa_resgated,misionverdad,left,right-center
SVM: alexa_resgated,mitchelladvocate,right-center,right-center
SVM: alexa_resgated,mohawkvalleytimes,right-center,right-center
SVM: alexa_resgated,moldovanews,right,right-center
SVM: alexa_resgated,monmouthtimes,right-center,right-center
SVM: alexa_resgated,monroecountynews,right-center,right-center
SVM: alexa_resgated,monterreydailypost,left-center,right-center
SVM: alexa_resgated,morningmurfreesboro,center,right-center
SVM: alexa_resgated,morrisleader,right-center,right-center
SVM: alexa_resgated,moskvanews,right,right-center
SVM: alexa_resgated,moveon,left,right-center
SVM: alexa_resgated,muslimskeptic,right,right-center
SVM: alexa_resgated,myrtlebeachleader,right-center,right-center
SVM: alexa_resgated,nashvillestandard,right-center,right-center
SVM: alexa_resgated,nationalassociationofscholars,right,right-center
SVM: alexa_resgated,nationalcenterforpublicpolicyresearch,right,right-center
SVM: alexa_resgated,naturalresourcegovernanceinstitute,left-center,right-center
SVM: alexa_resgated,ncbusinessdaily,right-center,right-center
SVM: alexa_resgated,ncmississippinews,right-center,right-center
SVM: alexa_resgated,nealabamanews,right-center,right-center
SVM: alexa_resgated,neatlantanews,right-center,right-center
SVM: alexa_resgated,necalinews,right-center,right-center
SVM: alexa_resgated,nelouisiananews,right-center,right-center
SVM: alexa_resgated,nepiedmontnews,right-center,right-center
SVM: alexa_resgated,nikopolnews,right,right-center
SVM: alexa_resgated,ninefornews,right,right-center
SVM: alexa_resgated,northbirminghamtimes,right-center,right-center
SVM: alexa_resgated,northcolumbusnews,right-center,right-center
SVM: alexa_resgated,northcooknews,right-center,right-center
SVM: alexa_resgated,northdakotabusinessdaily,right-center,right-center
SVM: alexa_resgated,northessexnews,right-center,right-center
SVM: alexa_resgated,northindynews,right-center,right-center
SVM: alexa_resgated,northkentuckynews,right-center,right-center
SVM: alexa_resgated,northoctimes,right-center,right-center
SVM: alexa_resgated,northpalmbeachtoday,right-center,right-center
SVM: alexa_resgated,novosibirsknews,right,right-center
SVM: alexa_resgated,nunavutnews,left-center,right-center
SVM: alexa_resgated,nwillinoisnews,right-center,right-center
SVM: alexa_resgated,nwkentuckynews,right-center,right-center
SVM: alexa_resgated,nwlatimes,right-center,right-center
SVM: alexa_resgated,nwminnesotanews,right-center,right-center
SVM: alexa_resgated,nwvalleytimes,right-center,right-center
SVM: alexa_resgated,oceancountyleader,right-center,right-center
SVM: alexa_resgated,odessanews,right,right-center
SVM: alexa_resgated,offthegridnews,right,right-center
SVM: alexa_resgated,offthepress,right,right-center
SVM: alexa_resgated,ohmymag,center,right-center
SVM: alexa_resgated,origo,right,right-center
SVM: alexa_resgated,orinocotribune,left,right-center
SVM: alexa_resgated,outerbankstimes,right-center,right-center
SVM: alexa_resgated,pacificpundit,right,right-center
SVM: alexa_resgated,palmettostatenews,right-center,right-center
SVM: alexa_resgated,pamedia,center,right-center
SVM: alexa_resgated,panamacityreporter,right-center,right-center
SVM: alexa_resgated,parentsdefendingeducation,right,right-center
SVM: alexa_resgated,pascoreporter,right-center,right-center
SVM: alexa_resgated,passaictoday,right-center,right-center
SVM: alexa_resgated,patriotfetch,right,right-center
SVM: alexa_resgated,peacegardennews,right-center,right-center
SVM: alexa_resgated,peoriajournalstar,center,right-center
SVM: alexa_resgated,pharmavoice,center,right-center
SVM: alexa_resgated,pinehursttoday,right-center,right-center
SVM: alexa_resgated,pioneervalleyadvocate,left-center,right-center
SVM: alexa_resgated,politicalanimalnews,right,right-center
SVM: alexa_resgated,portagetimes,right-center,right-center
SVM: alexa_resgated,portlandcourant,right-center,right-center
SVM: alexa_resgated,prairiestatewire,right-center,right-center
SVM: alexa_resgated,pravdacanada,right,right-center
SVM: alexa_resgated,pravdaitalia,right,right-center
SVM: alexa_resgated,pravdanato,right,right-center
SVM: alexa_resgated,presidentialhill,right,right-center
SVM: alexa_resgated,projectveritas,right,right-center
SVM: alexa_resgated,providencereporter,right-center,right-center
SVM: alexa_resgated,pueblapost,left-center,right-center
SVM: alexa_resgated,punchingbagpost,right,right-center
SVM: alexa_resgated,rabbleca,left,right-center
SVM: alexa_resgated,radar,center,right
SVM: alexa_resgated,randcorporation,center,right-center
SVM: alexa_resgated,rapidcityjournal,center,right-center
SVM: alexa_resgated,rationalground,right,right-center
SVM: alexa_resgated,rationalwiki,left-center,right-center
SVM: alexa_resgated,rawstory,left,right-center
SVM: alexa_resgated,readingchronicle,center,right-center
SVM: alexa_resgated,realnewsnetwork,left,right-center
SVM: alexa_resgated,realnewsnow,right,right-center
SVM: alexa_resgated,reclaimthenet,right,right-center
SVM: alexa_resgated,redicetv,right,right-center
SVM: alexa_resgated,redoubtnews,right,right-center
SVM: alexa_resgated,redwoodempirenews,right-center,right-center
SVM: alexa_resgated,remingtonresearchgroup,center,right-center
SVM: alexa_resgated,renogazettejournal,left-center,right-center
SVM: alexa_resgated,renoreporter,right-center,right-center
SVM: alexa_resgated,republicandaily,right,right-center
SVM: alexa_resgated,restaurantdive,center,right-center
SVM: alexa_resgated,restoreamericanglory,right,right-center
SVM: alexa_resgated,revcomus,left,right-center
SVM: alexa_resgated,revolver,right,right-center
SVM: alexa_resgated,rianovosti,right-center,right-center
SVM: alexa_resgated,richmondside,left-center,right-center
SVM: alexa_resgated,ricochet,right,right-center
SVM: alexa_resgated,rightnewswire,right,right-center
SVM: alexa_resgated,riverdalepress,center,right-center
SVM: alexa_resgated,rivervalleytoday,right-center,right-center
SVM: alexa_resgated,rockymounttelegram,left-center,right-center
SVM: alexa_resgated,russiainsider,right,right-center
SVM: alexa_resgated,salemradionetworknews,right-center,right-center
SVM: alexa_resgated,sandhillstoday,right-center,right-center
SVM: alexa_resgated,saultthisweek,right-center,right-center
SVM: alexa_resgated,savannahmorningnews,right-center,right-center
SVM: alexa_resgated,savejersey,right,right
SVM: alexa_resgated,scalaskanews,right-center,right-center
SVM: alexa_resgated,scmidlandnews,right-center,right-center
SVM: alexa_resgated,scotusblog,center,right-center
SVM: alexa_resgated,sealaskanews,right-center,right-center
SVM: alexa_resgated,seatlantanews,right-center,right-center
SVM: alexa_resgated,sebluegrassnews,right-center,right-center
SVM: alexa_resgated,seconnecticutnews,right-center,right-center
SVM: alexa_resgated,segrandrapidsnews,right-center,right-center
SVM: alexa_resgated,sekansascitynews,right-center,right-center
SVM: alexa_resgated,sekansasnews,right-center,right-center
SVM: alexa_resgated,sekentuckynews,right-center,right-center
SVM: alexa_resgated,senorthcarolinanews,right-center,right-center
SVM: alexa_resgated,sevegasnews,right-center,right-center
SVM: alexa_resgated,showmestatetimes,right-center,right-center
SVM: alexa_resgated,shreveportreporter,right-center,right-center
SVM: alexa_resgated,shtfplancom,right,right-center
SVM: alexa_resgated,silverstatetimes,right-center,right-center
SVM: alexa_resgated,sludge,left,right-center
SVM: alexa_resgated,smokymountaintoday,right-center,right-center
SVM: alexa_resgated,somersettimes,right-center,right-center
SVM: alexa_resgated,sonsof1776,right,right-center
SVM: alexa_resgated,southafricatoday,right,right-center
SVM: alexa_resgated,southcentralpanews,right-center,right-center
SVM: alexa_resgated,southcharlottetoday,right-center,right-center
SVM: alexa_resgated,southcolumbusnews,right-center,right-center
SVM: alexa_resgated,southcooknews,right-center,right-center
SVM: alexa_resgated,southernillinoisnews,right-center,right-center
SVM: alexa_resgated,southernindianatoday,right-center,right-center
SVM: alexa_resgated,southfranklinnews,right-center,right-center
SVM: alexa_resgated,southfultontoday,right-center,right-center
SVM: alexa_resgated,southiowanews,right-center,right-center
SVM: alexa_resgated,southkentnews,right-center,right-center
SVM: alexa_resgated,southknoxvillenews,right-center,right-center
SVM: alexa_resgated,southlouisiananews,right-center,right-center
SVM: alexa_resgated,southsummitnews,right-center,right-center
SVM: alexa_resgated,southtulsatoday,right-center,right-center
SVM: alexa_resgated,southwestmontananews,right-center,right-center
SVM: alexa_resgated,southwestorangeobserver,center,right-center
SVM: alexa_resgated,southwestpanews,right-center,right-center
SVM: alexa_resgated,southwichitanews,right-center,right-center
SVM: alexa_resgated,springtimes,right-center,right-center
SVM: alexa_resgated,stanislausnews,right-center,right-center
SVM: alexa_resgated,staresattheworld,right,right-center
SVM: alexa_resgated,stateline,left,right-center
SVM: alexa_resgated,steadfastandloyal,right,right-center
SVM: alexa_resgated,stjoebentonharbornews,right-center,right-center
SVM: alexa_resgated,stjohnstelegram,right-center,right-center
SVM: alexa_resgated,stopthesethings,right,right-center
SVM: alexa_resgated,sturgiscoldwaternews,right-center,right-center
SVM: alexa_resgated,supplychaindive,center,right-center
SVM: alexa_resgated,surgutnews,right,right-center
SVM: alexa_resgated,survivalnews1,right,right-center
SVM: alexa_resgated,swalaskanews,right-center,right-center
SVM: alexa_resgated,swcoloradonews,right-center,right-center
SVM: alexa_resgated,swmissourinews,right-center,right-center
SVM: alexa_resgated,swoklahomanews,right-center,right-center
SVM: alexa_resgated,swriversidenews,right-center,right-center
SVM: alexa_resgated,techstartups,right-center,right-center
SVM: alexa_resgated,tenthamendmentcenter,right,right-center
SVM: alexa_resgated,tfppwire,right,right-center
SVM: alexa_resgated,tharawatmagazine,right-center,right-center
SVM: alexa_resgated,theblacksphere,right,right-center
SVM: alexa_resgated,theconservativebrief,right,right-center
SVM: alexa_resgated,thedailyadda,left-center,right-center
SVM: alexa_resgated,thedispatch,right-center,right-center
SVM: alexa_resgated,thefreedomtimes,right,right-center
SVM: alexa_resgated,thefreepress,right-center,right-center
SVM: alexa_resgated,thegoldwater,right,right-center
SVM: alexa_resgated,thejoeroganexperience,right-center,right-center
SVM: alexa_resgated,theliberalireland,right,right-center
SVM: alexa_resgated,thelibertydaily,right,left
SVM: alexa_resgated,thenationaluae,right-center,left
SVM: alexa_resgated,thenevadan,left-center,right-center
SVM: alexa_resgated,thepalestinechronicle,left,right-center
SVM: alexa_resgated,thepatriotnurse,right,right-center
SVM: alexa_resgated,thequartering,right,right-center
SVM: alexa_resgated,therightscoop,right,right-center
SVM: alexa_resgated,thesarkariform,left,right-center
SVM: alexa_resgated,thescoop,right,right-center
SVM: alexa_resgated,thesolutionsproject,left,right-center
SVM: alexa_resgated,thesouthafrican,left-center,left
SVM: alexa_resgated,thespinoff,left-center,right-center
SVM: alexa_resgated,thewisconsinindependent,left,right-center
SVM: alexa_resgated,thisdaylive,right-center,right-center
SVM: alexa_resgated,tmz,right-center,right-center
SVM: alexa_resgated,tobacconewswire,right-center,right-center
SVM: alexa_resgated,toofab,left,right-center
SVM: alexa_resgated,torreonpost,left-center,right-center
SVM: alexa_resgated,towncountrymagazine,left-center,right-center
SVM: alexa_resgated,tradingeconomics,center,right-center
SVM: alexa_resgated,transgendertrend,right,right-center
SVM: alexa_resgated,trendingpolitics,right,right-center
SVM: alexa_resgated,trumptrainnews,right,right-center
SVM: alexa_resgated,truthforhealthfoundation,right,right-center
SVM: alexa_resgated,tulsastandard,right-center,right-center
SVM: alexa_resgated,turningpointusafaith,right,right-center
SVM: alexa_resgated,tuscaloosaleader,right-center,right-center
SVM: alexa_resgated,usatoday,left-center,right-center
SVM: alexa_resgated,vaccineimpact,right,left
SVM: alexa_resgated,vaccineinjurynews,right,right-center
SVM: alexa_resgated,valeursactuelles,right,right-center
SVM: alexa_resgated,vanityfair,left,right-center
SVM: alexa_resgated,vintoncountycourier,left-center,right-center
SVM: alexa_resgated,voiceofamerica,center,right-center
SVM: alexa_resgated,waltonfamilyfoundation,center,right-center
SVM: alexa_resgated,warnerrobinstoday,right-center,right-center
SVM: alexa_resgated,washingtonmonthly,left-center,right-center
SVM: alexa_resgated,wataugademocrat,left-center,right-center
SVM: alexa_resgated,wcminnesotanews,right-center,right-center
SVM: alexa_resgated,weatherforddemocrat,left-center,right-center
SVM: alexa_resgated,webertimes,right-center,right-center
SVM: alexa_resgated,westatlantanews,right-center,right-center
SVM: alexa_resgated,westcentralpanews,right-center,right-center
SVM: alexa_resgated,westcentralreporter,right-center,right-center
SVM: alexa_resgated,westchesterreporter,right-center,right-center
SVM: alexa_resgated,westernmassnews,center,right-center
SVM: alexa_resgated,westernndnews,right-center,right-center
SVM: alexa_resgated,westlatimes,right-center,right-center
SVM: alexa_resgated,westnynews,right-center,right-center
SVM: alexa_resgated,westoctimes,right-center,right-center
SVM: alexa_resgated,westpdxtoday,right-center,right-center
SVM: alexa_resgated,westslcnews,right-center,right-center
SVM: alexa_resgated,westwakenews,right-center,right-center
SVM: alexa_resgated,wiartonecho,right-center,right-center
SVM: alexa_resgated,williamsonnews,right-center,right-center
SVM: alexa_resgated,wiregrasstimes,right-center,right-center
SVM: alexa_resgated,witherspooninstitute,right,right-center
SVM: alexa_resgated,wltreport,right,right-center
SVM: alexa_resgated,woflfox35orlando,center,right-center
SVM: alexa_resgated,woodstocksentinelreview,right-center,right-center
SVM: alexa_resgated,worldnetdaily,right,right-center
SVM: alexa_resgated,wpnmleipsicnews,center,right-center
SVM: alexa_resgated,wwtn997fmnashville,right,right-center
SVM: alexa_resgated,xinhuaenglish,left,right-center
SVM: alexa_resgated,yadkinripple,left-center,right-center
SVM: alexa_resgated,yankeeinstituteforpublicpolicy,right-center,right-center
SVM: alexa_resgated,yukonnews,left-center,right-center
SVM: alexa_resgated,z3news,right,right-center
SVM: hyperlink_gcn,100fedup,right,right-center
SVM: hyperlink_gcn,404media,left-center,right-center
SVM: hyperlink_gcn,7news,right-center,right-center
SVM: hyperlink_gcn,972magazine,left-center,right-center
SVM: hyperlink_gcn,abakannews,right,right-center
SVM: hyperlink_gcn,abc11eyewitnessnews,left-center,right-center
SVM: hyperlink_gcn,actforamerica,right,right-center
SVM: hyperlink_gcn,adamsnews,right,right-center
SVM: hyperlink_gcn,adareporter,right-center,right-center
SVM: hyperlink_gcn,adfontesmedia,center,right-center
SVM: hyperlink_gcn,airdriecityview,left-center,right-center
SVM: hyperlink_gcn,akronreporter,right-center,right-center
SVM: hyperlink_gcn,albuquerquejournal,right-center,right-center
SVM: hyperlink_gcn,alohastatenews,right-center,right-center
SVM: hyperlink_gcn,amandla,left,right-center
SVM: hyperlink_gcn,americanaffairsjournal,right-center,right-center
SVM: hyperlink_gcn,americancenterforlawjustice,right,right-center
SVM: hyperlink_gcn,americangulag,right,right-center
SVM: hyperlink_gcn,americanpatriotdaily,right,right-center
SVM: hyperlink_gcn,americansunitedforseparationofchurchandstate,left,right-center
SVM: hyperlink_gcn,amnestyinternational,left-center,right-center
SVM: hyperlink_gcn,analyticsindiamagazine,right-center,right-center
SVM: hyperlink_gcn,annarbortimes,right-center,right-center
SVM: hyperlink_gcn,anokatimes,right-center,right-center
SVM: hyperlink_gcn,aptnnationalnews,left-center,right-center
SVM: hyperlink_gcn,arizonacapitoltimes,left-center,right-center
SVM: hyperlink_gcn,arizonarepublic,left-center,right-center
SVM: hyperlink_gcn,arlingtonheightsdailyherald,right-center,right-center
SVM: hyperlink_gcn,armedforcespress,right,right-center
SVM: hyperlink_gcn,armstrongeconomics,right,right-center
SVM: hyperlink_gcn,armytimes,center,right-center
SVM: hyperlink_gcn,ashevillereporter,right-center,right-center
SVM: hyperlink_gcn,asiatimes,center,right-center
SVM: hyperlink_gcn,atlantablackstar,left-center,right-center
SVM: hyperlink_gcn,atlantic,left-center,right-center
SVM: hyperlink_gcn,atlasintel,center,right-center
SVM: hyperlink_gcn,automotivedive,center,right-center
SVM: hyperlink_gcn,autulu,center,right-center
SVM: hyperlink_gcn,bajacaliforniapost,left-center,right-center
SVM: hyperlink_gcn,baldwintimes,right-center,right-center
SVM: hyperlink_gcn,banburyguardian,center,right-center
SVM: hyperlink_gcn,bartlesvilleexaminerenterprise,left-center,right-center
SVM: hyperlink_gcn,bdnews24,left-center,right-center
SVM: hyperlink_gcn,beehivestatenews,right-center,right-center
SVM: hyperlink_gcn,belfercenterforscienceandinternationalaffairs,left-center,right-center
SVM: hyperlink_gcn,berdyansknews,right,right-center
SVM: hyperlink_gcn,berkscountynews,right-center,right-center
SVM: hyperlink_gcn,biasednews,right,right-center
SVM: hyperlink_gcn,bignewsnetwork,center,right-center
SVM: hyperlink_gcn,billmoyerscom,left,right-center
SVM: hyperlink_gcn,billtrack50,center,right-center
SVM: hyperlink_gcn,bipartisanpolicycenter,right-center,right-center
SVM: hyperlink_gcn,birminghamworld,center,right-center
SVM: hyperlink_gcn,blacknews,left,right-center
SVM: hyperlink_gcn,bloomingtonheraldtimes,left-center,right-center
SVM: hyperlink_gcn,bloomingtonleader,right-center,right-center
SVM: hyperlink_gcn,boisecitywire,right-center,right-center
SVM: hyperlink_gcn,bongino,right,right-center
SVM: hyperlink_gcn,borgenmagazine,left-center,right-center
SVM: hyperlink_gcn,borgenproject,left-center,right-center
SVM: hyperlink_gcn,bostonglobe,left-center,right-center
SVM: hyperlink_gcn,bothellreporter,center,right-center
SVM: hyperlink_gcn,brevardsun,right-center,right-center
SVM: hyperlink_gcn,buckeyereporter,right-center,right-center
SVM: hyperlink_gcn,buckscountycouriertimes,left-center,right-center
SVM: hyperlink_gcn,bucyrustelegraphforum,left-center,right-center
SVM: hyperlink_gcn,burlingtonreporter,right-center,right-center
SVM: hyperlink_gcn,c19ivermectin,right,right-center
SVM: hyperlink_gcn,cabarrustoday,right-center,right-center
SVM: hyperlink_gcn,calgarysun,right-center,right-center
SVM: hyperlink_gcn,californiacollapsenews,right,right-center
SVM: hyperlink_gcn,californiapoliticalreview,right-center,right-center
SVM: hyperlink_gcn,cambriatimes,right-center,right-center
SVM: hyperlink_gcn,campechepost,left-center,right-center
SVM: hyperlink_gcn,cantonrepository,left-center,right-center
SVM: hyperlink_gcn,castoradvance,left-center,right-center
SVM: hyperlink_gcn,catholictribunemichigan,right-center,right-center
SVM: hyperlink_gcn,catholictribuneminnesota,right-center,right-center
SVM: hyperlink_gcn,cctvinternational,left-center,right-center
SVM: hyperlink_gcn,censortrack,right,right-center
SVM: hyperlink_gcn,centerforamericanprogress,left,right-center
SVM: hyperlink_gcn,centerforsecuritypolicy,right,right-center
SVM: hyperlink_gcn,centralchestertoday,right-center,right-center
SVM: hyperlink_gcn,centralidahotimes,right-center,right-center
SVM: hyperlink_gcn,chambanasun,right-center,right-center
SVM: hyperlink_gcn,changeresearch,left,right-center
SVM: hyperlink_gcn,checkyourfact,right-center,right-center
SVM: hyperlink_gcn,cheddar,left-center,right-center
SVM: hyperlink_gcn,chinadaily,left,right-center
SVM: hyperlink_gcn,ciodive,center,right-center
SVM: hyperlink_gcn,citizentruth,left-center,right-center
SVM: hyperlink_gcn,citynewstoronto,center,right-center
SVM: hyperlink_gcn,clarionledger,left-center,right-center
SVM: hyperlink_gcn,clarkforkvalleypress,center,right-center
SVM: hyperlink_gcn,clayreporter,right-center,right-center
SVM: hyperlink_gcn,cleantechnica,left-center,right-center
SVM: hyperlink_gcn,climaterealism,right,right-center
SVM: hyperlink_gcn,climatesciencepolicywatch,left-center,right-center
SVM: hyperlink_gcn,co2coalition,right,right-center
SVM: hyperlink_gcn,coalregionnews,right-center,right-center
SVM: hyperlink_gcn,coconinonews,right-center,right-center
SVM: hyperlink_gcn,codastory,left,right-center
SVM: hyperlink_gcn,collintimes,right-center,right-center
SVM: hyperlink_gcn,coloradofreepress,right,right-center
SVM: hyperlink_gcn,columbiajournalismreview,left-center,right-center
SVM: hyperlink_gcn,comicsands,left,right-center
SVM: hyperlink_gcn,commentarymagazine,right,right-center
SVM: hyperlink_gcn,concernedwomenforamerica,right,right-center
SVM: hyperlink_gcn,conchovalleynews,right-center,right-center
SVM: hyperlink_gcn,concordledger,right-center,right-center
SVM: hyperlink_gcn,conservativefiringline,right,right-center
SVM: hyperlink_gcn,conservativeopinion,right,right-center
SVM: hyperlink_gcn,conservativeplaylist,right,right-center
SVM: hyperlink_gcn,conservativeundergroundnews,right,right-center
SVM: hyperlink_gcn,constructiondive,center,right-center
SVM: hyperlink_gcn,countercurrentsorg,left,right-center
SVM: hyperlink_gcn,crawfordtimes,right-center,right-center
SVM: hyperlink_gcn,creationevolutionheadlines,right,right-center
SVM: hyperlink_gcn,creationministriesinternational,right,right-center
SVM: hyperlink_gcn,crossexaminedorg,right,right-center
SVM: hyperlink_gcn,cstoredive,center,right-center
SVM: hyperlink_gcn,cursor,left-center,right-center
SVM: hyperlink_gcn,cygnalpolling,right-center,right-center
SVM: hyperlink_gcn,dagestannews,right,right-center
SVM: hyperlink_gcn,dailyburlington,center,right-center
SVM: hyperlink_gcn,dailydot,left,right-center
SVM: hyperlink_gcn,dailyflowermound,center,right-center
SVM: hyperlink_gcn,dailyjanesville,center,right-center
SVM: hyperlink_gcn,dailykos,left,right-center
SVM: hyperlink_gcn,dailymcallen,center,right-center
SVM: hyperlink_gcn,dailynewbraunfels,center,right-center
SVM: hyperlink_gcn,dailyo,right-center,right-center
SVM: hyperlink_gcn,dailypress,right-center,right-center
SVM: hyperlink_gcn,dailyroundrock,center,right-center
SVM: hyperlink_gcn,dailyspokanevalley,center,right-center
SVM: hyperlink_gcn,dailytacoma,center,right-center
SVM: hyperlink_gcn,dailytorch,right,right-center
SVM: hyperlink_gcn,dailyveracity,right,right-center
SVM: hyperlink_gcn,dartmouthtimes,right-center,right-center
SVM: hyperlink_gcn,dauphinnews,right-center,right-center
SVM: hyperlink_gcn,daventryexpress,center,right-center
SVM: hyperlink_gcn,davistimes,right-center,right-center
SVM: hyperlink_gcn,defector,left-center,right-center
SVM: hyperlink_gcn,defenddemocracypress,left,right-center
SVM: hyperlink_gcn,defenseworldnet,center,right-center
SVM: hyperlink_gcn,dekalbdailychronicle,center,right-center
SVM: hyperlink_gcn,delawareonlinethenewsjournal,left-center,right-center
SVM: hyperlink_gcn,democracyfundvoice,left-center,right-center
SVM: hyperlink_gcn,democratandchronicle,left-center,right-center
SVM: hyperlink_gcn,demstate,right-center,right-center
SVM: hyperlink_gcn,derstatus,right,right-center
SVM: hyperlink_gcn,desantisdaily,right,right-center
SVM: hyperlink_gcn,deseretnews,right-center,right-center
SVM: hyperlink_gcn,desmoinessun,right-center,right-center
SVM: hyperlink_gcn,digg,left-center,right-center
SVM: hyperlink_gcn,digitimesasia,center,right-center
SVM: hyperlink_gcn,discoveryinstitute,right,right-center
SVM: hyperlink_gcn,dissentmagazine,left,right-center
SVM: hyperlink_gcn,doctorswithoutborders,center,right-center
SVM: hyperlink_gcn,donbasscenter,right,right-center
SVM: hyperlink_gcn,download,right,right-center
SVM: hyperlink_gcn,downsizingthefederalgovernment,right-center,right-center
SVM: hyperlink_gcn,druthers,right,right-center
SVM: hyperlink_gcn,dubuquetimes,right-center,right-center
SVM: hyperlink_gcn,duluthnewstribune,center,right-center
SVM: hyperlink_gcn,dzen,right-center,right-center
SVM: hyperlink_gcn,earthorg,left-center,right-center
SVM: hyperlink_gcn,eastcentralreporter,right-center,right-center
SVM: hyperlink_gcn,eastlondonandwestessexguardian,center,right-center
SVM: hyperlink_gcn,eastpanhandlenews,right-center,right-center
SVM: hyperlink_gcn,eastsandiegonews,right-center,right-center
SVM: hyperlink_gcn,eastwaketimes,right-center,right-center
SVM: hyperlink_gcn,ecmississippinews,right-center,right-center
SVM: hyperlink_gcn,ecoklahomanews,right-center,right-center
SVM: hyperlink_gcn,ecowatch,left,right-center
SVM: hyperlink_gcn,educationdailywire,right-center,right-center
SVM: hyperlink_gcn,egyptianstreets,left-center,right-center
SVM: hyperlink_gcn,electronicintifada,left,right-center
SVM: hyperlink_gcn,elkodailyfreepress,center,right-center
SVM: hyperlink_gcn,ellwoodcityledger,left-center,right-center
SVM: hyperlink_gcn,emirates247,right-center,right-center
SVM: hyperlink_gcn,enchantmentstatenews,right-center,right-center
SVM: hyperlink_gcn,endthefed,right,right-center
SVM: hyperlink_gcn,enews,center,right-center
SVM: hyperlink_gcn,entertainmentweekly,left-center,right-center
SVM: hyperlink_gcn,esquiremagazine,left,right-center
SVM: hyperlink_gcn,euvsdisinfo,left-center,right-center
SVM: hyperlink_gcn,eviemagazine,right,right-center
SVM: hyperlink_gcn,facilitiesdive,center,right-center
SVM: hyperlink_gcn,factcheckni,center,right-center
SVM: hyperlink_gcn,factsnet,center,right-center
SVM: hyperlink_gcn,faithfreedomcoalition,right,right-center
SVM: hyperlink_gcn,fargostandard,right-center,right-center
SVM: hyperlink_gcn,farsnewsagency,left-center,right-center
SVM: hyperlink_gcn,fdesouche,right,right-center
SVM: hyperlink_gcn,financialtechtimes,left-center,right-center
SVM: hyperlink_gcn,fivenation,right,right-center
SVM: hyperlink_gcn,focusonthefamily,right,right-center
SVM: hyperlink_gcn,fortsmithtimes,right-center,right-center
SVM: hyperlink_gcn,fostersdailydemocrat,center,right-center
SVM: hyperlink_gcn,frankspeech,right,right-center
SVM: hyperlink_gcn,freedomfromreligionfoundation,left,right-center
SVM: hyperlink_gcn,fremontnewsmessenger,left-center,right-center
SVM: hyperlink_gcn,freshoffthepress,right,right-center
SVM: hyperlink_gcn,friatiderfreetimes,right,right-center
SVM: hyperlink_gcn,frontpagemagazine,right,right-center
SVM: hyperlink_gcn,frontpagenewspaper,right-center,right-center
SVM: hyperlink_gcn,gaysagainstgroomers,right,right-center
SVM: hyperlink_gcn,gbnewsuk,right,right-center
SVM: hyperlink_gcn,gellerreport,right,right-center
SVM: hyperlink_gcn,geopoliticalintelligenceservices,right-center,right-center
SVM: hyperlink_gcn,georgiamountainnews,right-center,right-center
SVM: hyperlink_gcn,georgiarecord,right,right-center
SVM: hyperlink_gcn,ghost,right,right-center
SVM: hyperlink_gcn,glasgowtimes,center,right-center
SVM: hyperlink_gcn,goderichsignalstar,right-center,right-center
SVM: hyperlink_gcn,gooddaybrownsville,center,right-center
SVM: hyperlink_gcn,gooddayportangeles,center,right-center
SVM: hyperlink_gcn,gooddayvancouver,center,right-center
SVM: hyperlink_gcn,gopusa,right,right-center
SVM: hyperlink_gcn,grandjunctiontimes,right-center,right-center
SVM: hyperlink_gcn,granitegrok,right,right-center
SVM: hyperlink_gcn,greenevillesun,left-center,right-center
SVM: hyperlink_gcn,greenlininginstitute,left,right-center
SVM: hyperlink_gcn,grundyreporter,right-center,right-center
SVM: hyperlink_gcn,gzeromedia,left-center,right-center
SVM: hyperlink_gcn,happyvalleytimes,right-center,right-center
SVM: hyperlink_gcn,headlineusa,right,right-center
SVM: hyperlink_gcn,heartlandinstitute,right,right-center
SVM: hyperlink_gcn,helensburghadvertiser,center,right-center
SVM: hyperlink_gcn,herbsnews,right,right-center
SVM: hyperlink_gcn,heritagefoundation,right,right-center
SVM: hyperlink_gcn,hongkongfreepress,left-center,right-center
SVM: hyperlink_gcn,hopekinsvilletimes,right-center,right-center
SVM: hyperlink_gcn,hopkinsvilletimes,right-center,right-center
SVM: hyperlink_gcn,hrdive,center,right-center
SVM: hyperlink_gcn,hudsontoday,right-center,right-center
SVM: hyperlink_gcn,huntsvilleleader,right-center,right-center
SVM: hyperlink_gcn,illegalaliencrimereport,right,right-center
SVM: hyperlink_gcn,imperialcanews,right-center,right-center
SVM: hyperlink_gcn,indexmundi,center,right-center
SVM: hyperlink_gcn,infoplease,left-center,right-center
SVM: hyperlink_gcn,informationliberation,right,right-center
SVM: hyperlink_gcn,ingushetiyanews,right,right-center
SVM: hyperlink_gcn,instituteforthestudyofglobalizationandcovertpolitics,right,right-center
SVM: hyperlink_gcn,intellectualtakeout,right,right-center
SVM: hyperlink_gcn,intelli,center,right-center
SVM: hyperlink_gcn,investigatewest,left-center,right-center
SVM: hyperlink_gcn,iowacitytoday,right-center,right-center
SVM: hyperlink_gcn,ipmnewsroom,left-center,right-center
SVM: hyperlink_gcn,irkutsknews,right,right-center
SVM: hyperlink_gcn,ivermectinforcovid19,right,right-center
SVM: hyperlink_gcn,jeffersoncitynews,right-center,right-center
SVM: hyperlink_gcn,joehoft,right,right-center
SVM: hyperlink_gcn,kait8tv,center,right-center
SVM: hyperlink_gcn,kankakeetimes,right-center,right-center
SVM: hyperlink_gcn,kauaisun,right-center,right-center
SVM: hyperlink_gcn,kbutnprcrestedbutte,left-center,right-center
SVM: hyperlink_gcn,kcfcnprboulder,left-center,right-center
SVM: hyperlink_gcn,keighleynews,center,right-center
SVM: hyperlink_gcn,kentcountytimes,right-center,right-center
SVM: hyperlink_gcn,kerncountrytimes,right-center,right-center
SVM: hyperlink_gcn,kerncountytimes,right-center,right-center
SVM: hyperlink_gcn,kirklandlakenorthernnews,right-center,right-center
SVM: hyperlink_gcn,kirovnews,right,right-center
SVM: hyperlink_gcn,kkat860amsaltlakecity,right,right-center
SVM: hyperlink_gcn,kkoh780amreno,right,right-center
SVM: hyperlink_gcn,krccnprcoloradosprings,left-center,right-center
SVM: hyperlink_gcn,kremlin,right-center,right-center
SVM: hyperlink_gcn,kvaleugenenews,right-center,right-center
SVM: hyperlink_gcn,laborpains,right,right-center
SVM: hyperlink_gcn,lagrangedailynews,right-center,right-center
SVM: hyperlink_gcn,laphamsquarterly,left-center,right-center
SVM: hyperlink_gcn,laredotoday,center,right-center
SVM: hyperlink_gcn,lawrencereporter,right-center,right-center
SVM: hyperlink_gcn,lebanonpanews,right-center,right-center
SVM: hyperlink_gcn,leftaction,left,right-center
SVM: hyperlink_gcn,leighjournal,center,right-center
SVM: hyperlink_gcn,libsoftiktok,right,right-center
SVM: hyperlink_gcn,lifenews,right,right-center
SVM: hyperlink_gcn,lifewire,center,right-center
SVM: hyperlink_gcn,limareporter,right-center,right-center
SVM: hyperlink_gcn,livingstontoday,right-center,right-center
SVM: hyperlink_gcn,lnrnews,right,right-center
SVM: hyperlink_gcn,logically,center,right-center
SVM: hyperlink_gcn,louisvillecitywire,right-center,right-center
SVM: hyperlink_gcn,ludlowadvertiser,center,right-center
SVM: hyperlink_gcn,lugansknews,right,right-center
SVM: hyperlink_gcn,magadannews,right,right-center
SVM: hyperlink_gcn,magicvalleytimes,right-center,right-center
SVM: hyperlink_gcn,magnoliastatenews,right-center,right-center
SVM: hyperlink_gcn,manilabusinessdaily,right-center,right-center
SVM: hyperlink_gcn,marylandbusinessdaily,right-center,right-center
SVM: hyperlink_gcn,mauireporter,right-center,right-center
SVM: hyperlink_gcn,mazatlanpost,left-center,right-center
SVM: hyperlink_gcn,mediamatters,left,right-center
SVM: hyperlink_gcn,merrimackvalleynews,right-center,right-center
SVM: hyperlink_gcn,metricmedia,right-center,right-center
SVM: hyperlink_gcn,metroweekly,left,right-center
SVM: hyperlink_gcn,miamistandard,right,right-center
SVM: hyperlink_gcn,midcoasttoday,right-center,right-center
SVM: hyperlink_gcn,middleeastinstitute,center,right-center
SVM: hyperlink_gcn,middleeastmediaresearchinstitutememri,right,right-center
SVM: hyperlink_gcn,middleeastnewsagency,right-center,right-center
SVM: hyperlink_gcn,midnorthmonitor,right-center,right-center
SVM: hyperlink_gcn,minnesotabusinessdaily,right-center,right-center
SVM: hyperlink_gcn,minnesotasun,right,right-center
SVM: hyperlink_gcn,misionverdad,left,right-center
SVM: hyperlink_gcn,mitchelladvocate,right-center,right-center
SVM: hyperlink_gcn,mohawkvalleytimes,right-center,right-center
SVM: hyperlink_gcn,moldovanews,right,right-center
SVM: hyperlink_gcn,monmouthtimes,right-center,right-center
SVM: hyperlink_gcn,monroecountynews,right-center,right-center
SVM: hyperlink_gcn,monterreydailypost,left-center,right-center
SVM: hyperlink_gcn,morningmurfreesboro,center,right-center
SVM: hyperlink_gcn,morrisleader,right-center,right-center
SVM: hyperlink_gcn,moskvanews,right,right-center
SVM: hyperlink_gcn,moveon,left,right-center
SVM: hyperlink_gcn,muslimskeptic,right,right-center
SVM: hyperlink_gcn,myrtlebeachleader,right-center,right-center
SVM: hyperlink_gcn,nashvillestandard,right-center,right-center
SVM: hyperlink_gcn,nationalassociationofscholars,right,right-center
SVM: hyperlink_gcn,nationalcenterforpublicpolicyresearch,right,right-center
SVM: hyperlink_gcn,naturalresourcegovernanceinstitute,left-center,right-center
SVM: hyperlink_gcn,ncbusinessdaily,right-center,right-center
SVM: hyperlink_gcn,ncmississippinews,right-center,right-center
SVM: hyperlink_gcn,nealabamanews,right-center,right-center
SVM: hyperlink_gcn,neatlantanews,right-center,right-center
SVM: hyperlink_gcn,necalinews,right-center,right-center
SVM: hyperlink_gcn,nelouisiananews,right-center,right-center
SVM: hyperlink_gcn,nepiedmontnews,right-center,right-center
SVM: hyperlink_gcn,nikopolnews,right,right-center
SVM: hyperlink_gcn,ninefornews,right,right-center
SVM: hyperlink_gcn,northbirminghamtimes,right-center,right-center
SVM: hyperlink_gcn,northcolumbusnews,right-center,right-center
SVM: hyperlink_gcn,northcooknews,right-center,right-center
SVM: hyperlink_gcn,northdakotabusinessdaily,right-center,right-center
SVM: hyperlink_gcn,northessexnews,right-center,right-center
SVM: hyperlink_gcn,northindynews,right-center,right-center
SVM: hyperlink_gcn,northkentuckynews,right-center,right-center
SVM: hyperlink_gcn,northoctimes,right-center,right-center
SVM: hyperlink_gcn,northpalmbeachtoday,right-center,right-center
SVM: hyperlink_gcn,novosibirsknews,right,right-center
SVM: hyperlink_gcn,nunavutnews,left-center,right-center
SVM: hyperlink_gcn,nwillinoisnews,right-center,right-center
SVM: hyperlink_gcn,nwkentuckynews,right-center,right-center
SVM: hyperlink_gcn,nwlatimes,right-center,right-center
SVM: hyperlink_gcn,nwminnesotanews,right-center,right-center
SVM: hyperlink_gcn,nwvalleytimes,right-center,right-center
SVM: hyperlink_gcn,oceancountyleader,right-center,right-center
SVM: hyperlink_gcn,odessanews,right,right-center
SVM: hyperlink_gcn,offthegridnews,right,right-center
SVM: hyperlink_gcn,offthepress,right,right-center
SVM: hyperlink_gcn,ohmymag,center,right-center
SVM: hyperlink_gcn,origo,right,right-center
SVM: hyperlink_gcn,orinocotribune,left,right-center
SVM: hyperlink_gcn,outerbankstimes,right-center,right-center
SVM: hyperlink_gcn,pacificpundit,right,right-center
SVM: hyperlink_gcn,palmettostatenews,right-center,right-center
SVM: hyperlink_gcn,pamedia,center,right-center
SVM: hyperlink_gcn,panamacityreporter,right-center,right-center
SVM: hyperlink_gcn,parentsdefendingeducation,right,right-center
SVM: hyperlink_gcn,pascoreporter,right-center,right-center
SVM: hyperlink_gcn,passaictoday,right-center,right-center
SVM: hyperlink_gcn,patriotfetch,right,right-center
SVM: hyperlink_gcn,peacegardennews,right-center,right-center
SVM: hyperlink_gcn,peoriajournalstar,center,right-center
SVM: hyperlink_gcn,pharmavoice,center,right-center
SVM: hyperlink_gcn,pinehursttoday,right-center,right-center
SVM: hyperlink_gcn,pioneervalleyadvocate,left-center,right-center
SVM: hyperlink_gcn,politicalanimalnews,right,right-center
SVM: hyperlink_gcn,portagetimes,right-center,right-center
SVM: hyperlink_gcn,portlandcourant,right-center,right-center
SVM: hyperlink_gcn,prairiestatewire,right-center,right-center
SVM: hyperlink_gcn,pravdacanada,right,right-center
SVM: hyperlink_gcn,pravdaitalia,right,right-center
SVM: hyperlink_gcn,pravdanato,right,right-center
SVM: hyperlink_gcn,presidentialhill,right,right-center
SVM: hyperlink_gcn,projectveritas,right,right-center
SVM: hyperlink_gcn,providencereporter,right-center,right-center
SVM: hyperlink_gcn,pueblapost,left-center,right-center
SVM: hyperlink_gcn,punchingbagpost,right,right-center
SVM: hyperlink_gcn,rabbleca,left,right-center
SVM: hyperlink_gcn,radar,center,right-center
SVM: hyperlink_gcn,randcorporation,center,right-center
SVM: hyperlink_gcn,rapidcityjournal,center,right-center
SVM: hyperlink_gcn,rationalground,right,right-center
SVM: hyperlink_gcn,rationalwiki,left-center,right-center
SVM: hyperlink_gcn,rawstory,left,right-center
SVM: hyperlink_gcn,readingchronicle,center,right-center
SVM: hyperlink_gcn,realnewsnetwork,left,right-center
SVM: hyperlink_gcn,realnewsnow,right,right-center
SVM: hyperlink_gcn,reclaimthenet,right,right-center
SVM: hyperlink_gcn,redicetv,right,right-center
SVM: hyperlink_gcn,redoubtnews,right,right-center
SVM: hyperlink_gcn,redwoodempirenews,right-center,right-center
SVM: hyperlink_gcn,remingtonresearchgroup,center,right-center
SVM: hyperlink_gcn,renogazettejournal,left-center,right-center
SVM: hyperlink_gcn,renoreporter,right-center,right-center
SVM: hyperlink_gcn,republicandaily,right,right-center
SVM: hyperlink_gcn,restaurantdive,center,right-center
SVM: hyperlink_gcn,restoreamericanglory,right,right-center
SVM: hyperlink_gcn,revcomus,left,right-center
SVM: hyperlink_gcn,revolver,right,right-center
SVM: hyperlink_gcn,rianovosti,right-center,right-center
SVM: hyperlink_gcn,richmondside,left-center,right-center
SVM: hyperlink_gcn,ricochet,right,right-center
SVM: hyperlink_gcn,rightnewswire,right,right-center
SVM: hyperlink_gcn,riverdalepress,center,right-center
SVM: hyperlink_gcn,rivervalleytoday,right-center,right-center
SVM: hyperlink_gcn,rockymounttelegram,left-center,right-center
SVM: hyperlink_gcn,russiainsider,right,right-center
SVM: hyperlink_gcn,salemradionetworknews,right-center,right-center
SVM: hyperlink_gcn,sandhillstoday,right-center,right-center
SVM: hyperlink_gcn,saultthisweek,right-center,right-center
SVM: hyperlink_gcn,savannahmorningnews,right-center,right-center
SVM: hyperlink_gcn,savejersey,right,right-center
SVM: hyperlink_gcn,scalaskanews,right-center,right-center
SVM: hyperlink_gcn,scmidlandnews,right-center,right-center
SVM: hyperlink_gcn,scotusblog,center,right-center
SVM: hyperlink_gcn,sealaskanews,right-center,right-center
SVM: hyperlink_gcn,seatlantanews,right-center,right-center
SVM: hyperlink_gcn,sebluegrassnews,right-center,right-center
SVM: hyperlink_gcn,seconnecticutnews,right-center,right-center
SVM: hyperlink_gcn,segrandrapidsnews,right-center,right-center
SVM: hyperlink_gcn,sekansascitynews,right-center,right-center
SVM: hyperlink_gcn,sekansasnews,right-center,right-center
SVM: hyperlink_gcn,sekentuckynews,right-center,right-center
SVM: hyperlink_gcn,senorthcarolinanews,right-center,right-center
SVM: hyperlink_gcn,sevegasnews,right-center,right-center
SVM: hyperlink_gcn,showmestatetimes,right-center,right-center
SVM: hyperlink_gcn,shreveportreporter,right-center,right-center
SVM: hyperlink_gcn,shtfplancom,right,right-center
SVM: hyperlink_gcn,silverstatetimes,right-center,right-center
SVM: hyperlink_gcn,sludge,left,right-center
SVM: hyperlink_gcn,smokymountaintoday,right-center,right-center
SVM: hyperlink_gcn,somersettimes,right-center,right-center
SVM: hyperlink_gcn,sonsof1776,right,right-center
SVM: hyperlink_gcn,southafricatoday,right,right-center
SVM: hyperlink_gcn,southcentralpanews,right-center,right-center
SVM: hyperlink_gcn,southcharlottetoday,right-center,right-center
SVM: hyperlink_gcn,southcolumbusnews,right-center,right-center
SVM: hyperlink_gcn,southcooknews,right-center,right-center
SVM: hyperlink_gcn,southernillinoisnews,right-center,right-center
SVM: hyperlink_gcn,southernindianatoday,right-center,right-center
SVM: hyperlink_gcn,southfranklinnews,right-center,right-center
SVM: hyperlink_gcn,southfultontoday,right-center,right-center
SVM: hyperlink_gcn,southiowanews,right-center,right-center
SVM: hyperlink_gcn,southkentnews,right-center,right-center
SVM: hyperlink_gcn,southknoxvillenews,right-center,right-center
SVM: hyperlink_gcn,southlouisiananews,right-center,right-center
SVM: hyperlink_gcn,southsummitnews,right-center,right-center
SVM: hyperlink_gcn,southtulsatoday,right-center,right-center
SVM: hyperlink_gcn,southwestmontananews,right-center,right-center
SVM: hyperlink_gcn,southwestorangeobserver,center,right-center
SVM: hyperlink_gcn,southwestpanews,right-center,right-center
SVM: hyperlink_gcn,southwichitanews,right-center,right-center
SVM: hyperlink_gcn,springtimes,right-center,right-center
SVM: hyperlink_gcn,stanislausnews,right-center,right-center
SVM: hyperlink_gcn,staresattheworld,right,right-center
SVM: hyperlink_gcn,stateline,left,right-center
SVM: hyperlink_gcn,steadfastandloyal,right,right-center
SVM: hyperlink_gcn,stjoebentonharbornews,right-center,right-center
SVM: hyperlink_gcn,stjohnstelegram,right-center,right-center
SVM: hyperlink_gcn,stopthesethings,right,right-center
SVM: hyperlink_gcn,sturgiscoldwaternews,right-center,right-center
SVM: hyperlink_gcn,supplychaindive,center,right-center
SVM: hyperlink_gcn,surgutnews,right,right-center
SVM: hyperlink_gcn,survivalnews1,right,right-center
SVM: hyperlink_gcn,swalaskanews,right-center,right-center
SVM: hyperlink_gcn,swcoloradonews,right-center,right-center
SVM: hyperlink_gcn,swmissourinews,right-center,right-center
SVM: hyperlink_gcn,swoklahomanews,right-center,right-center
SVM: hyperlink_gcn,swriversidenews,right-center,right-center
SVM: hyperlink_gcn,techstartups,right-center,right-center
SVM: hyperlink_gcn,tenthamendmentcenter,right,right-center
SVM: hyperlink_gcn,tfppwire,right,right-center
SVM: hyperlink_gcn,tharawatmagazine,right-center,right-center
SVM: hyperlink_gcn,theblacksphere,right,right-center
SVM: hyperlink_gcn,theconservativebrief,right,right-center
SVM: hyperlink_gcn,thedailyadda,left-center,right-center
SVM: hyperlink_gcn,thedispatch,right-center,right-center
SVM: hyperlink_gcn,thefreedomtimes,right,right-center
SVM: hyperlink_gcn,thefreepress,right-center,right-center
SVM: hyperlink_gcn,thegoldwater,right,right-center
SVM: hyperlink_gcn,thejoeroganexperience,right-center,right-center
SVM: hyperlink_gcn,theliberalireland,right,right-center
SVM: hyperlink_gcn,thelibertydaily,right,right-center
SVM: hyperlink_gcn,thenationaluae,right-center,right-center
SVM: hyperlink_gcn,thenevadan,left-center,right-center
SVM: hyperlink_gcn,thepalestinechronicle,left,right-center
SVM: hyperlink_gcn,thepatriotnurse,right,right-center
SVM: hyperlink_gcn,thequartering,right,right-center
SVM: hyperlink_gcn,therightscoop,right,right-center
SVM: hyperlink_gcn,thesarkariform,left,right-center
SVM: hyperlink_gcn,thescoop,right,right-center
SVM: hyperlink_gcn,thesolutionsproject,left,right-center
SVM: hyperlink_gcn,thesouthafrican,left-center,right-center
SVM: hyperlink_gcn,thespinoff,left-center,right-center
SVM: hyperlink_gcn,thewisconsinindependent,left,right-center
SVM: hyperlink_gcn,thisdaylive,right-center,right-center
SVM: hyperlink_gcn,tmz,right-center,right-center
SVM: hyperlink_gcn,tobacconewswire,right-center,right-center
SVM: hyperlink_gcn,toofab,left,right-center
SVM: hyperlink_gcn,torreonpost,left-center,right-center
SVM: hyperlink_gcn,towncountrymagazine,left-center,right-center
SVM: hyperlink_gcn,tradingeconomics,center,right-center
SVM: hyperlink_gcn,transgendertrend,right,right-center
SVM: hyperlink_gcn,trendingpolitics,right,right-center
SVM: hyperlink_gcn,trumptrainnews,right,right-center
SVM: hyperlink_gcn,truthforhealthfoundation,right,right-center
SVM: hyperlink_gcn,tulsastandard,right-center,right-center
SVM: hyperlink_gcn,turningpointusafaith,right,right-center
SVM: hyperlink_gcn,tuscaloosaleader,right-center,right-center
SVM: hyperlink_gcn,usatoday,left-center,right-center
SVM: hyperlink_gcn,vaccineimpact,right,right-center
SVM: hyperlink_gcn,vaccineinjurynews,right,right-center
SVM: hyperlink_gcn,valeursactuelles,right,right-center
SVM: hyperlink_gcn,vanityfair,left,right-center
SVM: hyperlink_gcn,vintoncountycourier,left-center,right-center
SVM: hyperlink_gcn,voiceofamerica,center,right-center
SVM: hyperlink_gcn,waltonfamilyfoundation,center,right-center
SVM: hyperlink_gcn,warnerrobinstoday,right-center,right-center
SVM: hyperlink_gcn,washingtonmonthly,left-center,right-center
SVM: hyperlink_gcn,wataugademocrat,left-center,right-center
SVM: hyperlink_gcn,wcminnesotanews,right-center,right-center
SVM: hyperlink_gcn,weatherforddemocrat,left-center,right-center
SVM: hyperlink_gcn,webertimes,right-center,right-center
SVM: hyperlink_gcn,westatlantanews,right-center,right-center
SVM: hyperlink_gcn,westcentralpanews,right-center,right-center
SVM: hyperlink_gcn,westcentralreporter,right-center,right-center
SVM: hyperlink_gcn,westchesterreporter,right-center,right-center
SVM: hyperlink_gcn,westernmassnews,center,right-center
SVM: hyperlink_gcn,westernndnews,right-center,right-center
SVM: hyperlink_gcn,westlatimes,right-center,right-center
SVM: hyperlink_gcn,westnynews,right-center,right-center
SVM: hyperlink_gcn,westoctimes,right-center,right-center
SVM: hyperlink_gcn,westpdxtoday,right-center,right-center
SVM: hyperlink_gcn,westslcnews,right-center,right-center
SVM: hyperlink_gcn,westwakenews,right-center,right-center
SVM: hyperlink_gcn,wiartonecho,right-center,right-center
SVM: hyperlink_gcn,williamsonnews,right-center,right-center
SVM: hyperlink_gcn,wiregrasstimes,right-center,right-center
SVM: hyperlink_gcn,witherspooninstitute,right,right-center
SVM: hyperlink_gcn,wltreport,right,right-center
SVM: hyperlink_gcn,woflfox35orlando,center,right-center
SVM: hyperlink_gcn,woodstocksentinelreview,right-center,right-center
SVM: hyperlink_gcn,worldnetdaily,right,right-center
SVM: hyperlink_gcn,wpnmleipsicnews,center,right-center
SVM: hyperlink_gcn,wwtn997fmnashville,right,right-center
SVM: hyperlink_gcn,xinhuaenglish,left,right-center
SVM: hyperlink_gcn,yadkinripple,left-center,right-center
SVM: hyperlink_gcn,yankeeinstituteforpublicpolicy,right-center,right-center
SVM: hyperlink_gcn,yukonnews,left-center,right-center
SVM: hyperlink_gcn,z3news,right,right-center
SVM: hyperlink_sage,100fedup,right,center
SVM: hyperlink_sage,404media,left-center,center
SVM: hyperlink_sage,7news,right-center,right-center
SVM: hyperlink_sage,972magazine,left-center,right-center
SVM: hyperlink_sage,abakannews,right,right-center
SVM: hyperlink_sage,abc11eyewitnessnews,left-center,right-center
SVM: hyperlink_sage,actforamerica,right,center
SVM: hyperlink_sage,adamsnews,right,right-center
SVM: hyperlink_sage,adareporter,right-center,center
SVM: hyperlink_sage,adfontesmedia,center,center
SVM: hyperlink_sage,airdriecityview,left-center,center
SVM: hyperlink_sage,akronreporter,right-center,center
SVM: hyperlink_sage,albuquerquejournal,right-center,right-center
SVM: hyperlink_sage,alohastatenews,right-center,center
SVM: hyperlink_sage,amandla,left,right-center
SVM: hyperlink_sage,americanaffairsjournal,right-center,center
SVM: hyperlink_sage,americancenterforlawjustice,right,right-center
SVM: hyperlink_sage,americangulag,right,center
SVM: hyperlink_sage,americanpatriotdaily,right,right-center
SVM: hyperlink_sage,americansunitedforseparationofchurchandstate,left,center
SVM: hyperlink_sage,amnestyinternational,left-center,right-center
SVM: hyperlink_sage,analyticsindiamagazine,right-center,center
SVM: hyperlink_sage,annarbortimes,right-center,right-center
SVM: hyperlink_sage,anokatimes,right-center,center
SVM: hyperlink_sage,aptnnationalnews,left-center,center
SVM: hyperlink_sage,arizonacapitoltimes,left-center,center
SVM: hyperlink_sage,arizonarepublic,left-center,right-center
SVM: hyperlink_sage,arlingtonheightsdailyherald,right-center,right-center
SVM: hyperlink_sage,armedforcespress,right,center
SVM: hyperlink_sage,armstrongeconomics,right,right-center
SVM: hyperlink_sage,armytimes,center,center
SVM: hyperlink_sage,ashevillereporter,right-center,center
SVM: hyperlink_sage,asiatimes,center,center
SVM: hyperlink_sage,atlantablackstar,left-center,center
SVM: hyperlink_sage,atlantic,left-center,right-center
SVM: hyperlink_sage,atlasintel,center,center
SVM: hyperlink_sage,automotivedive,center,center
SVM: hyperlink_sage,autulu,center,right-center
SVM: hyperlink_sage,bajacaliforniapost,left-center,center
SVM: hyperlink_sage,baldwintimes,right-center,center
SVM: hyperlink_sage,banburyguardian,center,right-center
SVM: hyperlink_sage,bartlesvilleexaminerenterprise,left-center,right-center
SVM: hyperlink_sage,bdnews24,left-center,right-center
SVM: hyperlink_sage,beehivestatenews,right-center,center
SVM: hyperlink_sage,belfercenterforscienceandinternationalaffairs,left-center,right-center
SVM: hyperlink_sage,berdyansknews,right,right-center
SVM: hyperlink_sage,berkscountynews,right-center,center
SVM: hyperlink_sage,biasednews,right,center
SVM: hyperlink_sage,bignewsnetwork,center,center
SVM: hyperlink_sage,billmoyerscom,left,right-center
SVM: hyperlink_sage,billtrack50,center,center
SVM: hyperlink_sage,bipartisanpolicycenter,right-center,center
SVM: hyperlink_sage,birminghamworld,center,center
SVM: hyperlink_sage,blacknews,left,right-center
SVM: hyperlink_sage,bloomingtonheraldtimes,left-center,right-center
SVM: hyperlink_sage,bloomingtonleader,right-center,right-center
SVM: hyperlink_sage,boisecitywire,right-center,right-center
SVM: hyperlink_sage,bongino,right,right-center
SVM: hyperlink_sage,borgenmagazine,left-center,center
SVM: hyperlink_sage,borgenproject,left-center,center
SVM: hyperlink_sage,bostonglobe,left-center,center
SVM: hyperlink_sage,bothellreporter,center,center
SVM: hyperlink_sage,brevardsun,right-center,center
SVM: hyperlink_sage,buckeyereporter,right-center,center
SVM: hyperlink_sage,buckscountycouriertimes,left-center,right-center
SVM: hyperlink_sage,bucyrustelegraphforum,left-center,right-center
SVM: hyperlink_sage,burlingtonreporter,right-center,center
SVM: hyperlink_sage,c19ivermectin,right,right-center
SVM: hyperlink_sage,cabarrustoday,right-center,center
SVM: hyperlink_sage,calgarysun,right-center,center
SVM: hyperlink_sage,californiacollapsenews,right,center
SVM: hyperlink_sage,californiapoliticalreview,right-center,center
SVM: hyperlink_sage,cambriatimes,right-center,center
SVM: hyperlink_sage,campechepost,left-center,center
SVM: hyperlink_sage,cantonrepository,left-center,right-center
SVM: hyperlink_sage,castoradvance,left-center,right-center
SVM: hyperlink_sage,catholictribunemichigan,right-center,right-center
SVM: hyperlink_sage,catholictribuneminnesota,right-center,right-center
SVM: hyperlink_sage,cctvinternational,left-center,right-center
SVM: hyperlink_sage,censortrack,right,center
SVM: hyperlink_sage,centerforamericanprogress,left,center
SVM: hyperlink_sage,centerforsecuritypolicy,right,center
SVM: hyperlink_sage,centralchestertoday,right-center,center
SVM: hyperlink_sage,centralidahotimes,right-center,center
SVM: hyperlink_sage,chambanasun,right-center,center
SVM: hyperlink_sage,changeresearch,left,center
SVM: hyperlink_sage,checkyourfact,right-center,right-center
SVM: hyperlink_sage,cheddar,left-center,center
SVM: hyperlink_sage,chinadaily,left,right-center
SVM: hyperlink_sage,ciodive,center,right-center
SVM: hyperlink_sage,citizentruth,left-center,center
SVM: hyperlink_sage,citynewstoronto,center,right-center
SVM: hyperlink_sage,clarionledger,left-center,right-center
SVM: hyperlink_sage,clarkforkvalleypress,center,right-center
SVM: hyperlink_sage,clayreporter,right-center,center
SVM: hyperlink_sage,cleantechnica,left-center,center
SVM: hyperlink_sage,climaterealism,right,center
SVM: hyperlink_sage,climatesciencepolicywatch,left-center,right-center
SVM: hyperlink_sage,co2coalition,right,center
SVM: hyperlink_sage,coalregionnews,right-center,center
SVM: hyperlink_sage,coconinonews,right-center,center
SVM: hyperlink_sage,codastory,left,center
SVM: hyperlink_sage,collintimes,right-center,center
SVM: hyperlink_sage,coloradofreepress,right,center
SVM: hyperlink_sage,columbiajournalismreview,left-center,right-center
SVM: hyperlink_sage,comicsands,left,right-center
SVM: hyperlink_sage,commentarymagazine,right,center
SVM: hyperlink_sage,concernedwomenforamerica,right,right-center
SVM: hyperlink_sage,conchovalleynews,right-center,center
SVM: hyperlink_sage,concordledger,right-center,center
SVM: hyperlink_sage,conservativefiringline,right,center
SVM: hyperlink_sage,conservativeopinion,right,center
SVM: hyperlink_sage,conservativeplaylist,right,right-center
SVM: hyperlink_sage,conservativeundergroundnews,right,right-center
SVM: hyperlink_sage,constructiondive,center,right-center
SVM: hyperlink_sage,countercurrentsorg,left,center
SVM: hyperlink_sage,crawfordtimes,right-center,center
SVM: hyperlink_sage,creationevolutionheadlines,right,center
SVM: hyperlink_sage,creationministriesinternational,right,center
SVM: hyperlink_sage,crossexaminedorg,right,center
SVM: hyperlink_sage,cstoredive,center,right-center
SVM: hyperlink_sage,cursor,left-center,center
SVM: hyperlink_sage,cygnalpolling,right-center,center
SVM: hyperlink_sage,dagestannews,right,right-center
SVM: hyperlink_sage,dailyburlington,center,right-center
SVM: hyperlink_sage,dailydot,left,right-center
SVM: hyperlink_sage,dailyflowermound,center,right-center
SVM: hyperlink_sage,dailyjanesville,center,right-center
SVM: hyperlink_sage,dailykos,left,right-center
SVM: hyperlink_sage,dailymcallen,center,right-center
SVM: hyperlink_sage,dailynewbraunfels,center,right-center
SVM: hyperlink_sage,dailyo,right-center,right-center
SVM: hyperlink_sage,dailypress,right-center,right-center
SVM: hyperlink_sage,dailyroundrock,center,right-center
SVM: hyperlink_sage,dailyspokanevalley,center,right-center
SVM: hyperlink_sage,dailytacoma,center,right-center
SVM: hyperlink_sage,dailytorch,right,center
SVM: hyperlink_sage,dailyveracity,right,center
SVM: hyperlink_sage,dartmouthtimes,right-center,center
SVM: hyperlink_sage,dauphinnews,right-center,center
SVM: hyperlink_sage,daventryexpress,center,right-center
SVM: hyperlink_sage,davistimes,right-center,center
SVM: hyperlink_sage,defector,left-center,center
SVM: hyperlink_sage,defenddemocracypress,left,right-center
SVM: hyperlink_sage,defenseworldnet,center,right-center
SVM: hyperlink_sage,dekalbdailychronicle,center,right-center
SVM: hyperlink_sage,delawareonlinethenewsjournal,left-center,right-center
SVM: hyperlink_sage,democracyfundvoice,left-center,right-center
SVM: hyperlink_sage,democratandchronicle,left-center,right-center
SVM: hyperlink_sage,demstate,right-center,right-center
SVM: hyperlink_sage,derstatus,right,center
SVM: hyperlink_sage,desantisdaily,right,right-center
SVM: hyperlink_sage,deseretnews,right-center,right-center
SVM: hyperlink_sage,desmoinessun,right-center,center
SVM: hyperlink_sage,digg,left-center,right-center
SVM: hyperlink_sage,digitimesasia,center,center
SVM: hyperlink_sage,discoveryinstitute,right,right-center
SVM: hyperlink_sage,dissentmagazine,left,right-center
SVM: hyperlink_sage,doctorswithoutborders,center,right-center
SVM: hyperlink_sage,donbasscenter,right,right-center
SVM: hyperlink_sage,download,right,right-center
SVM: hyperlink_sage,downsizingthefederalgovernment,right-center,right-center
SVM: hyperlink_sage,druthers,right,center
SVM: hyperlink_sage,dubuquetimes,right-center,right-center
SVM: hyperlink_sage,duluthnewstribune,center,right-center
SVM: hyperlink_sage,dzen,right-center,center
SVM: hyperlink_sage,earthorg,left-center,center
SVM: hyperlink_sage,eastcentralreporter,right-center,center
SVM: hyperlink_sage,eastlondonandwestessexguardian,center,center
SVM: hyperlink_sage,eastpanhandlenews,right-center,center
SVM: hyperlink_sage,eastsandiegonews,right-center,right-center
SVM: hyperlink_sage,eastwaketimes,right-center,center
SVM: hyperlink_sage,ecmississippinews,right-center,center
SVM: hyperlink_sage,ecoklahomanews,right-center,center
SVM: hyperlink_sage,ecowatch,left,right-center
SVM: hyperlink_sage,educationdailywire,right-center,right-center
SVM: hyperlink_sage,egyptianstreets,left-center,right-center
SVM: hyperlink_sage,electronicintifada,left,right-center
SVM: hyperlink_sage,elkodailyfreepress,center,right-center
SVM: hyperlink_sage,ellwoodcityledger,left-center,right-center
SVM: hyperlink_sage,emirates247,right-center,right-center
SVM: hyperlink_sage,enchantmentstatenews,right-center,center
SVM: hyperlink_sage,endthefed,right,right-center
SVM: hyperlink_sage,enews,center,center
SVM: hyperlink_sage,entertainmentweekly,left-center,center
SVM: hyperlink_sage,esquiremagazine,left,right-center
SVM: hyperlink_sage,euvsdisinfo,left-center,center
SVM: hyperlink_sage,eviemagazine,right,center
SVM: hyperlink_sage,facilitiesdive,center,right-center
SVM: hyperlink_sage,factcheckni,center,right-center
SVM: hyperlink_sage,factsnet,center,center
SVM: hyperlink_sage,faithfreedomcoalition,right,right-center
SVM: hyperlink_sage,fargostandard,right-center,center
SVM: hyperlink_sage,farsnewsagency,left-center,right-center
SVM: hyperlink_sage,fdesouche,right,right-center
SVM: hyperlink_sage,financialtechtimes,left-center,right-center
SVM: hyperlink_sage,fivenation,right,right-center
SVM: hyperlink_sage,focusonthefamily,right,center
SVM: hyperlink_sage,fortsmithtimes,right-center,right-center
SVM: hyperlink_sage,fostersdailydemocrat,center,right-center
SVM: hyperlink_sage,frankspeech,right,center
SVM: hyperlink_sage,freedomfromreligionfoundation,left,right-center
SVM: hyperlink_sage,fremontnewsmessenger,left-center,center
SVM: hyperlink_sage,freshoffthepress,right,right-center
SVM: hyperlink_sage,friatiderfreetimes,right,right-center
SVM: hyperlink_sage,frontpagemagazine,right,center
SVM: hyperlink_sage,frontpagenewspaper,right-center,right-center
SVM: hyperlink_sage,gaysagainstgroomers,right,center
SVM: hyperlink_sage,gbnewsuk,right,right-center
SVM: hyperlink_sage,gellerreport,right,center
SVM: hyperlink_sage,geopoliticalintelligenceservices,right-center,center
SVM: hyperlink_sage,georgiamountainnews,right-center,center
SVM: hyperlink_sage,georgiarecord,right,center
SVM: hyperlink_sage,ghost,right,center
SVM: hyperlink_sage,glasgowtimes,center,center
SVM: hyperlink_sage,goderichsignalstar,right-center,right-center
SVM: hyperlink_sage,gooddaybrownsville,center,right-center
SVM: hyperlink_sage,gooddayportangeles,center,right-center
SVM: hyperlink_sage,gooddayvancouver,center,right-center
SVM: hyperlink_sage,gopusa,right,center
SVM: hyperlink_sage,grandjunctiontimes,right-center,center
SVM: hyperlink_sage,granitegrok,right,center
SVM: hyperlink_sage,greenevillesun,left-center,right-center
SVM: hyperlink_sage,greenlininginstitute,left,center
SVM: hyperlink_sage,grundyreporter,right-center,center
SVM: hyperlink_sage,gzeromedia,left-center,right-center
SVM: hyperlink_sage,happyvalleytimes,right-center,center
SVM: hyperlink_sage,headlineusa,right,center
SVM: hyperlink_sage,heartlandinstitute,right,center
SVM: hyperlink_sage,helensburghadvertiser,center,center
SVM: hyperlink_sage,herbsnews,right,center
SVM: hyperlink_sage,heritagefoundation,right,right-center
SVM: hyperlink_sage,hongkongfreepress,left-center,center
SVM: hyperlink_sage,hopekinsvilletimes,right-center,center
SVM: hyperlink_sage,hopkinsvilletimes,right-center,right-center
SVM: hyperlink_sage,hrdive,center,right-center
SVM: hyperlink_sage,hudsontoday,right-center,center
SVM: hyperlink_sage,huntsvilleleader,right-center,right-center
SVM: hyperlink_sage,illegalaliencrimereport,right,center
SVM: hyperlink_sage,imperialcanews,right-center,center
SVM: hyperlink_sage,indexmundi,center,right-center
SVM: hyperlink_sage,infoplease,left-center,right-center
SVM: hyperlink_sage,informationliberation,right,right-center
SVM: hyperlink_sage,ingushetiyanews,right,right-center
SVM: hyperlink_sage,instituteforthestudyofglobalizationandcovertpolitics,right,center
SVM: hyperlink_sage,intellectualtakeout,right,center
SVM: hyperlink_sage,intelli,center,right-center
SVM: hyperlink_sage,investigatewest,left-center,center
SVM: hyperlink_sage,iowacitytoday,right-center,center
SVM: hyperlink_sage,ipmnewsroom,left-center,center
SVM: hyperlink_sage,irkutsknews,right,right-center
SVM: hyperlink_sage,ivermectinforcovid19,right,right-center
SVM: hyperlink_sage,jeffersoncitynews,right-center,center
SVM: hyperlink_sage,joehoft,right,center
SVM: hyperlink_sage,kait8tv,center,right-center
SVM: hyperlink_sage,kankakeetimes,right-center,center
SVM: hyperlink_sage,kauaisun,right-center,center
SVM: hyperlink_sage,kbutnprcrestedbutte,left-center,center
SVM: hyperlink_sage,kcfcnprboulder,left-center,center
SVM: hyperlink_sage,keighleynews,center,right-center
SVM: hyperlink_sage,kentcountytimes,right-center,center
SVM: hyperlink_sage,kerncountrytimes,right-center,center
SVM: hyperlink_sage,kerncountytimes,right-center,right-center
SVM: hyperlink_sage,kirklandlakenorthernnews,right-center,center
SVM: hyperlink_sage,kirovnews,right,right-center
SVM: hyperlink_sage,kkat860amsaltlakecity,right,right-center
SVM: hyperlink_sage,kkoh780amreno,right,right-center
SVM: hyperlink_sage,krccnprcoloradosprings,left-center,right-center
SVM: hyperlink_sage,kremlin,right-center,center
SVM: hyperlink_sage,kvaleugenenews,right-center,center
SVM: hyperlink_sage,laborpains,right,center
SVM: hyperlink_sage,lagrangedailynews,right-center,center
SVM: hyperlink_sage,laphamsquarterly,left-center,right-center
SVM: hyperlink_sage,laredotoday,center,right-center
SVM: hyperlink_sage,lawrencereporter,right-center,center
SVM: hyperlink_sage,lebanonpanews,right-center,center
SVM: hyperlink_sage,leftaction,left,center
SVM: hyperlink_sage,leighjournal,center,right-center
SVM: hyperlink_sage,libsoftiktok,right,center
SVM: hyperlink_sage,lifenews,right,center
SVM: hyperlink_sage,lifewire,center,center
SVM: hyperlink_sage,limareporter,right-center,center
SVM: hyperlink_sage,livingstontoday,right-center,right-center
SVM: hyperlink_sage,lnrnews,right,center
SVM: hyperlink_sage,logically,center,right-center
SVM: hyperlink_sage,louisvillecitywire,right-center,right-center
SVM: hyperlink_sage,ludlowadvertiser,center,right-center
SVM: hyperlink_sage,lugansknews,right,right-center
SVM: hyperlink_sage,magadannews,right,right-center
SVM: hyperlink_sage,magicvalleytimes,right-center,right-center
SVM: hyperlink_sage,magnoliastatenews,right-center,center
SVM: hyperlink_sage,manilabusinessdaily,right-center,right-center
SVM: hyperlink_sage,marylandbusinessdaily,right-center,right-center
SVM: hyperlink_sage,mauireporter,right-center,right-center
SVM: hyperlink_sage,mazatlanpost,left-center,center
SVM: hyperlink_sage,mediamatters,left,center
SVM: hyperlink_sage,merrimackvalleynews,right-center,center
SVM: hyperlink_sage,metricmedia,right-center,center
SVM: hyperlink_sage,metroweekly,left,right-center
SVM: hyperlink_sage,miamistandard,right,center
SVM: hyperlink_sage,midcoasttoday,right-center,right-center
SVM: hyperlink_sage,middleeastinstitute,center,right-center
SVM: hyperlink_sage,middleeastmediaresearchinstitutememri,right,right-center
SVM: hyperlink_sage,middleeastnewsagency,right-center,right-center
SVM: hyperlink_sage,midnorthmonitor,right-center,right-center
SVM: hyperlink_sage,minnesotabusinessdaily,right-center,right-center
SVM: hyperlink_sage,minnesotasun,right,right-center
SVM: hyperlink_sage,misionverdad,left,center
SVM: hyperlink_sage,mitchelladvocate,right-center,right-center
SVM: hyperlink_sage,mohawkvalleytimes,right-center,center
SVM: hyperlink_sage,moldovanews,right,right-center
SVM: hyperlink_sage,monmouthtimes,right-center,center
SVM: hyperlink_sage,monroecountynews,right-center,center
SVM: hyperlink_sage,monterreydailypost,left-center,center
SVM: hyperlink_sage,morningmurfreesboro,center,right-center
SVM: hyperlink_sage,morrisleader,right-center,center
SVM: hyperlink_sage,moskvanews,right,right-center
SVM: hyperlink_sage,moveon,left,center
SVM: hyperlink_sage,muslimskeptic,right,right-center
SVM: hyperlink_sage,myrtlebeachleader,right-center,center
SVM: hyperlink_sage,nashvillestandard,right-center,center
SVM: hyperlink_sage,nationalassociationofscholars,right,center
SVM: hyperlink_sage,nationalcenterforpublicpolicyresearch,right,right-center
SVM: hyperlink_sage,naturalresourcegovernanceinstitute,left-center,center
SVM: hyperlink_sage,ncbusinessdaily,right-center,right-center
SVM: hyperlink_sage,ncmississippinews,right-center,center
SVM: hyperlink_sage,nealabamanews,right-center,right-center
SVM: hyperlink_sage,neatlantanews,right-center,center
SVM: hyperlink_sage,necalinews,right-center,right-center
SVM: hyperlink_sage,nelouisiananews,right-center,right-center
SVM: hyperlink_sage,nepiedmontnews,right-center,center
SVM: hyperlink_sage,nikopolnews,right,right-center
SVM: hyperlink_sage,ninefornews,right,center
SVM: hyperlink_sage,northbirminghamtimes,right-center,right-center
SVM: hyperlink_sage,northcolumbusnews,right-center,center
SVM: hyperlink_sage,northcooknews,right-center,center
SVM: hyperlink_sage,northdakotabusinessdaily,right-center,right-center
SVM: hyperlink_sage,northessexnews,right-center,center
SVM: hyperlink_sage,northindynews,right-center,center
SVM: hyperlink_sage,northkentuckynews,right-center,right-center
SVM: hyperlink_sage,northoctimes,right-center,center
SVM: hyperlink_sage,northpalmbeachtoday,right-center,center
SVM: hyperlink_sage,novosibirsknews,right,right-center
SVM: hyperlink_sage,nunavutnews,left-center,center
SVM: hyperlink_sage,nwillinoisnews,right-center,center
SVM: hyperlink_sage,nwkentuckynews,right-center,right-center
SVM: hyperlink_sage,nwlatimes,right-center,center
SVM: hyperlink_sage,nwminnesotanews,right-center,center
SVM: hyperlink_sage,nwvalleytimes,right-center,center
SVM: hyperlink_sage,oceancountyleader,right-center,center
SVM: hyperlink_sage,odessanews,right,right-center
SVM: hyperlink_sage,offthegridnews,right,center
SVM: hyperlink_sage,offthepress,right,center
SVM: hyperlink_sage,ohmymag,center,right-center
SVM: hyperlink_sage,origo,right,right-center
SVM: hyperlink_sage,orinocotribune,left,center
SVM: hyperlink_sage,outerbankstimes,right-center,center
SVM: hyperlink_sage,pacificpundit,right,center
SVM: hyperlink_sage,palmettostatenews,right-center,center
SVM: hyperlink_sage,pamedia,center,center
SVM: hyperlink_sage,panamacityreporter,right-center,right-center
SVM: hyperlink_sage,parentsdefendingeducation,right,center
SVM: hyperlink_sage,pascoreporter,right-center,center
SVM: hyperlink_sage,passaictoday,right-center,right-center
SVM: hyperlink_sage,patriotfetch,right,center
SVM: hyperlink_sage,peacegardennews,right-center,center
SVM: hyperlink_sage,peoriajournalstar,center,center
SVM: hyperlink_sage,pharmavoice,center,center
SVM: hyperlink_sage,pinehursttoday,right-center,center
SVM: hyperlink_sage,pioneervalleyadvocate,left-center,center
SVM: hyperlink_sage,politicalanimalnews,right,right-center
SVM: hyperlink_sage,portagetimes,right-center,center
SVM: hyperlink_sage,portlandcourant,right-center,center
SVM: hyperlink_sage,prairiestatewire,right-center,right-center
SVM: hyperlink_sage,pravdacanada,right,right-center
SVM: hyperlink_sage,pravdaitalia,right,right-center
SVM: hyperlink_sage,pravdanato,right,right-center
SVM: hyperlink_sage,presidentialhill,right,center
SVM: hyperlink_sage,projectveritas,right,center
SVM: hyperlink_sage,providencereporter,right-center,center
SVM: hyperlink_sage,pueblapost,left-center,center
SVM: hyperlink_sage,punchingbagpost,right,center
SVM: hyperlink_sage,rabbleca,left,center
SVM: hyperlink_sage,radar,center,right-center
SVM: hyperlink_sage,randcorporation,center,center
SVM: hyperlink_sage,rapidcityjournal,center,right-center
SVM: hyperlink_sage,rationalground,right,center
SVM: hyperlink_sage,rationalwiki,left-center,center
SVM: hyperlink_sage,rawstory,left,center
SVM: hyperlink_sage,readingchronicle,center,center
SVM: hyperlink_sage,realnewsnetwork,left,right-center
SVM: hyperlink_sage,realnewsnow,right,right-center
SVM: hyperlink_sage,reclaimthenet,right,center
SVM: hyperlink_sage,redicetv,right,center
SVM: hyperlink_sage,redoubtnews,right,right-center
SVM: hyperlink_sage,redwoodempirenews,right-center,center
SVM: hyperlink_sage,remingtonresearchgroup,center,right-center
SVM: hyperlink_sage,renogazettejournal,left-center,right-center
SVM: hyperlink_sage,renoreporter,right-center,center
SVM: hyperlink_sage,republicandaily,right,right-center
SVM: hyperlink_sage,restaurantdive,center,center
SVM: hyperlink_sage,restoreamericanglory,right,right-center
SVM: hyperlink_sage,revcomus,left,right-center
SVM: hyperlink_sage,revolver,right,center
SVM: hyperlink_sage,rianovosti,right-center,center
SVM: hyperlink_sage,richmondside,left-center,center
SVM: hyperlink_sage,ricochet,right,center
SVM: hyperlink_sage,rightnewswire,right,center
SVM: hyperlink_sage,riverdalepress,center,center
SVM: hyperlink_sage,rivervalleytoday,right-center,center
SVM: hyperlink_sage,rockymounttelegram,left-center,center
SVM: hyperlink_sage,russiainsider,right,center
SVM: hyperlink_sage,salemradionetworknews,right-center,center
SVM: hyperlink_sage,sandhillstoday,right-center,center
SVM: hyperlink_sage,saultthisweek,right-center,right-center
SVM: hyperlink_sage,savannahmorningnews,right-center,right-center
SVM: hyperlink_sage,savejersey,right,center
SVM: hyperlink_sage,scalaskanews,right-center,center
SVM: hyperlink_sage,scmidlandnews,right-center,center
SVM: hyperlink_sage,scotusblog,center,center
SVM: hyperlink_sage,sealaskanews,right-center,center
SVM: hyperlink_sage,seatlantanews,right-center,center
SVM: hyperlink_sage,sebluegrassnews,right-center,center
SVM: hyperlink_sage,seconnecticutnews,right-center,right-center
SVM: hyperlink_sage,segrandrapidsnews,right-center,center
SVM: hyperlink_sage,sekansascitynews,right-center,center
SVM: hyperlink_sage,sekansasnews,right-center,center
SVM: hyperlink_sage,sekentuckynews,right-center,center
SVM: hyperlink_sage,senorthcarolinanews,right-center,center
SVM: hyperlink_sage,sevegasnews,right-center,center
SVM: hyperlink_sage,showmestatetimes,right-center,center
SVM: hyperlink_sage,shreveportreporter,right-center,right-center
SVM: hyperlink_sage,shtfplancom,right,center
SVM: hyperlink_sage,silverstatetimes,right-center,center
SVM: hyperlink_sage,sludge,left,right-center
SVM: hyperlink_sage,smokymountaintoday,right-center,center
SVM: hyperlink_sage,somersettimes,right-center,center
SVM: hyperlink_sage,sonsof1776,right,center
SVM: hyperlink_sage,southafricatoday,right,center
SVM: hyperlink_sage,southcentralpanews,right-center,center
SVM: hyperlink_sage,southcharlottetoday,right-center,center
SVM: hyperlink_sage,southcolumbusnews,right-center,center
SVM: hyperlink_sage,southcooknews,right-center,center
SVM: hyperlink_sage,southernillinoisnews,right-center,center
SVM: hyperlink_sage,southernindianatoday,right-center,right-center
SVM: hyperlink_sage,southfranklinnews,right-center,center
SVM: hyperlink_sage,southfultontoday,right-center,center
SVM: hyperlink_sage,southiowanews,right-center,center
SVM: hyperlink_sage,southkentnews,right-center,center
SVM: hyperlink_sage,southknoxvillenews,right-center,center
SVM: hyperlink_sage,southlouisiananews,right-center,right-center
SVM: hyperlink_sage,southsummitnews,right-center,center
SVM: hyperlink_sage,southtulsatoday,right-center,center
SVM: hyperlink_sage,southwestmontananews,right-center,center
SVM: hyperlink_sage,southwestorangeobserver,center,right-center
SVM: hyperlink_sage,southwestpanews,right-center,center
SVM: hyperlink_sage,southwichitanews,right-center,right-center
SVM: hyperlink_sage,springtimes,right-center,center
SVM: hyperlink_sage,stanislausnews,right-center,right-center
SVM: hyperlink_sage,staresattheworld,right,right-center
SVM: hyperlink_sage,stateline,left,center
SVM: hyperlink_sage,steadfastandloyal,right,right-center
SVM: hyperlink_sage,stjoebentonharbornews,right-center,center
SVM: hyperlink_sage,stjohnstelegram,right-center,center
SVM: hyperlink_sage,stopthesethings,right,center
SVM: hyperlink_sage,sturgiscoldwaternews,right-center,center
SVM: hyperlink_sage,supplychaindive,center,right-center
SVM: hyperlink_sage,surgutnews,right,right-center
SVM: hyperlink_sage,survivalnews1,right,center
SVM: hyperlink_sage,swalaskanews,right-center,center
SVM: hyperlink_sage,swcoloradonews,right-center,right-center
SVM: hyperlink_sage,swmissourinews,right-center,center
SVM: hyperlink_sage,swoklahomanews,right-center,center
SVM: hyperlink_sage,swriversidenews,right-center,center
SVM: hyperlink_sage,techstartups,right-center,center
SVM: hyperlink_sage,tenthamendmentcenter,right,center
SVM: hyperlink_sage,tfppwire,right,center
SVM: hyperlink_sage,tharawatmagazine,right-center,right-center
SVM: hyperlink_sage,theblacksphere,right,center
SVM: hyperlink_sage,theconservativebrief,right,center
SVM: hyperlink_sage,thedailyadda,left-center,right-center
SVM: hyperlink_sage,thedispatch,right-center,right-center
SVM: hyperlink_sage,thefreedomtimes,right,right-center
SVM: hyperlink_sage,thefreepress,right-center,center
SVM: hyperlink_sage,thegoldwater,right,center
SVM: hyperlink_sage,thejoeroganexperience,right-center,right-center
SVM: hyperlink_sage,theliberalireland,right,right-center
SVM: hyperlink_sage,thelibertydaily,right,right-center
SVM: hyperlink_sage,thenationaluae,right-center,center
SVM: hyperlink_sage,thenevadan,left-center,center
SVM: hyperlink_sage,thepalestinechronicle,left,right-center
SVM: hyperlink_sage,thepatriotnurse,right,center
SVM: hyperlink_sage,thequartering,right,right-center
SVM: hyperlink_sage,therightscoop,right,center
SVM: hyperlink_sage,thesarkariform,left,right-center
SVM: hyperlink_sage,thescoop,right,center
SVM: hyperlink_sage,thesolutionsproject,left,center
SVM: hyperlink_sage,thesouthafrican,left-center,center
SVM: hyperlink_sage,thespinoff,left-center,center
SVM: hyperlink_sage,thewisconsinindependent,left,center
SVM: hyperlink_sage,thisdaylive,right-center,right-center
SVM: hyperlink_sage,tmz,right-center,right-center
SVM: hyperlink_sage,tobacconewswire,right-center,right-center
SVM: hyperlink_sage,toofab,left,right-center
SVM: hyperlink_sage,torreonpost,left-center,center
SVM: hyperlink_sage,towncountrymagazine,left-center,right-center
SVM: hyperlink_sage,tradingeconomics,center,center
SVM: hyperlink_sage,transgendertrend,right,right-center
SVM: hyperlink_sage,trendingpolitics,right,right-center
SVM: hyperlink_sage,trumptrainnews,right,right-center
SVM: hyperlink_sage,truthforhealthfoundation,right,center
SVM: hyperlink_sage,tulsastandard,right-center,center
SVM: hyperlink_sage,turningpointusafaith,right,right-center
SVM: hyperlink_sage,tuscaloosaleader,right-center,right-center
SVM: hyperlink_sage,usatoday,left-center,center
SVM: hyperlink_sage,vaccineimpact,right,right-center
SVM: hyperlink_sage,vaccineinjurynews,right,center
SVM: hyperlink_sage,valeursactuelles,right,right-center
SVM: hyperlink_sage,vanityfair,left,center
SVM: hyperlink_sage,vintoncountycourier,left-center,right-center
SVM: hyperlink_sage,voiceofamerica,center,right-center
SVM: hyperlink_sage,waltonfamilyfoundation,center,right-center
SVM: hyperlink_sage,warnerrobinstoday,right-center,right-center
SVM: hyperlink_sage,washingtonmonthly,left-center,center
SVM: hyperlink_sage,wataugademocrat,left-center,center
SVM: hyperlink_sage,wcminnesotanews,right-center,center
SVM: hyperlink_sage,weatherforddemocrat,left-center,center
SVM: hyperlink_sage,webertimes,right-center,center
SVM: hyperlink_sage,westatlantanews,right-center,center
SVM: hyperlink_sage,westcentralpanews,right-center,center
SVM: hyperlink_sage,westcentralreporter,right-center,center
SVM: hyperlink_sage,westchesterreporter,right-center,center
SVM: hyperlink_sage,westernmassnews,center,right-center
SVM: hyperlink_sage,westernndnews,right-center,center
SVM: hyperlink_sage,westlatimes,right-center,right-center
SVM: hyperlink_sage,westnynews,right-center,center
SVM: hyperlink_sage,westoctimes,right-center,right-center
SVM: hyperlink_sage,westpdxtoday,right-center,center
SVM: hyperlink_sage,westslcnews,right-center,center
SVM: hyperlink_sage,westwakenews,right-center,center
SVM: hyperlink_sage,wiartonecho,right-center,right-center
SVM: hyperlink_sage,williamsonnews,right-center,center
SVM: hyperlink_sage,wiregrasstimes,right-center,right-center
SVM: hyperlink_sage,witherspooninstitute,right,center
SVM: hyperlink_sage,wltreport,right,center
SVM: hyperlink_sage,woflfox35orlando,center,center
SVM: hyperlink_sage,woodstocksentinelreview,right-center,center
SVM: hyperlink_sage,worldnetdaily,right,center
SVM: hyperlink_sage,wpnmleipsicnews,center,right-center
SVM: hyperlink_sage,wwtn997fmnashville,right,right-center
SVM: hyperlink_sage,xinhuaenglish,left,center
SVM: hyperlink_sage,yadkinripple,left-center,right-center
SVM: hyperlink_sage,yankeeinstituteforpublicpolicy,right-center,center
SVM: hyperlink_sage,yukonnews,left-center,right-center
SVM: hyperlink_sage,z3news,right,right-center
