model,key,truth,pred
full,100fedup,LOW,LOW
full,404media,HIGH,HIGH
full,7news,MIXED,HIGH
full,972magazine,HIGH,HIGH
full,abc11eyewitnessnews,HIGH,HIGH
full,aptnnationalnews,HIGH,HIGH
full,adfontesmedia,HIGH,HIGH
full,adareporter,MIXED,MIXED
full,adamsnews,LOW,LOW
full,airdriecityview,HIGH,HIGH
full,akronreporter,MIXED,MIXED
full,albuquerquejournal,HIGH,HIGH
full,alohastatenews,MIXED,MIXED
full,amandla,HIGH,HIGH
full,americanaffairsjournal,HIGH,HIGH
full,americancenterforlawjustice,MIXED,LOW
full,americansunitedforseparationofchurchandstate,HIGH,LOW
full,amnestyinternational,HIGH,HIGH
full,analyticsindiamagazine,HIGH,HIGH
full,annarbortimes,MIXED,MIXED
full,anokatimes,MIXED,MIXED
full,arizonacapitoltimes,HIGH,HIGH
full,arizonarepublic,HIGH,HIGH
full,arlingtonheightsdailyherald,HIGH,HIGH
full,armedforcespress,LOW,LOW
full,armstrongeconomics,MIXED,MIXED
full,armytimes,HIGH,HIGH
full,ashevillereporter,MIXED,MIXED
full,asiatimes,HIGH,HIGH
full,atlantablackstar,HIGH,HIGH
full,atlantic,HIGH,HIGH
full,atlasintel,HIGH,HIGH
full,automotivedive,HIGH,HIGH
full,bdnews24,MIXED,HIGH
full,bajacaliforniapost,MIXED,MIXED
full,baldwintimes,MIXED,MIXED
full,banburyguardian,HIGH,HIGH
full,bartlesvilleexaminerenterprise,HIGH,HIGH
full,belfercenterforscienceandinternationalaffairs,HIGH,HIGH
full,biasednews,LOW,LOW
full,bignewsnetwork,HIGH,LOW
full,billmoyerscom,HIGH,MIXED
full,billtrack50,HIGH,HIGH
full,bipartisanpolicycenter,HIGH,HIGH
full,birminghamworld,HIGH,HIGH
full,bloomingtonheraldtimes,HIGH,HIGH
full,bloomingtonleader,MIXED,MIXED
full,boisecitywire,MIXED,MIXED
full,borgenmagazine,HIGH,LOW
full,borgenproject,HIGH,HIGH
full,bostonglobe,HIGH,HIGH
full,bothellreporter,HIGH,HIGH
full,brevardsun,MIXED,MIXED
full,buckeyereporter,MIXED,MIXED
full,buckscountycouriertimes,HIGH,HIGH
full,bucyrustelegraphforum,HIGH,HIGH
full,burlingtonreporter,MIXED,MIXED
full,cstoredive,HIGH,HIGH
full,cctvinternational,MIXED,MIXED
full,cabarrustoday,MIXED,MIXED
full,calgarysun,HIGH,HIGH
full,californiapoliticalreview,HIGH,HIGH
full,californiacollapsenews,LOW,LOW
full,campechepost,MIXED,MIXED
full,cantonrepository,HIGH,HIGH
full,castoradvance,HIGH,HIGH
full,catholictribunemichigan,MIXED,MIXED
full,catholictribuneminnesota,MIXED,MIXED
full,censortrack,MIXED,MIXED
full,centerforamericanprogress,MIXED,HIGH
full,centerforsecuritypolicy,MIXED,HIGH
full,chambanasun,MIXED,MIXED
full,changeresearch,HIGH,HIGH
full,checkyourfact,HIGH,HIGH
full,cheddar,HIGH,HIGH
full,chinadaily,MIXED,HIGH
full,ciodive,HIGH,HIGH
full,citizentruth,HIGH,MIXED
full,citynewstoronto,HIGH,HIGH
full,clarionledger,HIGH,HIGH
full,clarkforkvalleypress,HIGH,HIGH
full,clayreporter,MIXED,MIXED
full,cleantechnica,HIGH,HIGH
full,climatesciencepolicywatch,HIGH,HIGH
full,coconinonews,MIXED,MIXED
full,codastory,HIGH,HIGH
full,coloradofreepress,LOW,LOW
full,columbiajournalismreview,HIGH,LOW
full,comicsands,MIXED,LOW
full,commentarymagazine,HIGH,LOW
full,concernedwomenforamerica,LOW,LOW
full,concordledger,MIXED,MIXED
full,conservativeopinion,MIXED,LOW
full,constructiondive,HIGH,HIGH
full,countercurrentsorg,HIGH,HIGH
full,creationministriesinternational,LOW,LOW
full,creationevolutionheadlines,LOW,HIGH
full,crossexaminedorg,LOW,LOW
full,cursor,MIXED,HIGH
full,cygnalpolling,HIGH,HIGH
full,dailydot,HIGH,LOW
full,dailykos,MIXED,HIGH
full,dailypress,HIGH,HIGH
full,dailytorch,HIGH,LOW
full,dailyveracity,LOW,MIXED
full,dailyo,MIXED,LOW
full,dartmouthtimes,MIXED,MIXED
full,daventryexpress,HIGH,HIGH
full,defector,HIGH,HIGH
full,defenddemocracypress,MIXED,HIGH
full,defenseworldnet,HIGH,MIXED
full,dekalbdailychronicle,HIGH,HIGH
full,delawareonlinethenewsjournal,HIGH,HIGH
full,democracyfundvoice,HIGH,HIGH
full,democratandchronicle,HIGH,HIGH
full,desmoinessun,MIXED,MIXED
full,deseretnews,HIGH,HIGH
full,digg,HIGH,LOW
full,digitimesasia,HIGH,HIGH
full,discoveryinstitute,LOW,LOW
full,dissentmagazine,HIGH,HIGH
full,doctorswithoutborders,HIGH,HIGH
full,downsizingthefederalgovernment,HIGH,LOW
full,dubuquetimes,MIXED,MIXED
full,duluthnewstribune,HIGH,HIGH
full,enews,HIGH,LOW
full,ecoklahomanews,MIXED,MIXED
full,euvsdisinfo,HIGH,LOW
full,earthorg,HIGH,HIGH
full,eastcentralreporter,MIXED,MIXED
full,eastlondonandwestessexguardian,HIGH,HIGH
full,eastpanhandlenews,MIXED,MIXED
full,eastsandiegonews,MIXED,MIXED
full,eastwaketimes,MIXED,MIXED
full,ecowatch,HIGH,HIGH
full,educationdailywire,MIXED,MIXED
full,egyptianstreets,MIXED,HIGH
full,electronicintifada,HIGH,MIXED
full,elkodailyfreepress,HIGH,HIGH
full,ellwoodcityledger,HIGH,HIGH
full,emirates247,MIXED,HIGH
full,enchantmentstatenews,MIXED,MIXED
full,entertainmentweekly,HIGH,HIGH
full,esquiremagazine,MIXED,HIGH
full,facilitiesdive,HIGH,HIGH
full,factcheckni,HIGH,HIGH
full,factsnet,MIXED,HIGH
full,faithfreedomcoalition,MIXED,LOW
full,fargostandard,MIXED,MIXED
full,financialtechtimes,HIGH,HIGH
full,focusonthefamily,LOW,LOW
full,fortsmithtimes,MIXED,MIXED
full,fostersdailydemocrat,HIGH,HIGH
full,freedomfromreligionfoundation,MIXED,HIGH
full,fremontnewsmessenger,HIGH,HIGH
full,freshoffthepress,MIXED,MIXED
full,frontpagenewspaper,MIXED,LOW
full,gzeromedia,HIGH,HIGH
full,geopoliticalintelligenceservices,HIGH,HIGH
full,georgiamountainnews,MIXED,MIXED
full,glasgowtimes,HIGH,HIGH
full,goderichsignalstar,HIGH,HIGH
full,grandjunctiontimes,MIXED,MIXED
full,granitegrok,LOW,LOW
full,greenevillesun,HIGH,HIGH
full,greenlininginstitute,HIGH,HIGH
full,grundyreporter,MIXED,MIXED
full,hrdive,HIGH,HIGH
full,heartlandinstitute,LOW,HIGH
full,helensburghadvertiser,HIGH,HIGH
full,herbsnews,LOW,LOW
full,heritagefoundation,MIXED,LOW
full,hongkongfreepress,HIGH,HIGH
full,hopekinsvilletimes,MIXED,MIXED
full,hudsontoday,MIXED,MIXED
full,huntsvilleleader,MIXED,MIXED
full,ipmnewsroom,HIGH,HIGH
full,imperialcanews,MIXED,MIXED
full,indexmundi,HIGH,HIGH
full,infoplease,HIGH,HIGH
full,instituteforthestudyofglobalizationandcovertpolitics,LOW,LOW
full,intellectualtakeout,MIXED,HIGH
full,investigatewest,HIGH,HIGH
full,iowacitytoday,MIXED,MIXED
full,jeffersoncitynews,MIXED,MIXED
full,kait8tv,HIGH,HIGH
full,kbutnprcrestedbutte,HIGH,HIGH
full,kcfcnprboulder,HIGH,HIGH
full,kkat860amsaltlakecity,MIXED,MIXED
full,kkoh780amreno,MIXED,MIXED
full,krccnprcoloradosprings,HIGH,HIGH
full,kvaleugenenews,HIGH,HIGH
full,kankakeetimes,MIXED,MIXED
full,kauaisun,MIXED,MIXED
full,keighleynews,HIGH,HIGH
full,kerncountrytimes,MIXED,MIXED
full,kirklandlakenorthernnews,HIGH,HIGH
full,lagrangedailynews,HIGH,HIGH
full,laborpains,MIXED,MIXED
full,laphamsquarterly,HIGH,HIGH
full,lawrencereporter,MIXED,MIXED
full,leighjournal,HIGH,HIGH
full,lifewire,HIGH,HIGH
full,limareporter,MIXED,MIXED
full,livingstontoday,MIXED,MIXED
full,logically,HIGH,LOW
full,louisvillecitywire,MIXED,MIXED
full,ludlowadvertiser,HIGH,HIGH
full,magicvalleytimes,MIXED,MIXED
full,magnoliastatenews,MIXED,MIXED
full,manilabusinessdaily,MIXED,MIXED
full,mauireporter,MIXED,MIXED
full,mazatlanpost,MIXED,MIXED
full,mediamatters,HIGH,LOW
full,merrimackvalleynews,MIXED,MIXED
full,metroweekly,HIGH,HIGH
full,midcoasttoday,MIXED,MIXED
full,midnorthmonitor,HIGH,HIGH
full,middleeastinstitute,HIGH,HIGH
full,minnesotasun,MIXED,MIXED
full,mitchelladvocate,HIGH,HIGH
full,mohawkvalleytimes,MIXED,MIXED
full,monmouthtimes,MIXED,MIXED
full,monterreydailypost,MIXED,MIXED
full,morrisleader,MIXED,MIXED
full,moveon,MIXED,HIGH
full,muslimskeptic,LOW,LOW
full,ncmississippinews,MIXED,MIXED
full,neatlantanews,MIXED,MIXED
full,necalinews,MIXED,MIXED
full,nelouisiananews,MIXED,MIXED
full,nepiedmontnews,MIXED,MIXED
full,nwillinoisnews,MIXED,MIXED
full,nwkentuckynews,MIXED,MIXED
full,nwlatimes,MIXED,MIXED
full,nwminnesotanews,MIXED,MIXED
full,nwvalleytimes,MIXED,MIXED
full,nationalassociationofscholars,MIXED,MIXED
full,nationalcenterforpublicpolicyresearch,MIXED,HIGH
full,naturalresourcegovernanceinstitute,HIGH,HIGH
full,northbirminghamtimes,MIXED,MIXED
full,northcolumbusnews,MIXED,MIXED
full,northcooknews,MIXED,MIXED
full,northessexnews,MIXED,MIXED
full,northindynews,MIXED,MIXED
full,northkentuckynews,MIXED,MIXED
full,northoctimes,MIXED,MIXED
full,northpalmbeachtoday,MIXED,MIXED
full,nunavutnews,HIGH,HIGH
full,oceancountyleader,MIXED,MIXED
full,offthepress,MIXED,HIGH
full,offthegridnews,MIXED,LOW
full,ohmymag,MIXED,HIGH
full,outerbankstimes,MIXED,MIXED
full,pamedia,HIGH,HIGH
full,panamacityreporter,MIXED,MIXED
full,parentsdefendingeducation,MIXED,HIGH
full,pascoreporter,MIXED,MIXED
full,passaictoday,MIXED,MIXED
full,peacegardennews,MIXED,MIXED
full,peoriajournalstar,HIGH,HIGH
full,pharmavoice,HIGH,HIGH
full,pinehursttoday,MIXED,MIXED
full,pioneervalleyadvocate,HIGH,HIGH
full,politicalanimalnews,MIXED,LOW
full,portagetimes,MIXED,MIXED
full,prairiestatewire,MIXED,MIXED
full,pueblapost,MIXED,MIXED
full,punchingbagpost,MIXED,LOW
full,rabbleca,HIGH,HIGH
full,randcorporation,HIGH,HIGH
full,rapidcityjournal,HIGH,HIGH
full,rationalwiki,HIGH,LOW
full,rawstory,HIGH,LOW
full,readingchronicle,HIGH,HIGH
full,realnewsnetwork,HIGH,HIGH
full,reclaimthenet,MIXED,LOW
full,redicetv,LOW,LOW
full,redoubtnews,MIXED,MIXED
full,redwoodempirenews,MIXED,MIXED
full,remingtonresearchgroup,HIGH,HIGH
full,renogazettejournal,HIGH,HIGH
full,renoreporter,MIXED,MIXED
full,restaurantdive,HIGH,HIGH
full,restoreamericanglory,MIXED,LOW
full,revcomus,MIXED,LOW
full,richmondside,HIGH,HIGH
full,ricochet,MIXED,HIGH
full,rivervalleytoday,MIXED,MIXED
full,riverdalepress,HIGH,HIGH
full,rockymounttelegram,HIGH,HIGH
full,scotusblog,HIGH,HIGH
full,sealaskanews,MIXED,MIXED
full,sebluegrassnews,MIXED,MIXED
full,seconnecticutnews,MIXED,MIXED
full,segrandrapidsnews,MIXED,MIXED
full,sekansascitynews,MIXED,MIXED
full,sekansasnews,MIXED,MIXED
full,sekentuckynews,MIXED,MIXED
full,senorthcarolinanews,MIXED,MIXED
full,sevegasnews,MIXED,MIXED
full,swalaskanews,MIXED,MIXED
full,swcoloradonews,MIXED,MIXED
full,swmissourinews,MIXED,MIXED
full,swoklahomanews,MIXED,MIXED
full,swriversidenews,MIXED,MIXED
full,salemradionetworknews,HIGH,HIGH
full,sandhillstoday,MIXED,MIXED
full,saultthisweek,HIGH,HIGH
full,savannahmorningnews,HIGH,HIGH
full,savejersey,HIGH,HIGH
full,showmestatetimes,MIXED,MIXED
full,shreveportreporter,MIXED,MIXED
full,sludge,HIGH,MIXED
full,somersettimes,MIXED,MIXED
full,sonsof1776,MIXED,LOW
full,southafricatoday,MIXED,HIGH
full,southcharlottetoday,MIXED,MIXED
full,southcolumbusnews,MIXED,MIXED
full,southcooknews,MIXED,MIXED
full,southfranklinnews,MIXED,MIXED
full,southfultontoday,MIXED,MIXED
full,southiowanews,MIXED,MIXED
full,southlouisiananews,MIXED,MIXED
full,southsummitnews,MIXED,MIXED
full,southtulsatoday,MIXED,MIXED
full,southwichitanews,MIXED,MIXED
full,southernindianatoday,MIXED,MIXED
full,southwestmontananews,MIXED,MIXED
full,southwestorangeobserver,HIGH,HIGH
full,springtimes,MIXED,MIXED
full,stjoebentonharbornews,MIXED,MIXED
full,stjohnstelegram,HIGH,HIGH
full,stanislausnews,MIXED,MIXED
full,stateline,HIGH,HIGH
full,sturgiscoldwaternews,MIXED,MIXED
full,supplychaindive,HIGH,HIGH
full,survivalnews1,LOW,LOW
full,tfppwire,MIXED,LOW
full,tmz,MIXED,LOW
full,techstartups,MIXED,HIGH
full,tenthamendmentcenter,MIXED,LOW
full,tharawatmagazine,HIGH,HIGH
full,thedispatch,HIGH,HIGH
full,thefreepress,MIXED,HIGH
full,thepalestinechronicle,HIGH,HIGH
full,thesolutionsproject,HIGH,HIGH
full,thesouthafrican,HIGH,HIGH
full,thespinoff,HIGH,HIGH
full,thewisconsinindependent,MIXED,MIXED
full,thisdaylive,HIGH,HIGH
full,tobacconewswire,MIXED,MIXED
full,toofab,MIXED,LOW
full,towncountrymagazine,HIGH,HIGH
full,tradingeconomics,HIGH,HIGH
full,trendingpolitics,LOW,MIXED
full,truthforhealthfoundation,LOW,LOW
full,tulsastandard,MIXED,MIXED
full,tuscaloosaleader,MIXED,MIXED
full,usatoday,HIGH,HIGH
full,vaccineimpact,LOW,LOW
full,vaccineinjurynews,LOW,LOW
full,vanityfair,HIGH,HIGH
full,vintoncountycourier,HIGH,HIGH
full,voiceofamerica,HIGH,LOW
full,wltreport,LOW,LOW
full,woflfox35orlando,HIGH,HIGH
full,wpnmleipsicnews,HIGH,HIGH
full,wwtn997fmnashville,MIXED,MIXED
full,waltonfamilyfoundation,HIGH,HIGH
full,warnerrobinstoday,MIXED,MIXED
full,washingtonmonthly,HIGH,HIGH
full,wataugademocrat,HIGH,HIGH
full,weatherforddemocrat,HIGH,HIGH
full,westatlantanews,MIXED,MIXED
full,westcentralreporter,MIXED,MIXED
full,westlatimes,MIXED,MIXED
full,westnynews,MIXED,MIXED
full,westoctimes,MIXED,MIXED
full,westwakenews,MIXED,MIXED
full,westchesterreporter,MIXED,MIXED
full,westernmassnews,HIGH,HIGH
full,westernndnews,MIXED,MIXED
full,wiartonecho,HIGH,HIGH
full,wiregrasstimes,MIXED,MIXED
full,woodstocksentinelreview,HIGH,HIGH
full,yadkinripple,HIGH,HIGH
full,yankeeinstituteforpublicpolicy,HIGH,MIXED
full,yukonnews,HIGH,HIGH
full,actforamerica,LOW,LOW
full,abakannews,LOW,LOW
full,americangulag,LOW,HIGH
full,americanpatriotdaily,LOW,LOW
full,autulu,LOW,LOW
full,beehivestatenews,MIXED,MIXED
full,berdyansknews,LOW,LOW
full,berkscountynews,MIXED,MIXED
full,blacknews,MIXED,HIGH
full,bongino,MIXED,LOW
full,c19ivermectin,MIXED,LOW
full,cambriatimes,MIXED,MIXED
full,catholictribunemichigan,MIXED,MIXED
full,catholictribuneminnesota,MIXED,MIXED
full,centralchestertoday,MIXED,MIXED
full,centralidahotimes,MIXED,MIXED
full,climaterealism,LOW,HIGH
full,co2coalition,LOW,HIGH
full,coalregionnews,MIXED,MIXED
full,collintimes,MIXED,MIXED
full,conchovalleynews,MIXED,MIXED
full,conservativefiringline,LOW,LOW
full,conservativeplaylist,LOW,LOW
full,conservativeundergroundnews,MIXED,LOW
full,crawfordtimes,MIXED,MIXED
full,dagestannews,LOW,LOW
full,dailyburlington,MIXED,MIXED
full,dailyflowermound,MIXED,MIXED
full,dailyjanesville,MIXED,MIXED
full,dailymcallen,MIXED,MIXED
full,dailynewbraunfels,MIXED,MIXED
full,dailyroundrock,MIXED,MIXED
full,dailyspokanevalley,MIXED,MIXED
full,dailytacoma,MIXED,MIXED
full,dauphinnews,MIXED,MIXED
full,davistimes,MIXED,MIXED
full,desantisdaily,MIXED,LOW
full,demstate,LOW,MIXED
full,derstatus,LOW,LOW
full,donbasscenter,LOW,LOW
full,download,LOW,LOW
full,druthers,LOW,LOW
full,dzen,MIXED,LOW
full,ecmississippinews,MIXED,MIXED
full,endthefed,LOW,LOW
full,eviemagazine,LOW,LOW
full,farsnewsagency,MIXED,MIXED
full,fdesouche,MIXED,LOW
full,fivenation,LOW,LOW
full,frankspeech,LOW,LOW
full,friatiderfreetimes,LOW,LOW
full,frontpagemagazine,LOW,LOW
full,gbnewsuk,MIXED,HIGH
full,gopusa,MIXED,HIGH
full,gaysagainstgroomers,LOW,LOW
full,gellerreport,LOW,LOW
full,georgiarecord,LOW,LOW
full,ghost,MIXED,LOW
full,gooddaybrownsville,MIXED,MIXED
full,gooddayportangeles,MIXED,MIXED
full,gooddayvancouver,MIXED,MIXED
full,happyvalleytimes,MIXED,MIXED
full,headlineusa,MIXED,LOW
full,hopkinsvilletimes,MIXED,MIXED
full,illegalaliencrimereport,MIXED,LOW
full,informationliberation,LOW,LOW
full,ingushetiyanews,LOW,LOW
full,intelli,MIXED,LOW
full,irkutsknews,LOW,LOW
full,ivermectinforcovid19,MIXED,LOW
full,joehoft,LOW,LOW
full,kentcountytimes,MIXED,MIXED
full,kerncountytimes,MIXED,MIXED
full,kirovnews,LOW,LOW
full,kremlin,MIXED,LOW
full,lnrnews,LOW,LOW
full,laredotoday,MIXED,MIXED
full,lebanonpanews,MIXED,MIXED
full,leftaction,LOW,HIGH
full,libsoftiktok,LOW,MIXED
full,lifenews,LOW,LOW
full,lugansknews,LOW,LOW
full,magadannews,LOW,LOW
full,marylandbusinessdaily,MIXED,MIXED
full,metricmedia,MIXED,LOW
full,miamistandard,MIXED,HIGH
full,middleeastmediaresearchinstitutememri,MIXED,MIXED
full,middleeastnewsagency,MIXED,MIXED
full,minnesotabusinessdaily,MIXED,MIXED
full,misionverdad,MIXED,LOW
full,moldovanews,LOW,LOW
full,monroecountynews,MIXED,MIXED
full,morningmurfreesboro,MIXED,MIXED
full,moskvanews,LOW,LOW
full,myrtlebeachleader,MIXED,MIXED
full,ncbusinessdaily,MIXED,MIXED
full,nealabamanews,MIXED,MIXED
full,nashvillestandard,MIXED,MIXED
full,nikopolnews,LOW,LOW
full,ninefornews,LOW,LOW
full,northdakotabusinessdaily,MIXED,MIXED
full,novosibirsknews,LOW,LOW
full,odessanews,LOW,LOW
full,origo,MIXED,LOW
full,orinocotribune,LOW,MIXED
full,pacificpundit,LOW,LOW
full,palmettostatenews,MIXED,MIXED
full,patriotfetch,LOW,LOW
full,portlandcourant,MIXED,MIXED
full,pravdacanada,LOW,LOW
full,pravdaitalia,LOW,LOW
full,pravdanato,LOW,LOW
full,presidentialhill,LOW,LOW
full,projectveritas,MIXED,LOW
full,providencereporter,MIXED,MIXED
full,rianovosti,LOW,LOW
full,radar,LOW,LOW
full,rationalground,MIXED,LOW
full,realnewsnow,LOW,LOW
full,redorbit,MIXED,MIXED
full,republicandaily,MIXED,LOW
full,revolver,MIXED,LOW
full,rightnewswire,MIXED,LOW
full,russiainsider,LOW,LOW
full,scalaskanews,MIXED,MIXED
full,scmidlandnews,MIXED,MIXED
full,seatlantanews,MIXED,MIXED
full,shtfplancom,LOW,LOW
full,silverstatetimes,MIXED,MIXED
full,skepticink,MIXED,LOW
full,smokymountaintoday,MIXED,MIXED
full,southcentralpanews,MIXED,MIXED
full,southkentnews,MIXED,MIXED
full,southknoxvillenews,MIXED,MIXED
full,southernillinoisnews,MIXED,MIXED
full,southwestpanews,MIXED,MIXED
full,staresattheworld,LOW,LOW
full,steadfastandloyal,MIXED,LOW
full,stopthesethings,LOW,LOW
full,surgutnews,LOW,LOW
full,theblacksphere,MIXED,LOW
full,theconservativebrief,MIXED,LOW
full,thedailyadda,MIXED,LOW
full,thefreedomtimes,LOW,LOW
full,thegoldwater,LOW,LOW
full,thejoeroganexperience,MIXED,HIGH
full,thelaughclub,LOW,LOW
full,theliberalireland,LOW,HIGH
full,thelibertydaily,MIXED,LOW
full,thenationaluae,MIXED,HIGH
full,thenevadan,MIXED,MIXED
full,thepatriotnurse,MIXED,LOW
full,thequartering,LOW,LOW
full,therightscoop,MIXED,LOW
full,thesarkariform,MIXED,LOW
full,thescoop,MIXED,LOW
full,theunionjournal,LOW,HIGH
full,torreonpost,MIXED,MIXED
full,transgendertrend,LOW,LOW
full,trumptrainnews,MIXED,LOW
full,turningpointusafaith,LOW,LOW
full,valeursactuelles,MIXED,LOW
full,wcminnesotanews,MIXED,MIXED
full,webertimes,MIXED,MIXED
full,westcentralpanews,MIXED,MIXED
full,westpdxtoday,MIXED,MIXED
full,westslcnews,MIXED,MIXED
full,williamsonnews,MIXED,MIXED
full,witherspooninstitute,LOW,HIGH
full,worldnetdaily,LOW,LOW
full,xinhuaenglish,MIXED,MIXED
full,z3news,LOW,LOW
no_ocr,100fedup,LOW,LOW
no_ocr,404media,HIGH,HIGH
no_ocr,7news,MIXED,HIGH
no_ocr,972magazine,HIGH,HIGH
no_ocr,abc11eyewitnessnews,HIGH,HIGH
no_ocr,aptnnationalnews,HIGH,HIGH
no_ocr,adfontesmedia,HIGH,HIGH
no_ocr,adareporter,MIXED,MIXED
no_ocr,adamsnews,LOW,LOW
no_ocr,airdriecityview,HIGH,HIGH
no_ocr,akronreporter,MIXED,MIXED
no_ocr,albuquerquejournal,HIGH,HIGH
no_ocr,alohastatenews,MIXED,MIXED
no_ocr,amandla,HIGH,HIGH
no_ocr,americanaffairsjournal,HIGH,LOW
no_ocr,americancenterforlawjustice,MIXED,LOW
no_ocr,americansunitedforseparationofchurchandstate,HIGH,HIGH
no_ocr,amnestyinternational,HIGH,LOW
no_ocr,analyticsindiamagazine,HIGH,HIGH
no_ocr,annarbortimes,MIXED,MIXED
no_ocr,anokatimes,MIXED,MIXED
no_ocr,arizonacapitoltimes,HIGH,HIGH
no_ocr,arizonarepublic,HIGH,HIGH
no_ocr,arlingtonheightsdailyherald,HIGH,HIGH
no_ocr,armedforcespress,LOW,LOW
no_ocr,armstrongeconomics,MIXED,HIGH
no_ocr,armytimes,HIGH,HIGH
no_ocr,ashevillereporter,MIXED,MIXED
no_ocr,asiatimes,HIGH,HIGH
no_ocr,atlantablackstar,HIGH,HIGH
no_ocr,atlantic,HIGH,HIGH
no_ocr,atlasintel,HIGH,HIGH
no_ocr,automotivedive,HIGH,HIGH
no_ocr,bdnews24,MIXED,HIGH
no_ocr,bajacaliforniapost,MIXED,MIXED
no_ocr,baldwintimes,MIXED,MIXED
no_ocr,banburyguardian,HIGH,HIGH
no_ocr,bartlesvilleexaminerenterprise,HIGH,HIGH
no_ocr,belfercenterforscienceandinternationalaffairs,HIGH,HIGH
no_ocr,biasednews,LOW,LOW
no_ocr,bignewsnetwork,HIGH,LOW
no_ocr,billmoyerscom,HIGH,LOW
no_ocr,billtrack50,HIGH,HIGH
no_ocr,bipartisanpolicycenter,HIGH,HIGH
no_ocr,birminghamworld,HIGH,HIGH
no_ocr,bloomingtonheraldtimes,HIGH,HIGH
no_ocr,bloomingtonleader,MIXED,MIXED
no_ocr,boisecitywire,MIXED,MIXED
no_ocr,borgenmagazine,HIGH,LOW
no_ocr,borgenproject,HIGH,HIGH
no_ocr,bostonglobe,HIGH,HIGH
no_ocr,bothellreporter,HIGH,HIGH
no_ocr,brevardsun,MIXED,MIXED
no_ocr,buckeyereporter,MIXED,MIXED
no_ocr,buckscountycouriertimes,HIGH,HIGH
no_ocr,bucyrustelegraphforum,HIGH,HIGH
no_ocr,burlingtonreporter,MIXED,MIXED
no_ocr,cstoredive,HIGH,HIGH
no_ocr,cctvinternational,MIXED,HIGH
no_ocr,cabarrustoday,MIXED,MIXED
no_ocr,calgarysun,HIGH,HIGH
no_ocr,californiapoliticalreview,HIGH,HIGH
no_ocr,californiacollapsenews,LOW,LOW
no_ocr,campechepost,MIXED,MIXED
no_ocr,cantonrepository,HIGH,HIGH
no_ocr,castoradvance,HIGH,HIGH
no_ocr,catholictribunemichigan,MIXED,MIXED
no_ocr,catholictribuneminnesota,MIXED,MIXED
no_ocr,censortrack,MIXED,MIXED
no_ocr,centerforamericanprogress,MIXED,HIGH
no_ocr,centerforsecuritypolicy,MIXED,LOW
no_ocr,chambanasun,MIXED,MIXED
no_ocr,changeresearch,HIGH,HIGH
no_ocr,checkyourfact,HIGH,LOW
no_ocr,cheddar,HIGH,HIGH
no_ocr,chinadaily,MIXED,HIGH
no_ocr,ciodive,HIGH,HIGH
no_ocr,citizentruth,HIGH,LOW
no_ocr,citynewstoronto,HIGH,HIGH
no_ocr,clarionledger,HIGH,HIGH
no_ocr,clarkforkvalleypress,HIGH,HIGH
no_ocr,clayreporter,MIXED,MIXED
no_ocr,cleantechnica,HIGH,HIGH
no_ocr,climatesciencepolicywatch,HIGH,LOW
no_ocr,coconinonews,MIXED,MIXED
no_ocr,codastory,HIGH,LOW
no_ocr,coloradofreepress,LOW,HIGH
no_ocr,columbiajournalismreview,HIGH,LOW
no_ocr,comicsands,MIXED,LOW
no_ocr,commentarymagazine,HIGH,HIGH
no_ocr,concernedwomenforamerica,LOW,HIGH
no_ocr,concordledger,MIXED,MIXED
no_ocr,conservativeopinion,MIXED,LOW
no_ocr,constructiondive,HIGH,HIGH
no_ocr,countercurrentsorg,HIGH,LOW
no_ocr,creationministriesinternational,LOW,HIGH
no_ocr,creationevolutionheadlines,LOW,HIGH
no_ocr,crossexaminedorg,LOW,LOW
no_ocr,cursor,MIXED,HIGH
no_ocr,cygnalpolling,HIGH,LOW
no_ocr,dailydot,HIGH,HIGH
no_ocr,dailykos,MIXED,HIGH
no_ocr,dailypress,HIGH,HIGH
no_ocr,dailytorch,HIGH,LOW
no_ocr,dailyveracity,LOW,MIXED
no_ocr,dailyo,MIXED,LOW
no_ocr,dartmouthtimes,MIXED,MIXED
no_ocr,daventryexpress,HIGH,HIGH
no_ocr,defector,HIGH,HIGH
no_ocr,defenddemocracypress,MIXED,LOW
no_ocr,defenseworldnet,HIGH,HIGH
no_ocr,dekalbdailychronicle,HIGH,HIGH
no_ocr,delawareonlinethenewsjournal,HIGH,HIGH
no_ocr,democracyfundvoice,HIGH,LOW
no_ocr,democratandchronicle,HIGH,HIGH
no_ocr,desmoinessun,MIXED,MIXED
no_ocr,deseretnews,HIGH,HIGH
no_ocr,digg,HIGH,LOW
no_ocr,digitimesasia,HIGH,HIGH
no_ocr,discoveryinstitute,LOW,HIGH
no_ocr,dissentmagazine,HIGH,HIGH
no_ocr,doctorswithoutborders,HIGH,HIGH
no_ocr,downsizingthefederalgovernment,HIGH,LOW
no_ocr,dubuquetimes,MIXED,MIXED
no_ocr,duluthnewstribune,HIGH,HIGH
no_ocr,enews,HIGH,LOW
no_ocr,ecoklahomanews,MIXED,MIXED
no_ocr,euvsdisinfo,HIGH,HIGH
no_ocr,earthorg,HIGH,HIGH
no_ocr,eastcentralreporter,MIXED,MIXED
no_ocr,eastlondonandwestessexguardian,HIGH,HIGH
no_ocr,eastpanhandlenews,MIXED,MIXED
no_ocr,eastsandiegonews,MIXED,MIXED
no_ocr,eastwaketimes,MIXED,MIXED
no_ocr,ecowatch,HIGH,HIGH
no_ocr,educationdailywire,MIXED,MIXED
no_ocr,egyptianstreets,MIXED,HIGH
no_ocr,electronicintifada,HIGH,LOW
no_ocr,elkodailyfreepress,HIGH,HIGH
no_ocr,ellwoodcityledger,HIGH,HIGH
no_ocr,emirates247,MIXED,HIGH
no_ocr,enchantmentstatenews,MIXED,MIXED
no_ocr,entertainmentweekly,HIGH,HIGH
no_ocr,esquiremagazine,MIXED,HIGH
no_ocr,facilitiesdive,HIGH,HIGH
no_ocr,factcheckni,HIGH,HIGH
no_ocr,factsnet,MIXED,HIGH
no_ocr,faithfreedomcoalition,MIXED,LOW
no_ocr,fargostandard,MIXED,MIXED
no_ocr,financialtechtimes,HIGH,HIGH
no_ocr,focusonthefamily,LOW,HIGH
no_ocr,fortsmithtimes,MIXED,MIXED
no_ocr,fostersdailydemocrat,HIGH,HIGH
no_ocr,freedomfromreligionfoundation,MIXED,LOW
no_ocr,fremontnewsmessenger,HIGH,HIGH
no_ocr,freshoffthepress,MIXED,HIGH
no_ocr,frontpagenewspaper,MIXED,LOW
no_ocr,gzeromedia,HIGH,HIGH
no_ocr,geopoliticalintelligenceservices,HIGH,HIGH
no_ocr,georgiamountainnews,MIXED,MIXED
no_ocr,glasgowtimes,HIGH,HIGH
no_ocr,goderichsignalstar,HIGH,HIGH
no_ocr,grandjunctiontimes,MIXED,MIXED
no_ocr,granitegrok,LOW,LOW
no_ocr,greenevillesun,HIGH,HIGH
no_ocr,greenlininginstitute,HIGH,HIGH
no_ocr,grundyreporter,MIXED,MIXED
no_ocr,hrdive,HIGH,HIGH
no_ocr,heartlandinstitute,LOW,LOW
no_ocr,helensburghadvertiser,HIGH,HIGH
no_ocr,herbsnews,LOW,LOW
no_ocr,heritagefoundation,MIXED,LOW
no_ocr,hongkongfreepress,HIGH,HIGH
no_ocr,hopekinsvilletimes,MIXED,MIXED
no_ocr,hudsontoday,MIXED,MIXED
no_ocr,huntsvilleleader,MIXED,MIXED
no_ocr,ipmnewsroom,HIGH,HIGH
no_ocr,imperialcanews,MIXED,MIXED
no_ocr,indexmundi,HIGH,LOW
no_ocr,infoplease,HIGH,HIGH
no_ocr,instituteforthestudyofglobalizationandcovertpolitics,LOW,LOW
no_ocr,intellectualtakeout,MIXED,HIGH
no_ocr,investigatewest,HIGH,HIGH
no_ocr,iowacitytoday,MIXED,MIXED
no_ocr,jeffersoncitynews,MIXED,MIXED
no_ocr,kait8tv,HIGH,HIGH
no_ocr,kbutnprcrestedbutte,HIGH,HIGH
no_ocr,kcfcnprboulder,HIGH,HIGH
no_ocr,kkat860amsaltlakecity,MIXED,MIXED
no_ocr,kkoh780amreno,MIXED,MIXED
no_ocr,krccnprcoloradosprings,HIGH,HIGH
no_ocr,kvaleugenenews,HIGH,HIGH
no_ocr,kankakeetimes,MIXED,MIXED
no_ocr,kauaisun,MIXED,MIXED
no_ocr,keighleynews,HIGH,HIGH
no_ocr,kerncountrytimes,MIXED,MIXED
no_ocr,kirklandlakenorthernnews,HIGH,HIGH
no_ocr,lagrangedailynews,HIGH,HIGH
no_ocr,laborpains,MIXED,HIGH
no_ocr,laphamsquarterly,HIGH,LOW
no_ocr,lawrencereporter,MIXED,MIXED
no_ocr,leighjournal,HIGH,HIGH
no_ocr,lifewire,HIGH,HIGH
no_ocr,limareporter,MIXED,MIXED
no_ocr,livingstontoday,MIXED,MIXED
no_ocr,logically,HIGH,HIGH
no_ocr,louisvillecitywire,MIXED,MIXED
no_ocr,ludlowadvertiser,HIGH,HIGH
no_ocr,magicvalleytimes,MIXED,MIXED
no_ocr,magnoliastatenews,MIXED,MIXED
no_ocr,manilabusinessdaily,MIXED,MIXED
no_ocr,mauireporter,MIXED,MIXED
no_ocr,mazatlanpost,MIXED,MIXED
no_ocr,mediamatters,HIGH,HIGH
no_ocr,merrimackvalleynews,MIXED,MIXED
no_ocr,metroweekly,HIGH,LOW
no_ocr,midcoasttoday,MIXED,MIXED
no_ocr,midnorthmonitor,HIGH,HIGH
no_ocr,middleeastinstitute,HIGH,LOW
no_ocr,minnesotasun,MIXED,MIXED
no_ocr,mitchelladvocate,HIGH,HIGH
no_ocr,mohawkvalleytimes,MIXED,MIXED
no_ocr,monmouthtimes,MIXED,MIXED
no_ocr,monterreydailypost,MIXED,MIXED
no_ocr,morrisleader,MIXED,MIXED
no_ocr,moveon,MIXED,HIGH
no_ocr,muslimskeptic,LOW,LOW
no_ocr,ncmississippinews,MIXED,MIXED
no_ocr,neatlantanews,MIXED,MIXED
no_ocr,necalinews,MIXED,MIXED
no_ocr,nelouisiananews,MIXED,MIXED
no_ocr,nepiedmontnews,MIXED,MIXED
no_ocr,nwillinoisnews,MIXED,MIXED
no_ocr,nwkentuckynews,MIXED,MIXED
no_ocr,nwlatimes,MIXED,MIXED
no_ocr,nwminnesotanews,MIXED,MIXED
no_ocr,nwvalleytimes,MIXED,MIXED
no_ocr,nationalassociationofscholars,MIXED,HIGH
no_ocr,nationalcenterforpublicpolicyresearch,MIXED,HIGH
no_ocr,naturalresourcegovernanceinstitute,HIGH,HIGH
no_ocr,northbirminghamtimes,MIXED,MIXED
no_ocr,northcolumbusnews,MIXED,MIXED
no_ocr,northcooknews,MIXED,MIXED
no_ocr,northessexnews,MIXED,MIXED
no_ocr,northindynews,MIXED,MIXED
no_ocr,northkentuckynews,MIXED,MIXED
no_ocr,northoctimes,MIXED,MIXED
no_ocr,northpalmbeachtoday,MIXED,MIXED
no_ocr,nunavutnews,HIGH,HIGH
no_ocr,oceancountyleader,MIXED,MIXED
no_ocr,offthepress,MIXED,LOW
no_ocr,offthegridnews,MIXED,LOW
no_ocr,ohmymag,MIXED,HIGH
no_ocr,outerbankstimes,MIXED,MIXED
no_ocr,pamedia,HIGH,HIGH
no_ocr,panamacityreporter,MIXED,MIXED
no_ocr,parentsdefendingeducation,MIXED,HIGH
no_ocr,pascoreporter,MIXED,MIXED
no_ocr,passaictoday,MIXED,MIXED
no_ocr,peacegardennews,MIXED,MIXED
no_ocr,peoriajournalstar,HIGH,HIGH
no_ocr,pharmavoice,HIGH,HIGH
no_ocr,pinehursttoday,MIXED,MIXED
no_ocr,pioneervalleyadvocate,HIGH,HIGH
no_ocr,politicalanimalnews,MIXED,LOW
no_ocr,portagetimes,MIXED,MIXED
no_ocr,prairiestatewire,MIXED,MIXED
no_ocr,pueblapost,MIXED,HIGH
no_ocr,punchingbagpost,MIXED,LOW
no_ocr,rabbleca,HIGH,HIGH
no_ocr,randcorporation,HIGH,HIGH
no_ocr,rapidcityjournal,HIGH,HIGH
no_ocr,rationalwiki,HIGH,LOW
no_ocr,rawstory,HIGH,LOW
no_ocr,readingchronicle,HIGH,HIGH
no_ocr,realnewsnetwork,HIGH,LOW
no_ocr,reclaimthenet,MIXED,LOW
no_ocr,redicetv,LOW,LOW
no_ocr,redoubtnews,MIXED,MIXED
no_ocr,redwoodempirenews,MIXED,MIXED
no_ocr,remingtonresearchgroup,HIGH,LOW
no_ocr,renogazettejournal,HIGH,HIGH
no_ocr,renoreporter,MIXED,MIXED
no_ocr,restaurantdive,HIGH,HIGH
no_ocr,restoreamericanglory,MIXED,HIGH
no_ocr,revcomus,MIXED,LOW
no_ocr,richmondside,HIGH,HIGH
no_ocr,ricochet,MIXED,HIGH
no_ocr,rivervalleytoday,MIXED,MIXED
no_ocr,riverdalepress,HIGH,HIGH
no_ocr,rockymounttelegram,HIGH,HIGH
no_ocr,scotusblog,HIGH,HIGH
no_ocr,sealaskanews,MIXED,MIXED
no_ocr,sebluegrassnews,MIXED,MIXED
no_ocr,seconnecticutnews,MIXED,MIXED
no_ocr,segrandrapidsnews,MIXED,MIXED
no_ocr,sekansascitynews,MIXED,MIXED
no_ocr,sekansasnews,MIXED,MIXED
no_ocr,sekentuckynews,MIXED,MIXED
no_ocr,senorthcarolinanews,MIXED,MIXED
no_ocr,sevegasnews,MIXED,MIXED
no_ocr,swalaskanews,MIXED,MIXED
no_ocr,swcoloradonews,MIXED,MIXED
no_ocr,swmissourinews,MIXED,MIXED
no_ocr,swoklahomanews,MIXED,MIXED
no_ocr,swriversidenews,MIXED,MIXED
no_ocr,salemradionetworknews,HIGH,LOW
no_ocr,sandhillstoday,MIXED,MIXED
no_ocr,saultthisweek,HIGH,HIGH
no_ocr,savannahmorningnews,HIGH,HIGH
no_ocr,savejersey,HIGH,LOW
no_ocr,showmestatetimes,MIXED,MIXED
no_ocr,shreveportreporter,MIXED,MIXED
no_ocr,sludge,HIGH,LOW
no_ocr,somersettimes,MIXED,MIXED
no_ocr,sonsof1776,MIXED,LOW
no_ocr,southafricatoday,MIXED,LOW
no_ocr,southcharlottetoday,MIXED,MIXED
no_ocr,southcolumbusnews,MIXED,MIXED
no_ocr,southcooknews,MIXED,MIXED
no_ocr,southfranklinnews,MIXED,MIXED
no_ocr,southfultontoday,MIXED,MIXED
no_ocr,southiowanews,MIXED,MIXED
no_ocr,southlouisiananews,MIXED,MIXED
no_ocr,southsummitnews,MIXED,MIXED
no_ocr,southtulsatoday,MIXED,MIXED
no_ocr,southwichitanews,MIXED,MIXED
no_ocr,southernindianatoday,MIXED,MIXED
no_ocr,southwestmontananews,MIXED,MIXED
no_ocr,southwestorangeobserver,HIGH,HIGH
no_ocr,springtimes,MIXED,MIXED
no_ocr,stjoebentonharbornews,MIXED,MIXED
no_ocr,stjohnstelegram,HIGH,HIGH
no_ocr,stanislausnews,MIXED,MIXED
no_ocr,stateline,HIGH,HIGH
no_ocr,sturgiscoldwaternews,MIXED,MIXED
no_ocr,supplychaindive,HIGH,HIGH
no_ocr,survivalnews1,LOW,LOW
no_ocr,tfppwire,MIXED,LOW
no_ocr,tmz,MIXED,MIXED
no_ocr,techstartups,MIXED,HIGH
no_ocr,tenthamendmentcenter,MIXED,LOW
no_ocr,tharawatmagazine,HIGH,HIGH
no_ocr,thedispatch,HIGH,HIGH
no_ocr,thefreepress,MIXED,HIGH
no_ocr,thepalestinechronicle,HIGH,LOW
no_ocr,thesolutionsproject,HIGH,HIGH
no_ocr,thesouthafrican,HIGH,HIGH
no_ocr,thespinoff,HIGH,HIGH
no_ocr,thewisconsinindependent,MIXED,MIXED
no_ocr,thisdaylive,HIGH,HIGH
no_ocr,tobacconewswire,MIXED,MIXED
no_ocr,toofab,MIXED,MIXED
no_ocr,towncountrymagazine,HIGH,HIGH
no_ocr,tradingeconomics,HIGH,LOW
no_ocr,trendingpolitics,LOW,MIXED
no_ocr,truthforhealthfoundation,LOW,LOW
no_ocr,tulsastandard,MIXED,MIXED
no_ocr,tuscaloosaleader,MIXED,MIXED
no_ocr,usatoday,HIGH,HIGH
no_ocr,vaccineimpact,LOW,LOW
no_ocr,vaccineinjurynews,LOW,LOW
no_ocr,vanityfair,HIGH,HIGH
no_ocr,vintoncountycourier,HIGH,HIGH
no_ocr,voiceofamerica,HIGH,HIGH
no_ocr,wltreport,LOW,LOW
no_ocr,woflfox35orlando,HIGH,HIGH
no_ocr,wpnmleipsicnews,HIGH,HIGH
no_ocr,wwtn997fmnashville,MIXED,HIGH
no_ocr,waltonfamilyfoundation,HIGH,HIGH
no_ocr,warnerrobinstoday,MIXED,MIXED
no_ocr,washingtonmonthly,HIGH,HIGH
no_ocr,wataugademocrat,HIGH,HIGH
no_ocr,weatherforddemocrat,HIGH,HIGH
no_ocr,westatlantanews,MIXED,MIXED
no_ocr,westcentralreporter,MIXED,MIXED
no_ocr,westlatimes,MIXED,MIXED
no_ocr,westnynews,MIXED,MIXED
no_ocr,westoctimes,MIXED,MIXED
no_ocr,westwakenews,MIXED,MIXED
no_ocr,westchesterreporter,MIXED,MIXED
no_ocr,westernmassnews,HIGH,HIGH
no_ocr,westernndnews,MIXED,MIXED
no_ocr,wiartonecho,HIGH,HIGH
no_ocr,wiregrasstimes,MIXED,MIXED
no_ocr,woodstocksentinelreview,HIGH,HIGH
no_ocr,yadkinripple,HIGH,HIGH
no_ocr,yankeeinstituteforpublicpolicy,HIGH,MIXED
no_ocr,yukonnews,HIGH,HIGH
no_ocr,actforamerica,LOW,LOW
no_ocr,abakannews,LOW,LOW
no_ocr,americangulag,LOW,LOW
no_ocr,americanpatriotdaily,LOW,LOW
no_ocr,autulu,LOW,LOW
no_ocr,beehivestatenews,MIXED,MIXED
no_ocr,berdyansknews,LOW,LOW
no_ocr,berkscountynews,MIXED,MIXED
no_ocr,blacknews,MIXED,HIGH
no_ocr,bongino,MIXED,MIXED
no_ocr,c19ivermectin,MIXED,LOW
no_ocr,cambriatimes,MIXED,MIXED
no_ocr,catholictribunemichigan,MIXED,MIXED
no_ocr,catholictribuneminnesota,MIXED,MIXED
no_ocr,centralchestertoday,MIXED,MIXED
no_ocr,centralidahotimes,MIXED,MIXED
no_ocr,climaterealism,LOW,LOW
no_ocr,co2coalition,LOW,HIGH
no_ocr,coalregionnews,MIXED,MIXED
no_ocr,collintimes,MIXED,MIXED
no_ocr,conchovalleynews,MIXED,MIXED
no_ocr,conservativefiringline,LOW,LOW
no_ocr,conservativeplaylist,LOW,LOW
no_ocr,conservativeundergroundnews,MIXED,LOW
no_ocr,crawfordtimes,MIXED,MIXED
no_ocr,dagestannews,LOW,LOW
no_ocr,dailyburlington,MIXED,MIXED
no_ocr,dailyflowermound,MIXED,MIXED
no_ocr,dailyjanesville,MIXED,MIXED
no_ocr,dailymcallen,MIXED,MIXED
no_ocr,dailynewbraunfels,MIXED,MIXED
no_ocr,dailyroundrock,MIXED,MIXED
no_ocr,dailyspokanevalley,MIXED,MIXED
no_ocr,dailytacoma,MIXED,MIXED
no_ocr,dauphinnews,MIXED,MIXED
no_ocr,davistimes,MIXED,MIXED
no_ocr,desantisdaily,MIXED,HIGH
no_ocr,demstate,LOW,MIXED
no_ocr,derstatus,LOW,LOW
no_ocr,donbasscenter,LOW,LOW
no_ocr,download,LOW,LOW
no_ocr,druthers,LOW,HIGH
no_ocr,dzen,MIXED,LOW
no_ocr,ecmississippinews,MIXED,MIXED
no_ocr,endthefed,LOW,LOW
no_ocr,eviemagazine,LOW,LOW
no_ocr,farsnewsagency,MIXED,LOW
no_ocr,fdesouche,MIXED,LOW
no_ocr,fivenation,LOW,LOW
no_ocr,frankspeech,LOW,LOW
no_ocr,friatiderfreetimes,LOW,LOW
no_ocr,frontpagemagazine,LOW,LOW
no_ocr,gbnewsuk,MIXED,HIGH
no_ocr,gopusa,MIXED,LOW
no_ocr,gaysagainstgroomers,LOW,LOW
no_ocr,gellerreport,LOW,LOW
no_ocr,georgiarecord,LOW,LOW
no_ocr,ghost,MIXED,LOW
no_ocr,gooddaybrownsville,MIXED,MIXED
no_ocr,gooddayportangeles,MIXED,MIXED
no_ocr,gooddayvancouver,MIXED,MIXED
no_ocr,happyvalleytimes,MIXED,MIXED
no_ocr,headlineusa,MIXED,LOW
no_ocr,hopkinsvilletimes,MIXED,MIXED
no_ocr,illegalaliencrimereport,MIXED,LOW
no_ocr,informationliberation,LOW,LOW
no_ocr,ingushetiyanews,LOW,LOW
no_ocr,intelli,MIXED,LOW
no_ocr,irkutsknews,LOW,LOW
no_ocr,ivermectinforcovid19,MIXED,MIXED
no_ocr,joehoft,LOW,LOW
no_ocr,kentcountytimes,MIXED,MIXED
no_ocr,kerncountytimes,MIXED,MIXED
no_ocr,kirovnews,LOW,LOW
no_ocr,kremlin,MIXED,LOW
no_ocr,lnrnews,LOW,LOW
no_ocr,laredotoday,MIXED,MIXED
no_ocr,lebanonpanews,MIXED,MIXED
no_ocr,leftaction,LOW,LOW
no_ocr,libsoftiktok,LOW,LOW
no_ocr,lifenews,LOW,LOW
no_ocr,lugansknews,LOW,LOW
no_ocr,magadannews,LOW,LOW
no_ocr,marylandbusinessdaily,MIXED,MIXED
no_ocr,metricmedia,MIXED,LOW
no_ocr,miamistandard,MIXED,HIGH
no_ocr,middleeastmediaresearchinstitutememri,MIXED,HIGH
no_ocr,middleeastnewsagency,MIXED,HIGH
no_ocr,minnesotabusinessdaily,MIXED,MIXED
no_ocr,misionverdad,MIXED,LOW
no_ocr,moldovanews,LOW,LOW
no_ocr,monroecountynews,MIXED,MIXED
no_ocr,morningmurfreesboro,MIXED,MIXED
no_ocr,moskvanews,LOW,LOW
no_ocr,myrtlebeachleader,MIXED,MIXED
no_ocr,ncbusinessdaily,MIXED,MIXED
no_ocr,nealabamanews,MIXED,MIXED
no_ocr,nashvillestandard,MIXED,MIXED
no_ocr,nikopolnews,LOW,LOW
no_ocr,ninefornews,LOW,LOW
no_ocr,northdakotabusinessdaily,MIXED,MIXED
no_ocr,novosibirsknews,LOW,LOW
no_ocr,odessanews,LOW,LOW
no_ocr,origo,MIXED,LOW
no_ocr,orinocotribune,LOW,LOW
no_ocr,pacificpundit,LOW,LOW
no_ocr,palmettostatenews,MIXED,MIXED
no_ocr,patriotfetch,LOW,LOW
no_ocr,portlandcourant,MIXED,MIXED
no_ocr,pravdacanada,LOW,LOW
no_ocr,pravdaitalia,LOW,LOW
no_ocr,pravdanato,LOW,HIGH
no_ocr,presidentialhill,LOW,LOW
no_ocr,projectveritas,MIXED,LOW
no_ocr,providencereporter,MIXED,MIXED
no_ocr,rianovosti,LOW,LOW
no_ocr,radar,LOW,LOW
no_ocr,rationalground,MIXED,MIXED
no_ocr,realnewsnow,LOW,HIGH
no_ocr,redorbit,MIXED,HIGH
no_ocr,republicandaily,MIXED,LOW
no_ocr,revolver,MIXED,HIGH
no_ocr,rightnewswire,MIXED,HIGH
no_ocr,russiainsider,LOW,LOW
no_ocr,scalaskanews,MIXED,MIXED
no_ocr,scmidlandnews,MIXED,MIXED
no_ocr,seatlantanews,MIXED,MIXED
no_ocr,shtfplancom,LOW,HIGH
no_ocr,silverstatetimes,MIXED,MIXED
no_ocr,skepticink,MIXED,LOW
no_ocr,smokymountaintoday,MIXED,MIXED
no_ocr,southcentralpanews,MIXED,MIXED
no_ocr,southkentnews,MIXED,MIXED
no_ocr,southknoxvillenews,MIXED,MIXED
no_ocr,southernillinoisnews,MIXED,MIXED
no_ocr,southwestpanews,MIXED,MIXED
no_ocr,staresattheworld,LOW,LOW
no_ocr,steadfastandloyal,MIXED,LOW
no_ocr,stopthesethings,LOW,HIGH
no_ocr,surgutnews,LOW,LOW
no_ocr,theblacksphere,MIXED,LOW
no_ocr,theconservativebrief,MIXED,LOW
no_ocr,thedailyadda,MIXED,LOW
no_ocr,thefreedomtimes,LOW,LOW
no_ocr,thegoldwater,LOW,LOW
no_ocr,thejoeroganexperience,MIXED,HIGH
no_ocr,thelaughclub,LOW,LOW
no_ocr,theliberalireland,LOW,LOW
no_ocr,thelibertydaily,MIXED,LOW
no_ocr,thenationaluae,MIXED,HIGH
no_ocr,thenevadan,MIXED,MIXED
no_ocr,thepatriotnurse,MIXED,LOW
no_ocr,thequartering,LOW,LOW
no_ocr,therightscoop,MIXED,LOW
no_ocr,thesarkariform,MIXED,LOW
no_ocr,thescoop,MIXED,LOW
no_ocr,theunionjournal,LOW,MIXED
no_ocr,torreonpost,MIXED,MIXED
no_ocr,transgendertrend,LOW,HIGH
no_ocr,trumptrainnews,MIXED,LOW
no_ocr,turningpointusafaith,LOW,LOW
no_ocr,valeursactuelles,MIXED,LOW
no_ocr,wcminnesotanews,MIXED,MIXED
no_ocr,webertimes,MIXED,MIXED
no_ocr,westcentralpanews,MIXED,MIXED
no_ocr,westpdxtoday,MIXED,MIXED
no_ocr,westslcnews,MIXED,MIXED
no_ocr,williamsonnews,MIXED,MIXED
no_ocr,witherspooninstitute,LOW,HIGH
no_ocr,worldnetdaily,LOW,LOW
no_ocr,xinhuaenglish,MIXED,MIXED
no_ocr,z3news,LOW,LOW
no_features,100fedup,LOW,LOW
no_features,404media,HIGH,HIGH
no_features,7news,MIXED,HIGH
no_features,972magazine,HIGH,HIGH
no_features,abc11eyewitnessnews,HIGH,HIGH
no_features,aptnnationalnews,HIGH,HIGH
no_features,adfontesmedia,HIGH,HIGH
no_features,adareporter,MIXED,MIXED
no_features,adamsnews,LOW,LOW
no_features,airdriecityview,HIGH,HIGH
no_features,akronreporter,MIXED,MIXED
no_features,albuquerquejournal,HIGH,HIGH
no_features,alohastatenews,MIXED,MIXED
no_features,amandla,HIGH,HIGH
no_features,americanaffairsjournal,HIGH,HIGH
no_features,americancenterforlawjustice,MIXED,MIXED
no_features,americansunitedforseparationofchurchandstate,HIGH,LOW
no_features,amnestyinternational,HIGH,HIGH
no_features,analyticsindiamagazine,HIGH,HIGH
no_features,annarbortimes,MIXED,MIXED
no_features,anokatimes,MIXED,MIXED
no_features,arizonacapitoltimes,HIGH,HIGH
no_features,arizonarepublic,HIGH,HIGH
no_features,arlingtonheightsdailyherald,HIGH,HIGH
no_features,armedforcespress,LOW,LOW
no_features,armstrongeconomics,MIXED,MIXED
no_features,armytimes,HIGH,HIGH
no_features,ashevillereporter,MIXED,MIXED
no_features,asiatimes,HIGH,HIGH
no_features,atlantablackstar,HIGH,HIGH
no_features,atlantic,HIGH,HIGH
no_features,atlasintel,HIGH,HIGH
no_features,automotivedive,HIGH,HIGH
no_features,bdnews24,MIXED,HIGH
no_features,bajacaliforniapost,MIXED,MIXED
no_features,baldwintimes,MIXED,MIXED
no_features,banburyguardian,HIGH,HIGH
no_features,bartlesvilleexaminerenterprise,HIGH,HIGH
no_features,belfercenterforscienceandinternationalaffairs,HIGH,HIGH
no_features,biasednews,LOW,LOW
no_features,bignewsnetwork,HIGH,HIGH
no_features,billmoyerscom,HIGH,MIXED
no_features,billtrack50,HIGH,HIGH
no_features,bipartisanpolicycenter,HIGH,HIGH
no_features,birminghamworld,HIGH,HIGH
no_features,bloomingtonheraldtimes,HIGH,HIGH
no_features,bloomingtonleader,MIXED,MIXED
no_features,boisecitywire,MIXED,MIXED
no_features,borgenmagazine,HIGH,LOW
no_features,borgenproject,HIGH,HIGH
no_features,bostonglobe,HIGH,HIGH
no_features,bothellreporter,HIGH,HIGH
no_features,brevardsun,MIXED,MIXED
no_features,buckeyereporter,MIXED,MIXED
no_features,buckscountycouriertimes,HIGH,HIGH
no_features,bucyrustelegraphforum,HIGH,HIGH
no_features,burlingtonreporter,MIXED,MIXED
no_features,cstoredive,HIGH,HIGH
no_features,cctvinternational,MIXED,MIXED
no_features,cabarrustoday,MIXED,MIXED
no_features,calgarysun,HIGH,HIGH
no_features,californiapoliticalreview,HIGH,HIGH
no_features,californiacollapsenews,LOW,LOW
no_features,campechepost,MIXED,MIXED
no_features,cantonrepository,HIGH,HIGH
no_features,castoradvance,HIGH,HIGH
no_features,catholictribunemichigan,MIXED,MIXED
no_features,catholictribuneminnesota,MIXED,MIXED
no_features,censortrack,MIXED,MIXED
no_features,centerforamericanprogress,MIXED,HIGH
no_features,centerforsecuritypolicy,MIXED,HIGH
no_features,chambanasun,MIXED,MIXED
no_features,changeresearch,HIGH,HIGH
no_features,checkyourfact,HIGH,HIGH
no_features,cheddar,HIGH,HIGH
no_features,chinadaily,MIXED,HIGH
no_features,ciodive,HIGH,HIGH
no_features,citizentruth,HIGH,MIXED
no_features,citynewstoronto,HIGH,HIGH
no_features,clarionledger,HIGH,HIGH
no_features,clarkforkvalleypress,HIGH,HIGH
no_features,clayreporter,MIXED,MIXED
no_features,cleantechnica,HIGH,HIGH
no_features,climatesciencepolicywatch,HIGH,HIGH
no_features,coconinonews,MIXED,MIXED
no_features,codastory,HIGH,HIGH
no_features,coloradofreepress,LOW,LOW
no_features,columbiajournalismreview,HIGH,LOW
no_features,comicsands,MIXED,MIXED
no_features,commentarymagazine,HIGH,LOW
no_features,concernedwomenforamerica,LOW,LOW
no_features,concordledger,MIXED,MIXED
no_features,conservativeopinion,MIXED,LOW
no_features,constructiondive,HIGH,HIGH
no_features,countercurrentsorg,HIGH,HIGH
no_features,creationministriesinternational,LOW,LOW
no_features,creationevolutionheadlines,LOW,LOW
no_features,crossexaminedorg,LOW,LOW
no_features,cursor,MIXED,HIGH
no_features,cygnalpolling,HIGH,HIGH
no_features,dailydot,HIGH,MIXED
no_features,dailykos,MIXED,HIGH
no_features,dailypress,HIGH,HIGH
no_features,dailytorch,HIGH,LOW
no_features,dailyveracity,LOW,LOW
no_features,dailyo,MIXED,LOW
no_features,dartmouthtimes,MIXED,MIXED
no_features,daventryexpress,HIGH,HIGH
no_features,defector,HIGH,HIGH
no_features,defenddemocracypress,MIXED,HIGH
no_features,defenseworldnet,HIGH,MIXED
no_features,dekalbdailychronicle,HIGH,HIGH
no_features,delawareonlinethenewsjournal,HIGH,HIGH
no_features,democracyfundvoice,HIGH,HIGH
no_features,democratandchronicle,HIGH,HIGH
no_features,desmoinessun,MIXED,MIXED
no_features,deseretnews,HIGH,HIGH
no_features,digg,HIGH,MIXED
no_features,digitimesasia,HIGH,HIGH
no_features,discoveryinstitute,LOW,LOW
no_features,dissentmagazine,HIGH,HIGH
no_features,doctorswithoutborders,HIGH,HIGH
no_features,downsizingthefederalgovernment,HIGH,LOW
no_features,dubuquetimes,MIXED,MIXED
no_features,duluthnewstribune,HIGH,HIGH
no_features,enews,HIGH,LOW
no_features,ecoklahomanews,MIXED,MIXED
no_features,euvsdisinfo,HIGH,LOW
no_features,earthorg,HIGH,HIGH
no_features,eastcentralreporter,MIXED,MIXED
no_features,eastlondonandwestessexguardian,HIGH,HIGH
no_features,eastpanhandlenews,MIXED,MIXED
no_features,eastsandiegonews,MIXED,MIXED
no_features,eastwaketimes,MIXED,MIXED
no_features,ecowatch,HIGH,HIGH
no_features,educationdailywire,MIXED,MIXED
no_features,egyptianstreets,MIXED,HIGH
no_features,electronicintifada,HIGH,MIXED
no_features,elkodailyfreepress,HIGH,HIGH
no_features,ellwoodcityledger,HIGH,HIGH
no_features,emirates247,MIXED,HIGH
no_features,enchantmentstatenews,MIXED,MIXED
no_features,entertainmentweekly,HIGH,HIGH
no_features,esquiremagazine,MIXED,HIGH
no_features,facilitiesdive,HIGH,HIGH
no_features,factcheckni,HIGH,HIGH
no_features,factsnet,MIXED,HIGH
no_features,faithfreedomcoalition,MIXED,LOW
no_features,fargostandard,MIXED,MIXED
no_features,financialtechtimes,HIGH,HIGH
no_features,focusonthefamily,LOW,LOW
no_features,fortsmithtimes,MIXED,MIXED
no_features,fostersdailydemocrat,HIGH,HIGH
no_features,freedomfromreligionfoundation,MIXED,HIGH
no_features,fremontnewsmessenger,HIGH,HIGH
no_features,freshoffthepress,MIXED,MIXED
no_features,frontpagenewspaper,MIXED,LOW
no_features,gzeromedia,HIGH,HIGH
no_features,geopoliticalintelligenceservices,HIGH,HIGH
no_features,georgiamountainnews,MIXED,MIXED
no_features,glasgowtimes,HIGH,HIGH
no_features,goderichsignalstar,HIGH,HIGH
no_features,grandjunctiontimes,MIXED,MIXED
no_features,granitegrok,LOW,LOW
no_features,greenevillesun,HIGH,HIGH
no_features,greenlininginstitute,HIGH,HIGH
no_features,grundyreporter,MIXED,MIXED
no_features,hrdive,HIGH,HIGH
no_features,heartlandinstitute,LOW,HIGH
no_features,helensburghadvertiser,HIGH,HIGH
no_features,herbsnews,LOW,LOW
no_features,heritagefoundation,MIXED,HIGH
no_features,hongkongfreepress,HIGH,HIGH
no_features,hopekinsvilletimes,MIXED,MIXED
no_features,hudsontoday,MIXED,MIXED
no_features,huntsvilleleader,MIXED,MIXED
no_features,ipmnewsroom,HIGH,HIGH
no_features,imperialcanews,MIXED,MIXED
no_features,indexmundi,HIGH,HIGH
no_features,infoplease,HIGH,HIGH
no_features,instituteforthestudyofglobalizationandcovertpolitics,LOW,LOW
no_features,intellectualtakeout,MIXED,HIGH
no_features,investigatewest,HIGH,HIGH
no_features,iowacitytoday,MIXED,MIXED
no_features,jeffersoncitynews,MIXED,MIXED
no_features,kait8tv,HIGH,HIGH
no_features,kbutnprcrestedbutte,HIGH,HIGH
no_features,kcfcnprboulder,HIGH,HIGH
no_features,kkat860amsaltlakecity,MIXED,MIXED
no_features,kkoh780amreno,MIXED,MIXED
no_features,krccnprcoloradosprings,HIGH,HIGH
no_features,kvaleugenenews,HIGH,HIGH
no_features,kankakeetimes,MIXED,MIXED
no_features,kauaisun,MIXED,MIXED
no_features,keighleynews,HIGH,HIGH
no_features,kerncountrytimes,MIXED,MIXED
no_features,kirklandlakenorthernnews,HIGH,HIGH
no_features,lagrangedailynews,HIGH,HIGH
no_features,laborpains,MIXED,MIXED
no_features,laphamsquarterly,HIGH,HIGH
no_features,lawrencereporter,MIXED,MIXED
no_features,leighjournal,HIGH,HIGH
no_features,lifewire,HIGH,HIGH
no_features,limareporter,MIXED,MIXED
no_features,livingstontoday,MIXED,MIXED
no_features,logically,HIGH,LOW
no_features,louisvillecitywire,MIXED,MIXED
no_features,ludlowadvertiser,HIGH,HIGH
no_features,magicvalleytimes,MIXED,MIXED
no_features,magnoliastatenews,MIXED,MIXED
no_features,manilabusinessdaily,MIXED,MIXED
no_features,mauireporter,MIXED,MIXED
no_features,mazatlanpost,MIXED,MIXED
no_features,mediamatters,HIGH,LOW
no_features,merrimackvalleynews,MIXED,MIXED
no_features,metroweekly,HIGH,HIGH
no_features,midcoasttoday,MIXED,MIXED
no_features,midnorthmonitor,HIGH,HIGH
no_features,middleeastinstitute,HIGH,MIXED
no_features,minnesotasun,MIXED,MIXED
no_features,mitchelladvocate,HIGH,HIGH
no_features,mohawkvalleytimes,MIXED,MIXED
no_features,monmouthtimes,MIXED,MIXED
no_features,monterreydailypost,MIXED,MIXED
no_features,morrisleader,MIXED,MIXED
no_features,moveon,MIXED,HIGH
no_features,muslimskeptic,LOW,LOW
no_features,ncmississippinews,MIXED,MIXED
no_features,neatlantanews,MIXED,MIXED
no_features,necalinews,MIXED,MIXED
no_features,nelouisiananews,MIXED,MIXED
no_features,nepiedmontnews,MIXED,MIXED
no_features,nwillinoisnews,MIXED,MIXED
no_features,nwkentuckynews,MIXED,MIXED
no_features,nwlatimes,MIXED,MIXED
no_features,nwminnesotanews,MIXED,MIXED
no_features,nwvalleytimes,MIXED,MIXED
no_features,nationalassociationofscholars,MIXED,MIXED
no_features,nationalcenterforpublicpolicyresearch,MIXED,HIGH
no_features,naturalresourcegovernanceinstitute,HIGH,HIGH
no_features,northbirminghamtimes,MIXED,MIXED
no_features,northcolumbusnews,MIXED,MIXED
no_features,northcooknews,MIXED,MIXED
no_features,northessexnews,MIXED,MIXED
no_features,northindynews,MIXED,MIXED
no_features,northkentuckynews,MIXED,MIXED
no_features,northoctimes,MIXED,MIXED
no_features,northpalmbeachtoday,MIXED,MIXED
no_features,nunavutnews,HIGH,HIGH
no_features,oceancountyleader,MIXED,MIXED
no_features,offthepress,MIXED,HIGH
no_features,offthegridnews,MIXED,LOW
no_features,ohmymag,MIXED,HIGH
no_features,outerbankstimes,MIXED,MIXED
no_features,pamedia,HIGH,HIGH
no_features,panamacityreporter,MIXED,MIXED
no_features,parentsdefendingeducation,MIXED,HIGH
no_features,pascoreporter,MIXED,MIXED
no_features,passaictoday,MIXED,MIXED
no_features,peacegardennews,MIXED,MIXED
no_features,peoriajournalstar,HIGH,HIGH
no_features,pharmavoice,HIGH,HIGH
no_features,pinehursttoday,MIXED,MIXED
no_features,pioneervalleyadvocate,HIGH,HIGH
no_features,politicalanimalnews,MIXED,LOW
no_features,portagetimes,MIXED,MIXED
no_features,prairiestatewire,MIXED,MIXED
no_features,pueblapost,MIXED,MIXED
no_features,punchingbagpost,MIXED,LOW
no_features,rabbleca,HIGH,HIGH
no_features,randcorporation,HIGH,HIGH
no_features,rapidcityjournal,HIGH,HIGH
no_features,rationalwiki,HIGH,LOW
no_features,rawstory,HIGH,HIGH
no_features,readingchronicle,HIGH,HIGH
no_features,realnewsnetwork,HIGH,HIGH
no_features,reclaimthenet,MIXED,LOW
no_features,redicetv,LOW,LOW
no_features,redoubtnews,MIXED,LOW
no_features,redwoodempirenews,MIXED,MIXED
no_features,remingtonresearchgroup,HIGH,HIGH
no_features,renogazettejournal,HIGH,HIGH
no_features,renoreporter,MIXED,MIXED
no_features,restaurantdive,HIGH,HIGH
no_features,restoreamericanglory,MIXED,MIXED
no_features,revcomus,MIXED,LOW
no_features,richmondside,HIGH,HIGH
no_features,ricochet,MIXED,HIGH
no_features,rivervalleytoday,MIXED,MIXED
no_features,riverdalepress,HIGH,HIGH
no_features,rockymounttelegram,HIGH,HIGH
no_features,scotusblog,HIGH,HIGH
no_features,sealaskanews,MIXED,MIXED
no_features,sebluegrassnews,MIXED,MIXED
no_features,seconnecticutnews,MIXED,MIXED
no_features,segrandrapidsnews,MIXED,MIXED
no_features,sekansascitynews,MIXED,MIXED
no_features,sekansasnews,MIXED,MIXED
no_features,sekentuckynews,MIXED,MIXED
no_features,senorthcarolinanews,MIXED,MIXED
no_features,sevegasnews,MIXED,MIXED
no_features,swalaskanews,MIXED,MIXED
no_features,swcoloradonews,MIXED,MIXED
no_features,swmissourinews,MIXED,MIXED
no_features,swoklahomanews,MIXED,MIXED
no_features,swriversidenews,MIXED,MIXED
no_features,salemradionetworknews,HIGH,HIGH
no_features,sandhillstoday,MIXED,MIXED
no_features,saultthisweek,HIGH,HIGH
no_features,savannahmorningnews,HIGH,HIGH
no_features,savejersey,HIGH,HIGH
no_features,showmestatetimes,MIXED,MIXED
no_features,shreveportreporter,MIXED,MIXED
no_features,sludge,HIGH,LOW
no_features,somersettimes,MIXED,MIXED
no_features,sonsof1776,MIXED,LOW
no_features,southafricatoday,MIXED,HIGH
no_features,southcharlottetoday,MIXED,MIXED
no_features,southcolumbusnews,MIXED,MIXED
no_features,southcooknews,MIXED,MIXED
no_features,southfranklinnews,MIXED,MIXED
no_features,southfultontoday,MIXED,MIXED
no_features,southiowanews,MIXED,MIXED
no_features,southlouisiananews,MIXED,MIXED
no_features,southsummitnews,MIXED,MIXED
no_features,southtulsatoday,MIXED,MIXED
no_features,southwichitanews,MIXED,MIXED
no_features,southernindianatoday,MIXED,MIXED
no_features,southwestmontananews,MIXED,MIXED
no_features,southwestorangeobserver,HIGH,HIGH
no_features,springtimes,MIXED,MIXED
no_features,stjoebentonharbornews,MIXED,MIXED
no_features,stjohnstelegram,HIGH,HIGH
no_features,stanislausnews,MIXED,MIXED
no_features,stateline,HIGH,HIGH
no_features,sturgiscoldwaternews,MIXED,MIXED
no_features,supplychaindive,HIGH,HIGH
no_features,survivalnews1,LOW,LOW
no_features,tfppwire,MIXED,LOW
no_features,tmz,MIXED,LOW
no_features,techstartups,MIXED,MIXED
no_features,tenthamendmentcenter,MIXED,LOW
no_features,tharawatmagazine,HIGH,HIGH
no_features,thedispatch,HIGH,LOW
no_features,thefreepress,MIXED,HIGH
no_features,thepalestinechronicle,HIGH,HIGH
no_features,thesolutionsproject,HIGH,HIGH
no_features,thesouthafrican,HIGH,HIGH
no_features,thespinoff,HIGH,HIGH
no_features,thewisconsinindependent,MIXED,MIXED
no_features,thisdaylive,HIGH,HIGH
no_features,tobacconewswire,MIXED,MIXED
no_features,toofab,MIXED,LOW
no_features,towncountrymagazine,HIGH,HIGH
no_features,tradingeconomics,HIGH,HIGH
no_features,trendingpolitics,LOW,MIXED
no_features,truthforhealthfoundation,LOW,LOW
no_features,tulsastandard,MIXED,MIXED
no_features,tuscaloosaleader,MIXED,MIXED
no_features,usatoday,HIGH,HIGH
no_features,vaccineimpact,LOW,LOW
no_features,vaccineinjurynews,LOW,LOW
no_features,vanityfair,HIGH,HIGH
no_features,vintoncountycourier,HIGH,HIGH
no_features,voiceofamerica,HIGH,LOW
no_features,wltreport,LOW,LOW
no_features,woflfox35orlando,HIGH,HIGH
no_features,wpnmleipsicnews,HIGH,HIGH
no_features,wwtn997fmnashville,MIXED,MIXED
no_features,waltonfamilyfoundation,HIGH,HIGH
no_features,warnerrobinstoday,MIXED,MIXED
no_features,washingtonmonthly,HIGH,HIGH
no_features,wataugademocrat,HIGH,HIGH
no_features,weatherforddemocrat,HIGH,HIGH
no_features,westatlantanews,MIXED,MIXED
no_features,westcentralreporter,MIXED,MIXED
no_features,westlatimes,MIXED,MIXED
no_features,westnynews,MIXED,MIXED
no_features,westoctimes,MIXED,MIXED
no_features,westwakenews,MIXED,MIXED
no_features,westchesterreporter,MIXED,MIXED
no_features,westernmassnews,HIGH,HIGH
no_features,westernndnews,MIXED,MIXED
no_features,wiartonecho,HIGH,HIGH
no_features,wiregrasstimes,MIXED,MIXED
no_features,woodstocksentinelreview,HIGH,HIGH
no_features,yadkinripple,HIGH,HIGH
no_features,yankeeinstituteforpublicpolicy,HIGH,MIXED
no_features,yukonnews,HIGH,HIGH
no_features,actforamerica,LOW,LOW
no_features,abakannews,LOW,LOW
no_features,americangulag,LOW,HIGH
no_features,americanpatriotdaily,LOW,LOW
no_features,autulu,LOW,LOW
no_features,beehivestatenews,MIXED,MIXED
no_features,berdyansknews,LOW,LOW
no_features,berkscountynews,MIXED,MIXED
no_features,blacknews,MIXED,HIGH
no_features,bongino,MIXED,LOW
no_features,c19ivermectin,MIXED,LOW
no_features,cambriatimes,MIXED,MIXED
no_features,catholictribunemichigan,MIXED,MIXED
no_features,catholictribuneminnesota,MIXED,MIXED
no_features,centralchestertoday,MIXED,MIXED
no_features,centralidahotimes,MIXED,MIXED
no_features,climaterealism,LOW,HIGH
no_features,co2coalition,LOW,HIGH
no_features,coalregionnews,MIXED,MIXED
no_features,collintimes,MIXED,MIXED
no_features,conchovalleynews,MIXED,MIXED
no_features,conservativefiringline,LOW,LOW
no_features,conservativeplaylist,LOW,LOW
no_features,conservativeundergroundnews,MIXED,LOW
no_features,crawfordtimes,MIXED,MIXED
no_features,dagestannews,LOW,LOW
no_features,dailyburlington,MIXED,MIXED
no_features,dailyflowermound,MIXED,MIXED
no_features,dailyjanesville,MIXED,MIXED
no_features,dailymcallen,MIXED,MIXED
no_features,dailynewbraunfels,MIXED,MIXED
no_features,dailyroundrock,MIXED,MIXED
no_features,dailyspokanevalley,MIXED,MIXED
no_features,dailytacoma,MIXED,MIXED
no_features,dauphinnews,MIXED,MIXED
no_features,davistimes,MIXED,MIXED
no_features,desantisdaily,MIXED,LOW
no_features,demstate,LOW,LOW
no_features,derstatus,LOW,LOW
no_features,donbasscenter,LOW,LOW
no_features,download,LOW,LOW
no_features,druthers,LOW,LOW
no_features,dzen,MIXED,LOW
no_features,ecmississippinews,MIXED,MIXED
no_features,endthefed,LOW,LOW
no_features,eviemagazine,LOW,LOW
no_features,farsnewsagency,MIXED,MIXED
no_features,fdesouche,MIXED,LOW
no_features,fivenation,LOW,LOW
no_features,frankspeech,LOW,LOW
no_features,friatiderfreetimes,LOW,LOW
no_features,frontpagemagazine,LOW,LOW
no_features,gbnewsuk,MIXED,HIGH
no_features,gopusa,MIXED,MIXED
no_features,gaysagainstgroomers,LOW,LOW
no_features,gellerreport,LOW,LOW
no_features,georgiarecord,LOW,LOW
no_features,ghost,MIXED,LOW
no_features,gooddaybrownsville,MIXED,MIXED
no_features,gooddayportangeles,MIXED,MIXED
no_features,gooddayvancouver,MIXED,MIXED
no_features,happyvalleytimes,MIXED,MIXED
no_features,headlineusa,MIXED,LOW
no_features,hopkinsvilletimes,MIXED,MIXED
no_features,illegalaliencrimereport,MIXED,LOW
no_features,informationliberation,LOW,LOW
no_features,ingushetiyanews,LOW,LOW
no_features,intelli,MIXED,LOW
no_features,irkutsknews,LOW,LOW
no_features,ivermectinforcovid19,MIXED,LOW
no_features,joehoft,LOW,LOW
no_features,kentcountytimes,MIXED,MIXED
no_features,kerncountytimes,MIXED,MIXED
no_features,kirovnews,LOW,LOW
no_features,kremlin,MIXED,LOW
no_features,lnrnews,LOW,LOW
no_features,laredotoday,MIXED,MIXED
no_features,lebanonpanews,MIXED,MIXED
no_features,leftaction,LOW,HIGH
no_features,libsoftiktok,LOW,MIXED
no_features,lifenews,LOW,MIXED
no_features,lugansknews,LOW,LOW
no_features,magadannews,LOW,LOW
no_features,marylandbusinessdaily,MIXED,MIXED
no_features,metricmedia,MIXED,LOW
no_features,miamistandard,MIXED,HIGH
no_features,middleeastmediaresearchinstitutememri,MIXED,MIXED
no_features,middleeastnewsagency,MIXED,MIXED
no_features,minnesotabusinessdaily,MIXED,MIXED
no_features,misionverdad,MIXED,LOW
no_features,moldovanews,LOW,LOW
no_features,monroecountynews,MIXED,MIXED
no_features,morningmurfreesboro,MIXED,MIXED
no_features,moskvanews,LOW,LOW
no_features,myrtlebeachleader,MIXED,MIXED
no_features,ncbusinessdaily,MIXED,MIXED
no_features,nealabamanews,MIXED,MIXED
no_features,nashvillestandard,MIXED,MIXED
no_features,nikopolnews,LOW,LOW
no_features,ninefornews,LOW,LOW
no_features,northdakotabusinessdaily,MIXED,MIXED
no_features,novosibirsknews,LOW,LOW
no_features,odessanews,LOW,LOW
no_features,origo,MIXED,LOW
no_features,orinocotribune,LOW,MIXED
no_features,pacificpundit,LOW,LOW
no_features,palmettostatenews,MIXED,MIXED
no_features,patriotfetch,LOW,LOW
no_features,portlandcourant,MIXED,MIXED
no_features,pravdacanada,LOW,LOW
no_features,pravdaitalia,LOW,LOW
no_features,pravdanato,LOW,LOW
no_features,presidentialhill,LOW,LOW
no_features,projectveritas,MIXED,LOW
no_features,providencereporter,MIXED,MIXED
no_features,rianovosti,LOW,LOW
no_features,radar,LOW,LOW
no_features,rationalground,MIXED,LOW
no_features,realnewsnow,LOW,LOW
no_features,redorbit,MIXED,LOW
no_features,republicandaily,MIXED,LOW
no_features,revolver,MIXED,LOW
no_features,rightnewswire,MIXED,LOW
no_features,russiainsider,LOW,LOW
no_features,scalaskanews,MIXED,MIXED
no_features,scmidlandnews,MIXED,MIXED
no_features,seatlantanews,MIXED,MIXED
no_features,shtfplancom,LOW,LOW
no_features,silverstatetimes,MIXED,MIXED
no_features,skepticink,MIXED,LOW
no_features,smokymountaintoday,MIXED,MIXED
no_features,southcentralpanews,MIXED,MIXED
no_features,southkentnews,MIXED,MIXED
no_features,southknoxvillenews,MIXED,MIXED
no_features,southernillinoisnews,MIXED,MIXED
no_features,southwestpanews,MIXED,MIXED
no_features,staresattheworld,LOW,LOW
no_features,steadfastandloyal,MIXED,LOW
no_features,stopthesethings,LOW,LOW
no_features,surgutnews,LOW,LOW
no_features,theblacksphere,MIXED,MIXED
no_features,theconservativebrief,MIXED,LOW
no_features,thedailyadda,MIXED,LOW
no_features,thefreedomtimes,LOW,LOW
no_features,thegoldwater,LOW,LOW
no_features,thejoeroganexperience,MIXED,HIGH
no_features,thelaughclub,LOW,LOW
no_features,theliberalireland,LOW,LOW
no_features,thelibertydaily,MIXED,LOW
no_features,thenationaluae,MIXED,HIGH
no_features,thenevadan,MIXED,MIXED
no_features,thepatriotnurse,MIXED,LOW
no_features,thequartering,LOW,LOW
no_features,therightscoop,MIXED,LOW
no_features,thesarkariform,MIXED,LOW
no_features,thescoop,MIXED,LOW
no_features,theunionjournal,LOW,HIGH
no_features,torreonpost,MIXED,MIXED
no_features,transgendertrend,LOW,LOW
no_features,trumptrainnews,MIXED,LOW
no_features,turningpointusafaith,LOW,LOW
no_features,valeursactuelles,MIXED,LOW
no_features,wcminnesotanews,MIXED,MIXED
no_features,webertimes,MIXED,MIXED
no_features,westcentralpanews,MIXED,MIXED
no_features,westpdxtoday,MIXED,MIXED
no_features,westslcnews,MIXED,MIXED
no_features,williamsonnews,MIXED,MIXED
no_features,witherspooninstitute,LOW,HIGH
no_features,worldnetdaily,LOW,LOW
no_features,xinhuaenglish,MIXED,MIXED
no_features,z3news,LOW,LOW
ocr_only,100fedup,LOW,LOW
ocr_only,404media,HIGH,HIGH
ocr_only,7news,MIXED,HIGH
ocr_only,972magazine,HIGH,HIGH
ocr_only,abc11eyewitnessnews,HIGH,HIGH
ocr_only,aptnnationalnews,HIGH,HIGH
ocr_only,adfontesmedia,HIGH,HIGH
ocr_only,adareporter,MIXED,MIXED
ocr_only,adamsnews,LOW,LOW
ocr_only,airdriecityview,HIGH,HIGH
ocr_only,akronreporter,MIXED,MIXED
ocr_only,albuquerquejournal,HIGH,HIGH
ocr_only,alohastatenews,MIXED,MIXED
ocr_only,amandla,HIGH,HIGH
ocr_only,americanaffairsjournal,HIGH,HIGH
ocr_only,americancenterforlawjustice,MIXED,MIXED
ocr_only,americansunitedforseparationofchurchandstate,HIGH,LOW
ocr_only,amnestyinternational,HIGH,HIGH
ocr_only,analyticsindiamagazine,HIGH,HIGH
ocr_only,annarbortimes,MIXED,MIXED
ocr_only,anokatimes,MIXED,MIXED
ocr_only,arizonacapitoltimes,HIGH,HIGH
ocr_only,arizonarepublic,HIGH,HIGH
ocr_only,arlingtonheightsdailyherald,HIGH,HIGH
ocr_only,armedforcespress,LOW,LOW
ocr_only,armstrongeconomics,MIXED,MIXED
ocr_only,armytimes,HIGH,HIGH
ocr_only,ashevillereporter,MIXED,MIXED
ocr_only,asiatimes,HIGH,HIGH
ocr_only,atlantablackstar,HIGH,HIGH
ocr_only,atlantic,HIGH,HIGH
ocr_only,atlasintel,HIGH,HIGH
ocr_only,automotivedive,HIGH,HIGH
ocr_only,bdnews24,MIXED,HIGH
ocr_only,bajacaliforniapost,MIXED,MIXED
ocr_only,baldwintimes,MIXED,MIXED
ocr_only,banburyguardian,HIGH,HIGH
ocr_only,bartlesvilleexaminerenterprise,HIGH,HIGH
ocr_only,belfercenterforscienceandinternationalaffairs,HIGH,HIGH
ocr_only,biasednews,LOW,LOW
ocr_only,bignewsnetwork,HIGH,HIGH
ocr_only,billmoyerscom,HIGH,MIXED
ocr_only,billtrack50,HIGH,HIGH
ocr_only,bipartisanpolicycenter,HIGH,HIGH
ocr_only,birminghamworld,HIGH,HIGH
ocr_only,bloomingtonheraldtimes,HIGH,HIGH
ocr_only,bloomingtonleader,MIXED,MIXED
ocr_only,boisecitywire,MIXED,MIXED
ocr_only,borgenmagazine,HIGH,LOW
ocr_only,borgenproject,HIGH,HIGH
ocr_only,bostonglobe,HIGH,HIGH
ocr_only,bothellreporter,HIGH,HIGH
ocr_only,brevardsun,MIXED,MIXED
ocr_only,buckeyereporter,MIXED,MIXED
ocr_only,buckscountycouriertimes,HIGH,HIGH
ocr_only,bucyrustelegraphforum,HIGH,HIGH
ocr_only,burlingtonreporter,MIXED,MIXED
ocr_only,cstoredive,HIGH,HIGH
ocr_only,cctvinternational,MIXED,MIXED
ocr_only,cabarrustoday,MIXED,MIXED
ocr_only,calgarysun,HIGH,HIGH
ocr_only,californiapoliticalreview,HIGH,HIGH
ocr_only,californiacollapsenews,LOW,LOW
ocr_only,campechepost,MIXED,MIXED
ocr_only,cantonrepository,HIGH,HIGH
ocr_only,castoradvance,HIGH,HIGH
ocr_only,catholictribunemichigan,MIXED,MIXED
ocr_only,catholictribuneminnesota,MIXED,MIXED
ocr_only,censortrack,MIXED,MIXED
ocr_only,centerforamericanprogress,MIXED,HIGH
ocr_only,centerforsecuritypolicy,MIXED,HIGH
ocr_only,chambanasun,MIXED,MIXED
ocr_only,changeresearch,HIGH,HIGH
ocr_only,checkyourfact,HIGH,HIGH
ocr_only,cheddar,HIGH,HIGH
ocr_only,chinadaily,MIXED,HIGH
ocr_only,ciodive,HIGH,HIGH
ocr_only,citizentruth,HIGH,MIXED
ocr_only,citynewstoronto,HIGH,HIGH
ocr_only,clarionledger,HIGH,HIGH
ocr_only,clarkforkvalleypress,HIGH,HIGH
ocr_only,clayreporter,MIXED,MIXED
ocr_only,cleantechnica,HIGH,HIGH
ocr_only,climatesciencepolicywatch,HIGH,HIGH
ocr_only,coconinonews,MIXED,MIXED
ocr_only,codastory,HIGH,HIGH
ocr_only,coloradofreepress,LOW,LOW
ocr_only,columbiajournalismreview,HIGH,LOW
ocr_only,comicsands,MIXED,LOW
ocr_only,commentarymagazine,HIGH,LOW
ocr_only,concernedwomenforamerica,LOW,LOW
ocr_only,concordledger,MIXED,MIXED
ocr_only,conservativeopinion,MIXED,LOW
ocr_only,constructiondive,HIGH,HIGH
ocr_only,countercurrentsorg,HIGH,HIGH
ocr_only,creationministriesinternational,LOW,LOW
ocr_only,creationevolutionheadlines,LOW,LOW
ocr_only,crossexaminedorg,LOW,LOW
ocr_only,cursor,MIXED,HIGH
ocr_only,cygnalpolling,HIGH,HIGH
ocr_only,dailydot,HIGH,MIXED
ocr_only,dailykos,MIXED,HIGH
ocr_only,dailypress,HIGH,HIGH
ocr_only,dailytorch,HIGH,LOW
ocr_only,dailyveracity,LOW,LOW
ocr_only,dailyo,MIXED,LOW
ocr_only,dartmouthtimes,MIXED,MIXED
ocr_only,daventryexpress,HIGH,HIGH
ocr_only,defector,HIGH,HIGH
ocr_only,defenddemocracypress,MIXED,HIGH
ocr_only,defenseworldnet,HIGH,MIXED
ocr_only,dekalbdailychronicle,HIGH,HIGH
ocr_only,delawareonlinethenewsjournal,HIGH,HIGH
ocr_only,democracyfundvoice,HIGH,MIXED
ocr_only,democratandchronicle,HIGH,HIGH
ocr_only,desmoinessun,MIXED,MIXED
ocr_only,deseretnews,HIGH,HIGH
ocr_only,digg,HIGH,MIXED
ocr_only,digitimesasia,HIGH,HIGH
ocr_only,discoveryinstitute,LOW,LOW
ocr_only,dissentmagazine,HIGH,HIGH
ocr_only,doctorswithoutborders,HIGH,HIGH
ocr_only,downsizingthefederalgovernment,HIGH,LOW
ocr_only,dubuquetimes,MIXED,MIXED
ocr_only,duluthnewstribune,HIGH,HIGH
ocr_only,enews,HIGH,LOW
ocr_only,ecoklahomanews,MIXED,MIXED
ocr_only,euvsdisinfo,HIGH,LOW
ocr_only,earthorg,HIGH,HIGH
ocr_only,eastcentralreporter,MIXED,MIXED
ocr_only,eastlondonandwestessexguardian,HIGH,HIGH
ocr_only,eastpanhandlenews,MIXED,MIXED
ocr_only,eastsandiegonews,MIXED,MIXED
ocr_only,eastwaketimes,MIXED,MIXED
ocr_only,ecowatch,HIGH,HIGH
ocr_only,educationdailywire,MIXED,MIXED
ocr_only,egyptianstreets,MIXED,HIGH
ocr_only,electronicintifada,HIGH,MIXED
ocr_only,elkodailyfreepress,HIGH,HIGH
ocr_only,ellwoodcityledger,HIGH,HIGH
ocr_only,emirates247,MIXED,HIGH
ocr_only,enchantmentstatenews,MIXED,MIXED
ocr_only,entertainmentweekly,HIGH,HIGH
ocr_only,esquiremagazine,MIXED,HIGH
ocr_only,facilitiesdive,HIGH,HIGH
ocr_only,factcheckni,HIGH,HIGH
ocr_only,factsnet,MIXED,HIGH
ocr_only,faithfreedomcoalition,MIXED,LOW
ocr_only,fargostandard,MIXED,MIXED
ocr_only,financialtechtimes,HIGH,HIGH
ocr_only,focusonthefamily,LOW,LOW
ocr_only,fortsmithtimes,MIXED,MIXED
ocr_only,fostersdailydemocrat,HIGH,HIGH
ocr_only,freedomfromreligionfoundation,MIXED,HIGH
ocr_only,fremontnewsmessenger,HIGH,HIGH
ocr_only,freshoffthepress,MIXED,MIXED
ocr_only,frontpagenewspaper,MIXED,MIXED
ocr_only,gzeromedia,HIGH,HIGH
ocr_only,geopoliticalintelligenceservices,HIGH,HIGH
ocr_only,georgiamountainnews,MIXED,MIXED
ocr_only,glasgowtimes,HIGH,HIGH
ocr_only,goderichsignalstar,HIGH,HIGH
ocr_only,grandjunctiontimes,MIXED,MIXED
ocr_only,granitegrok,LOW,LOW
ocr_only,greenevillesun,HIGH,HIGH
ocr_only,greenlininginstitute,HIGH,HIGH
ocr_only,grundyreporter,MIXED,MIXED
ocr_only,hrdive,HIGH,HIGH
ocr_only,heartlandinstitute,LOW,HIGH
ocr_only,helensburghadvertiser,HIGH,HIGH
ocr_only,herbsnews,LOW,LOW
ocr_only,heritagefoundation,MIXED,HIGH
ocr_only,hongkongfreepress,HIGH,HIGH
ocr_only,hopekinsvilletimes,MIXED,MIXED
ocr_only,hudsontoday,MIXED,MIXED
ocr_only,huntsvilleleader,MIXED,MIXED
ocr_only,ipmnewsroom,HIGH,HIGH
ocr_only,imperialcanews,MIXED,MIXED
ocr_only,indexmundi,HIGH,HIGH
ocr_only,infoplease,HIGH,HIGH
ocr_only,instituteforthestudyofglobalizationandcovertpolitics,LOW,LOW
ocr_only,intellectualtakeout,MIXED,HIGH
ocr_only,investigatewest,HIGH,HIGH
ocr_only,iowacitytoday,MIXED,MIXED
ocr_only,jeffersoncitynews,MIXED,MIXED
ocr_only,kait8tv,HIGH,HIGH
ocr_only,kbutnprcrestedbutte,HIGH,HIGH
ocr_only,kcfcnprboulder,HIGH,HIGH
ocr_only,kkat860amsaltlakecity,MIXED,MIXED
ocr_only,kkoh780amreno,MIXED,MIXED
ocr_only,krccnprcoloradosprings,HIGH,HIGH
ocr_only,kvaleugenenews,HIGH,HIGH
ocr_only,kankakeetimes,MIXED,MIXED
ocr_only,kauaisun,MIXED,MIXED
ocr_only,keighleynews,HIGH,HIGH
ocr_only,kerncountrytimes,MIXED,MIXED
ocr_only,kirklandlakenorthernnews,HIGH,HIGH
ocr_only,lagrangedailynews,HIGH,HIGH
ocr_only,laborpains,MIXED,MIXED
ocr_only,laphamsquarterly,HIGH,HIGH
ocr_only,lawrencereporter,MIXED,MIXED
ocr_only,leighjournal,HIGH,HIGH
ocr_only,lifewire,HIGH,HIGH
ocr_only,limareporter,MIXED,MIXED
ocr_only,livingstontoday,MIXED,MIXED
ocr_only,logically,HIGH,LOW
ocr_only,louisvillecitywire,MIXED,MIXED
ocr_only,ludlowadvertiser,HIGH,HIGH
ocr_only,magicvalleytimes,MIXED,MIXED
ocr_only,magnoliastatenews,MIXED,MIXED
ocr_only,manilabusinessdaily,MIXED,MIXED
ocr_only,mauireporter,MIXED,MIXED
ocr_only,mazatlanpost,MIXED,MIXED
ocr_only,mediamatters,HIGH,LOW
ocr_only,merrimackvalleynews,MIXED,MIXED
ocr_only,metroweekly,HIGH,HIGH
ocr_only,midcoasttoday,MIXED,MIXED
ocr_only,midnorthmonitor,HIGH,HIGH
ocr_only,middleeastinstitute,HIGH,HIGH
ocr_only,minnesotasun,MIXED,MIXED
ocr_only,mitchelladvocate,HIGH,HIGH
ocr_only,mohawkvalleytimes,MIXED,MIXED
ocr_only,monmouthtimes,MIXED,MIXED
ocr_only,monterreydailypost,MIXED,MIXED
ocr_only,morrisleader,MIXED,MIXED
ocr_only,moveon,MIXED,HIGH
ocr_only,muslimskeptic,LOW,LOW
ocr_only,ncmississippinews,MIXED,MIXED
ocr_only,neatlantanews,MIXED,MIXED
ocr_only,necalinews,MIXED,MIXED
ocr_only,nelouisiananews,MIXED,MIXED
ocr_only,nepiedmontnews,MIXED,MIXED
ocr_only,nwillinoisnews,MIXED,MIXED
ocr_only,nwkentuckynews,MIXED,MIXED
ocr_only,nwlatimes,MIXED,MIXED
ocr_only,nwminnesotanews,MIXED,MIXED
ocr_only,nwvalleytimes,MIXED,MIXED
ocr_only,nationalassociationofscholars,MIXED,MIXED
ocr_only,nationalcenterforpublicpolicyresearch,MIXED,HIGH
ocr_only,naturalresourcegovernanceinstitute,HIGH,HIGH
ocr_only,northbirminghamtimes,MIXED,MIXED
ocr_only,northcolumbusnews,MIXED,MIXED
ocr_only,northcooknews,MIXED,MIXED
ocr_only,northessexnews,MIXED,MIXED
ocr_only,northindynews,MIXED,MIXED
ocr_only,northkentuckynews,MIXED,MIXED
ocr_only,northoctimes,MIXED,MIXED
ocr_only,northpalmbeachtoday,MIXED,MIXED
ocr_only,nunavutnews,HIGH,HIGH
ocr_only,oceancountyleader,MIXED,MIXED
ocr_only,offthepress,MIXED,HIGH
ocr_only,offthegridnews,MIXED,LOW
ocr_only,ohmymag,MIXED,HIGH
ocr_only,outerbankstimes,MIXED,MIXED
ocr_only,pamedia,HIGH,MIXED
ocr_only,panamacityreporter,MIXED,MIXED
ocr_only,parentsdefendingeducation,MIXED,LOW
ocr_only,pascoreporter,MIXED,MIXED
ocr_only,passaictoday,MIXED,MIXED
ocr_only,peacegardennews,MIXED,MIXED
ocr_only,peoriajournalstar,HIGH,HIGH
ocr_only,pharmavoice,HIGH,HIGH
ocr_only,pinehursttoday,MIXED,MIXED
ocr_only,pioneervalleyadvocate,HIGH,HIGH
ocr_only,politicalanimalnews,MIXED,LOW
ocr_only,portagetimes,MIXED,MIXED
ocr_only,prairiestatewire,MIXED,MIXED
ocr_only,pueblapost,MIXED,MIXED
ocr_only,punchingbagpost,MIXED,LOW
ocr_only,rabbleca,HIGH,HIGH
ocr_only,randcorporation,HIGH,HIGH
ocr_only,rapidcityjournal,HIGH,HIGH
ocr_only,rationalwiki,HIGH,LOW
ocr_only,rawstory,HIGH,HIGH
ocr_only,readingchronicle,HIGH,HIGH
ocr_only,realnewsnetwork,HIGH,HIGH
ocr_only,reclaimthenet,MIXED,LOW
ocr_only,redicetv,LOW,LOW
ocr_only,redoubtnews,MIXED,MIXED
ocr_only,redwoodempirenews,MIXED,MIXED
ocr_only,remingtonresearchgroup,HIGH,HIGH
ocr_only,renogazettejournal,HIGH,HIGH
ocr_only,renoreporter,MIXED,MIXED
ocr_only,restaurantdive,HIGH,HIGH
ocr_only,restoreamericanglory,MIXED,MIXED
ocr_only,revcomus,MIXED,LOW
ocr_only,richmondside,HIGH,HIGH
ocr_only,ricochet,MIXED,HIGH
ocr_only,rivervalleytoday,MIXED,MIXED
ocr_only,riverdalepress,HIGH,HIGH
ocr_only,rockymounttelegram,HIGH,HIGH
ocr_only,scotusblog,HIGH,HIGH
ocr_only,sealaskanews,MIXED,MIXED
ocr_only,sebluegrassnews,MIXED,MIXED
ocr_only,seconnecticutnews,MIXED,MIXED
ocr_only,segrandrapidsnews,MIXED,MIXED
ocr_only,sekansascitynews,MIXED,MIXED
ocr_only,sekansasnews,MIXED,MIXED
ocr_only,sekentuckynews,MIXED,MIXED
ocr_only,senorthcarolinanews,MIXED,MIXED
ocr_only,sevegasnews,MIXED,MIXED
ocr_only,swalaskanews,MIXED,MIXED
ocr_only,swcoloradonews,MIXED,MIXED
ocr_only,swmissourinews,MIXED,MIXED
ocr_only,swoklahomanews,MIXED,MIXED
ocr_only,swriversidenews,MIXED,MIXED
ocr_only,salemradionetworknews,HIGH,HIGH
ocr_only,sandhillstoday,MIXED,MIXED
ocr_only,saultthisweek,HIGH,HIGH
ocr_only,savannahmorningnews,HIGH,HIGH
ocr_only,savejersey,HIGH,HIGH
ocr_only,showmestatetimes,MIXED,MIXED
ocr_only,shreveportreporter,MIXED,MIXED
ocr_only,sludge,HIGH,MIXED
ocr_only,somersettimes,MIXED,MIXED
ocr_only,sonsof1776,MIXED,LOW
ocr_only,southafricatoday,MIXED,HIGH
ocr_only,southcharlottetoday,MIXED,MIXED
ocr_only,southcolumbusnews,MIXED,MIXED
ocr_only,southcooknews,MIXED,MIXED
ocr_only,southfranklinnews,MIXED,MIXED
ocr_only,southfultontoday,MIXED,MIXED
ocr_only,southiowanews,MIXED,MIXED
ocr_only,southlouisiananews,MIXED,MIXED
ocr_only,southsummitnews,MIXED,MIXED
ocr_only,southtulsatoday,MIXED,MIXED
ocr_only,southwichitanews,MIXED,MIXED
ocr_only,southernindianatoday,MIXED,MIXED
ocr_only,southwestmontananews,MIXED,MIXED
ocr_only,southwestorangeobserver,HIGH,HIGH
ocr_only,springtimes,MIXED,MIXED
ocr_only,stjoebentonharbornews,MIXED,MIXED
ocr_only,stjohnstelegram,HIGH,HIGH
ocr_only,stanislausnews,MIXED,MIXED
ocr_only,stateline,HIGH,HIGH
ocr_only,sturgiscoldwaternews,MIXED,MIXED
ocr_only,supplychaindive,HIGH,HIGH
ocr_only,survivalnews1,LOW,LOW
ocr_only,tfppwire,MIXED,LOW
ocr_only,tmz,MIXED,LOW
ocr_only,techstartups,MIXED,MIXED
ocr_only,tenthamendmentcenter,MIXED,LOW
ocr_only,tharawatmagazine,HIGH,HIGH
ocr_only,thedispatch,HIGH,LOW
ocr_only,thefreepress,MIXED,HIGH
ocr_only,thepalestinechronicle,HIGH,HIGH
ocr_only,thesolutionsproject,HIGH,HIGH
ocr_only,thesouthafrican,HIGH,HIGH
ocr_only,thespinoff,HIGH,HIGH
ocr_only,thewisconsinindependent,MIXED,MIXED
ocr_only,thisdaylive,HIGH,HIGH
ocr_only,tobacconewswire,MIXED,MIXED
ocr_only,toofab,MIXED,LOW
ocr_only,towncountrymagazine,HIGH,HIGH
ocr_only,tradingeconomics,HIGH,HIGH
ocr_only,trendingpolitics,LOW,LOW
ocr_only,truthforhealthfoundation,LOW,LOW
ocr_only,tulsastandard,MIXED,MIXED
ocr_only,tuscaloosaleader,MIXED,MIXED
ocr_only,usatoday,HIGH,HIGH
ocr_only,vaccineimpact,LOW,LOW
ocr_only,vaccineinjurynews,LOW,LOW
ocr_only,vanityfair,HIGH,HIGH
ocr_only,vintoncountycourier,HIGH,HIGH
ocr_only,voiceofamerica,HIGH,LOW
ocr_only,wltreport,LOW,LOW
ocr_only,woflfox35orlando,HIGH,HIGH
ocr_only,wpnmleipsicnews,HIGH,HIGH
ocr_only,wwtn997fmnashville,MIXED,MIXED
ocr_only,waltonfamilyfoundation,HIGH,HIGH
ocr_only,warnerrobinstoday,MIXED,MIXED
ocr_only,washingtonmonthly,HIGH,HIGH
ocr_only,wataugademocrat,HIGH,HIGH
ocr_only,weatherforddemocrat,HIGH,HIGH
ocr_only,westatlantanews,MIXED,MIXED
ocr_only,westcentralreporter,MIXED,MIXED
ocr_only,westlatimes,MIXED,MIXED
ocr_only,westnynews,MIXED,MIXED
ocr_only,westoctimes,MIXED,MIXED
ocr_only,westwakenews,MIXED,MIXED
ocr_only,westchesterreporter,MIXED,MIXED
ocr_only,westernmassnews,HIGH,HIGH
ocr_only,westernndnews,MIXED,MIXED
ocr_only,wiartonecho,HIGH,HIGH
ocr_only,wiregrasstimes,MIXED,MIXED
ocr_only,woodstocksentinelreview,HIGH,HIGH
ocr_only,yadkinripple,HIGH,HIGH
ocr_only,yankeeinstituteforpublicpolicy,HIGH,MIXED
ocr_only,yukonnews,HIGH,HIGH
ocr_only,actforamerica,LOW,LOW
ocr_only,abakannews,LOW,LOW
ocr_only,americangulag,LOW,HIGH
ocr_only,americanpatriotdaily,LOW,LOW
ocr_only,autulu,LOW,LOW
ocr_only,beehivestatenews,MIXED,MIXED
ocr_only,berdyansknews,LOW,LOW
ocr_only,berkscountynews,MIXED,MIXED
ocr_only,blacknews,MIXED,HIGH
ocr_only,bongino,MIXED,LOW
ocr_only,c19ivermectin,MIXED,LOW
ocr_only,cambriatimes,MIXED,MIXED
ocr_only,catholictribunemichigan,MIXED,MIXED
ocr_only,catholictribuneminnesota,MIXED,MIXED
ocr_only,centralchestertoday,MIXED,MIXED
ocr_only,centralidahotimes,MIXED,MIXED
ocr_only,climaterealism,LOW,HIGH
ocr_only,co2coalition,LOW,HIGH
ocr_only,coalregionnews,MIXED,MIXED
ocr_only,collintimes,MIXED,MIXED
ocr_only,conchovalleynews,MIXED,MIXED
ocr_only,conservativefiringline,LOW,LOW
ocr_only,conservativeplaylist,LOW,LOW
ocr_only,conservativeundergroundnews,MIXED,LOW
ocr_only,crawfordtimes,MIXED,MIXED
ocr_only,dagestannews,LOW,LOW
ocr_only,dailyburlington,MIXED,MIXED
ocr_only,dailyflowermound,MIXED,MIXED
ocr_only,dailyjanesville,MIXED,MIXED
ocr_only,dailymcallen,MIXED,MIXED
ocr_only,dailynewbraunfels,MIXED,MIXED
ocr_only,dailyroundrock,MIXED,MIXED
ocr_only,dailyspokanevalley,MIXED,MIXED
ocr_only,dailytacoma,MIXED,MIXED
ocr_only,dauphinnews,MIXED,MIXED
ocr_only,davistimes,MIXED,MIXED
ocr_only,desantisdaily,MIXED,LOW
ocr_only,demstate,LOW,LOW
ocr_only,derstatus,LOW,LOW
ocr_only,donbasscenter,LOW,LOW
ocr_only,download,LOW,LOW
ocr_only,druthers,LOW,LOW
ocr_only,dzen,MIXED,LOW
ocr_only,ecmississippinews,MIXED,MIXED
ocr_only,endthefed,LOW,LOW
ocr_only,eviemagazine,LOW,LOW
ocr_only,farsnewsagency,MIXED,MIXED
ocr_only,fdesouche,MIXED,LOW
ocr_only,fivenation,LOW,LOW
ocr_only,frankspeech,LOW,LOW
ocr_only,friatiderfreetimes,LOW,LOW
ocr_only,frontpagemagazine,LOW,LOW
ocr_only,gbnewsuk,MIXED,HIGH
ocr_only,gopusa,MIXED,MIXED
ocr_only,gaysagainstgroomers,LOW,LOW
ocr_only,gellerreport,LOW,LOW
ocr_only,georgiarecord,LOW,LOW
ocr_only,ghost,MIXED,LOW
ocr_only,gooddaybrownsville,MIXED,MIXED
ocr_only,gooddayportangeles,MIXED,MIXED
ocr_only,gooddayvancouver,MIXED,MIXED
ocr_only,happyvalleytimes,MIXED,MIXED
ocr_only,headlineusa,MIXED,LOW
ocr_only,hopkinsvilletimes,MIXED,MIXED
ocr_only,illegalaliencrimereport,MIXED,LOW
ocr_only,informationliberation,LOW,LOW
ocr_only,ingushetiyanews,LOW,LOW
ocr_only,intelli,MIXED,LOW
ocr_only,irkutsknews,LOW,LOW
ocr_only,ivermectinforcovid19,MIXED,LOW
ocr_only,joehoft,LOW,LOW
ocr_only,kentcountytimes,MIXED,MIXED
ocr_only,kerncountytimes,MIXED,MIXED
ocr_only,kirovnews,LOW,LOW
ocr_only,kremlin,MIXED,LOW
ocr_only,lnrnews,LOW,LOW
ocr_only,laredotoday,MIXED,MIXED
ocr_only,lebanonpanews,MIXED,MIXED
ocr_only,leftaction,LOW,HIGH
ocr_only,libsoftiktok,LOW,MIXED
ocr_only,lifenews,LOW,HIGH
ocr_only,lugansknews,LOW,LOW
ocr_only,magadannews,LOW,LOW
ocr_only,marylandbusinessdaily,MIXED,MIXED
ocr_only,metricmedia,MIXED,MIXED
ocr_only,miamistandard,MIXED,HIGH
ocr_only,middleeastmediaresearchinstitutememri,MIXED,MIXED
ocr_only,middleeastnewsagency,MIXED,MIXED
ocr_only,minnesotabusinessdaily,MIXED,MIXED
ocr_only,misionverdad,MIXED,LOW
ocr_only,moldovanews,LOW,LOW
ocr_only,monroecountynews,MIXED,MIXED
ocr_only,morningmurfreesboro,MIXED,MIXED
ocr_only,moskvanews,LOW,LOW
ocr_only,myrtlebeachleader,MIXED,MIXED
ocr_only,ncbusinessdaily,MIXED,MIXED
ocr_only,nealabamanews,MIXED,MIXED
ocr_only,nashvillestandard,MIXED,MIXED
ocr_only,nikopolnews,LOW,LOW
ocr_only,ninefornews,LOW,LOW
ocr_only,northdakotabusinessdaily,MIXED,MIXED
ocr_only,novosibirsknews,LOW,LOW
ocr_only,odessanews,LOW,LOW
ocr_only,origo,MIXED,LOW
ocr_only,orinocotribune,LOW,MIXED
ocr_only,pacificpundit,LOW,LOW
ocr_only,palmettostatenews,MIXED,MIXED
ocr_only,patriotfetch,LOW,LOW
ocr_only,portlandcourant,MIXED,MIXED
ocr_only,pravdacanada,LOW,LOW
ocr_only,pravdaitalia,LOW,LOW
ocr_only,pravdanato,LOW,LOW
ocr_only,presidentialhill,LOW,LOW
ocr_only,projectveritas,MIXED,LOW
ocr_only,providencereporter,MIXED,MIXED
ocr_only,rianovosti,LOW,LOW
ocr_only,radar,LOW,LOW
ocr_only,rationalground,MIXED,LOW
ocr_only,realnewsnow,LOW,LOW
ocr_only,redorbit,MIXED,MIXED
ocr_only,republicandaily,MIXED,LOW
ocr_only,revolver,MIXED,LOW
ocr_only,rightnewswire,MIXED,LOW
ocr_only,russiainsider,LOW,LOW
ocr_only,scalaskanews,MIXED,MIXED
ocr_only,scmidlandnews,MIXED,MIXED
ocr_only,seatlantanews,MIXED,MIXED
ocr_only,shtfplancom,LOW,LOW
ocr_only,silverstatetimes,MIXED,MIXED
ocr_only,skepticink,MIXED,LOW
ocr_only,smokymountaintoday,MIXED,MIXED
ocr_only,southcentralpanews,MIXED,MIXED
ocr_only,southkentnews,MIXED,MIXED
ocr_only,southknoxvillenews,MIXED,MIXED
ocr_only,southernillinoisnews,MIXED,MIXED
ocr_only,southwestpanews,MIXED,MIXED
ocr_only,staresattheworld,LOW,LOW
ocr_only,steadfastandloyal,MIXED,LOW
ocr_only,stopthesethings,LOW,LOW
ocr_only,surgutnews,LOW,LOW
ocr_only,theblacksphere,MIXED,MIXED
ocr_only,theconservativebrief,MIXED,LOW
ocr_only,thedailyadda,MIXED,LOW
ocr_only,thefreedomtimes,LOW,LOW
ocr_only,thegoldwater,LOW,LOW
ocr_only,thejoeroganexperience,MIXED,HIGH
ocr_only,thelaughclub,LOW,LOW
ocr_only,theliberalireland,LOW,LOW
ocr_only,thelibertydaily,MIXED,LOW
ocr_only,thenationaluae,MIXED,HIGH
ocr_only,thenevadan,MIXED,MIXED
ocr_only,thepatriotnurse,MIXED,LOW
ocr_only,thequartering,LOW,LOW
ocr_only,therightscoop,MIXED,LOW
ocr_only,thesarkariform,MIXED,LOW
ocr_only,thescoop,MIXED,LOW
ocr_only,theunionjournal,LOW,HIGH
ocr_only,torreonpost,MIXED,MIXED
ocr_only,transgendertrend,LOW,LOW
ocr_only,trumptrainnews,MIXED,LOW
ocr_only,turningpointusafaith,LOW,LOW
ocr_only,valeursactuelles,MIXED,LOW
ocr_only,wcminnesotanews,MIXED,MIXED
ocr_only,webertimes,MIXED,MIXED
ocr_only,westcentralpanews,MIXED,MIXED
ocr_only,westpdxtoday,MIXED,MIXED
ocr_only,westslcnews,MIXED,MIXED
ocr_only,williamsonnews,MIXED,MIXED
ocr_only,witherspooninstitute,LOW,HIGH
ocr_only,worldnetdaily,LOW,LOW
ocr_only,xinhuaenglish,MIXED,MIXED
ocr_only,z3news,LOW,LOW
dino_only,100fedup,LOW,LOW
dino_only,404media,HIGH,HIGH
dino_only,7news,MIXED,HIGH
dino_only,972magazine,HIGH,HIGH
dino_only,abc11eyewitnessnews,HIGH,HIGH
dino_only,aptnnationalnews,HIGH,LOW
dino_only,adfontesmedia,HIGH,HIGH
dino_only,adareporter,MIXED,MIXED
dino_only,adamsnews,LOW,LOW
dino_only,airdriecityview,HIGH,HIGH
dino_only,akronreporter,MIXED,MIXED
dino_only,albuquerquejournal,HIGH,HIGH
dino_only,alohastatenews,MIXED,MIXED
dino_only,amandla,HIGH,HIGH
dino_only,americanaffairsjournal,HIGH,LOW
dino_only,americancenterforlawjustice,MIXED,LOW
dino_only,americansunitedforseparationofchurchandstate,HIGH,HIGH
dino_only,amnestyinternational,HIGH,HIGH
dino_only,analyticsindiamagazine,HIGH,LOW
dino_only,annarbortimes,MIXED,MIXED
dino_only,anokatimes,MIXED,MIXED
dino_only,arizonacapitoltimes,HIGH,MIXED
dino_only,arizonarepublic,HIGH,HIGH
dino_only,arlingtonheightsdailyherald,HIGH,LOW
dino_only,armedforcespress,LOW,LOW
dino_only,armstrongeconomics,MIXED,LOW
dino_only,armytimes,HIGH,HIGH
dino_only,ashevillereporter,MIXED,MIXED
dino_only,asiatimes,HIGH,HIGH
dino_only,atlantablackstar,HIGH,HIGH
dino_only,atlantic,HIGH,MIXED
dino_only,atlasintel,HIGH,HIGH
dino_only,automotivedive,HIGH,LOW
dino_only,bdnews24,MIXED,LOW
dino_only,bajacaliforniapost,MIXED,HIGH
dino_only,baldwintimes,MIXED,MIXED
dino_only,banburyguardian,HIGH,HIGH
dino_only,bartlesvilleexaminerenterprise,HIGH,HIGH
dino_only,belfercenterforscienceandinternationalaffairs,HIGH,LOW
dino_only,biasednews,LOW,LOW
dino_only,bignewsnetwork,HIGH,LOW
dino_only,billmoyerscom,HIGH,LOW
dino_only,billtrack50,HIGH,HIGH
dino_only,bipartisanpolicycenter,HIGH,LOW
dino_only,birminghamworld,HIGH,HIGH
dino_only,bloomingtonheraldtimes,HIGH,HIGH
dino_only,bloomingtonleader,MIXED,MIXED
dino_only,boisecitywire,MIXED,MIXED
dino_only,borgenmagazine,HIGH,HIGH
dino_only,borgenproject,HIGH,HIGH
dino_only,bostonglobe,HIGH,HIGH
dino_only,bothellreporter,HIGH,HIGH
dino_only,brevardsun,MIXED,MIXED
dino_only,buckeyereporter,MIXED,MIXED
dino_only,buckscountycouriertimes,HIGH,HIGH
dino_only,bucyrustelegraphforum,HIGH,MIXED
dino_only,burlingtonreporter,MIXED,MIXED
dino_only,cstoredive,HIGH,HIGH
dino_only,cctvinternational,MIXED,LOW
dino_only,cabarrustoday,MIXED,MIXED
dino_only,calgarysun,HIGH,HIGH
dino_only,californiapoliticalreview,HIGH,HIGH
dino_only,californiacollapsenews,LOW,LOW
dino_only,campechepost,MIXED,HIGH
dino_only,cantonrepository,HIGH,HIGH
dino_only,castoradvance,HIGH,HIGH
dino_only,catholictribunemichigan,MIXED,MIXED
dino_only,catholictribuneminnesota,MIXED,MIXED
dino_only,censortrack,MIXED,MIXED
dino_only,centerforamericanprogress,MIXED,HIGH
dino_only,centerforsecuritypolicy,MIXED,LOW
dino_only,chambanasun,MIXED,MIXED
dino_only,changeresearch,HIGH,LOW
dino_only,checkyourfact,HIGH,HIGH
dino_only,cheddar,HIGH,HIGH
dino_only,chinadaily,MIXED,LOW
dino_only,ciodive,HIGH,HIGH
dino_only,citizentruth,HIGH,LOW
dino_only,citynewstoronto,HIGH,HIGH
dino_only,clarionledger,HIGH,HIGH
dino_only,clarkforkvalleypress,HIGH,HIGH
dino_only,clayreporter,MIXED,MIXED
dino_only,cleantechnica,HIGH,HIGH
dino_only,climatesciencepolicywatch,HIGH,HIGH
dino_only,coconinonews,MIXED,MIXED
dino_only,codastory,HIGH,LOW
dino_only,coloradofreepress,LOW,LOW
dino_only,columbiajournalismreview,HIGH,LOW
dino_only,comicsands,MIXED,MIXED
dino_only,commentarymagazine,HIGH,MIXED
dino_only,concernedwomenforamerica,LOW,LOW
dino_only,concordledger,MIXED,MIXED
dino_only,conservativeopinion,MIXED,LOW
dino_only,constructiondive,HIGH,HIGH
dino_only,countercurrentsorg,HIGH,LOW
dino_only,creationministriesinternational,LOW,LOW
dino_only,creationevolutionheadlines,LOW,LOW
dino_only,crossexaminedorg,LOW,HIGH
dino_only,cursor,MIXED,HIGH
dino_only,cygnalpolling,HIGH,LOW
dino_only,dailydot,HIGH,MIXED
dino_only,dailykos,MIXED,LOW
dino_only,dailypress,HIGH,HIGH
dino_only,dailytorch,HIGH,LOW
dino_only,dailyveracity,LOW,HIGH
dino_only,dailyo,MIXED,LOW
dino_only,dartmouthtimes,MIXED,MIXED
dino_only,daventryexpress,HIGH,HIGH
dino_only,defector,HIGH,HIGH
dino_only,defenddemocracypress,MIXED,LOW
dino_only,defenseworldnet,HIGH,LOW
dino_only,dekalbdailychronicle,HIGH,LOW
dino_only,delawareonlinethenewsjournal,HIGH,HIGH
dino_only,democracyfundvoice,HIGH,LOW
dino_only,democratandchronicle,HIGH,HIGH
dino_only,desmoinessun,MIXED,MIXED
dino_only,deseretnews,HIGH,HIGH
dino_only,digg,HIGH,MIXED
dino_only,digitimesasia,HIGH,HIGH
dino_only,discoveryinstitute,LOW,HIGH
dino_only,dissentmagazine,HIGH,HIGH
dino_only,doctorswithoutborders,HIGH,HIGH
dino_only,downsizingthefederalgovernment,HIGH,HIGH
dino_only,dubuquetimes,MIXED,MIXED
dino_only,duluthnewstribune,HIGH,HIGH
dino_only,enews,HIGH,MIXED
dino_only,ecoklahomanews,MIXED,MIXED
dino_only,euvsdisinfo,HIGH,LOW
dino_only,earthorg,HIGH,HIGH
dino_only,eastcentralreporter,MIXED,MIXED
dino_only,eastlondonandwestessexguardian,HIGH,HIGH
dino_only,eastpanhandlenews,MIXED,MIXED
dino_only,eastsandiegonews,MIXED,MIXED
dino_only,eastwaketimes,MIXED,MIXED
dino_only,ecowatch,HIGH,HIGH
dino_only,educationdailywire,MIXED,MIXED
dino_only,egyptianstreets,MIXED,HIGH
dino_only,electronicintifada,HIGH,LOW
dino_only,elkodailyfreepress,HIGH,LOW
dino_only,ellwoodcityledger,HIGH,HIGH
dino_only,emirates247,MIXED,HIGH
dino_only,enchantmentstatenews,MIXED,MIXED
dino_only,entertainmentweekly,HIGH,HIGH
dino_only,esquiremagazine,MIXED,LOW
dino_only,facilitiesdive,HIGH,HIGH
dino_only,factcheckni,HIGH,HIGH
dino_only,factsnet,MIXED,LOW
dino_only,faithfreedomcoalition,MIXED,HIGH
dino_only,fargostandard,MIXED,MIXED
dino_only,financialtechtimes,HIGH,HIGH
dino_only,focusonthefamily,LOW,LOW
dino_only,fortsmithtimes,MIXED,MIXED
dino_only,fostersdailydemocrat,HIGH,HIGH
dino_only,freedomfromreligionfoundation,MIXED,MIXED
dino_only,fremontnewsmessenger,HIGH,HIGH
dino_only,freshoffthepress,MIXED,LOW
dino_only,frontpagenewspaper,MIXED,HIGH
dino_only,gzeromedia,HIGH,LOW
dino_only,geopoliticalintelligenceservices,HIGH,HIGH
dino_only,georgiamountainnews,MIXED,MIXED
dino_only,glasgowtimes,HIGH,HIGH
dino_only,goderichsignalstar,HIGH,HIGH
dino_only,grandjunctiontimes,MIXED,MIXED
dino_only,granitegrok,LOW,LOW
dino_only,greenevillesun,HIGH,HIGH
dino_only,greenlininginstitute,HIGH,LOW
dino_only,grundyreporter,MIXED,MIXED
dino_only,hrdive,HIGH,LOW
dino_only,heartlandinstitute,LOW,LOW
dino_only,helensburghadvertiser,HIGH,HIGH
dino_only,herbsnews,LOW,LOW
dino_only,heritagefoundation,MIXED,LOW
dino_only,hongkongfreepress,HIGH,LOW
dino_only,hopekinsvilletimes,MIXED,MIXED
dino_only,hudsontoday,MIXED,MIXED
dino_only,huntsvilleleader,MIXED,MIXED
dino_only,ipmnewsroom,HIGH,HIGH
dino_only,imperialcanews,MIXED,MIXED
dino_only,indexmundi,HIGH,LOW
dino_only,infoplease,HIGH,HIGH
dino_only,instituteforthestudyofglobalizationandcovertpolitics,LOW,LOW
dino_only,intellectualtakeout,MIXED,HIGH
dino_only,investigatewest,HIGH,HIGH
dino_only,iowacitytoday,MIXED,MIXED
dino_only,jeffersoncitynews,MIXED,MIXED
dino_only,kait8tv,HIGH,HIGH
dino_only,kbutnprcrestedbutte,HIGH,HIGH
dino_only,kcfcnprboulder,HIGH,HIGH
dino_only,kkat860amsaltlakecity,MIXED,MIXED
dino_only,kkoh780amreno,MIXED,MIXED
dino_only,krccnprcoloradosprings,HIGH,HIGH
dino_only,kvaleugenenews,HIGH,LOW
dino_only,kankakeetimes,MIXED,MIXED
dino_only,kauaisun,MIXED,MIXED
dino_only,keighleynews,HIGH,HIGH
dino_only,kerncountrytimes,MIXED,MIXED
dino_only,kirklandlakenorthernnews,HIGH,MIXED
dino_only,lagrangedailynews,HIGH,HIGH
dino_only,laborpains,MIXED,LOW
dino_only,laphamsquarterly,HIGH,HIGH
dino_only,lawrencereporter,MIXED,MIXED
dino_only,leighjournal,HIGH,HIGH
dino_only,lifewire,HIGH,HIGH
dino_only,limareporter,MIXED,MIXED
dino_only,livingstontoday,MIXED,MIXED
dino_only,logically,HIGH,MIXED
dino_only,louisvillecitywire,MIXED,MIXED
dino_only,ludlowadvertiser,HIGH,HIGH
dino_only,magicvalleytimes,MIXED,MIXED
dino_only,magnoliastatenews,MIXED,MIXED
dino_only,manilabusinessdaily,MIXED,MIXED
dino_only,mauireporter,MIXED,MIXED
dino_only,mazatlanpost,MIXED,LOW
dino_only,mediamatters,HIGH,HIGH
dino_only,merrimackvalleynews,MIXED,MIXED
dino_only,metroweekly,HIGH,LOW
dino_only,midcoasttoday,MIXED,MIXED
dino_only,midnorthmonitor,HIGH,HIGH
dino_only,middleeastinstitute,HIGH,MIXED
dino_only,minnesotasun,MIXED,MIXED
dino_only,mitchelladvocate,HIGH,HIGH
dino_only,mohawkvalleytimes,MIXED,MIXED
dino_only,monmouthtimes,MIXED,MIXED
dino_only,monterreydailypost,MIXED,HIGH
dino_only,morrisleader,MIXED,MIXED
dino_only,moveon,MIXED,LOW
dino_only,muslimskeptic,LOW,HIGH
dino_only,ncmississippinews,MIXED,MIXED
dino_only,neatlantanews,MIXED,MIXED
dino_only,necalinews,MIXED,MIXED
dino_only,nelouisiananews,MIXED,MIXED
dino_only,nepiedmontnews,MIXED,MIXED
dino_only,nwillinoisnews,MIXED,MIXED
dino_only,nwkentuckynews,MIXED,MIXED
dino_only,nwlatimes,MIXED,MIXED
dino_only,nwminnesotanews,MIXED,MIXED
dino_only,nwvalleytimes,MIXED,MIXED
dino_only,nationalassociationofscholars,MIXED,LOW
dino_only,nationalcenterforpublicpolicyresearch,MIXED,HIGH
dino_only,naturalresourcegovernanceinstitute,HIGH,HIGH
dino_only,northbirminghamtimes,MIXED,MIXED
dino_only,northcolumbusnews,MIXED,MIXED
dino_only,northcooknews,MIXED,MIXED
dino_only,northessexnews,MIXED,MIXED
dino_only,northindynews,MIXED,MIXED
dino_only,northkentuckynews,MIXED,MIXED
dino_only,northoctimes,MIXED,MIXED
dino_only,northpalmbeachtoday,MIXED,MIXED
dino_only,nunavutnews,HIGH,HIGH
dino_only,oceancountyleader,MIXED,MIXED
dino_only,offthepress,MIXED,HIGH
dino_only,offthegridnews,MIXED,LOW
dino_only,ohmymag,MIXED,HIGH
dino_only,outerbankstimes,MIXED,MIXED
dino_only,pamedia,HIGH,HIGH
dino_only,panamacityreporter,MIXED,MIXED
dino_only,parentsdefendingeducation,MIXED,HIGH
dino_only,pascoreporter,MIXED,MIXED
dino_only,passaictoday,MIXED,MIXED
dino_only,peacegardennews,MIXED,MIXED
dino_only,peoriajournalstar,HIGH,HIGH
dino_only,pharmavoice,HIGH,LOW
dino_only,pinehursttoday,MIXED,MIXED
dino_only,pioneervalleyadvocate,HIGH,HIGH
dino_only,politicalanimalnews,MIXED,HIGH
dino_only,portagetimes,MIXED,MIXED
dino_only,prairiestatewire,MIXED,MIXED
dino_only,pueblapost,MIXED,HIGH
dino_only,punchingbagpost,MIXED,LOW
dino_only,rabbleca,HIGH,HIGH
dino_only,randcorporation,HIGH,HIGH
dino_only,rapidcityjournal,HIGH,HIGH
dino_only,rationalwiki,HIGH,MIXED
dino_only,rawstory,HIGH,MIXED
dino_only,readingchronicle,HIGH,HIGH
dino_only,realnewsnetwork,HIGH,LOW
dino_only,reclaimthenet,MIXED,HIGH
dino_only,redicetv,LOW,LOW
dino_only,redoubtnews,MIXED,LOW
dino_only,redwoodempirenews,MIXED,MIXED
dino_only,remingtonresearchgroup,HIGH,HIGH
dino_only,renogazettejournal,HIGH,HIGH
dino_only,renoreporter,MIXED,MIXED
dino_only,restaurantdive,HIGH,HIGH
dino_only,restoreamericanglory,MIXED,MIXED
dino_only,revcomus,MIXED,LOW
dino_only,richmondside,HIGH,HIGH
dino_only,ricochet,MIXED,HIGH
dino_only,rivervalleytoday,MIXED,MIXED
dino_only,riverdalepress,HIGH,HIGH
dino_only,rockymounttelegram,HIGH,HIGH
dino_only,scotusblog,HIGH,HIGH
dino_only,sealaskanews,MIXED,MIXED
dino_only,sebluegrassnews,MIXED,MIXED
dino_only,seconnecticutnews,MIXED,MIXED
dino_only,segrandrapidsnews,MIXED,MIXED
dino_only,sekansascitynews,MIXED,MIXED
dino_only,sekansasnews,MIXED,MIXED
dino_only,sekentuckynews,MIXED,MIXED
dino_only,senorthcarolinanews,MIXED,MIXED
dino_only,sevegasnews,MIXED,MIXED
dino_only,swalaskanews,MIXED,MIXED
dino_only,swcoloradonews,MIXED,MIXED
dino_only,swmissourinews,MIXED,MIXED
dino_only,swoklahomanews,MIXED,MIXED
dino_only,swriversidenews,MIXED,MIXED
dino_only,salemradionetworknews,HIGH,LOW
dino_only,sandhillstoday,MIXED,MIXED
dino_only,saultthisweek,HIGH,HIGH
dino_only,savannahmorningnews,HIGH,HIGH
dino_only,savejersey,HIGH,LOW
dino_only,showmestatetimes,MIXED,MIXED
dino_only,shreveportreporter,MIXED,MIXED
dino_only,sludge,HIGH,LOW
dino_only,somersettimes,MIXED,MIXED
dino_only,sonsof1776,MIXED,LOW
dino_only,southafricatoday,MIXED,HIGH
dino_only,southcharlottetoday,MIXED,MIXED
dino_only,southcolumbusnews,MIXED,MIXED
dino_only,southcooknews,MIXED,MIXED
dino_only,southfranklinnews,MIXED,MIXED
dino_only,southfultontoday,MIXED,MIXED
dino_only,southiowanews,MIXED,MIXED
dino_only,southlouisiananews,MIXED,MIXED
dino_only,southsummitnews,MIXED,MIXED
dino_only,southtulsatoday,MIXED,MIXED
dino_only,southwichitanews,MIXED,MIXED
dino_only,southernindianatoday,MIXED,MIXED
dino_only,southwestmontananews,MIXED,MIXED
dino_only,southwestorangeobserver,HIGH,HIGH
dino_only,springtimes,MIXED,MIXED
dino_only,stjoebentonharbornews,MIXED,MIXED
dino_only,stjohnstelegram,HIGH,HIGH
dino_only,stanislausnews,MIXED,MIXED
dino_only,stateline,HIGH,HIGH
dino_only,sturgiscoldwaternews,MIXED,MIXED
dino_only,supplychaindive,HIGH,HIGH
dino_only,survivalnews1,LOW,LOW
dino_only,tfppwire,MIXED,HIGH
dino_only,tmz,MIXED,MIXED
dino_only,techstartups,MIXED,HIGH
dino_only,tenthamendmentcenter,MIXED,LOW
dino_only,tharawatmagazine,HIGH,LOW
dino_only,thedispatch,HIGH,LOW
dino_only,thefreepress,MIXED,HIGH
dino_only,thepalestinechronicle,HIGH,HIGH
dino_only,thesolutionsproject,HIGH,HIGH
dino_only,thesouthafrican,HIGH,HIGH
dino_only,thespinoff,HIGH,MIXED
dino_only,thewisconsinindependent,MIXED,HIGH
dino_only,thisdaylive,HIGH,LOW
dino_only,tobacconewswire,MIXED,LOW
dino_only,toofab,MIXED,MIXED
dino_only,towncountrymagazine,HIGH,HIGH
dino_only,tradingeconomics,HIGH,LOW
dino_only,trendingpolitics,LOW,MIXED
dino_only,truthforhealthfoundation,LOW,MIXED
dino_only,tulsastandard,MIXED,MIXED
dino_only,tuscaloosaleader,MIXED,MIXED
dino_only,usatoday,HIGH,LOW
dino_only,vaccineimpact,LOW,LOW
dino_only,vaccineinjurynews,LOW,LOW
dino_only,vanityfair,HIGH,LOW
dino_only,vintoncountycourier,HIGH,LOW
dino_only,voiceofamerica,HIGH,HIGH
dino_only,wltreport,LOW,LOW
dino_only,woflfox35orlando,HIGH,HIGH
dino_only,wpnmleipsicnews,HIGH,HIGH
dino_only,wwtn997fmnashville,MIXED,LOW
dino_only,waltonfamilyfoundation,HIGH,HIGH
dino_only,warnerrobinstoday,MIXED,MIXED
dino_only,washingtonmonthly,HIGH,HIGH
dino_only,wataugademocrat,HIGH,MIXED
dino_only,weatherforddemocrat,HIGH,HIGH
dino_only,westatlantanews,MIXED,MIXED
dino_only,westcentralreporter,MIXED,MIXED
dino_only,westlatimes,MIXED,MIXED
dino_only,westnynews,MIXED,MIXED
dino_only,westoctimes,MIXED,MIXED
dino_only,westwakenews,MIXED,MIXED
dino_only,westchesterreporter,MIXED,MIXED
dino_only,westernmassnews,HIGH,HIGH
dino_only,westernndnews,MIXED,MIXED
dino_only,wiartonecho,HIGH,HIGH
dino_only,wiregrasstimes,MIXED,MIXED
dino_only,woodstocksentinelreview,HIGH,HIGH
dino_only,yadkinripple,HIGH,HIGH
dino_only,yankeeinstituteforpublicpolicy,HIGH,MIXED
dino_only,yukonnews,HIGH,HIGH
dino_only,actforamerica,LOW,HIGH
dino_only,abakannews,LOW,LOW
dino_only,americangulag,LOW,HIGH
dino_only,americanpatriotdaily,LOW,HIGH
dino_only,autulu,LOW,HIGH
dino_only,beehivestatenews,MIXED,MIXED
dino_only,berdyansknews,LOW,LOW
dino_only,berkscountynews,MIXED,MIXED
dino_only,blacknews,MIXED,HIGH
dino_only,bongino,MIXED,MIXED
dino_only,c19ivermectin,MIXED,MIXED
dino_only,cambriatimes,MIXED,MIXED
dino_only,catholictribunemichigan,MIXED,MIXED
dino_only,catholictribuneminnesota,MIXED,MIXED
dino_only,centralchestertoday,MIXED,MIXED
dino_only,centralidahotimes,MIXED,MIXED
dino_only,climaterealism,LOW,LOW
dino_only,co2coalition,LOW,MIXED
dino_only,coalregionnews,MIXED,MIXED
dino_only,collintimes,MIXED,MIXED
dino_only,conchovalleynews,MIXED,MIXED
dino_only,conservativefiringline,LOW,LOW
dino_only,conservativeplaylist,LOW,LOW
dino_only,conservativeundergroundnews,MIXED,HIGH
dino_only,crawfordtimes,MIXED,MIXED
dino_only,dagestannews,LOW,LOW
dino_only,dailyburlington,MIXED,MIXED
dino_only,dailyflowermound,MIXED,MIXED
dino_only,dailyjanesville,MIXED,MIXED
dino_only,dailymcallen,MIXED,MIXED
dino_only,dailynewbraunfels,MIXED,MIXED
dino_only,dailyroundrock,MIXED,MIXED
dino_only,dailyspokanevalley,MIXED,MIXED
dino_only,dailytacoma,MIXED,MIXED
dino_only,dauphinnews,MIXED,MIXED
dino_only,davistimes,MIXED,MIXED
dino_only,desantisdaily,MIXED,HIGH
dino_only,demstate,LOW,HIGH
dino_only,derstatus,LOW,HIGH
dino_only,donbasscenter,LOW,LOW
dino_only,download,LOW,LOW
dino_only,druthers,LOW,HIGH
dino_only,dzen,MIXED,HIGH
dino_only,ecmississippinews,MIXED,MIXED
dino_only,endthefed,LOW,LOW
dino_only,eviemagazine,LOW,MIXED
dino_only,farsnewsagency,MIXED,HIGH
dino_only,fdesouche,MIXED,HIGH
dino_only,fivenation,LOW,LOW
dino_only,frankspeech,LOW,LOW
dino_only,friatiderfreetimes,LOW,LOW
dino_only,frontpagemagazine,LOW,LOW
dino_only,gbnewsuk,MIXED,MIXED
dino_only,gopusa,MIXED,MIXED
dino_only,gaysagainstgroomers,LOW,LOW
dino_only,gellerreport,LOW,LOW
dino_only,georgiarecord,LOW,HIGH
dino_only,ghost,MIXED,LOW
dino_only,gooddaybrownsville,MIXED,MIXED
dino_only,gooddayportangeles,MIXED,MIXED
dino_only,gooddayvancouver,MIXED,MIXED
dino_only,happyvalleytimes,MIXED,MIXED
dino_only,headlineusa,MIXED,LOW
dino_only,hopkinsvilletimes,MIXED,MIXED
dino_only,illegalaliencrimereport,MIXED,LOW
dino_only,informationliberation,LOW,MIXED
dino_only,ingushetiyanews,LOW,LOW
dino_only,intelli,MIXED,LOW
dino_only,irkutsknews,LOW,LOW
dino_only,ivermectinforcovid19,MIXED,HIGH
dino_only,joehoft,LOW,LOW
dino_only,kentcountytimes,MIXED,MIXED
dino_only,kerncountytimes,MIXED,MIXED
dino_only,kirovnews,LOW,LOW
dino_only,kremlin,MIXED,HIGH
dino_only,lnrnews,LOW,LOW
dino_only,laredotoday,MIXED,MIXED
dino_only,lebanonpanews,MIXED,MIXED
dino_only,leftaction,LOW,LOW
dino_only,libsoftiktok,LOW,LOW
dino_only,lifenews,LOW,MIXED
dino_only,lugansknews,LOW,LOW
dino_only,magadannews,LOW,LOW
dino_only,marylandbusinessdaily,MIXED,LOW
dino_only,metricmedia,MIXED,LOW
dino_only,miamistandard,MIXED,HIGH
dino_only,middleeastmediaresearchinstitutememri,MIXED,LOW
dino_only,middleeastnewsagency,MIXED,HIGH
dino_only,minnesotabusinessdaily,MIXED,MIXED
dino_only,misionverdad,MIXED,MIXED
dino_only,moldovanews,LOW,HIGH
dino_only,monroecountynews,MIXED,MIXED
dino_only,morningmurfreesboro,MIXED,MIXED
dino_only,moskvanews,LOW,HIGH
dino_only,myrtlebeachleader,MIXED,MIXED
dino_only,ncbusinessdaily,MIXED,MIXED
dino_only,nealabamanews,MIXED,MIXED
dino_only,nashvillestandard,MIXED,MIXED
dino_only,nikopolnews,LOW,LOW
dino_only,ninefornews,LOW,HIGH
dino_only,northdakotabusinessdaily,MIXED,MIXED
dino_only,novosibirsknews,LOW,LOW
dino_only,odessanews,LOW,LOW
dino_only,origo,MIXED,LOW
dino_only,orinocotribune,LOW,LOW
dino_only,pacificpundit,LOW,HIGH
dino_only,palmettostatenews,MIXED,MIXED
dino_only,patriotfetch,LOW,LOW
dino_only,portlandcourant,MIXED,MIXED
dino_only,pravdacanada,LOW,LOW
dino_only,pravdaitalia,LOW,LOW
dino_only,pravdanato,LOW,LOW
dino_only,presidentialhill,LOW,MIXED
dino_only,projectveritas,MIXED,LOW
dino_only,providencereporter,MIXED,MIXED
dino_only,rianovosti,LOW,HIGH
dino_only,radar,LOW,LOW
dino_only,rationalground,MIXED,LOW
dino_only,realnewsnow,LOW,HIGH
dino_only,redorbit,MIXED,LOW
dino_only,republicandaily,MIXED,HIGH
dino_only,revolver,MIXED,MIXED
dino_only,rightnewswire,MIXED,HIGH
dino_only,russiainsider,LOW,LOW
dino_only,scalaskanews,MIXED,MIXED
dino_only,scmidlandnews,MIXED,MIXED
dino_only,seatlantanews,MIXED,MIXED
dino_only,shtfplancom,LOW,LOW
dino_only,silverstatetimes,MIXED,MIXED
dino_only,skepticink,MIXED,HIGH
dino_only,smokymountaintoday,MIXED,MIXED
dino_only,southcentralpanews,MIXED,MIXED
dino_only,southkentnews,MIXED,MIXED
dino_only,southknoxvillenews,MIXED,MIXED
dino_only,southernillinoisnews,MIXED,MIXED
dino_only,southwestpanews,MIXED,MIXED
dino_only,staresattheworld,LOW,LOW
dino_only,steadfastandloyal,MIXED,MIXED
dino_only,stopthesethings,LOW,HIGH
dino_only,surgutnews,LOW,LOW
dino_only,theblacksphere,MIXED,LOW
dino_only,theconservativebrief,MIXED,HIGH
dino_only,thedailyadda,MIXED,LOW
dino_only,thefreedomtimes,LOW,MIXED
dino_only,thegoldwater,LOW,HIGH
dino_only,thejoeroganexperience,MIXED,HIGH
dino_only,thelaughclub,LOW,HIGH
dino_only,theliberalireland,LOW,LOW
dino_only,thelibertydaily,MIXED,LOW
dino_only,thenationaluae,MIXED,MIXED
dino_only,thenevadan,MIXED,LOW
dino_only,thepatriotnurse,MIXED,LOW
dino_only,thequartering,LOW,LOW
dino_only,therightscoop,MIXED,LOW
dino_only,thesarkariform,MIXED,MIXED
dino_only,thescoop,MIXED,LOW
dino_only,theunionjournal,LOW,LOW
dino_only,torreonpost,MIXED,HIGH
dino_only,transgendertrend,LOW,MIXED
dino_only,trumptrainnews,MIXED,HIGH
dino_only,turningpointusafaith,LOW,LOW
dino_only,valeursactuelles,MIXED,LOW
dino_only,wcminnesotanews,MIXED,MIXED
dino_only,webertimes,MIXED,MIXED
dino_only,westcentralpanews,MIXED,MIXED
dino_only,westpdxtoday,MIXED,MIXED
dino_only,westslcnews,MIXED,MIXED
dino_only,williamsonnews,MIXED,MIXED
dino_only,witherspooninstitute,LOW,HIGH
dino_only,worldnetdaily,LOW,HIGH
dino_only,xinhuaenglish,MIXED,HIGH
dino_only,z3news,LOW,MIXED
features_only,100fedup,LOW,LOW
features_only,404media,HIGH,LOW
features_only,7news,MIXED,HIGH
features_only,972magazine,HIGH,LOW
features_only,abc11eyewitnessnews,HIGH,HIGH
features_only,aptnnationalnews,HIGH,HIGH
features_only,adfontesmedia,HIGH,HIGH
features_only,adareporter,MIXED,MIXED
features_only,adamsnews,LOW,LOW
features_only,airdriecityview,HIGH,HIGH
features_only,akronreporter,MIXED,MIXED
features_only,albuquerquejournal,HIGH,HIGH
features_only,alohastatenews,MIXED,MIXED
features_only,amandla,HIGH,HIGH
features_only,americanaffairsjournal,HIGH,LOW
features_only,americancenterforlawjustice,MIXED,LOW
features_only,americansunitedforseparationofchurchandstate,HIGH,HIGH
features_only,amnestyinternational,HIGH,LOW
features_only,analyticsindiamagazine,HIGH,HIGH
features_only,annarbortimes,MIXED,MIXED
features_only,anokatimes,MIXED,MIXED
features_only,arizonacapitoltimes,HIGH,HIGH
features_only,arizonarepublic,HIGH,HIGH
features_only,arlingtonheightsdailyherald,HIGH,HIGH
features_only,armedforcespress,LOW,LOW
features_only,armstrongeconomics,MIXED,HIGH
features_only,armytimes,HIGH,HIGH
features_only,ashevillereporter,MIXED,MIXED
features_only,asiatimes,HIGH,HIGH
features_only,atlantablackstar,HIGH,LOW
features_only,atlantic,HIGH,HIGH
features_only,atlasintel,HIGH,HIGH
features_only,automotivedive,HIGH,HIGH
features_only,bdnews24,MIXED,HIGH
features_only,bajacaliforniapost,MIXED,MIXED
features_only,baldwintimes,MIXED,MIXED
features_only,banburyguardian,HIGH,HIGH
features_only,bartlesvilleexaminerenterprise,HIGH,HIGH
features_only,belfercenterforscienceandinternationalaffairs,HIGH,HIGH
features_only,biasednews,LOW,LOW
features_only,bignewsnetwork,HIGH,LOW
features_only,billmoyerscom,HIGH,LOW
features_only,billtrack50,HIGH,HIGH
features_only,bipartisanpolicycenter,HIGH,HIGH
features_only,birminghamworld,HIGH,HIGH
features_only,bloomingtonheraldtimes,HIGH,HIGH
features_only,bloomingtonleader,MIXED,MIXED
features_only,boisecitywire,MIXED,MIXED
features_only,borgenmagazine,HIGH,LOW
features_only,borgenproject,HIGH,HIGH
features_only,bostonglobe,HIGH,HIGH
features_only,bothellreporter,HIGH,HIGH
features_only,brevardsun,MIXED,MIXED
features_only,buckeyereporter,MIXED,MIXED
features_only,buckscountycouriertimes,HIGH,HIGH
features_only,bucyrustelegraphforum,HIGH,HIGH
features_only,burlingtonreporter,MIXED,MIXED
features_only,cstoredive,HIGH,HIGH
features_only,cctvinternational,MIXED,HIGH
features_only,cabarrustoday,MIXED,MIXED
features_only,calgarysun,HIGH,HIGH
features_only,californiapoliticalreview,HIGH,HIGH
features_only,californiacollapsenews,LOW,LOW
features_only,campechepost,MIXED,MIXED
features_only,cantonrepository,HIGH,HIGH
features_only,castoradvance,HIGH,HIGH
features_only,catholictribunemichigan,MIXED,MIXED
features_only,catholictribuneminnesota,MIXED,MIXED
features_only,censortrack,MIXED,MIXED
features_only,centerforamericanprogress,MIXED,HIGH
features_only,centerforsecuritypolicy,MIXED,LOW
features_only,chambanasun,MIXED,MIXED
features_only,changeresearch,HIGH,HIGH
features_only,checkyourfact,HIGH,LOW
features_only,cheddar,HIGH,HIGH
features_only,chinadaily,MIXED,HIGH
features_only,ciodive,HIGH,HIGH
features_only,citizentruth,HIGH,LOW
features_only,citynewstoronto,HIGH,HIGH
features_only,clarionledger,HIGH,HIGH
features_only,clarkforkvalleypress,HIGH,HIGH
features_only,clayreporter,MIXED,MIXED
features_only,cleantechnica,HIGH,HIGH
features_only,climatesciencepolicywatch,HIGH,LOW
features_only,coconinonews,MIXED,MIXED
features_only,codastory,HIGH,LOW
features_only,coloradofreepress,LOW,HIGH
features_only,columbiajournalismreview,HIGH,LOW
features_only,comicsands,MIXED,LOW
features_only,commentarymagazine,HIGH,HIGH
features_only,concernedwomenforamerica,LOW,HIGH
features_only,concordledger,MIXED,MIXED
features_only,conservativeopinion,MIXED,LOW
features_only,constructiondive,HIGH,HIGH
features_only,countercurrentsorg,HIGH,LOW
features_only,creationministriesinternational,LOW,HIGH
features_only,creationevolutionheadlines,LOW,HIGH
features_only,crossexaminedorg,LOW,LOW
features_only,cursor,MIXED,LOW
features_only,cygnalpolling,HIGH,HIGH
features_only,dailydot,HIGH,HIGH
features_only,dailykos,MIXED,HIGH
features_only,dailypress,HIGH,HIGH
features_only,dailytorch,HIGH,LOW
features_only,dailyveracity,LOW,MIXED
features_only,dailyo,MIXED,LOW
features_only,dartmouthtimes,MIXED,MIXED
features_only,daventryexpress,HIGH,HIGH
features_only,defector,HIGH,HIGH
features_only,defenddemocracypress,MIXED,LOW
features_only,defenseworldnet,HIGH,HIGH
features_only,dekalbdailychronicle,HIGH,HIGH
features_only,delawareonlinethenewsjournal,HIGH,HIGH
features_only,democracyfundvoice,HIGH,LOW
features_only,democratandchronicle,HIGH,HIGH
features_only,desmoinessun,MIXED,MIXED
features_only,deseretnews,HIGH,HIGH
features_only,digg,HIGH,LOW
features_only,digitimesasia,HIGH,HIGH
features_only,discoveryinstitute,LOW,HIGH
features_only,dissentmagazine,HIGH,HIGH
features_only,doctorswithoutborders,HIGH,LOW
features_only,downsizingthefederalgovernment,HIGH,LOW
features_only,dubuquetimes,MIXED,MIXED
features_only,duluthnewstribune,HIGH,HIGH
features_only,enews,HIGH,LOW
features_only,ecoklahomanews,MIXED,MIXED
features_only,euvsdisinfo,HIGH,HIGH
features_only,earthorg,HIGH,HIGH
features_only,eastcentralreporter,MIXED,MIXED
features_only,eastlondonandwestessexguardian,HIGH,HIGH
features_only,eastpanhandlenews,MIXED,MIXED
features_only,eastsandiegonews,MIXED,MIXED
features_only,eastwaketimes,MIXED,MIXED
features_only,ecowatch,HIGH,HIGH
features_only,educationdailywire,MIXED,MIXED
features_only,egyptianstreets,MIXED,HIGH
features_only,electronicintifada,HIGH,LOW
features_only,elkodailyfreepress,HIGH,HIGH
features_only,ellwoodcityledger,HIGH,HIGH
features_only,emirates247,MIXED,HIGH
features_only,enchantmentstatenews,MIXED,MIXED
features_only,entertainmentweekly,HIGH,HIGH
features_only,esquiremagazine,MIXED,HIGH
features_only,facilitiesdive,HIGH,HIGH
features_only,factcheckni,HIGH,HIGH
features_only,factsnet,MIXED,HIGH
features_only,faithfreedomcoalition,MIXED,LOW
features_only,fargostandard,MIXED,MIXED
features_only,financialtechtimes,HIGH,HIGH
features_only,focusonthefamily,LOW,HIGH
features_only,fortsmithtimes,MIXED,MIXED
features_only,fostersdailydemocrat,HIGH,HIGH
features_only,freedomfromreligionfoundation,MIXED,HIGH
features_only,fremontnewsmessenger,HIGH,HIGH
features_only,freshoffthepress,MIXED,HIGH
features_only,frontpagenewspaper,MIXED,LOW
features_only,gzeromedia,HIGH,HIGH
features_only,geopoliticalintelligenceservices,HIGH,HIGH
features_only,georgiamountainnews,MIXED,MIXED
features_only,glasgowtimes,HIGH,HIGH
features_only,goderichsignalstar,HIGH,HIGH
features_only,grandjunctiontimes,MIXED,MIXED
features_only,granitegrok,LOW,LOW
features_only,greenevillesun,HIGH,HIGH
features_only,greenlininginstitute,HIGH,HIGH
features_only,grundyreporter,MIXED,MIXED
features_only,hrdive,HIGH,HIGH
features_only,heartlandinstitute,LOW,LOW
features_only,helensburghadvertiser,HIGH,HIGH
features_only,herbsnews,LOW,LOW
features_only,heritagefoundation,MIXED,LOW
features_only,hongkongfreepress,HIGH,HIGH
features_only,hopekinsvilletimes,MIXED,MIXED
features_only,hudsontoday,MIXED,MIXED
features_only,huntsvilleleader,MIXED,MIXED
features_only,ipmnewsroom,HIGH,HIGH
features_only,imperialcanews,MIXED,MIXED
features_only,indexmundi,HIGH,LOW
features_only,infoplease,HIGH,HIGH
features_only,instituteforthestudyofglobalizationandcovertpolitics,LOW,LOW
features_only,intellectualtakeout,MIXED,HIGH
features_only,investigatewest,HIGH,HIGH
features_only,iowacitytoday,MIXED,MIXED
features_only,jeffersoncitynews,MIXED,MIXED
features_only,kait8tv,HIGH,HIGH
features_only,kbutnprcrestedbutte,HIGH,HIGH
features_only,kcfcnprboulder,HIGH,HIGH
features_only,kkat860amsaltlakecity,MIXED,MIXED
features_only,kkoh780amreno,MIXED,MIXED
features_only,krccnprcoloradosprings,HIGH,HIGH
features_only,kvaleugenenews,HIGH,HIGH
features_only,kankakeetimes,MIXED,MIXED
features_only,kauaisun,MIXED,MIXED
features_only,keighleynews,HIGH,HIGH
features_only,kerncountrytimes,MIXED,MIXED
features_only,kirklandlakenorthernnews,HIGH,HIGH
features_only,lagrangedailynews,HIGH,HIGH
features_only,laborpains,MIXED,HIGH
features_only,laphamsquarterly,HIGH,LOW
features_only,lawrencereporter,MIXED,MIXED
features_only,leighjournal,HIGH,HIGH
features_only,lifewire,HIGH,HIGH
features_only,limareporter,MIXED,MIXED
features_only,livingstontoday,MIXED,MIXED
features_only,logically,HIGH,HIGH
features_only,louisvillecitywire,MIXED,MIXED
features_only,ludlowadvertiser,HIGH,HIGH
features_only,magicvalleytimes,MIXED,MIXED
features_only,magnoliastatenews,MIXED,MIXED
features_only,manilabusinessdaily,MIXED,MIXED
features_only,mauireporter,MIXED,MIXED
features_only,mazatlanpost,MIXED,MIXED
features_only,mediamatters,HIGH,HIGH
features_only,merrimackvalleynews,MIXED,MIXED
features_only,metroweekly,HIGH,LOW
features_only,midcoasttoday,MIXED,MIXED
features_only,midnorthmonitor,HIGH,HIGH
features_only,middleeastinstitute,HIGH,LOW
features_only,minnesotasun,MIXED,MIXED
features_only,mitchelladvocate,HIGH,HIGH
features_only,mohawkvalleytimes,MIXED,MIXED
features_only,monmouthtimes,MIXED,MIXED
features_only,monterreydailypost,MIXED,MIXED
features_only,morrisleader,MIXED,MIXED
features_only,moveon,MIXED,HIGH
features_only,muslimskeptic,LOW,LOW
features_only,ncmississippinews,MIXED,MIXED
features_only,neatlantanews,MIXED,MIXED
features_only,necalinews,MIXED,MIXED
features_only,nelouisiananews,MIXED,MIXED
features_only,nepiedmontnews,MIXED,MIXED
features_only,nwillinoisnews,MIXED,MIXED
features_only,nwkentuckynews,MIXED,MIXED
features_only,nwlatimes,MIXED,MIXED
features_only,nwminnesotanews,MIXED,MIXED
features_only,nwvalleytimes,MIXED,MIXED
features_only,nationalassociationofscholars,MIXED,HIGH
features_only,nationalcenterforpublicpolicyresearch,MIXED,HIGH
features_only,naturalresourcegovernanceinstitute,HIGH,HIGH
features_only,northbirminghamtimes,MIXED,MIXED
features_only,northcolumbusnews,MIXED,MIXED
features_only,northcooknews,MIXED,MIXED
features_only,northessexnews,MIXED,MIXED
features_only,northindynews,MIXED,MIXED
features_only,northkentuckynews,MIXED,MIXED
features_only,northoctimes,MIXED,MIXED
features_only,northpalmbeachtoday,MIXED,MIXED
features_only,nunavutnews,HIGH,HIGH
features_only,oceancountyleader,MIXED,MIXED
features_only,offthepress,MIXED,LOW
features_only,offthegridnews,MIXED,LOW
features_only,ohmymag,MIXED,HIGH
features_only,outerbankstimes,MIXED,MIXED
features_only,pamedia,HIGH,HIGH
features_only,panamacityreporter,MIXED,MIXED
features_only,parentsdefendingeducation,MIXED,HIGH
features_only,pascoreporter,MIXED,MIXED
features_only,passaictoday,MIXED,MIXED
features_only,peacegardennews,MIXED,MIXED
features_only,peoriajournalstar,HIGH,HIGH
features_only,pharmavoice,HIGH,HIGH
features_only,pinehursttoday,MIXED,MIXED
features_only,pioneervalleyadvocate,HIGH,HIGH
features_only,politicalanimalnews,MIXED,LOW
features_only,portagetimes,MIXED,MIXED
features_only,prairiestatewire,MIXED,MIXED
features_only,pueblapost,MIXED,MIXED
features_only,punchingbagpost,MIXED,LOW
features_only,rabbleca,HIGH,HIGH
features_only,randcorporation,HIGH,HIGH
features_only,rapidcityjournal,HIGH,HIGH
features_only,rationalwiki,HIGH,LOW
features_only,rawstory,HIGH,LOW
features_only,readingchronicle,HIGH,HIGH
features_only,realnewsnetwork,HIGH,HIGH
features_only,reclaimthenet,MIXED,LOW
features_only,redicetv,LOW,LOW
features_only,redoubtnews,MIXED,MIXED
features_only,redwoodempirenews,MIXED,MIXED
features_only,remingtonresearchgroup,HIGH,LOW
features_only,renogazettejournal,HIGH,HIGH
features_only,renoreporter,MIXED,MIXED
features_only,restaurantdive,HIGH,HIGH
features_only,restoreamericanglory,MIXED,HIGH
features_only,revcomus,MIXED,LOW
features_only,richmondside,HIGH,HIGH
features_only,ricochet,MIXED,HIGH
features_only,rivervalleytoday,MIXED,MIXED
features_only,riverdalepress,HIGH,HIGH
features_only,rockymounttelegram,HIGH,HIGH
features_only,scotusblog,HIGH,MIXED
features_only,sealaskanews,MIXED,MIXED
features_only,sebluegrassnews,MIXED,MIXED
features_only,seconnecticutnews,MIXED,MIXED
features_only,segrandrapidsnews,MIXED,MIXED
features_only,sekansascitynews,MIXED,MIXED
features_only,sekansasnews,MIXED,MIXED
features_only,sekentuckynews,MIXED,MIXED
features_only,senorthcarolinanews,MIXED,MIXED
features_only,sevegasnews,MIXED,MIXED
features_only,swalaskanews,MIXED,MIXED
features_only,swcoloradonews,MIXED,MIXED
features_only,swmissourinews,MIXED,MIXED
features_only,swoklahomanews,MIXED,MIXED
features_only,swriversidenews,MIXED,MIXED
features_only,salemradionetworknews,HIGH,LOW
features_only,sandhillstoday,MIXED,MIXED
features_only,saultthisweek,HIGH,HIGH
features_only,savannahmorningnews,HIGH,HIGH
features_only,savejersey,HIGH,LOW
features_only,showmestatetimes,MIXED,MIXED
features_only,shreveportreporter,MIXED,MIXED
features_only,sludge,HIGH,LOW
features_only,somersettimes,MIXED,MIXED
features_only,sonsof1776,MIXED,LOW
features_only,southafricatoday,MIXED,LOW
features_only,southcharlottetoday,MIXED,MIXED
features_only,southcolumbusnews,MIXED,MIXED
features_only,southcooknews,MIXED,MIXED
features_only,southfranklinnews,MIXED,MIXED
features_only,southfultontoday,MIXED,MIXED
features_only,southiowanews,MIXED,MIXED
features_only,southlouisiananews,MIXED,MIXED
features_only,southsummitnews,MIXED,MIXED
features_only,southtulsatoday,MIXED,MIXED
features_only,southwichitanews,MIXED,MIXED
features_only,southernindianatoday,MIXED,MIXED
features_only,southwestmontananews,MIXED,MIXED
features_only,southwestorangeobserver,HIGH,HIGH
features_only,springtimes,MIXED,MIXED
features_only,stjoebentonharbornews,MIXED,MIXED
features_only,stjohnstelegram,HIGH,HIGH
features_only,stanislausnews,MIXED,MIXED
features_only,stateline,HIGH,HIGH
features_only,sturgiscoldwaternews,MIXED,MIXED
features_only,supplychaindive,HIGH,HIGH
features_only,survivalnews1,LOW,LOW
features_only,tfppwire,MIXED,LOW
features_only,tmz,MIXED,LOW
features_only,techstartups,MIXED,HIGH
features_only,tenthamendmentcenter,MIXED,LOW
features_only,tharawatmagazine,HIGH,HIGH
features_only,thedispatch,HIGH,HIGH
features_only,thefreepress,MIXED,HIGH
features_only,thepalestinechronicle,HIGH,LOW
features_only,thesolutionsproject,HIGH,HIGH
features_only,thesouthafrican,HIGH,HIGH
features_only,thespinoff,HIGH,HIGH
features_only,thewisconsinindependent,MIXED,MIXED
features_only,thisdaylive,HIGH,HIGH
features_only,tobacconewswire,MIXED,MIXED
features_only,toofab,MIXED,MIXED
features_only,towncountrymagazine,HIGH,HIGH
features_only,tradingeconomics,HIGH,LOW
features_only,trendingpolitics,LOW,MIXED
features_only,truthforhealthfoundation,LOW,LOW
features_only,tulsastandard,MIXED,MIXED
features_only,tuscaloosaleader,MIXED,MIXED
features_only,usatoday,HIGH,HIGH
features_only,vaccineimpact,LOW,LOW
features_only,vaccineinjurynews,LOW,LOW
features_only,vanityfair,HIGH,HIGH
features_only,vintoncountycourier,HIGH,HIGH
features_only,voiceofamerica,HIGH,LOW
features_only,wltreport,LOW,LOW
features_only,woflfox35orlando,HIGH,HIGH
features_only,wpnmleipsicnews,HIGH,HIGH
features_only,wwtn997fmnashville,MIXED,HIGH
features_only,waltonfamilyfoundation,HIGH,HIGH
features_only,warnerrobinstoday,MIXED,MIXED
features_only,washingtonmonthly,HIGH,HIGH
features_only,wataugademocrat,HIGH,HIGH
features_only,weatherforddemocrat,HIGH,HIGH
features_only,westatlantanews,MIXED,MIXED
features_only,westcentralreporter,MIXED,MIXED
features_only,westlatimes,MIXED,MIXED
features_only,westnynews,MIXED,MIXED
features_only,westoctimes,MIXED,MIXED
features_only,westwakenews,MIXED,MIXED
features_only,westchesterreporter,MIXED,MIXED
features_only,westernmassnews,HIGH,HIGH
features_only,westernndnews,MIXED,MIXED
features_only,wiartonecho,HIGH,HIGH
features_only,wiregrasstimes,MIXED,MIXED
features_only,woodstocksentinelreview,HIGH,HIGH
features_only,yadkinripple,HIGH,HIGH
features_only,yankeeinstituteforpublicpolicy,HIGH,MIXED
features_only,yukonnews,HIGH,HIGH
features_only,actforamerica,LOW,LOW
features_only,abakannews,LOW,LOW
features_only,americangulag,LOW,LOW
features_only,americanpatriotdaily,LOW,LOW
features_only,autulu,LOW,LOW
features_only,beehivestatenews,MIXED,MIXED
features_only,berdyansknews,LOW,LOW
features_only,berkscountynews,MIXED,MIXED
features_only,blacknews,MIXED,HIGH
features_only,bongino,MIXED,MIXED
features_only,c19ivermectin,MIXED,LOW
features_only,cambriatimes,MIXED,MIXED
features_only,catholictribunemichigan,MIXED,MIXED
features_only,catholictribuneminnesota,MIXED,MIXED
features_only,centralchestertoday,MIXED,MIXED
features_only,centralidahotimes,MIXED,MIXED
features_only,climaterealism,LOW,LOW
features_only,co2coalition,LOW,HIGH
features_only,coalregionnews,MIXED,MIXED
features_only,collintimes,MIXED,MIXED
features_only,conchovalleynews,MIXED,MIXED
features_only,conservativefiringline,LOW,LOW
features_only,conservativeplaylist,LOW,LOW
features_only,conservativeundergroundnews,MIXED,LOW
features_only,crawfordtimes,MIXED,MIXED
features_only,dagestannews,LOW,LOW
features_only,dailyburlington,MIXED,MIXED
features_only,dailyflowermound,MIXED,MIXED
features_only,dailyjanesville,MIXED,MIXED
features_only,dailymcallen,MIXED,MIXED
features_only,dailynewbraunfels,MIXED,MIXED
features_only,dailyroundrock,MIXED,MIXED
features_only,dailyspokanevalley,MIXED,MIXED
features_only,dailytacoma,MIXED,MIXED
features_only,dauphinnews,MIXED,MIXED
features_only,davistimes,MIXED,MIXED
features_only,desantisdaily,MIXED,HIGH
features_only,demstate,LOW,MIXED
features_only,derstatus,LOW,LOW
features_only,donbasscenter,LOW,LOW
features_only,download,LOW,LOW
features_only,druthers,LOW,HIGH
features_only,dzen,MIXED,LOW
features_only,ecmississippinews,MIXED,MIXED
features_only,endthefed,LOW,LOW
features_only,eviemagazine,LOW,HIGH
features_only,farsnewsagency,MIXED,LOW
features_only,fdesouche,MIXED,LOW
features_only,fivenation,LOW,LOW
features_only,frankspeech,LOW,LOW
features_only,friatiderfreetimes,LOW,LOW
features_only,frontpagemagazine,LOW,LOW
features_only,gbnewsuk,MIXED,HIGH
features_only,gopusa,MIXED,HIGH
features_only,gaysagainstgroomers,LOW,LOW
features_only,gellerreport,LOW,LOW
features_only,georgiarecord,LOW,LOW
features_only,ghost,MIXED,LOW
features_only,gooddaybrownsville,MIXED,MIXED
features_only,gooddayportangeles,MIXED,MIXED
features_only,gooddayvancouver,MIXED,MIXED
features_only,happyvalleytimes,MIXED,MIXED
features_only,headlineusa,MIXED,LOW
features_only,hopkinsvilletimes,MIXED,MIXED
features_only,illegalaliencrimereport,MIXED,LOW
features_only,informationliberation,LOW,LOW
features_only,ingushetiyanews,LOW,LOW
features_only,intelli,MIXED,LOW
features_only,irkutsknews,LOW,LOW
features_only,ivermectinforcovid19,MIXED,MIXED
features_only,joehoft,LOW,LOW
features_only,kentcountytimes,MIXED,MIXED
features_only,kerncountytimes,MIXED,MIXED
features_only,kirovnews,LOW,LOW
features_only,kremlin,MIXED,MIXED
features_only,lnrnews,LOW,LOW
features_only,laredotoday,MIXED,MIXED
features_only,lebanonpanews,MIXED,MIXED
features_only,leftaction,LOW,LOW
features_only,libsoftiktok,LOW,LOW
features_only,lifenews,LOW,LOW
features_only,lugansknews,LOW,LOW
features_only,magadannews,LOW,LOW
features_only,marylandbusinessdaily,MIXED,MIXED
features_only,metricmedia,MIXED,LOW
features_only,miamistandard,MIXED,HIGH
features_only,middleeastmediaresearchinstitutememri,MIXED,HIGH
features_only,middleeastnewsagency,MIXED,HIGH
features_only,minnesotabusinessdaily,MIXED,MIXED
features_only,misionverdad,MIXED,LOW
features_only,moldovanews,LOW,LOW
features_only,monroecountynews,MIXED,MIXED
features_only,morningmurfreesboro,MIXED,MIXED
features_only,moskvanews,LOW,LOW
features_only,myrtlebeachleader,MIXED,MIXED
features_only,ncbusinessdaily,MIXED,MIXED
features_only,nealabamanews,MIXED,MIXED
features_only,nashvillestandard,MIXED,MIXED
features_only,nikopolnews,LOW,LOW
features_only,ninefornews,LOW,LOW
features_only,northdakotabusinessdaily,MIXED,MIXED
features_only,novosibirsknews,LOW,LOW
features_only,odessanews,LOW,LOW
features_only,origo,MIXED,LOW
features_only,orinocotribune,LOW,LOW
features_only,pacificpundit,LOW,LOW
features_only,palmettostatenews,MIXED,MIXED
features_only,patriotfetch,LOW,LOW
features_only,portlandcourant,MIXED,MIXED
features_only,pravdacanada,LOW,LOW
features_only,pravdaitalia,LOW,LOW
features_only,pravdanato,LOW,HIGH
features_only,presidentialhill,LOW,LOW
features_only,projectveritas,MIXED,LOW
features_only,providencereporter,MIXED,MIXED
features_only,rianovosti,LOW,MIXED
features_only,radar,LOW,LOW
features_only,rationalground,MIXED,MIXED
features_only,realnewsnow,LOW,LOW
features_only,redorbit,MIXED,HIGH
features_only,republicandaily,MIXED,LOW
features_only,revolver,MIXED,HIGH
features_only,rightnewswire,MIXED,HIGH
features_only,russiainsider,LOW,LOW
features_only,scalaskanews,MIXED,MIXED
features_only,scmidlandnews,MIXED,MIXED
features_only,seatlantanews,MIXED,MIXED
features_only,shtfplancom,LOW,HIGH
features_only,silverstatetimes,MIXED,MIXED
features_only,skepticink,MIXED,LOW
features_only,smokymountaintoday,MIXED,MIXED
features_only,southcentralpanews,MIXED,MIXED
features_only,southkentnews,MIXED,MIXED
features_only,southknoxvillenews,MIXED,MIXED
features_only,southernillinoisnews,MIXED,MIXED
features_only,southwestpanews,MIXED,MIXED
features_only,staresattheworld,LOW,LOW
features_only,steadfastandloyal,MIXED,LOW
features_only,stopthesethings,LOW,MIXED
features_only,surgutnews,LOW,LOW
features_only,theblacksphere,MIXED,LOW
features_only,theconservativebrief,MIXED,LOW
features_only,thedailyadda,MIXED,LOW
features_only,thefreedomtimes,LOW,HIGH
features_only,thegoldwater,LOW,LOW
features_only,thejoeroganexperience,MIXED,LOW
features_only,thelaughclub,LOW,LOW
features_only,theliberalireland,LOW,LOW
features_only,thelibertydaily,MIXED,LOW
features_only,thenationaluae,MIXED,HIGH
features_only,thenevadan,MIXED,MIXED
features_only,thepatriotnurse,MIXED,LOW
features_only,thequartering,LOW,LOW
features_only,therightscoop,MIXED,LOW
features_only,thesarkariform,MIXED,LOW
features_only,thescoop,MIXED,LOW
features_only,theunionjournal,LOW,HIGH
features_only,torreonpost,MIXED,MIXED
features_only,transgendertrend,LOW,HIGH
features_only,trumptrainnews,MIXED,LOW
features_only,turningpointusafaith,LOW,LOW
features_only,valeursactuelles,MIXED,LOW
features_only,wcminnesotanews,MIXED,MIXED
features_only,webertimes,MIXED,MIXED
features_only,westcentralpanews,MIXED,MIXED
features_only,westpdxtoday,MIXED,MIXED
features_only,westslcnews,MIXED,MIXED
features_only,williamsonnews,MIXED,MIXED
features_only,witherspooninstitute,LOW,HIGH
features_only,worldnetdaily,LOW,LOW
features_only,xinhuaenglish,MIXED,MIXED
features_only,z3news,LOW,LOW
